🎯 Optimizing RGB band selection from 448 total bands
📊 Pre-loading hypercubes...
✅ All hypercubes loaded into memory!
Dataset initialized with pre-loaded data. Total samples: 897
Band indices for training dataloader: [152, 155, 347]
Dataset initialized with pre-loaded data. Total samples: 226
Band indices for test dataloader: [152, 155, 347]
🔍 Starting evaluation of individual [152, 155, 347]
Epoch: 1 | train_loss: 1.3868 | train_acc: 0.3039 | test_loss: 1.2576 | test_acc: 0.5117 | 
Epoch: 2 | train_loss: 1.2739 | train_acc: 0.4203 | test_loss: 1.1900 | test_acc: 0.4727 | 
Epoch: 3 | train_loss: 1.1655 | train_acc: 0.4601 | test_loss: 1.1553 | test_acc: 0.4766 | 
Epoch: 4 | train_loss: 1.0808 | train_acc: 0.5453 | test_loss: 1.2607 | test_acc: 0.4336 | 
Epoch: 5 | train_loss: 1.0493 | train_acc: 0.5647 | test_loss: 1.0919 | test_acc: 0.5703 | 
Epoch: 6 | train_loss: 1.0234 | train_acc: 0.5679 | test_loss: 1.0927 | test_acc: 0.5938 | 
Epoch: 7 | train_loss: 0.9202 | train_acc: 0.6207 | test_loss: 0.9860 | test_acc: 0.6211 | 
Epoch: 8 | train_loss: 0.8958 | train_acc: 0.6228 | test_loss: 0.9388 | test_acc: 0.6289 | 
Epoch: 9 | train_loss: 0.7950 | train_acc: 0.6994 | test_loss: 0.9569 | test_acc: 0.6758 | 
Epoch: 10 | train_loss: 0.7631 | train_acc: 0.6929 | test_loss: 0.9521 | test_acc: 0.6797 | 
Epoch: 11 | train_loss: 0.7508 | train_acc: 0.7231 | test_loss: 1.0392 | test_acc: 0.5898 | 
Epoch: 12 | train_loss: 0.7062 | train_acc: 0.7220 | test_loss: 0.9512 | test_acc: 0.6836 | 
Epoch: 13 | train_loss: 0.6708 | train_acc: 0.7457 | test_loss: 0.8006 | test_acc: 0.7266 | 
Epoch: 14 | train_loss: 0.6662 | train_acc: 0.7188 | test_loss: 0.8861 | test_acc: 0.6836 | 
Epoch: 15 | train_loss: 0.5640 | train_acc: 0.7672 | test_loss: 0.8724 | test_acc: 0.6797 | 
Epoch: 16 | train_loss: 0.5442 | train_acc: 0.8060 | test_loss: 0.8082 | test_acc: 0.7109 | 
Epoch: 17 | train_loss: 0.5382 | train_acc: 0.7920 | test_loss: 0.9101 | test_acc: 0.6484 | 
Epoch: 18 | train_loss: 0.5461 | train_acc: 0.7877 | test_loss: 0.8869 | test_acc: 0.6719 | 
Epoch: 19 | train_loss: 0.5389 | train_acc: 0.7963 | test_loss: 0.8935 | test_acc: 0.6992 | 
Epoch: 20 | train_loss: 0.5053 | train_acc: 0.7942 | test_loss: 0.8623 | test_acc: 0.7109 | 
Epoch: 21 | train_loss: 0.5689 | train_acc: 0.7974 | test_loss: 0.7752 | test_acc: 0.7383 | 
Epoch: 22 | train_loss: 0.4807 | train_acc: 0.8050 | test_loss: 0.7860 | test_acc: 0.7227 | 
Epoch: 23 | train_loss: 0.5268 | train_acc: 0.8254 | test_loss: 0.8336 | test_acc: 0.6523 | 
Epoch: 24 | train_loss: 0.4490 | train_acc: 0.8136 | test_loss: 0.7630 | test_acc: 0.7461 | 
Epoch: 25 | train_loss: 0.4581 | train_acc: 0.8147 | test_loss: 0.8198 | test_acc: 0.7500 | 
Epoch: 26 | train_loss: 0.3661 | train_acc: 0.8631 | test_loss: 0.8275 | test_acc: 0.7422 | 
Epoch: 27 | train_loss: 0.4378 | train_acc: 0.8287 | test_loss: 0.9103 | test_acc: 0.7344 | 
Epoch: 28 | train_loss: 0.3982 | train_acc: 0.8438 | test_loss: 0.8758 | test_acc: 0.7344 | 
Epoch: 29 | train_loss: 0.3635 | train_acc: 0.8675 | test_loss: 0.7767 | test_acc: 0.7539 | 
Epoch: 30 | train_loss: 0.3134 | train_acc: 0.8836 | test_loss: 0.7566 | test_acc: 0.7461 | 
Epoch: 31 | train_loss: 0.3560 | train_acc: 0.8642 | test_loss: 0.8707 | test_acc: 0.7383 | 
Epoch: 32 | train_loss: 0.3596 | train_acc: 0.8750 | test_loss: 0.7451 | test_acc: 0.7695 | 
Epoch: 33 | train_loss: 0.2989 | train_acc: 0.8825 | test_loss: 0.8809 | test_acc: 0.6797 | 
Epoch: 34 | train_loss: 0.3761 | train_acc: 0.8675 | test_loss: 0.8837 | test_acc: 0.7461 | 
Epoch: 35 | train_loss: 0.3610 | train_acc: 0.8405 | test_loss: 0.8260 | test_acc: 0.7773 | 
Epoch: 36 | train_loss: 0.3791 | train_acc: 0.8513 | test_loss: 0.9688 | test_acc: 0.7148 | 
Epoch: 37 | train_loss: 0.3378 | train_acc: 0.8772 | test_loss: 0.8088 | test_acc: 0.7461 | 
Epoch: 38 | train_loss: 0.3424 | train_acc: 0.8621 | test_loss: 0.8385 | test_acc: 0.7344 | 
Epoch: 39 | train_loss: 0.3246 | train_acc: 0.8761 | test_loss: 0.8915 | test_acc: 0.7500 | 
Epoch: 40 | train_loss: 0.2384 | train_acc: 0.9159 | test_loss: 0.9408 | test_acc: 0.7383 | 
Epoch: 41 | train_loss: 0.4696 | train_acc: 0.8772 | test_loss: 0.8617 | test_acc: 0.7305 | 
Epoch: 42 | train_loss: 0.3439 | train_acc: 0.8631 | test_loss: 0.7401 | test_acc: 0.7695 | 
Epoch: 43 | train_loss: 0.2452 | train_acc: 0.9235 | test_loss: 0.8001 | test_acc: 0.7461 | 
Epoch: 44 | train_loss: 0.2649 | train_acc: 0.9159 | test_loss: 0.8604 | test_acc: 0.7305 | 
Epoch: 45 | train_loss: 0.2806 | train_acc: 0.9138 | test_loss: 0.8128 | test_acc: 0.7383 | 
Epoch: 46 | train_loss: 0.3075 | train_acc: 0.8728 | test_loss: 0.9310 | test_acc: 0.6875 | 
Epoch: 47 | train_loss: 0.2939 | train_acc: 0.9041 | test_loss: 0.9014 | test_acc: 0.7578 | 
Epoch: 48 | train_loss: 0.2531 | train_acc: 0.9203 | test_loss: 0.9941 | test_acc: 0.7500 | 
Epoch: 49 | train_loss: 0.2423 | train_acc: 0.9159 | test_loss: 0.8960 | test_acc: 0.6875 | 
Epoch: 50 | train_loss: 0.3393 | train_acc: 0.8966 | test_loss: 1.0349 | test_acc: 0.6914 | 
⏱️ Total training time: 100.770 seconds
📊 Bands [152, 155, 347] -> Fitness: 0.6914
Dataset initialized with pre-loaded data. Total samples: 897
Band indices for training dataloader: [128, 309, 436]
Dataset initialized with pre-loaded data. Total samples: 226
Band indices for test dataloader: [128, 309, 436]
🔍 Starting evaluation of individual [128, 309, 436]
Epoch: 1 | train_loss: 1.3731 | train_acc: 0.2974 | test_loss: 1.3164 | test_acc: 0.4219 | 
Epoch: 2 | train_loss: 1.2464 | train_acc: 0.4052 | test_loss: 1.3062 | test_acc: 0.4883 | 
Epoch: 3 | train_loss: 1.1814 | train_acc: 0.4774 | test_loss: 1.1449 | test_acc: 0.5078 | 
Epoch: 4 | train_loss: 1.0657 | train_acc: 0.5506 | test_loss: 1.0995 | test_acc: 0.5586 | 
Epoch: 5 | train_loss: 1.0239 | train_acc: 0.5517 | test_loss: 1.0421 | test_acc: 0.5547 | 
Epoch: 6 | train_loss: 0.9587 | train_acc: 0.6045 | test_loss: 1.0632 | test_acc: 0.6289 | 
Epoch: 7 | train_loss: 0.9106 | train_acc: 0.6175 | test_loss: 0.9690 | test_acc: 0.6133 | 
Epoch: 8 | train_loss: 0.7599 | train_acc: 0.7198 | test_loss: 1.1967 | test_acc: 0.5625 | 
Epoch: 9 | train_loss: 0.7833 | train_acc: 0.6681 | test_loss: 1.3425 | test_acc: 0.5508 | 
Epoch: 10 | train_loss: 0.7844 | train_acc: 0.6735 | test_loss: 1.0759 | test_acc: 0.5586 | 
Epoch: 11 | train_loss: 0.7361 | train_acc: 0.7166 | test_loss: 1.0048 | test_acc: 0.6211 | 
Epoch: 12 | train_loss: 0.6868 | train_acc: 0.7144 | test_loss: 0.9823 | test_acc: 0.6367 | 
Epoch: 13 | train_loss: 0.6516 | train_acc: 0.7532 | test_loss: 1.2224 | test_acc: 0.5703 | 
Epoch: 14 | train_loss: 0.5746 | train_acc: 0.7662 | test_loss: 1.0270 | test_acc: 0.6211 | 
Epoch: 15 | train_loss: 0.5877 | train_acc: 0.7608 | test_loss: 0.8767 | test_acc: 0.6914 | 
Epoch: 16 | train_loss: 0.5506 | train_acc: 0.7974 | test_loss: 0.8631 | test_acc: 0.6719 | 
Epoch: 17 | train_loss: 0.6005 | train_acc: 0.8060 | test_loss: 0.9112 | test_acc: 0.6914 | 
Epoch: 18 | train_loss: 0.5517 | train_acc: 0.7694 | test_loss: 0.9191 | test_acc: 0.6797 | 
Epoch: 19 | train_loss: 0.4831 | train_acc: 0.8265 | test_loss: 0.8886 | test_acc: 0.6758 | 
Epoch: 20 | train_loss: 0.4928 | train_acc: 0.7974 | test_loss: 0.9706 | test_acc: 0.6602 | 
Epoch: 21 | train_loss: 0.4906 | train_acc: 0.8157 | test_loss: 0.8467 | test_acc: 0.7188 | 
Epoch: 22 | train_loss: 0.5280 | train_acc: 0.7963 | test_loss: 0.8678 | test_acc: 0.6836 | 
Epoch: 23 | train_loss: 0.5058 | train_acc: 0.8093 | test_loss: 0.7381 | test_acc: 0.7031 | 
Epoch: 24 | train_loss: 0.4024 | train_acc: 0.8545 | test_loss: 0.8145 | test_acc: 0.7305 | 
Epoch: 25 | train_loss: 0.4370 | train_acc: 0.8341 | test_loss: 0.7778 | test_acc: 0.7188 | 
Epoch: 26 | train_loss: 0.3697 | train_acc: 0.8782 | test_loss: 0.7137 | test_acc: 0.7266 | 
Epoch: 27 | train_loss: 0.3982 | train_acc: 0.8470 | test_loss: 0.9168 | test_acc: 0.6914 | 
Epoch: 28 | train_loss: 0.4829 | train_acc: 0.8254 | test_loss: 0.8665 | test_acc: 0.7227 | 
Epoch: 29 | train_loss: 0.4388 | train_acc: 0.8297 | test_loss: 0.7747 | test_acc: 0.7148 | 
Epoch: 30 | train_loss: 0.3715 | train_acc: 0.8631 | test_loss: 0.8653 | test_acc: 0.7109 | 
Epoch: 31 | train_loss: 0.3057 | train_acc: 0.8987 | test_loss: 0.9367 | test_acc: 0.7070 | 
Epoch: 32 | train_loss: 0.4161 | train_acc: 0.8664 | test_loss: 0.9719 | test_acc: 0.7070 | 
Epoch: 33 | train_loss: 0.3409 | train_acc: 0.8588 | test_loss: 0.7817 | test_acc: 0.7461 | 
Epoch: 34 | train_loss: 0.3403 | train_acc: 0.8696 | test_loss: 0.8651 | test_acc: 0.7148 | 
Epoch: 35 | train_loss: 0.3595 | train_acc: 0.8750 | test_loss: 0.7334 | test_acc: 0.7656 | 
Epoch: 36 | train_loss: 0.2755 | train_acc: 0.9019 | test_loss: 0.8385 | test_acc: 0.7656 | 
Epoch: 37 | train_loss: 0.2669 | train_acc: 0.9138 | test_loss: 0.9317 | test_acc: 0.7148 | 
Epoch: 38 | train_loss: 0.2959 | train_acc: 0.8707 | test_loss: 0.8182 | test_acc: 0.7422 | 
Epoch: 39 | train_loss: 0.3711 | train_acc: 0.8653 | test_loss: 0.7532 | test_acc: 0.7227 | 
Epoch: 40 | train_loss: 0.3216 | train_acc: 0.8847 | test_loss: 0.8099 | test_acc: 0.7695 | 
Epoch: 41 | train_loss: 0.1933 | train_acc: 0.9332 | test_loss: 0.8452 | test_acc: 0.7383 | 
Epoch: 42 | train_loss: 0.2363 | train_acc: 0.8966 | test_loss: 0.9281 | test_acc: 0.7148 | 
Epoch: 43 | train_loss: 0.3383 | train_acc: 0.8847 | test_loss: 0.8558 | test_acc: 0.7500 | 
Epoch: 44 | train_loss: 0.2476 | train_acc: 0.9256 | test_loss: 0.7729 | test_acc: 0.7422 | 
Epoch: 45 | train_loss: 0.2542 | train_acc: 0.9019 | test_loss: 0.7695 | test_acc: 0.7656 | 
Epoch: 46 | train_loss: 0.2141 | train_acc: 0.9235 | test_loss: 0.7503 | test_acc: 0.7500 | 
Epoch: 47 | train_loss: 0.2183 | train_acc: 0.9095 | test_loss: 0.8208 | test_acc: 0.7422 | 
Epoch: 48 | train_loss: 0.2521 | train_acc: 0.8987 | test_loss: 0.8754 | test_acc: 0.7695 | 
Epoch: 49 | train_loss: 0.2817 | train_acc: 0.9062 | test_loss: 0.8179 | test_acc: 0.7227 | 
Epoch: 50 | train_loss: 0.2500 | train_acc: 0.9095 | test_loss: 0.8234 | test_acc: 0.7461 | 
⏱️ Total training time: 107.391 seconds
📊 Bands [128, 309, 436] -> Fitness: 0.7461
Dataset initialized with pre-loaded data. Total samples: 897
Band indices for training dataloader: [180, 205, 239]
Dataset initialized with pre-loaded data. Total samples: 226
Band indices for test dataloader: [180, 205, 239]
🔍 Starting evaluation of individual [180, 205, 239]
Epoch: 1 | train_loss: 1.3565 | train_acc: 0.3308 | test_loss: 1.3843 | test_acc: 0.4141 | 
Epoch: 2 | train_loss: 1.2458 | train_acc: 0.4547 | test_loss: 1.2944 | test_acc: 0.3672 | 
Epoch: 3 | train_loss: 1.1606 | train_acc: 0.5075 | test_loss: 1.2823 | test_acc: 0.4219 | 
Epoch: 4 | train_loss: 1.0467 | train_acc: 0.5894 | test_loss: 1.1204 | test_acc: 0.5117 | 
Epoch: 5 | train_loss: 0.9788 | train_acc: 0.5873 | test_loss: 1.0758 | test_acc: 0.5664 | 
Epoch: 6 | train_loss: 0.9009 | train_acc: 0.6390 | test_loss: 1.0946 | test_acc: 0.5742 | 
Epoch: 7 | train_loss: 0.8116 | train_acc: 0.6562 | test_loss: 1.0150 | test_acc: 0.6445 | 
Epoch: 8 | train_loss: 0.7711 | train_acc: 0.7069 | test_loss: 1.0497 | test_acc: 0.6289 | 
Epoch: 9 | train_loss: 0.7398 | train_acc: 0.7080 | test_loss: 1.1455 | test_acc: 0.6328 | 
Epoch: 10 | train_loss: 0.7306 | train_acc: 0.7101 | test_loss: 1.0006 | test_acc: 0.6562 | 
Epoch: 11 | train_loss: 0.7494 | train_acc: 0.7080 | test_loss: 1.1561 | test_acc: 0.5156 | 
Epoch: 12 | train_loss: 0.6998 | train_acc: 0.6972 | test_loss: 0.9196 | test_acc: 0.6875 | 
Epoch: 13 | train_loss: 0.5912 | train_acc: 0.7651 | test_loss: 1.1891 | test_acc: 0.5586 | 
Epoch: 14 | train_loss: 0.5165 | train_acc: 0.8157 | test_loss: 1.1037 | test_acc: 0.6172 | 
Epoch: 15 | train_loss: 0.5941 | train_acc: 0.7672 | test_loss: 1.0800 | test_acc: 0.6250 | 
Epoch: 16 | train_loss: 0.5331 | train_acc: 0.8168 | test_loss: 0.9373 | test_acc: 0.6953 | 
Epoch: 17 | train_loss: 0.4482 | train_acc: 0.8438 | test_loss: 1.0262 | test_acc: 0.6523 | 
Epoch: 18 | train_loss: 0.5141 | train_acc: 0.8060 | test_loss: 1.1558 | test_acc: 0.6680 | 
Epoch: 19 | train_loss: 0.5284 | train_acc: 0.8103 | test_loss: 0.8621 | test_acc: 0.7227 | 
Epoch: 20 | train_loss: 0.4055 | train_acc: 0.8330 | test_loss: 0.8705 | test_acc: 0.6719 | 
Epoch: 21 | train_loss: 0.3914 | train_acc: 0.8545 | test_loss: 1.1186 | test_acc: 0.5977 | 
Epoch: 22 | train_loss: 0.4849 | train_acc: 0.8297 | test_loss: 0.9224 | test_acc: 0.6641 | 
Epoch: 23 | train_loss: 0.4852 | train_acc: 0.8265 | test_loss: 1.1802 | test_acc: 0.5820 | 
Epoch: 24 | train_loss: 0.4291 | train_acc: 0.8233 | test_loss: 0.8346 | test_acc: 0.7461 | 
Epoch: 25 | train_loss: 0.4224 | train_acc: 0.8373 | test_loss: 0.7548 | test_acc: 0.7461 | 
Epoch: 26 | train_loss: 0.4129 | train_acc: 0.8394 | test_loss: 0.9920 | test_acc: 0.6328 | 
Epoch: 27 | train_loss: 0.3862 | train_acc: 0.8534 | test_loss: 0.8458 | test_acc: 0.7266 | 
Epoch: 28 | train_loss: 0.3596 | train_acc: 0.8545 | test_loss: 0.7981 | test_acc: 0.7422 | 
Epoch: 29 | train_loss: 0.4135 | train_acc: 0.8567 | test_loss: 0.7905 | test_acc: 0.7344 | 
Epoch: 30 | train_loss: 0.3140 | train_acc: 0.8901 | test_loss: 0.8768 | test_acc: 0.6641 | 
Epoch: 31 | train_loss: 0.2933 | train_acc: 0.8675 | test_loss: 0.8732 | test_acc: 0.7344 | 
Epoch: 32 | train_loss: 0.3438 | train_acc: 0.8836 | test_loss: 0.9157 | test_acc: 0.7070 | 
Epoch: 33 | train_loss: 0.3752 | train_acc: 0.8621 | test_loss: 1.0058 | test_acc: 0.6445 | 
Epoch: 34 | train_loss: 0.4301 | train_acc: 0.8664 | test_loss: 0.8711 | test_acc: 0.7383 | 
Epoch: 35 | train_loss: 0.3069 | train_acc: 0.8728 | test_loss: 0.9155 | test_acc: 0.6680 | 
Epoch: 36 | train_loss: 0.2886 | train_acc: 0.8793 | test_loss: 0.7576 | test_acc: 0.7734 | 
Epoch: 37 | train_loss: 0.3375 | train_acc: 0.8772 | test_loss: 0.7690 | test_acc: 0.7578 | 
Epoch: 38 | train_loss: 0.2988 | train_acc: 0.8804 | test_loss: 0.7769 | test_acc: 0.7656 | 
Epoch: 39 | train_loss: 0.2834 | train_acc: 0.8804 | test_loss: 0.9112 | test_acc: 0.7539 | 
Epoch: 40 | train_loss: 0.2528 | train_acc: 0.8901 | test_loss: 1.1521 | test_acc: 0.6484 | 
Epoch: 41 | train_loss: 0.2354 | train_acc: 0.9159 | test_loss: 0.9160 | test_acc: 0.7500 | 
Epoch: 42 | train_loss: 0.2706 | train_acc: 0.9224 | test_loss: 0.8892 | test_acc: 0.7227 | 
Epoch: 43 | train_loss: 0.2880 | train_acc: 0.9127 | test_loss: 0.7803 | test_acc: 0.7695 | 
Epoch: 44 | train_loss: 0.2963 | train_acc: 0.8955 | test_loss: 0.8144 | test_acc: 0.7617 | 
Epoch: 45 | train_loss: 0.2291 | train_acc: 0.9353 | test_loss: 0.7835 | test_acc: 0.7188 | 
Epoch: 46 | train_loss: 0.3122 | train_acc: 0.8955 | test_loss: 0.7933 | test_acc: 0.7617 | 
Epoch: 47 | train_loss: 0.1920 | train_acc: 0.9504 | test_loss: 0.9045 | test_acc: 0.7461 | 
Epoch: 48 | train_loss: 0.2311 | train_acc: 0.9300 | test_loss: 1.1800 | test_acc: 0.6758 | 
Epoch: 49 | train_loss: 0.2713 | train_acc: 0.8901 | test_loss: 1.1064 | test_acc: 0.6680 | 
Epoch: 50 | train_loss: 0.2818 | train_acc: 0.8772 | test_loss: 0.8828 | test_acc: 0.7344 | 
⏱️ Total training time: 104.538 seconds
📊 Bands [180, 205, 239] -> Fitness: 0.7344
Dataset initialized with pre-loaded data. Total samples: 897
Band indices for training dataloader: [41, 430, 163]
Dataset initialized with pre-loaded data. Total samples: 226
Band indices for test dataloader: [41, 430, 163]
🔍 Starting evaluation of individual [41, 430, 163]
Epoch: 1 | train_loss: 1.3795 | train_acc: 0.2931 | test_loss: 1.2933 | test_acc: 0.4453 | 
Epoch: 2 | train_loss: 1.2831 | train_acc: 0.4386 | test_loss: 1.3982 | test_acc: 0.3906 | 
Epoch: 3 | train_loss: 1.1889 | train_acc: 0.4849 | test_loss: 1.2766 | test_acc: 0.4258 | 
Epoch: 4 | train_loss: 1.0930 | train_acc: 0.5388 | test_loss: 1.2212 | test_acc: 0.4141 | 
Epoch: 5 | train_loss: 1.0364 | train_acc: 0.5744 | test_loss: 1.1657 | test_acc: 0.5156 | 
Epoch: 6 | train_loss: 1.0095 | train_acc: 0.5905 | test_loss: 1.3388 | test_acc: 0.4375 | 
Epoch: 7 | train_loss: 0.9354 | train_acc: 0.6185 | test_loss: 1.1918 | test_acc: 0.5039 | 
Epoch: 8 | train_loss: 0.8873 | train_acc: 0.6390 | test_loss: 1.0191 | test_acc: 0.5742 | 
Epoch: 9 | train_loss: 0.7581 | train_acc: 0.7123 | test_loss: 1.0455 | test_acc: 0.6328 | 
Epoch: 10 | train_loss: 0.7711 | train_acc: 0.7004 | test_loss: 1.1275 | test_acc: 0.4922 | 
Epoch: 11 | train_loss: 0.7725 | train_acc: 0.6810 | test_loss: 1.0574 | test_acc: 0.5742 | 
Epoch: 12 | train_loss: 0.7051 | train_acc: 0.7392 | test_loss: 1.0993 | test_acc: 0.6250 | 
Epoch: 13 | train_loss: 0.7031 | train_acc: 0.7403 | test_loss: 0.9939 | test_acc: 0.6602 | 
Epoch: 14 | train_loss: 0.6968 | train_acc: 0.7177 | test_loss: 0.8243 | test_acc: 0.7070 | 
Epoch: 15 | train_loss: 0.5868 | train_acc: 0.7575 | test_loss: 0.9148 | test_acc: 0.6875 | 
Epoch: 16 | train_loss: 0.5443 | train_acc: 0.7974 | test_loss: 0.9063 | test_acc: 0.6758 | 
Epoch: 17 | train_loss: 0.5534 | train_acc: 0.7683 | test_loss: 0.9812 | test_acc: 0.6484 | 
Epoch: 18 | train_loss: 0.5854 | train_acc: 0.7694 | test_loss: 0.9140 | test_acc: 0.6602 | 
Epoch: 19 | train_loss: 0.4653 | train_acc: 0.8093 | test_loss: 1.0217 | test_acc: 0.6445 | 
Epoch: 20 | train_loss: 0.5699 | train_acc: 0.7834 | test_loss: 0.9061 | test_acc: 0.6953 | 
Epoch: 21 | train_loss: 0.4672 | train_acc: 0.8276 | test_loss: 0.9782 | test_acc: 0.6172 | 
Epoch: 22 | train_loss: 0.5668 | train_acc: 0.8200 | test_loss: 0.9089 | test_acc: 0.7070 | 
Epoch: 23 | train_loss: 0.5111 | train_acc: 0.7985 | test_loss: 0.8850 | test_acc: 0.7188 | 
Epoch: 24 | train_loss: 0.4480 | train_acc: 0.8190 | test_loss: 1.3982 | test_acc: 0.5859 | 
Epoch: 25 | train_loss: 0.5194 | train_acc: 0.7996 | test_loss: 0.9031 | test_acc: 0.7070 | 
Epoch: 26 | train_loss: 0.4658 | train_acc: 0.8082 | test_loss: 0.7996 | test_acc: 0.7188 | 
Epoch: 27 | train_loss: 0.5232 | train_acc: 0.8168 | test_loss: 0.8002 | test_acc: 0.7227 | 
Epoch: 28 | train_loss: 0.3894 | train_acc: 0.8297 | test_loss: 0.8821 | test_acc: 0.7148 | 
Epoch: 29 | train_loss: 0.4205 | train_acc: 0.8448 | test_loss: 0.9228 | test_acc: 0.7070 | 
Epoch: 30 | train_loss: 0.3716 | train_acc: 0.8610 | test_loss: 0.8586 | test_acc: 0.7266 | 
Epoch: 31 | train_loss: 0.3768 | train_acc: 0.8718 | test_loss: 0.8843 | test_acc: 0.7266 | 
Epoch: 32 | train_loss: 0.3530 | train_acc: 0.8588 | test_loss: 1.0163 | test_acc: 0.7148 | 
Epoch: 33 | train_loss: 0.3979 | train_acc: 0.8588 | test_loss: 1.0819 | test_acc: 0.6758 | 
Epoch: 34 | train_loss: 0.3763 | train_acc: 0.8588 | test_loss: 0.9895 | test_acc: 0.7227 | 
Epoch: 35 | train_loss: 0.2787 | train_acc: 0.9030 | test_loss: 0.8593 | test_acc: 0.7344 | 
Epoch: 36 | train_loss: 0.3471 | train_acc: 0.8621 | test_loss: 1.0655 | test_acc: 0.6992 | 
Epoch: 37 | train_loss: 0.2799 | train_acc: 0.9116 | test_loss: 1.0846 | test_acc: 0.7070 | 
Epoch: 38 | train_loss: 0.2912 | train_acc: 0.8879 | test_loss: 1.0387 | test_acc: 0.7188 | 
Epoch: 39 | train_loss: 0.3100 | train_acc: 0.9149 | test_loss: 0.9235 | test_acc: 0.7305 | 
Epoch: 40 | train_loss: 0.3364 | train_acc: 0.8664 | test_loss: 0.9777 | test_acc: 0.7188 | 
Epoch: 41 | train_loss: 0.3368 | train_acc: 0.8901 | test_loss: 0.8853 | test_acc: 0.7344 | 
Epoch: 42 | train_loss: 0.2869 | train_acc: 0.9041 | test_loss: 0.9458 | test_acc: 0.7188 | 
Epoch: 43 | train_loss: 0.2183 | train_acc: 0.9256 | test_loss: 0.9950 | test_acc: 0.7070 | 
Epoch: 44 | train_loss: 0.3239 | train_acc: 0.8912 | test_loss: 1.0106 | test_acc: 0.7227 | 
Epoch: 45 | train_loss: 0.2521 | train_acc: 0.9062 | test_loss: 1.0853 | test_acc: 0.7070 | 
Epoch: 46 | train_loss: 0.2850 | train_acc: 0.8922 | test_loss: 1.0161 | test_acc: 0.7344 | 
Epoch: 47 | train_loss: 0.2218 | train_acc: 0.9224 | test_loss: 1.0775 | test_acc: 0.7383 | 
Epoch: 48 | train_loss: 0.3526 | train_acc: 0.8912 | test_loss: 1.1745 | test_acc: 0.6562 | 
Epoch: 49 | train_loss: 0.2655 | train_acc: 0.9138 | test_loss: 0.9443 | test_acc: 0.7539 | 
Epoch: 50 | train_loss: 0.2651 | train_acc: 0.8922 | test_loss: 1.0724 | test_acc: 0.7227 | 
⏱️ Total training time: 115.179 seconds
📊 Bands [41, 430, 163] -> Fitness: 0.7227
Dataset initialized with pre-loaded data. Total samples: 897
Band indices for training dataloader: [183, 67, 100]
Dataset initialized with pre-loaded data. Total samples: 226
Band indices for test dataloader: [183, 67, 100]
🔍 Starting evaluation of individual [183, 67, 100]
Epoch: 1 | train_loss: 1.3691 | train_acc: 0.2942 | test_loss: 1.3063 | test_acc: 0.4023 | 
Epoch: 2 | train_loss: 1.2325 | train_acc: 0.4267 | test_loss: 1.3236 | test_acc: 0.3242 | 
Epoch: 3 | train_loss: 1.1648 | train_acc: 0.5162 | test_loss: 1.1299 | test_acc: 0.4922 | 
Epoch: 4 | train_loss: 1.0811 | train_acc: 0.5237 | test_loss: 1.0944 | test_acc: 0.5703 | 
Epoch: 5 | train_loss: 0.9961 | train_acc: 0.5744 | test_loss: 1.0508 | test_acc: 0.5547 | 
Epoch: 6 | train_loss: 0.8415 | train_acc: 0.6681 | test_loss: 1.2580 | test_acc: 0.5312 | 
Epoch: 7 | train_loss: 0.8185 | train_acc: 0.6810 | test_loss: 0.8725 | test_acc: 0.6758 | 
Epoch: 8 | train_loss: 0.7895 | train_acc: 0.7080 | test_loss: 1.0476 | test_acc: 0.5938 | 
Epoch: 9 | train_loss: 0.7971 | train_acc: 0.6746 | test_loss: 0.8376 | test_acc: 0.6875 | 
Epoch: 10 | train_loss: 0.7136 | train_acc: 0.7371 | test_loss: 0.9046 | test_acc: 0.6094 | 
Epoch: 11 | train_loss: 0.6403 | train_acc: 0.7629 | test_loss: 0.7741 | test_acc: 0.7227 | 
Epoch: 12 | train_loss: 0.6335 | train_acc: 0.7446 | test_loss: 0.8946 | test_acc: 0.6719 | 
Epoch: 13 | train_loss: 0.5556 | train_acc: 0.7996 | test_loss: 0.7463 | test_acc: 0.7109 | 
Epoch: 14 | train_loss: 0.5537 | train_acc: 0.7996 | test_loss: 0.7980 | test_acc: 0.6602 | 
Epoch: 15 | train_loss: 0.5573 | train_acc: 0.7823 | test_loss: 0.7063 | test_acc: 0.7305 | 
Epoch: 16 | train_loss: 0.4930 | train_acc: 0.7920 | test_loss: 0.7386 | test_acc: 0.6992 | 
Epoch: 17 | train_loss: 0.5220 | train_acc: 0.7974 | test_loss: 0.8323 | test_acc: 0.6797 | 
Epoch: 18 | train_loss: 0.4719 | train_acc: 0.8211 | test_loss: 0.8139 | test_acc: 0.6641 | 
Epoch: 19 | train_loss: 0.4349 | train_acc: 0.8200 | test_loss: 0.7688 | test_acc: 0.7500 | 
Epoch: 20 | train_loss: 0.4269 | train_acc: 0.8211 | test_loss: 0.7404 | test_acc: 0.7383 | 
Epoch: 21 | train_loss: 0.4265 | train_acc: 0.8330 | test_loss: 0.7456 | test_acc: 0.7500 | 
Epoch: 22 | train_loss: 0.4308 | train_acc: 0.8384 | test_loss: 0.7743 | test_acc: 0.6836 | 
Epoch: 23 | train_loss: 0.3778 | train_acc: 0.8653 | test_loss: 0.7805 | test_acc: 0.7461 | 
Epoch: 24 | train_loss: 0.3706 | train_acc: 0.8739 | test_loss: 0.7139 | test_acc: 0.7773 | 
Epoch: 25 | train_loss: 0.3322 | train_acc: 0.8545 | test_loss: 0.9047 | test_acc: 0.6836 | 
Epoch: 26 | train_loss: 0.4200 | train_acc: 0.8470 | test_loss: 0.6957 | test_acc: 0.7656 | 
Epoch: 27 | train_loss: 0.3760 | train_acc: 0.8502 | test_loss: 0.7445 | test_acc: 0.7500 | 
Epoch: 28 | train_loss: 0.4088 | train_acc: 0.8179 | test_loss: 0.6083 | test_acc: 0.8008 | 
Epoch: 29 | train_loss: 0.3132 | train_acc: 0.8933 | test_loss: 0.7167 | test_acc: 0.7578 | 
Epoch: 30 | train_loss: 0.3693 | train_acc: 0.8588 | test_loss: 0.7146 | test_acc: 0.7773 | 
Epoch: 31 | train_loss: 0.4126 | train_acc: 0.8545 | test_loss: 0.6944 | test_acc: 0.7930 | 
Epoch: 32 | train_loss: 0.3365 | train_acc: 0.8664 | test_loss: 0.7830 | test_acc: 0.7617 | 
Epoch: 33 | train_loss: 0.3532 | train_acc: 0.8416 | test_loss: 0.7224 | test_acc: 0.7812 | 
Epoch: 34 | train_loss: 0.2914 | train_acc: 0.8750 | test_loss: 0.6676 | test_acc: 0.7891 | 
Epoch: 35 | train_loss: 0.2726 | train_acc: 0.8879 | test_loss: 0.7237 | test_acc: 0.7812 | 
Epoch: 36 | train_loss: 0.2444 | train_acc: 0.9106 | test_loss: 0.7387 | test_acc: 0.7539 | 
Epoch: 37 | train_loss: 0.2728 | train_acc: 0.9030 | test_loss: 0.8966 | test_acc: 0.6797 | 
Epoch: 38 | train_loss: 0.3449 | train_acc: 0.8987 | test_loss: 0.7226 | test_acc: 0.7422 | 
Epoch: 39 | train_loss: 0.3815 | train_acc: 0.8944 | test_loss: 0.6955 | test_acc: 0.7852 | 
Epoch: 40 | train_loss: 0.2599 | train_acc: 0.9213 | test_loss: 0.6929 | test_acc: 0.7734 | 
Epoch: 41 | train_loss: 0.3098 | train_acc: 0.8912 | test_loss: 0.8682 | test_acc: 0.7695 | 
Epoch: 42 | train_loss: 0.2824 | train_acc: 0.8836 | test_loss: 0.7661 | test_acc: 0.7734 | 
Epoch: 43 | train_loss: 0.2748 | train_acc: 0.8793 | test_loss: 0.8111 | test_acc: 0.7852 | 
Epoch: 44 | train_loss: 0.2725 | train_acc: 0.9009 | test_loss: 0.9753 | test_acc: 0.6836 | 
Epoch: 45 | train_loss: 0.2631 | train_acc: 0.9052 | test_loss: 0.9526 | test_acc: 0.7188 | 
Epoch: 46 | train_loss: 0.2584 | train_acc: 0.9009 | test_loss: 0.8324 | test_acc: 0.7227 | 
Epoch: 47 | train_loss: 0.1939 | train_acc: 0.9440 | test_loss: 0.6961 | test_acc: 0.8164 | 
Epoch: 48 | train_loss: 0.2109 | train_acc: 0.9127 | test_loss: 0.7389 | test_acc: 0.8086 | 
Epoch: 49 | train_loss: 0.1996 | train_acc: 0.9149 | test_loss: 0.7175 | test_acc: 0.8008 | 
Epoch: 50 | train_loss: 0.2349 | train_acc: 0.9192 | test_loss: 0.8515 | test_acc: 0.7383 | 
⏱️ Total training time: 107.013 seconds
📊 Bands [183, 67, 100] -> Fitness: 0.7383
Dataset initialized with pre-loaded data. Total samples: 897
Band indices for training dataloader: [413, 369, 157]
Dataset initialized with pre-loaded data. Total samples: 226
Band indices for test dataloader: [413, 369, 157]
🔍 Starting evaluation of individual [413, 369, 157]
Epoch: 1 | train_loss: 1.3761 | train_acc: 0.3125 | test_loss: 1.5221 | test_acc: 0.4258 | 
Epoch: 2 | train_loss: 1.3172 | train_acc: 0.3955 | test_loss: 1.2675 | test_acc: 0.3750 | 
Epoch: 3 | train_loss: 1.1918 | train_acc: 0.4784 | test_loss: 1.2844 | test_acc: 0.4805 | 
Epoch: 4 | train_loss: 1.1138 | train_acc: 0.5129 | test_loss: 1.1805 | test_acc: 0.5039 | 
Epoch: 5 | train_loss: 1.0403 | train_acc: 0.5453 | test_loss: 1.0762 | test_acc: 0.5312 | 
Epoch: 6 | train_loss: 0.9727 | train_acc: 0.6088 | test_loss: 1.1969 | test_acc: 0.4727 | 
Epoch: 7 | train_loss: 0.9215 | train_acc: 0.5938 | test_loss: 1.2615 | test_acc: 0.5430 | 
Epoch: 8 | train_loss: 0.8675 | train_acc: 0.6455 | test_loss: 0.9642 | test_acc: 0.5859 | 
Epoch: 9 | train_loss: 0.8679 | train_acc: 0.6606 | test_loss: 1.1073 | test_acc: 0.5703 | 
Epoch: 10 | train_loss: 0.7615 | train_acc: 0.7220 | test_loss: 1.0153 | test_acc: 0.5469 | 
Epoch: 11 | train_loss: 0.7765 | train_acc: 0.6735 | test_loss: 1.0149 | test_acc: 0.6562 | 
Epoch: 12 | train_loss: 0.7205 | train_acc: 0.7058 | test_loss: 1.1638 | test_acc: 0.5352 | 
Epoch: 13 | train_loss: 0.6981 | train_acc: 0.7252 | test_loss: 1.3697 | test_acc: 0.4961 | 
Epoch: 14 | train_loss: 0.6434 | train_acc: 0.7586 | test_loss: 0.9909 | test_acc: 0.6367 | 
Epoch: 15 | train_loss: 0.6307 | train_acc: 0.7188 | test_loss: 1.0245 | test_acc: 0.5703 | 
Epoch: 16 | train_loss: 0.5561 | train_acc: 0.8168 | test_loss: 1.2064 | test_acc: 0.5547 | 
Epoch: 17 | train_loss: 0.6100 | train_acc: 0.7478 | test_loss: 1.0741 | test_acc: 0.6133 | 
Epoch: 18 | train_loss: 0.5418 | train_acc: 0.7953 | test_loss: 1.0238 | test_acc: 0.6172 | 
Epoch: 19 | train_loss: 0.5489 | train_acc: 0.8028 | test_loss: 0.9099 | test_acc: 0.6758 | 
Epoch: 20 | train_loss: 0.5292 | train_acc: 0.8028 | test_loss: 0.9806 | test_acc: 0.6445 | 
Epoch: 21 | train_loss: 0.5275 | train_acc: 0.7931 | test_loss: 0.9703 | test_acc: 0.6602 | 
Epoch: 22 | train_loss: 0.5345 | train_acc: 0.8114 | test_loss: 0.8631 | test_acc: 0.6914 | 
Epoch: 23 | train_loss: 0.4809 | train_acc: 0.8168 | test_loss: 0.9048 | test_acc: 0.6875 | 
Epoch: 24 | train_loss: 0.4698 | train_acc: 0.8287 | test_loss: 0.8593 | test_acc: 0.7070 | 
Epoch: 25 | train_loss: 0.4882 | train_acc: 0.8157 | test_loss: 0.8367 | test_acc: 0.6992 | 
Epoch: 26 | train_loss: 0.4544 | train_acc: 0.8233 | test_loss: 0.8904 | test_acc: 0.6992 | 
Epoch: 27 | train_loss: 0.3540 | train_acc: 0.8847 | test_loss: 1.0028 | test_acc: 0.6914 | 
Epoch: 28 | train_loss: 0.3704 | train_acc: 0.8675 | test_loss: 0.8421 | test_acc: 0.7227 | 
Epoch: 29 | train_loss: 0.4052 | train_acc: 0.8384 | test_loss: 0.8608 | test_acc: 0.7070 | 
Epoch: 30 | train_loss: 0.3893 | train_acc: 0.8599 | test_loss: 0.9815 | test_acc: 0.7070 | 
Epoch: 31 | train_loss: 0.4210 | train_acc: 0.8125 | test_loss: 0.9278 | test_acc: 0.6992 | 
Epoch: 32 | train_loss: 0.3443 | train_acc: 0.8858 | test_loss: 0.8600 | test_acc: 0.7109 | 
Epoch: 33 | train_loss: 0.3433 | train_acc: 0.8642 | test_loss: 0.9028 | test_acc: 0.7266 | 
Epoch: 34 | train_loss: 0.2805 | train_acc: 0.8966 | test_loss: 0.9212 | test_acc: 0.7148 | 
Epoch: 35 | train_loss: 0.3035 | train_acc: 0.8987 | test_loss: 1.0778 | test_acc: 0.7148 | 
Epoch: 36 | train_loss: 0.2924 | train_acc: 0.8696 | test_loss: 1.0137 | test_acc: 0.6758 | 
Epoch: 37 | train_loss: 0.3075 | train_acc: 0.8869 | test_loss: 0.8894 | test_acc: 0.7031 | 
Epoch: 38 | train_loss: 0.3011 | train_acc: 0.8966 | test_loss: 0.8581 | test_acc: 0.7461 | 
Epoch: 39 | train_loss: 0.2998 | train_acc: 0.9009 | test_loss: 0.9055 | test_acc: 0.7148 | 
Epoch: 40 | train_loss: 0.2939 | train_acc: 0.8718 | test_loss: 0.9315 | test_acc: 0.7188 | 
Epoch: 41 | train_loss: 0.3874 | train_acc: 0.8642 | test_loss: 0.8268 | test_acc: 0.7109 | 
Epoch: 42 | train_loss: 0.2203 | train_acc: 0.9224 | test_loss: 0.8674 | test_acc: 0.7422 | 
Epoch: 43 | train_loss: 0.2764 | train_acc: 0.8793 | test_loss: 0.9516 | test_acc: 0.7266 | 
Epoch: 44 | train_loss: 0.3693 | train_acc: 0.8567 | test_loss: 0.8683 | test_acc: 0.7227 | 
Epoch: 45 | train_loss: 0.3632 | train_acc: 0.8621 | test_loss: 1.0021 | test_acc: 0.7305 | 
Epoch: 46 | train_loss: 0.4077 | train_acc: 0.8470 | test_loss: 0.8941 | test_acc: 0.7305 | 
Epoch: 47 | train_loss: 0.3825 | train_acc: 0.8513 | test_loss: 1.0094 | test_acc: 0.6875 | 
Epoch: 48 | train_loss: 0.3590 | train_acc: 0.8728 | test_loss: 0.9928 | test_acc: 0.6992 | 
Epoch: 49 | train_loss: 0.2812 | train_acc: 0.9041 | test_loss: 0.9787 | test_acc: 0.6836 | 
Epoch: 50 | train_loss: 0.2147 | train_acc: 0.9256 | test_loss: 0.8137 | test_acc: 0.7539 | 
⏱️ Total training time: 101.392 seconds
📊 Bands [413, 369, 157] -> Fitness: 0.7539
Dataset initialized with pre-loaded data. Total samples: 897
Band indices for training dataloader: [353, 387, 445]
Dataset initialized with pre-loaded data. Total samples: 226
Band indices for test dataloader: [353, 387, 445]
🔍 Starting evaluation of individual [353, 387, 445]
Epoch: 1 | train_loss: 1.3827 | train_acc: 0.2834 | test_loss: 1.3769 | test_acc: 0.3398 | 
Epoch: 2 | train_loss: 1.3154 | train_acc: 0.3858 | test_loss: 1.2093 | test_acc: 0.4336 | 
Epoch: 3 | train_loss: 1.2112 | train_acc: 0.4407 | test_loss: 1.4265 | test_acc: 0.4023 | 
Epoch: 4 | train_loss: 1.1426 | train_acc: 0.5388 | test_loss: 1.5965 | test_acc: 0.4375 | 
Epoch: 5 | train_loss: 1.1315 | train_acc: 0.5119 | test_loss: 1.7133 | test_acc: 0.4922 | 
Epoch: 6 | train_loss: 1.0892 | train_acc: 0.5097 | test_loss: 1.1939 | test_acc: 0.5273 | 
Epoch: 7 | train_loss: 1.0197 | train_acc: 0.5744 | test_loss: 1.2526 | test_acc: 0.4297 | 
Epoch: 8 | train_loss: 0.9718 | train_acc: 0.5959 | test_loss: 1.2289 | test_acc: 0.4453 | 
Epoch: 9 | train_loss: 0.8851 | train_acc: 0.6422 | test_loss: 1.2313 | test_acc: 0.5117 | 
Epoch: 10 | train_loss: 0.9822 | train_acc: 0.6401 | test_loss: 1.4014 | test_acc: 0.4961 | 
Epoch: 11 | train_loss: 0.9559 | train_acc: 0.5970 | test_loss: 1.2435 | test_acc: 0.5078 | 
Epoch: 12 | train_loss: 0.8414 | train_acc: 0.6530 | test_loss: 1.2061 | test_acc: 0.5977 | 
Epoch: 13 | train_loss: 0.7409 | train_acc: 0.7198 | test_loss: 1.2536 | test_acc: 0.5703 | 
Epoch: 14 | train_loss: 0.7464 | train_acc: 0.6810 | test_loss: 1.4430 | test_acc: 0.4883 | 
Epoch: 15 | train_loss: 0.6902 | train_acc: 0.7371 | test_loss: 1.1999 | test_acc: 0.5391 | 
Epoch: 16 | train_loss: 0.7322 | train_acc: 0.6961 | test_loss: 1.1492 | test_acc: 0.6211 | 
Epoch: 17 | train_loss: 0.6373 | train_acc: 0.7672 | test_loss: 1.1401 | test_acc: 0.5547 | 
Epoch: 18 | train_loss: 0.6294 | train_acc: 0.7511 | test_loss: 1.2315 | test_acc: 0.5195 | 
Epoch: 19 | train_loss: 0.5789 | train_acc: 0.8006 | test_loss: 1.1633 | test_acc: 0.5977 | 
Epoch: 20 | train_loss: 0.4909 | train_acc: 0.8168 | test_loss: 1.3968 | test_acc: 0.5195 | 
Epoch: 21 | train_loss: 0.6269 | train_acc: 0.7500 | test_loss: 1.2187 | test_acc: 0.5625 | 
Epoch: 22 | train_loss: 0.4828 | train_acc: 0.8287 | test_loss: 1.1561 | test_acc: 0.6523 | 
Epoch: 23 | train_loss: 0.4866 | train_acc: 0.8211 | test_loss: 1.1709 | test_acc: 0.6328 | 
Epoch: 24 | train_loss: 0.5554 | train_acc: 0.7866 | test_loss: 1.3622 | test_acc: 0.5703 | 
Epoch: 25 | train_loss: 0.5562 | train_acc: 0.7575 | test_loss: 1.3148 | test_acc: 0.6250 | 
Epoch: 26 | train_loss: 0.4900 | train_acc: 0.8006 | test_loss: 1.2663 | test_acc: 0.6172 | 
Epoch: 27 | train_loss: 0.4993 | train_acc: 0.7920 | test_loss: 1.4606 | test_acc: 0.5898 | 
Epoch: 28 | train_loss: 0.4948 | train_acc: 0.8050 | test_loss: 1.2909 | test_acc: 0.5469 | 
Epoch: 29 | train_loss: 0.5068 | train_acc: 0.8093 | test_loss: 1.1786 | test_acc: 0.6328 | 
Epoch: 30 | train_loss: 0.4543 | train_acc: 0.8114 | test_loss: 1.1943 | test_acc: 0.6367 | 
Epoch: 31 | train_loss: 0.4690 | train_acc: 0.8373 | test_loss: 1.1212 | test_acc: 0.6211 | 
Epoch: 32 | train_loss: 0.4344 | train_acc: 0.8696 | test_loss: 1.1561 | test_acc: 0.5859 | 
Epoch: 33 | train_loss: 0.4715 | train_acc: 0.8082 | test_loss: 1.1489 | test_acc: 0.6211 | 
Epoch: 34 | train_loss: 0.3599 | train_acc: 0.8502 | test_loss: 1.1202 | test_acc: 0.5625 | 
Epoch: 35 | train_loss: 0.3485 | train_acc: 0.8696 | test_loss: 1.2155 | test_acc: 0.6250 | 
Epoch: 36 | train_loss: 0.3922 | train_acc: 0.8319 | test_loss: 1.1888 | test_acc: 0.6445 | 
Epoch: 37 | train_loss: 0.3675 | train_acc: 0.8621 | test_loss: 1.1420 | test_acc: 0.6484 | 
Epoch: 38 | train_loss: 0.3902 | train_acc: 0.8448 | test_loss: 1.0993 | test_acc: 0.6680 | 
Epoch: 39 | train_loss: 0.3923 | train_acc: 0.8631 | test_loss: 1.1835 | test_acc: 0.6641 | 
Epoch: 40 | train_loss: 0.4859 | train_acc: 0.8664 | test_loss: 1.2686 | test_acc: 0.6680 | 
Epoch: 41 | train_loss: 0.4088 | train_acc: 0.8653 | test_loss: 1.1345 | test_acc: 0.6680 | 
Epoch: 42 | train_loss: 0.3344 | train_acc: 0.8890 | test_loss: 1.2070 | test_acc: 0.6836 | 
Epoch: 43 | train_loss: 0.3214 | train_acc: 0.8836 | test_loss: 1.4738 | test_acc: 0.5703 | 
Epoch: 44 | train_loss: 0.3155 | train_acc: 0.8642 | test_loss: 1.2981 | test_acc: 0.6445 | 
Epoch: 45 | train_loss: 0.3798 | train_acc: 0.8739 | test_loss: 1.3233 | test_acc: 0.6523 | 
Epoch: 46 | train_loss: 0.3304 | train_acc: 0.8653 | test_loss: 1.3209 | test_acc: 0.6406 | 
Epoch: 47 | train_loss: 0.3569 | train_acc: 0.8761 | test_loss: 1.2445 | test_acc: 0.6445 | 
Epoch: 48 | train_loss: 0.3073 | train_acc: 0.8804 | test_loss: 1.4523 | test_acc: 0.5742 | 
Epoch: 49 | train_loss: 0.3106 | train_acc: 0.8728 | test_loss: 1.4213 | test_acc: 0.6055 | 
Epoch: 50 | train_loss: 0.3329 | train_acc: 0.8675 | test_loss: 1.5557 | test_acc: 0.6211 | 
⏱️ Total training time: 111.110 seconds
📊 Bands [353, 387, 445] -> Fitness: 0.6211
Dataset initialized with pre-loaded data. Total samples: 897
Band indices for training dataloader: [194, 3, 287]
Dataset initialized with pre-loaded data. Total samples: 226
Band indices for test dataloader: [194, 3, 287]
🔍 Starting evaluation of individual [194, 3, 287]
Epoch: 1 | train_loss: 1.3913 | train_acc: 0.2759 | test_loss: 1.3811 | test_acc: 0.2539 | 
Epoch: 2 | train_loss: 1.3338 | train_acc: 0.3739 | test_loss: 1.3238 | test_acc: 0.3984 | 
Epoch: 3 | train_loss: 1.2838 | train_acc: 0.4267 | test_loss: 1.3251 | test_acc: 0.3945 | 
Epoch: 4 | train_loss: 1.2724 | train_acc: 0.4300 | test_loss: 1.2346 | test_acc: 0.5430 | 
Epoch: 5 | train_loss: 1.1882 | train_acc: 0.4763 | test_loss: 1.2250 | test_acc: 0.4609 | 
Epoch: 6 | train_loss: 1.1356 | train_acc: 0.4946 | test_loss: 1.2609 | test_acc: 0.4570 | 
Epoch: 7 | train_loss: 1.1238 | train_acc: 0.5172 | test_loss: 1.3199 | test_acc: 0.4258 | 
Epoch: 8 | train_loss: 1.0489 | train_acc: 0.5744 | test_loss: 1.3099 | test_acc: 0.4102 | 
Epoch: 9 | train_loss: 1.0482 | train_acc: 0.5614 | test_loss: 1.1608 | test_acc: 0.5000 | 
Epoch: 10 | train_loss: 0.9809 | train_acc: 0.6131 | test_loss: 1.3123 | test_acc: 0.4648 | 
Epoch: 11 | train_loss: 0.9734 | train_acc: 0.5657 | test_loss: 1.3136 | test_acc: 0.4219 | 
Epoch: 12 | train_loss: 0.9263 | train_acc: 0.6250 | test_loss: 1.1322 | test_acc: 0.5156 | 
Epoch: 13 | train_loss: 0.8858 | train_acc: 0.6250 | test_loss: 1.5133 | test_acc: 0.4805 | 
Epoch: 14 | train_loss: 0.8289 | train_acc: 0.6767 | test_loss: 1.5337 | test_acc: 0.4180 | 
Epoch: 15 | train_loss: 0.8730 | train_acc: 0.6455 | test_loss: 1.1954 | test_acc: 0.4531 | 
Epoch: 16 | train_loss: 0.8211 | train_acc: 0.6498 | test_loss: 1.3970 | test_acc: 0.4844 | 
Epoch: 17 | train_loss: 0.8538 | train_acc: 0.6584 | test_loss: 1.2380 | test_acc: 0.4492 | 
Epoch: 18 | train_loss: 0.7175 | train_acc: 0.7295 | test_loss: 1.4170 | test_acc: 0.5000 | 
Epoch: 19 | train_loss: 0.7094 | train_acc: 0.7112 | test_loss: 1.0797 | test_acc: 0.5820 | 
Epoch: 20 | train_loss: 0.8144 | train_acc: 0.6875 | test_loss: 1.3217 | test_acc: 0.5234 | 
Epoch: 21 | train_loss: 0.8002 | train_acc: 0.6983 | test_loss: 1.1755 | test_acc: 0.4961 | 
Epoch: 22 | train_loss: 0.7004 | train_acc: 0.7166 | test_loss: 1.2748 | test_acc: 0.4727 | 
Epoch: 23 | train_loss: 0.6445 | train_acc: 0.7532 | test_loss: 1.2313 | test_acc: 0.5508 | 
Epoch: 24 | train_loss: 0.5789 | train_acc: 0.7726 | test_loss: 1.2056 | test_acc: 0.6328 | 
Epoch: 25 | train_loss: 0.5782 | train_acc: 0.7780 | test_loss: 1.1906 | test_acc: 0.5820 | 
Epoch: 26 | train_loss: 0.6184 | train_acc: 0.7489 | test_loss: 1.3520 | test_acc: 0.4922 | 
Epoch: 27 | train_loss: 0.5710 | train_acc: 0.7909 | test_loss: 1.2275 | test_acc: 0.5117 | 
Epoch: 28 | train_loss: 0.5714 | train_acc: 0.7769 | test_loss: 1.2348 | test_acc: 0.5273 | 
Epoch: 29 | train_loss: 0.5505 | train_acc: 0.7920 | test_loss: 1.4412 | test_acc: 0.5625 | 
Epoch: 30 | train_loss: 0.6049 | train_acc: 0.7608 | test_loss: 1.2418 | test_acc: 0.5000 | 
Epoch: 31 | train_loss: 0.5757 | train_acc: 0.7834 | test_loss: 1.2169 | test_acc: 0.5430 | 
Epoch: 32 | train_loss: 0.5289 | train_acc: 0.8179 | test_loss: 1.4356 | test_acc: 0.5273 | 
Epoch: 33 | train_loss: 0.5409 | train_acc: 0.7823 | test_loss: 1.3575 | test_acc: 0.5586 | 
Epoch: 34 | train_loss: 0.5212 | train_acc: 0.7942 | test_loss: 1.3007 | test_acc: 0.4961 | 
Epoch: 35 | train_loss: 0.4997 | train_acc: 0.8050 | test_loss: 1.0189 | test_acc: 0.6445 | 
Epoch: 36 | train_loss: 0.4232 | train_acc: 0.8373 | test_loss: 1.1702 | test_acc: 0.5820 | 
Epoch: 37 | train_loss: 0.4301 | train_acc: 0.8341 | test_loss: 1.2478 | test_acc: 0.5234 | 
Epoch: 38 | train_loss: 0.4590 | train_acc: 0.8211 | test_loss: 1.1612 | test_acc: 0.5430 | 
Epoch: 39 | train_loss: 0.4263 | train_acc: 0.8556 | test_loss: 1.1705 | test_acc: 0.5547 | 
Epoch: 40 | train_loss: 0.4795 | train_acc: 0.8082 | test_loss: 1.1857 | test_acc: 0.6016 | 
Epoch: 41 | train_loss: 0.4668 | train_acc: 0.8351 | test_loss: 1.1589 | test_acc: 0.5859 | 
Epoch: 42 | train_loss: 0.4620 | train_acc: 0.8427 | test_loss: 1.2875 | test_acc: 0.4570 | 
Epoch: 43 | train_loss: 0.4630 | train_acc: 0.8362 | test_loss: 1.2651 | test_acc: 0.4922 | 
Epoch: 44 | train_loss: 0.3795 | train_acc: 0.8782 | test_loss: 1.1927 | test_acc: 0.5234 | 
Epoch: 45 | train_loss: 0.4110 | train_acc: 0.8373 | test_loss: 1.2424 | test_acc: 0.5977 | 
Epoch: 46 | train_loss: 0.4664 | train_acc: 0.8222 | test_loss: 1.0151 | test_acc: 0.6523 | 
Epoch: 47 | train_loss: 0.4177 | train_acc: 0.8491 | test_loss: 1.1288 | test_acc: 0.5859 | 
Epoch: 48 | train_loss: 0.3675 | train_acc: 0.8718 | test_loss: 1.3267 | test_acc: 0.5312 | 
Epoch: 49 | train_loss: 0.4024 | train_acc: 0.8470 | test_loss: 1.4629 | test_acc: 0.5039 | 
Epoch: 50 | train_loss: 0.4134 | train_acc: 0.8125 | test_loss: 1.1825 | test_acc: 0.5859 | 
⏱️ Total training time: 114.755 seconds
📊 Bands [194, 3, 287] -> Fitness: 0.5859
Dataset initialized with pre-loaded data. Total samples: 897
Band indices for training dataloader: [375, 288, 404]
Dataset initialized with pre-loaded data. Total samples: 226
Band indices for test dataloader: [375, 288, 404]
🔍 Starting evaluation of individual [375, 288, 404]
Epoch: 1 | train_loss: 1.3820 | train_acc: 0.2769 | test_loss: 1.3719 | test_acc: 0.3672 | 
Epoch: 2 | train_loss: 1.3159 | train_acc: 0.3599 | test_loss: 1.2829 | test_acc: 0.4023 | 
Epoch: 3 | train_loss: 1.2269 | train_acc: 0.4332 | test_loss: 1.2074 | test_acc: 0.4219 | 
Epoch: 4 | train_loss: 1.1673 | train_acc: 0.4860 | test_loss: 1.2484 | test_acc: 0.5039 | 
Epoch: 5 | train_loss: 1.0628 | train_acc: 0.5711 | test_loss: 1.1411 | test_acc: 0.5312 | 
Epoch: 6 | train_loss: 1.0479 | train_acc: 0.5377 | test_loss: 1.1660 | test_acc: 0.5391 | 
Epoch: 7 | train_loss: 0.9681 | train_acc: 0.6293 | test_loss: 1.0680 | test_acc: 0.6094 | 
Epoch: 8 | train_loss: 0.8938 | train_acc: 0.6121 | test_loss: 1.0862 | test_acc: 0.4922 | 
Epoch: 9 | train_loss: 0.8981 | train_acc: 0.6315 | test_loss: 1.2247 | test_acc: 0.5078 | 
Epoch: 10 | train_loss: 0.8582 | train_acc: 0.6519 | test_loss: 1.1579 | test_acc: 0.5430 | 
Epoch: 11 | train_loss: 0.7983 | train_acc: 0.6746 | test_loss: 1.1026 | test_acc: 0.5312 | 
Epoch: 12 | train_loss: 0.8437 | train_acc: 0.6552 | test_loss: 1.1868 | test_acc: 0.5078 | 
Epoch: 13 | train_loss: 0.7625 | train_acc: 0.7004 | test_loss: 1.1913 | test_acc: 0.5430 | 
Epoch: 14 | train_loss: 0.7073 | train_acc: 0.6994 | test_loss: 0.9830 | test_acc: 0.5625 | 
Epoch: 15 | train_loss: 0.6794 | train_acc: 0.7392 | test_loss: 0.9650 | test_acc: 0.5703 | 
Epoch: 16 | train_loss: 0.7182 | train_acc: 0.7209 | test_loss: 1.0251 | test_acc: 0.5781 | 
Epoch: 17 | train_loss: 0.6154 | train_acc: 0.7716 | test_loss: 1.1378 | test_acc: 0.5586 | 
Epoch: 18 | train_loss: 0.6251 | train_acc: 0.7608 | test_loss: 0.9758 | test_acc: 0.5820 | 
Epoch: 19 | train_loss: 0.5372 | train_acc: 0.7791 | test_loss: 1.0343 | test_acc: 0.5859 | 
Epoch: 20 | train_loss: 0.4987 | train_acc: 0.8254 | test_loss: 1.1576 | test_acc: 0.5703 | 
Epoch: 21 | train_loss: 0.5478 | train_acc: 0.7769 | test_loss: 1.3551 | test_acc: 0.5664 | 
Epoch: 22 | train_loss: 0.5377 | train_acc: 0.7651 | test_loss: 1.2310 | test_acc: 0.5898 | 
Epoch: 23 | train_loss: 0.5046 | train_acc: 0.7931 | test_loss: 1.0446 | test_acc: 0.6719 | 
Epoch: 24 | train_loss: 0.4681 | train_acc: 0.8233 | test_loss: 1.0630 | test_acc: 0.5742 | 
Epoch: 25 | train_loss: 0.4981 | train_acc: 0.7920 | test_loss: 1.2122 | test_acc: 0.5938 | 
Epoch: 26 | train_loss: 0.5033 | train_acc: 0.7953 | test_loss: 0.9784 | test_acc: 0.5820 | 
Epoch: 27 | train_loss: 0.4514 | train_acc: 0.8125 | test_loss: 0.9551 | test_acc: 0.6602 | 
Epoch: 28 | train_loss: 0.4484 | train_acc: 0.8136 | test_loss: 1.0233 | test_acc: 0.6406 | 
Epoch: 29 | train_loss: 0.4585 | train_acc: 0.8136 | test_loss: 1.1504 | test_acc: 0.6523 | 
Epoch: 30 | train_loss: 0.4756 | train_acc: 0.7996 | test_loss: 1.3244 | test_acc: 0.5898 | 
Epoch: 31 | train_loss: 0.4538 | train_acc: 0.8287 | test_loss: 1.2073 | test_acc: 0.5977 | 
Epoch: 32 | train_loss: 0.3725 | train_acc: 0.8394 | test_loss: 1.2258 | test_acc: 0.6289 | 
Epoch: 33 | train_loss: 0.4033 | train_acc: 0.8491 | test_loss: 1.2172 | test_acc: 0.5898 | 
Epoch: 34 | train_loss: 0.3813 | train_acc: 0.8297 | test_loss: 1.1212 | test_acc: 0.6211 | 
Epoch: 35 | train_loss: 0.3659 | train_acc: 0.8438 | test_loss: 1.1248 | test_acc: 0.6055 | 
Epoch: 36 | train_loss: 0.3219 | train_acc: 0.8879 | test_loss: 1.0521 | test_acc: 0.6133 | 
Epoch: 37 | train_loss: 0.2802 | train_acc: 0.8955 | test_loss: 0.9245 | test_acc: 0.6875 | 
Epoch: 38 | train_loss: 0.5217 | train_acc: 0.8621 | test_loss: 0.9355 | test_acc: 0.7070 | 
Epoch: 39 | train_loss: 0.3405 | train_acc: 0.8653 | test_loss: 1.0286 | test_acc: 0.6523 | 
Epoch: 40 | train_loss: 0.3167 | train_acc: 0.9009 | test_loss: 1.0178 | test_acc: 0.6875 | 
Epoch: 41 | train_loss: 0.3184 | train_acc: 0.8728 | test_loss: 1.1078 | test_acc: 0.6562 | 
Epoch: 42 | train_loss: 0.3232 | train_acc: 0.8761 | test_loss: 0.9708 | test_acc: 0.6875 | 
Epoch: 43 | train_loss: 0.3809 | train_acc: 0.8728 | test_loss: 1.1042 | test_acc: 0.6680 | 
Epoch: 44 | train_loss: 0.2774 | train_acc: 0.8772 | test_loss: 1.1103 | test_acc: 0.6602 | 
Epoch: 45 | train_loss: 0.2174 | train_acc: 0.9224 | test_loss: 1.0434 | test_acc: 0.6602 | 
Epoch: 46 | train_loss: 0.2414 | train_acc: 0.9170 | test_loss: 1.0476 | test_acc: 0.6641 | 
Epoch: 47 | train_loss: 0.2473 | train_acc: 0.9052 | test_loss: 1.1759 | test_acc: 0.6523 | 
Epoch: 48 | train_loss: 0.2004 | train_acc: 0.9397 | test_loss: 1.1254 | test_acc: 0.6641 | 
Epoch: 49 | train_loss: 0.3455 | train_acc: 0.8836 | test_loss: 1.0831 | test_acc: 0.6602 | 
Epoch: 50 | train_loss: 0.2589 | train_acc: 0.9289 | test_loss: 1.0995 | test_acc: 0.6562 | 
⏱️ Total training time: 108.578 seconds
📊 Bands [375, 288, 404] -> Fitness: 0.6562
Dataset initialized with pre-loaded data. Total samples: 897
Band indices for training dataloader: [367, 413, 25]
Dataset initialized with pre-loaded data. Total samples: 226
Band indices for test dataloader: [367, 413, 25]
🔍 Starting evaluation of individual [367, 413, 25]
Epoch: 1 | train_loss: 1.3679 | train_acc: 0.3147 | test_loss: 1.4155 | test_acc: 0.2812 | 
Epoch: 2 | train_loss: 1.3080 | train_acc: 0.3879 | test_loss: 1.5268 | test_acc: 0.2695 | 
Epoch: 3 | train_loss: 1.2177 | train_acc: 0.4353 | test_loss: 1.7236 | test_acc: 0.2891 | 
Epoch: 4 | train_loss: 1.1479 | train_acc: 0.4881 | test_loss: 1.2465 | test_acc: 0.4727 | 
Epoch: 5 | train_loss: 1.0950 | train_acc: 0.5356 | test_loss: 1.2937 | test_acc: 0.4688 | 
Epoch: 6 | train_loss: 1.0478 | train_acc: 0.5506 | test_loss: 1.2634 | test_acc: 0.5234 | 
Epoch: 7 | train_loss: 0.9615 | train_acc: 0.5841 | test_loss: 1.1518 | test_acc: 0.4844 | 
Epoch: 8 | train_loss: 0.9349 | train_acc: 0.6153 | test_loss: 1.1704 | test_acc: 0.5703 | 
Epoch: 9 | train_loss: 0.8985 | train_acc: 0.6261 | test_loss: 1.3954 | test_acc: 0.4297 | 
Epoch: 10 | train_loss: 0.8690 | train_acc: 0.6498 | test_loss: 1.0723 | test_acc: 0.6055 | 
Epoch: 11 | train_loss: 0.7960 | train_acc: 0.6681 | test_loss: 1.2566 | test_acc: 0.5859 | 
Epoch: 12 | train_loss: 0.7739 | train_acc: 0.7209 | test_loss: 1.0969 | test_acc: 0.5117 | 
Epoch: 13 | train_loss: 0.7330 | train_acc: 0.6907 | test_loss: 0.9587 | test_acc: 0.6289 | 
Epoch: 14 | train_loss: 0.7423 | train_acc: 0.7047 | test_loss: 1.4244 | test_acc: 0.5117 | 
Epoch: 15 | train_loss: 0.6906 | train_acc: 0.7371 | test_loss: 1.0694 | test_acc: 0.6367 | 
Epoch: 16 | train_loss: 0.6328 | train_acc: 0.7414 | test_loss: 1.1469 | test_acc: 0.5312 | 
Epoch: 17 | train_loss: 0.6133 | train_acc: 0.7575 | test_loss: 1.0181 | test_acc: 0.6680 | 
Epoch: 18 | train_loss: 0.5717 | train_acc: 0.8060 | test_loss: 1.0675 | test_acc: 0.6328 | 
Epoch: 19 | train_loss: 0.5917 | train_acc: 0.7662 | test_loss: 1.1989 | test_acc: 0.5977 | 
Epoch: 20 | train_loss: 0.5721 | train_acc: 0.7716 | test_loss: 1.0555 | test_acc: 0.5664 | 
Epoch: 21 | train_loss: 0.5549 | train_acc: 0.7672 | test_loss: 1.0117 | test_acc: 0.6328 | 
Epoch: 22 | train_loss: 0.4994 | train_acc: 0.8028 | test_loss: 1.0301 | test_acc: 0.6406 | 
Epoch: 23 | train_loss: 0.5346 | train_acc: 0.7899 | test_loss: 1.0018 | test_acc: 0.6016 | 
Epoch: 24 | train_loss: 0.5180 | train_acc: 0.7845 | test_loss: 1.0051 | test_acc: 0.5977 | 
Epoch: 25 | train_loss: 0.4768 | train_acc: 0.8308 | test_loss: 1.1800 | test_acc: 0.6016 | 
Epoch: 26 | train_loss: 0.5618 | train_acc: 0.7899 | test_loss: 0.9905 | test_acc: 0.6328 | 
Epoch: 27 | train_loss: 0.4755 | train_acc: 0.8491 | test_loss: 1.1372 | test_acc: 0.5391 | 
Epoch: 28 | train_loss: 0.4768 | train_acc: 0.8265 | test_loss: 1.0439 | test_acc: 0.6445 | 
Epoch: 29 | train_loss: 0.4966 | train_acc: 0.8114 | test_loss: 1.0354 | test_acc: 0.6523 | 
Epoch: 30 | train_loss: 0.4341 | train_acc: 0.8394 | test_loss: 0.9173 | test_acc: 0.6758 | 
Epoch: 31 | train_loss: 0.3892 | train_acc: 0.8728 | test_loss: 0.8524 | test_acc: 0.7227 | 
Epoch: 32 | train_loss: 0.4703 | train_acc: 0.8200 | test_loss: 1.0401 | test_acc: 0.5977 | 
Epoch: 33 | train_loss: 0.4842 | train_acc: 0.8254 | test_loss: 1.0050 | test_acc: 0.6602 | 
Epoch: 34 | train_loss: 0.4166 | train_acc: 0.8265 | test_loss: 1.1034 | test_acc: 0.6094 | 
Epoch: 35 | train_loss: 0.4165 | train_acc: 0.8233 | test_loss: 1.0536 | test_acc: 0.6523 | 
Epoch: 36 | train_loss: 0.3341 | train_acc: 0.8912 | test_loss: 1.0821 | test_acc: 0.6406 | 
Epoch: 37 | train_loss: 0.3425 | train_acc: 0.8739 | test_loss: 1.0901 | test_acc: 0.6680 | 
Epoch: 38 | train_loss: 0.3744 | train_acc: 0.8556 | test_loss: 1.2102 | test_acc: 0.6289 | 
Epoch: 39 | train_loss: 0.3832 | train_acc: 0.8524 | test_loss: 0.9807 | test_acc: 0.6758 | 
Epoch: 40 | train_loss: 0.3808 | train_acc: 0.8642 | test_loss: 1.0532 | test_acc: 0.6758 | 
Epoch: 41 | train_loss: 0.3105 | train_acc: 0.9073 | test_loss: 0.9134 | test_acc: 0.6836 | 
Epoch: 42 | train_loss: 0.3352 | train_acc: 0.8696 | test_loss: 1.1338 | test_acc: 0.6641 | 
Epoch: 43 | train_loss: 0.3033 | train_acc: 0.8761 | test_loss: 1.0115 | test_acc: 0.6719 | 
Epoch: 44 | train_loss: 0.3673 | train_acc: 0.8491 | test_loss: 1.0479 | test_acc: 0.6758 | 
Epoch: 45 | train_loss: 0.3254 | train_acc: 0.8642 | test_loss: 1.0635 | test_acc: 0.6758 | 
Epoch: 46 | train_loss: 0.3656 | train_acc: 0.8739 | test_loss: 1.1209 | test_acc: 0.6992 | 
Epoch: 47 | train_loss: 0.2942 | train_acc: 0.9116 | test_loss: 1.1777 | test_acc: 0.6680 | 
Epoch: 48 | train_loss: 0.3014 | train_acc: 0.8664 | test_loss: 1.1319 | test_acc: 0.6641 | 
Epoch: 49 | train_loss: 0.3821 | train_acc: 0.8631 | test_loss: 1.1017 | test_acc: 0.6719 | 
Epoch: 50 | train_loss: 0.3046 | train_acc: 0.8772 | test_loss: 1.0860 | test_acc: 0.6445 | 
⏱️ Total training time: 116.395 seconds
📊 Bands [367, 413, 25] -> Fitness: 0.6445
Dataset initialized with pre-loaded data. Total samples: 897
Band indices for training dataloader: [324, 195, 359]
Dataset initialized with pre-loaded data. Total samples: 226
Band indices for test dataloader: [324, 195, 359]
🔍 Starting evaluation of individual [324, 195, 359]
Epoch: 1 | train_loss: 1.3955 | train_acc: 0.2726 | test_loss: 1.3019 | test_acc: 0.3438 | 
Epoch: 2 | train_loss: 1.3095 | train_acc: 0.3459 | test_loss: 1.2270 | test_acc: 0.4258 | 
Epoch: 3 | train_loss: 1.2655 | train_acc: 0.4224 | test_loss: 1.2690 | test_acc: 0.4297 | 
Epoch: 4 | train_loss: 1.1605 | train_acc: 0.4817 | test_loss: 1.3064 | test_acc: 0.4219 | 
Epoch: 5 | train_loss: 1.0958 | train_acc: 0.5366 | test_loss: 1.7133 | test_acc: 0.4375 | 
Epoch: 6 | train_loss: 1.0218 | train_acc: 0.5420 | test_loss: 1.1284 | test_acc: 0.5195 | 
Epoch: 7 | train_loss: 0.9542 | train_acc: 0.5981 | test_loss: 1.2586 | test_acc: 0.4766 | 
Epoch: 8 | train_loss: 0.9524 | train_acc: 0.5841 | test_loss: 1.2173 | test_acc: 0.4844 | 
Epoch: 9 | train_loss: 0.9002 | train_acc: 0.6325 | test_loss: 1.2068 | test_acc: 0.4648 | 
Epoch: 10 | train_loss: 0.8710 | train_acc: 0.6509 | test_loss: 1.1640 | test_acc: 0.5039 | 
Epoch: 11 | train_loss: 0.8435 | train_acc: 0.6455 | test_loss: 1.0793 | test_acc: 0.5781 | 
Epoch: 12 | train_loss: 0.8143 | train_acc: 0.6649 | test_loss: 1.0251 | test_acc: 0.5820 | 
Epoch: 13 | train_loss: 0.7544 | train_acc: 0.6961 | test_loss: 1.0825 | test_acc: 0.5508 | 
Epoch: 14 | train_loss: 0.7214 | train_acc: 0.7306 | test_loss: 1.0502 | test_acc: 0.5391 | 
Epoch: 15 | train_loss: 0.7098 | train_acc: 0.7425 | test_loss: 1.1886 | test_acc: 0.5234 | 
Epoch: 16 | train_loss: 0.6905 | train_acc: 0.7328 | test_loss: 0.9796 | test_acc: 0.6094 | 
Epoch: 17 | train_loss: 0.7247 | train_acc: 0.6918 | test_loss: 1.0114 | test_acc: 0.5469 | 
Epoch: 18 | train_loss: 0.6350 | train_acc: 0.7522 | test_loss: 0.9970 | test_acc: 0.5781 | 
Epoch: 19 | train_loss: 0.6803 | train_acc: 0.7220 | test_loss: 1.0412 | test_acc: 0.5312 | 
Epoch: 20 | train_loss: 0.6204 | train_acc: 0.7468 | test_loss: 0.8771 | test_acc: 0.6445 | 
Epoch: 21 | train_loss: 0.4895 | train_acc: 0.8071 | test_loss: 0.8775 | test_acc: 0.6445 | 
Epoch: 22 | train_loss: 0.5327 | train_acc: 0.7899 | test_loss: 0.9061 | test_acc: 0.6562 | 
Epoch: 23 | train_loss: 0.5564 | train_acc: 0.7748 | test_loss: 0.9779 | test_acc: 0.6719 | 
Epoch: 24 | train_loss: 0.5086 | train_acc: 0.8265 | test_loss: 0.8713 | test_acc: 0.6797 | 
Epoch: 25 | train_loss: 0.4974 | train_acc: 0.7920 | test_loss: 1.0720 | test_acc: 0.5469 | 
Epoch: 26 | train_loss: 0.4520 | train_acc: 0.8362 | test_loss: 0.9949 | test_acc: 0.6836 | 
Epoch: 27 | train_loss: 0.4990 | train_acc: 0.8028 | test_loss: 0.8735 | test_acc: 0.7031 | 
Epoch: 28 | train_loss: 0.4273 | train_acc: 0.8438 | test_loss: 0.8991 | test_acc: 0.6250 | 
Epoch: 29 | train_loss: 0.4739 | train_acc: 0.8276 | test_loss: 0.7855 | test_acc: 0.7148 | 
Epoch: 30 | train_loss: 0.4952 | train_acc: 0.8006 | test_loss: 0.9081 | test_acc: 0.6914 | 
Epoch: 31 | train_loss: 0.4321 | train_acc: 0.8373 | test_loss: 0.8559 | test_acc: 0.7070 | 
Epoch: 32 | train_loss: 0.5018 | train_acc: 0.7953 | test_loss: 0.8294 | test_acc: 0.6758 | 
Epoch: 33 | train_loss: 0.4311 | train_acc: 0.8556 | test_loss: 0.8791 | test_acc: 0.6875 | 
Epoch: 34 | train_loss: 0.4057 | train_acc: 0.8190 | test_loss: 0.8035 | test_acc: 0.6484 | 
Epoch: 35 | train_loss: 0.3479 | train_acc: 0.8481 | test_loss: 0.8437 | test_acc: 0.7031 | 
Epoch: 36 | train_loss: 0.4023 | train_acc: 0.8427 | test_loss: 0.8373 | test_acc: 0.7344 | 
Epoch: 37 | train_loss: 0.4053 | train_acc: 0.8675 | test_loss: 0.8311 | test_acc: 0.6367 | 
Epoch: 38 | train_loss: 0.3721 | train_acc: 0.8675 | test_loss: 0.8467 | test_acc: 0.7148 | 
Epoch: 39 | train_loss: 0.4351 | train_acc: 0.8394 | test_loss: 0.8298 | test_acc: 0.6523 | 
Epoch: 40 | train_loss: 0.3830 | train_acc: 0.8416 | test_loss: 0.9035 | test_acc: 0.6914 | 
Epoch: 41 | train_loss: 0.3540 | train_acc: 0.8610 | test_loss: 0.8490 | test_acc: 0.6914 | 
Epoch: 42 | train_loss: 0.4111 | train_acc: 0.8664 | test_loss: 0.8233 | test_acc: 0.7266 | 
Epoch: 43 | train_loss: 0.4015 | train_acc: 0.8502 | test_loss: 0.9192 | test_acc: 0.6406 | 
Epoch: 44 | train_loss: 0.3502 | train_acc: 0.8750 | test_loss: 0.8544 | test_acc: 0.7109 | 
Epoch: 45 | train_loss: 0.3418 | train_acc: 0.8599 | test_loss: 0.9343 | test_acc: 0.7109 | 
Epoch: 46 | train_loss: 0.2997 | train_acc: 0.9019 | test_loss: 1.0049 | test_acc: 0.6914 | 
Epoch: 47 | train_loss: 0.2673 | train_acc: 0.9106 | test_loss: 1.2210 | test_acc: 0.6016 | 
Epoch: 48 | train_loss: 0.2439 | train_acc: 0.9116 | test_loss: 0.9728 | test_acc: 0.7188 | 
Epoch: 49 | train_loss: 0.4709 | train_acc: 0.8772 | test_loss: 0.9493 | test_acc: 0.7461 | 
Epoch: 50 | train_loss: 0.3757 | train_acc: 0.8491 | test_loss: 0.9195 | test_acc: 0.7188 | 
⏱️ Total training time: 112.487 seconds
📊 Bands [324, 195, 359] -> Fitness: 0.7188
Dataset initialized with pre-loaded data. Total samples: 897
Band indices for training dataloader: [86, 280, 87]
Dataset initialized with pre-loaded data. Total samples: 226
Band indices for test dataloader: [86, 280, 87]
🔍 Starting evaluation of individual [86, 280, 87]
Epoch: 1 | train_loss: 1.3839 | train_acc: 0.3060 | test_loss: 1.3455 | test_acc: 0.3359 | 
Epoch: 2 | train_loss: 1.3225 | train_acc: 0.3621 | test_loss: 1.2486 | test_acc: 0.5039 | 
Epoch: 3 | train_loss: 1.2041 | train_acc: 0.4310 | test_loss: 1.1863 | test_acc: 0.5664 | 
Epoch: 4 | train_loss: 1.1379 | train_acc: 0.5194 | test_loss: 1.1732 | test_acc: 0.5234 | 
Epoch: 5 | train_loss: 1.0535 | train_acc: 0.5312 | test_loss: 1.3973 | test_acc: 0.5508 | 
Epoch: 6 | train_loss: 0.9755 | train_acc: 0.6099 | test_loss: 1.1642 | test_acc: 0.5859 | 
Epoch: 7 | train_loss: 0.9162 | train_acc: 0.6433 | test_loss: 1.2878 | test_acc: 0.5039 | 
Epoch: 8 | train_loss: 0.9077 | train_acc: 0.6142 | test_loss: 1.0856 | test_acc: 0.5586 | 
Epoch: 9 | train_loss: 0.8322 | train_acc: 0.6670 | test_loss: 1.0635 | test_acc: 0.5859 | 
Epoch: 10 | train_loss: 0.8873 | train_acc: 0.6390 | test_loss: 1.0053 | test_acc: 0.5938 | 
Epoch: 11 | train_loss: 0.7799 | train_acc: 0.6713 | test_loss: 1.0745 | test_acc: 0.5977 | 
Epoch: 12 | train_loss: 0.7187 | train_acc: 0.7101 | test_loss: 1.1119 | test_acc: 0.5430 | 
Epoch: 13 | train_loss: 0.6623 | train_acc: 0.7123 | test_loss: 1.0369 | test_acc: 0.6289 | 
Epoch: 14 | train_loss: 0.6899 | train_acc: 0.7522 | test_loss: 1.1806 | test_acc: 0.5195 | 
Epoch: 15 | train_loss: 0.6955 | train_acc: 0.7123 | test_loss: 0.9769 | test_acc: 0.6211 | 
Epoch: 16 | train_loss: 0.6590 | train_acc: 0.7414 | test_loss: 0.9908 | test_acc: 0.6445 | 
Epoch: 17 | train_loss: 0.6647 | train_acc: 0.7241 | test_loss: 1.0497 | test_acc: 0.6211 | 
Epoch: 18 | train_loss: 0.5605 | train_acc: 0.7909 | test_loss: 0.9435 | test_acc: 0.6602 | 
Epoch: 19 | train_loss: 0.5164 | train_acc: 0.8114 | test_loss: 0.9940 | test_acc: 0.5977 | 
Epoch: 20 | train_loss: 0.5825 | train_acc: 0.7866 | test_loss: 0.9342 | test_acc: 0.6719 | 
Epoch: 21 | train_loss: 0.4908 | train_acc: 0.8211 | test_loss: 0.9365 | test_acc: 0.6836 | 
Epoch: 22 | train_loss: 0.4707 | train_acc: 0.8330 | test_loss: 0.9296 | test_acc: 0.6602 | 
Epoch: 23 | train_loss: 0.5149 | train_acc: 0.8179 | test_loss: 1.1087 | test_acc: 0.6367 | 
Epoch: 24 | train_loss: 0.4676 | train_acc: 0.8103 | test_loss: 1.0872 | test_acc: 0.6602 | 
Epoch: 25 | train_loss: 0.4253 | train_acc: 0.8459 | test_loss: 0.9580 | test_acc: 0.6992 | 
Epoch: 26 | train_loss: 0.4653 | train_acc: 0.8287 | test_loss: 1.0452 | test_acc: 0.6836 | 
Epoch: 27 | train_loss: 0.5245 | train_acc: 0.7942 | test_loss: 1.0595 | test_acc: 0.6953 | 
Epoch: 28 | train_loss: 0.4288 | train_acc: 0.8653 | test_loss: 1.0193 | test_acc: 0.6875 | 
Epoch: 29 | train_loss: 0.4945 | train_acc: 0.8233 | test_loss: 1.0793 | test_acc: 0.6602 | 
Epoch: 30 | train_loss: 0.4285 | train_acc: 0.8287 | test_loss: 1.0028 | test_acc: 0.6914 | 
Epoch: 31 | train_loss: 0.3981 | train_acc: 0.8481 | test_loss: 1.0871 | test_acc: 0.6211 | 
Epoch: 32 | train_loss: 0.3817 | train_acc: 0.8416 | test_loss: 1.0373 | test_acc: 0.5938 | 
Epoch: 33 | train_loss: 0.3683 | train_acc: 0.8502 | test_loss: 1.0595 | test_acc: 0.6914 | 
Epoch: 34 | train_loss: 0.3938 | train_acc: 0.8502 | test_loss: 1.0500 | test_acc: 0.6406 | 
Epoch: 35 | train_loss: 0.3813 | train_acc: 0.8427 | test_loss: 1.1123 | test_acc: 0.6172 | 
Epoch: 36 | train_loss: 0.4480 | train_acc: 0.8405 | test_loss: 1.1466 | test_acc: 0.6641 | 
Epoch: 37 | train_loss: 0.3970 | train_acc: 0.8416 | test_loss: 1.0516 | test_acc: 0.6836 | 
Epoch: 38 | train_loss: 0.3628 | train_acc: 0.8869 | test_loss: 0.9229 | test_acc: 0.6953 | 
Epoch: 39 | train_loss: 0.3784 | train_acc: 0.8675 | test_loss: 1.0443 | test_acc: 0.7031 | 
Epoch: 40 | train_loss: 0.3431 | train_acc: 0.8610 | test_loss: 0.9752 | test_acc: 0.7109 | 
Epoch: 41 | train_loss: 0.2732 | train_acc: 0.8998 | test_loss: 1.0256 | test_acc: 0.6953 | 
Epoch: 42 | train_loss: 0.2598 | train_acc: 0.9084 | test_loss: 1.0096 | test_acc: 0.6562 | 
Epoch: 43 | train_loss: 0.3237 | train_acc: 0.8664 | test_loss: 0.9306 | test_acc: 0.7148 | 
Epoch: 44 | train_loss: 0.2380 | train_acc: 0.9213 | test_loss: 0.9069 | test_acc: 0.6953 | 
Epoch: 45 | train_loss: 0.2377 | train_acc: 0.8998 | test_loss: 1.0275 | test_acc: 0.6875 | 
Epoch: 46 | train_loss: 0.3344 | train_acc: 0.8739 | test_loss: 0.9698 | test_acc: 0.7109 | 
Epoch: 47 | train_loss: 0.3316 | train_acc: 0.8718 | test_loss: 0.9924 | test_acc: 0.7109 | 
Epoch: 48 | train_loss: 0.3004 | train_acc: 0.8782 | test_loss: 1.1934 | test_acc: 0.6797 | 
Epoch: 49 | train_loss: 0.3373 | train_acc: 0.8685 | test_loss: 0.9750 | test_acc: 0.7227 | 
Epoch: 50 | train_loss: 0.2803 | train_acc: 0.8696 | test_loss: 0.9390 | test_acc: 0.7227 | 
⏱️ Total training time: 113.854 seconds
📊 Bands [86, 280, 87] -> Fitness: 0.7227
Dataset initialized with pre-loaded data. Total samples: 897
Band indices for training dataloader: [275, 241, 308]
Dataset initialized with pre-loaded data. Total samples: 226
Band indices for test dataloader: [275, 241, 308]
🔍 Starting evaluation of individual [275, 241, 308]
Epoch: 1 | train_loss: 1.3713 | train_acc: 0.3136 | test_loss: 1.4505 | test_acc: 0.3164 | 
Epoch: 2 | train_loss: 1.2454 | train_acc: 0.4267 | test_loss: 1.3566 | test_acc: 0.5000 | 
Epoch: 3 | train_loss: 1.1772 | train_acc: 0.4860 | test_loss: 1.3541 | test_acc: 0.4453 | 
Epoch: 4 | train_loss: 1.0737 | train_acc: 0.5431 | test_loss: 1.1204 | test_acc: 0.5352 | 
Epoch: 5 | train_loss: 0.9563 | train_acc: 0.6013 | test_loss: 1.1895 | test_acc: 0.5547 | 
Epoch: 6 | train_loss: 0.9462 | train_acc: 0.5905 | test_loss: 1.0859 | test_acc: 0.6133 | 
Epoch: 7 | train_loss: 0.8208 | train_acc: 0.6681 | test_loss: 1.0733 | test_acc: 0.5859 | 
Epoch: 8 | train_loss: 0.8352 | train_acc: 0.6692 | test_loss: 0.9190 | test_acc: 0.6836 | 
Epoch: 9 | train_loss: 0.7241 | train_acc: 0.7252 | test_loss: 0.8662 | test_acc: 0.6523 | 
Epoch: 10 | train_loss: 0.6401 | train_acc: 0.7640 | test_loss: 1.0369 | test_acc: 0.5312 | 
Epoch: 11 | train_loss: 0.6874 | train_acc: 0.7144 | test_loss: 0.9575 | test_acc: 0.6641 | 
Epoch: 12 | train_loss: 0.6611 | train_acc: 0.7435 | test_loss: 0.8824 | test_acc: 0.6953 | 
Epoch: 13 | train_loss: 0.5704 | train_acc: 0.7996 | test_loss: 1.2151 | test_acc: 0.5586 | 
Epoch: 14 | train_loss: 0.5358 | train_acc: 0.7899 | test_loss: 0.8953 | test_acc: 0.7109 | 
Epoch: 15 | train_loss: 0.5564 | train_acc: 0.7769 | test_loss: 0.8604 | test_acc: 0.7031 | 
Epoch: 16 | train_loss: 0.4915 | train_acc: 0.8254 | test_loss: 0.8712 | test_acc: 0.7305 | 
Epoch: 17 | train_loss: 0.4985 | train_acc: 0.8125 | test_loss: 1.0188 | test_acc: 0.6914 | 
Epoch: 18 | train_loss: 0.4761 | train_acc: 0.8265 | test_loss: 0.9124 | test_acc: 0.6875 | 
Epoch: 19 | train_loss: 0.5315 | train_acc: 0.8060 | test_loss: 0.9941 | test_acc: 0.6914 | 
Epoch: 20 | train_loss: 0.4913 | train_acc: 0.8211 | test_loss: 0.8861 | test_acc: 0.7031 | 
Epoch: 21 | train_loss: 0.4091 | train_acc: 0.8545 | test_loss: 1.0700 | test_acc: 0.6250 | 
Epoch: 22 | train_loss: 0.4159 | train_acc: 0.8319 | test_loss: 0.9022 | test_acc: 0.7070 | 
Epoch: 23 | train_loss: 0.3822 | train_acc: 0.8642 | test_loss: 0.9121 | test_acc: 0.7266 | 
Epoch: 24 | train_loss: 0.3529 | train_acc: 0.8804 | test_loss: 0.8417 | test_acc: 0.7422 | 
Epoch: 25 | train_loss: 0.4384 | train_acc: 0.8416 | test_loss: 0.7514 | test_acc: 0.7461 | 
Epoch: 26 | train_loss: 0.4912 | train_acc: 0.8114 | test_loss: 0.7389 | test_acc: 0.7305 | 
Epoch: 27 | train_loss: 0.3664 | train_acc: 0.8599 | test_loss: 0.9048 | test_acc: 0.7188 | 
Epoch: 28 | train_loss: 0.4329 | train_acc: 0.8308 | test_loss: 0.9275 | test_acc: 0.7148 | 
Epoch: 29 | train_loss: 0.3944 | train_acc: 0.8394 | test_loss: 1.0049 | test_acc: 0.6953 | 
Epoch: 30 | train_loss: 0.3325 | train_acc: 0.8869 | test_loss: 0.8253 | test_acc: 0.7188 | 
Epoch: 31 | train_loss: 0.3181 | train_acc: 0.8685 | test_loss: 0.7816 | test_acc: 0.7656 | 
Epoch: 32 | train_loss: 0.3977 | train_acc: 0.8524 | test_loss: 0.8283 | test_acc: 0.7578 | 
Epoch: 33 | train_loss: 0.3284 | train_acc: 0.8869 | test_loss: 0.7953 | test_acc: 0.7734 | 
Epoch: 34 | train_loss: 0.2787 | train_acc: 0.9084 | test_loss: 0.8622 | test_acc: 0.7539 | 
Epoch: 35 | train_loss: 0.3423 | train_acc: 0.8599 | test_loss: 0.8709 | test_acc: 0.7734 | 
Epoch: 36 | train_loss: 0.2710 | train_acc: 0.9159 | test_loss: 0.9715 | test_acc: 0.7305 | 
Epoch: 37 | train_loss: 0.3319 | train_acc: 0.8696 | test_loss: 0.8418 | test_acc: 0.7578 | 
Epoch: 38 | train_loss: 0.3272 | train_acc: 0.8621 | test_loss: 0.7502 | test_acc: 0.7656 | 
Epoch: 39 | train_loss: 0.3219 | train_acc: 0.8782 | test_loss: 0.8783 | test_acc: 0.7500 | 
Epoch: 40 | train_loss: 0.3079 | train_acc: 0.8836 | test_loss: 0.7575 | test_acc: 0.7461 | 
Epoch: 41 | train_loss: 0.2201 | train_acc: 0.9235 | test_loss: 0.7653 | test_acc: 0.7656 | 
Epoch: 42 | train_loss: 0.2576 | train_acc: 0.9019 | test_loss: 0.7804 | test_acc: 0.7852 | 
Epoch: 43 | train_loss: 0.3314 | train_acc: 0.8825 | test_loss: 0.8837 | test_acc: 0.7344 | 
Epoch: 44 | train_loss: 0.3382 | train_acc: 0.8761 | test_loss: 0.7998 | test_acc: 0.7617 | 
Epoch: 45 | train_loss: 0.2649 | train_acc: 0.8815 | test_loss: 0.7614 | test_acc: 0.7773 | 
Epoch: 46 | train_loss: 0.3608 | train_acc: 0.8966 | test_loss: 0.7934 | test_acc: 0.7617 | 
Epoch: 47 | train_loss: 0.2406 | train_acc: 0.9289 | test_loss: 0.8677 | test_acc: 0.7617 | 
Epoch: 48 | train_loss: 0.2910 | train_acc: 0.8955 | test_loss: 0.8393 | test_acc: 0.7969 | 
Epoch: 49 | train_loss: 0.2858 | train_acc: 0.9019 | test_loss: 0.9875 | test_acc: 0.7305 | 
Epoch: 50 | train_loss: 0.2285 | train_acc: 0.8976 | test_loss: 0.8793 | test_acc: 0.7656 | 
⏱️ Total training time: 100.478 seconds
📊 Bands [275, 241, 308] -> Fitness: 0.7656
Dataset initialized with pre-loaded data. Total samples: 897
Band indices for training dataloader: [441, 406, 125]
Dataset initialized with pre-loaded data. Total samples: 226
Band indices for test dataloader: [441, 406, 125]
🔍 Starting evaluation of individual [441, 406, 125]
Epoch: 1 | train_loss: 1.3686 | train_acc: 0.2953 | test_loss: 1.2933 | test_acc: 0.4336 | 
Epoch: 2 | train_loss: 1.2545 | train_acc: 0.4547 | test_loss: 1.2296 | test_acc: 0.4414 | 
Epoch: 3 | train_loss: 1.1885 | train_acc: 0.4838 | test_loss: 1.2343 | test_acc: 0.5078 | 
Epoch: 4 | train_loss: 1.0781 | train_acc: 0.5420 | test_loss: 1.1438 | test_acc: 0.5078 | 
Epoch: 5 | train_loss: 1.0193 | train_acc: 0.5517 | test_loss: 1.1924 | test_acc: 0.5234 | 
Epoch: 6 | train_loss: 0.9276 | train_acc: 0.6218 | test_loss: 1.1734 | test_acc: 0.5352 | 
Epoch: 7 | train_loss: 0.8960 | train_acc: 0.6099 | test_loss: 1.1305 | test_acc: 0.5859 | 
Epoch: 8 | train_loss: 0.7863 | train_acc: 0.7037 | test_loss: 1.1107 | test_acc: 0.5742 | 
Epoch: 9 | train_loss: 0.8519 | train_acc: 0.6552 | test_loss: 1.0377 | test_acc: 0.5859 | 
Epoch: 10 | train_loss: 0.7437 | train_acc: 0.7134 | test_loss: 1.0385 | test_acc: 0.6719 | 
Epoch: 11 | train_loss: 0.7251 | train_acc: 0.6875 | test_loss: 1.1581 | test_acc: 0.6367 | 
Epoch: 12 | train_loss: 0.7160 | train_acc: 0.7403 | test_loss: 0.9829 | test_acc: 0.6797 | 
Epoch: 13 | train_loss: 0.6180 | train_acc: 0.7435 | test_loss: 1.0794 | test_acc: 0.6758 | 
Epoch: 14 | train_loss: 0.5898 | train_acc: 0.7489 | test_loss: 0.9731 | test_acc: 0.6602 | 
Epoch: 15 | train_loss: 0.5796 | train_acc: 0.7640 | test_loss: 1.0102 | test_acc: 0.6289 | 
Epoch: 16 | train_loss: 0.5692 | train_acc: 0.7705 | test_loss: 1.0029 | test_acc: 0.6758 | 
Epoch: 17 | train_loss: 0.5275 | train_acc: 0.8017 | test_loss: 1.2482 | test_acc: 0.6602 | 
Epoch: 18 | train_loss: 0.5544 | train_acc: 0.7899 | test_loss: 0.9784 | test_acc: 0.6680 | 
Epoch: 19 | train_loss: 0.4694 | train_acc: 0.8200 | test_loss: 0.9820 | test_acc: 0.6836 | 
Epoch: 20 | train_loss: 0.4747 | train_acc: 0.8103 | test_loss: 1.0098 | test_acc: 0.6406 | 
Epoch: 21 | train_loss: 0.5325 | train_acc: 0.8082 | test_loss: 1.1301 | test_acc: 0.6016 | 
Epoch: 22 | train_loss: 0.4747 | train_acc: 0.8200 | test_loss: 1.0241 | test_acc: 0.6680 | 
Epoch: 23 | train_loss: 0.4783 | train_acc: 0.8071 | test_loss: 0.9977 | test_acc: 0.6797 | 
Epoch: 24 | train_loss: 0.4290 | train_acc: 0.8254 | test_loss: 0.9492 | test_acc: 0.6875 | 
Epoch: 25 | train_loss: 0.3956 | train_acc: 0.8567 | test_loss: 0.9496 | test_acc: 0.6992 | 
Epoch: 26 | train_loss: 0.4046 | train_acc: 0.8373 | test_loss: 1.0836 | test_acc: 0.6172 | 
Epoch: 27 | train_loss: 0.5477 | train_acc: 0.8297 | test_loss: 1.1076 | test_acc: 0.6680 | 
Epoch: 28 | train_loss: 0.3746 | train_acc: 0.8556 | test_loss: 1.0821 | test_acc: 0.7070 | 
Epoch: 29 | train_loss: 0.3442 | train_acc: 0.8556 | test_loss: 1.0057 | test_acc: 0.6914 | 
Epoch: 30 | train_loss: 0.3639 | train_acc: 0.8556 | test_loss: 1.0774 | test_acc: 0.6992 | 
Epoch: 31 | train_loss: 0.3529 | train_acc: 0.8825 | test_loss: 1.0358 | test_acc: 0.6719 | 
Epoch: 32 | train_loss: 0.3478 | train_acc: 0.8912 | test_loss: 1.0065 | test_acc: 0.7188 | 
Epoch: 33 | train_loss: 0.3868 | train_acc: 0.8728 | test_loss: 1.1483 | test_acc: 0.6641 | 
Epoch: 34 | train_loss: 0.3282 | train_acc: 0.8642 | test_loss: 1.0194 | test_acc: 0.6602 | 
Epoch: 35 | train_loss: 0.3655 | train_acc: 0.8631 | test_loss: 1.1993 | test_acc: 0.6914 | 
Epoch: 36 | train_loss: 0.2743 | train_acc: 0.8933 | test_loss: 1.1188 | test_acc: 0.6719 | 
Epoch: 37 | train_loss: 0.2814 | train_acc: 0.9138 | test_loss: 1.0468 | test_acc: 0.7070 | 
Epoch: 38 | train_loss: 0.2894 | train_acc: 0.8912 | test_loss: 1.0508 | test_acc: 0.7070 | 
Epoch: 39 | train_loss: 0.2936 | train_acc: 0.8664 | test_loss: 1.1613 | test_acc: 0.6836 | 
Epoch: 40 | train_loss: 0.3275 | train_acc: 0.8567 | test_loss: 1.3016 | test_acc: 0.6211 | 
Epoch: 41 | train_loss: 0.2674 | train_acc: 0.9170 | test_loss: 1.1938 | test_acc: 0.6758 | 
Epoch: 42 | train_loss: 0.2513 | train_acc: 0.9246 | test_loss: 1.0188 | test_acc: 0.6992 | 
Epoch: 43 | train_loss: 0.2282 | train_acc: 0.9181 | test_loss: 1.0703 | test_acc: 0.7188 | 
Epoch: 44 | train_loss: 0.3177 | train_acc: 0.8922 | test_loss: 1.0434 | test_acc: 0.7383 | 
Epoch: 45 | train_loss: 0.3168 | train_acc: 0.8793 | test_loss: 1.1317 | test_acc: 0.6836 | 
Epoch: 46 | train_loss: 0.2446 | train_acc: 0.9289 | test_loss: 1.1634 | test_acc: 0.7031 | 
Epoch: 47 | train_loss: 0.2072 | train_acc: 0.9364 | test_loss: 1.0868 | test_acc: 0.6953 | 
Epoch: 48 | train_loss: 0.3263 | train_acc: 0.8976 | test_loss: 1.0877 | test_acc: 0.6992 | 
Epoch: 49 | train_loss: 0.2083 | train_acc: 0.9397 | test_loss: 1.0575 | test_acc: 0.7148 | 
Epoch: 50 | train_loss: 0.2129 | train_acc: 0.9343 | test_loss: 1.1819 | test_acc: 0.7070 | 
⏱️ Total training time: 101.998 seconds
📊 Bands [441, 406, 125] -> Fitness: 0.7070
Dataset initialized with pre-loaded data. Total samples: 897
Band indices for training dataloader: [59, 283, 445]
Dataset initialized with pre-loaded data. Total samples: 226
Band indices for test dataloader: [59, 283, 445]
🔍 Starting evaluation of individual [59, 283, 445]
Epoch: 1 | train_loss: 1.3749 | train_acc: 0.2812 | test_loss: 1.3654 | test_acc: 0.3867 | 
Epoch: 2 | train_loss: 1.3131 | train_acc: 0.3750 | test_loss: 1.2468 | test_acc: 0.4102 | 
Epoch: 3 | train_loss: 1.2182 | train_acc: 0.4440 | test_loss: 1.1586 | test_acc: 0.5156 | 
Epoch: 4 | train_loss: 1.1309 | train_acc: 0.5086 | test_loss: 1.2386 | test_acc: 0.4492 | 
Epoch: 5 | train_loss: 1.0968 | train_acc: 0.5129 | test_loss: 1.2347 | test_acc: 0.4688 | 
Epoch: 6 | train_loss: 1.0689 | train_acc: 0.5442 | test_loss: 1.1180 | test_acc: 0.5195 | 
Epoch: 7 | train_loss: 1.0330 | train_acc: 0.5302 | test_loss: 1.1320 | test_acc: 0.5273 | 
Epoch: 8 | train_loss: 0.9692 | train_acc: 0.5733 | test_loss: 1.1336 | test_acc: 0.6055 | 
Epoch: 9 | train_loss: 0.8869 | train_acc: 0.6121 | test_loss: 1.2275 | test_acc: 0.5312 | 
Epoch: 10 | train_loss: 0.9249 | train_acc: 0.6228 | test_loss: 1.2009 | test_acc: 0.5352 | 
Epoch: 11 | train_loss: 0.8380 | train_acc: 0.6843 | test_loss: 1.0328 | test_acc: 0.5703 | 
Epoch: 12 | train_loss: 0.7680 | train_acc: 0.6853 | test_loss: 1.0528 | test_acc: 0.5781 | 
Epoch: 13 | train_loss: 0.7511 | train_acc: 0.6918 | test_loss: 1.1288 | test_acc: 0.5273 | 
Epoch: 14 | train_loss: 0.7027 | train_acc: 0.7478 | test_loss: 1.0321 | test_acc: 0.6016 | 
Epoch: 15 | train_loss: 0.6403 | train_acc: 0.7403 | test_loss: 1.0129 | test_acc: 0.5742 | 
Epoch: 16 | train_loss: 0.6378 | train_acc: 0.7371 | test_loss: 1.0188 | test_acc: 0.6289 | 
Epoch: 17 | train_loss: 0.5886 | train_acc: 0.7716 | test_loss: 0.9427 | test_acc: 0.6328 | 
Epoch: 18 | train_loss: 0.5737 | train_acc: 0.7802 | test_loss: 0.9252 | test_acc: 0.6836 | 
Epoch: 19 | train_loss: 0.8187 | train_acc: 0.7586 | test_loss: 0.9291 | test_acc: 0.6758 | 
Epoch: 20 | train_loss: 0.6066 | train_acc: 0.7532 | test_loss: 0.9328 | test_acc: 0.6836 | 
Epoch: 21 | train_loss: 0.5284 | train_acc: 0.8006 | test_loss: 1.0235 | test_acc: 0.6406 | 
Epoch: 22 | train_loss: 0.6084 | train_acc: 0.7672 | test_loss: 0.9069 | test_acc: 0.6680 | 
Epoch: 23 | train_loss: 0.5386 | train_acc: 0.7996 | test_loss: 0.9121 | test_acc: 0.6992 | 
Epoch: 24 | train_loss: 0.4735 | train_acc: 0.8265 | test_loss: 0.8679 | test_acc: 0.6992 | 
Epoch: 25 | train_loss: 0.4518 | train_acc: 0.8427 | test_loss: 0.9400 | test_acc: 0.7070 | 
Epoch: 26 | train_loss: 0.4478 | train_acc: 0.8233 | test_loss: 0.9352 | test_acc: 0.7070 | 
Epoch: 27 | train_loss: 0.5100 | train_acc: 0.8319 | test_loss: 0.9215 | test_acc: 0.6953 | 
Epoch: 28 | train_loss: 0.5041 | train_acc: 0.7974 | test_loss: 0.8905 | test_acc: 0.6953 | 
Epoch: 29 | train_loss: 0.5100 | train_acc: 0.7953 | test_loss: 1.0402 | test_acc: 0.6836 | 
Epoch: 30 | train_loss: 0.4534 | train_acc: 0.8405 | test_loss: 0.9168 | test_acc: 0.7266 | 
Epoch: 31 | train_loss: 0.5127 | train_acc: 0.8028 | test_loss: 1.0433 | test_acc: 0.6367 | 
Epoch: 32 | train_loss: 0.4160 | train_acc: 0.8621 | test_loss: 0.9434 | test_acc: 0.6992 | 
Epoch: 33 | train_loss: 0.3740 | train_acc: 0.8578 | test_loss: 0.9122 | test_acc: 0.6875 | 
Epoch: 34 | train_loss: 0.4148 | train_acc: 0.8373 | test_loss: 0.8714 | test_acc: 0.7266 | 
Epoch: 35 | train_loss: 0.3567 | train_acc: 0.8761 | test_loss: 1.0251 | test_acc: 0.6484 | 
Epoch: 36 | train_loss: 0.3445 | train_acc: 0.8793 | test_loss: 0.9796 | test_acc: 0.6328 | 
Epoch: 37 | train_loss: 0.4651 | train_acc: 0.8394 | test_loss: 1.1231 | test_acc: 0.6719 | 
Epoch: 38 | train_loss: 0.4988 | train_acc: 0.8448 | test_loss: 0.8416 | test_acc: 0.6953 | 
Epoch: 39 | train_loss: 0.4308 | train_acc: 0.8222 | test_loss: 0.9745 | test_acc: 0.6992 | 
Epoch: 40 | train_loss: 0.3879 | train_acc: 0.8599 | test_loss: 0.7931 | test_acc: 0.7383 | 
Epoch: 41 | train_loss: 0.4137 | train_acc: 0.8427 | test_loss: 0.9517 | test_acc: 0.6953 | 
Epoch: 42 | train_loss: 0.3661 | train_acc: 0.8502 | test_loss: 0.8930 | test_acc: 0.7070 | 
Epoch: 43 | train_loss: 0.3159 | train_acc: 0.8966 | test_loss: 0.9777 | test_acc: 0.7227 | 
Epoch: 44 | train_loss: 0.2873 | train_acc: 0.9030 | test_loss: 0.8975 | test_acc: 0.7344 | 
Epoch: 45 | train_loss: 0.2660 | train_acc: 0.9052 | test_loss: 1.0434 | test_acc: 0.6875 | 
Epoch: 46 | train_loss: 0.3586 | train_acc: 0.8685 | test_loss: 1.0439 | test_acc: 0.7070 | 
Epoch: 47 | train_loss: 0.3142 | train_acc: 0.8685 | test_loss: 0.9347 | test_acc: 0.7383 | 
Epoch: 48 | train_loss: 0.3196 | train_acc: 0.8718 | test_loss: 0.8596 | test_acc: 0.7148 | 
Epoch: 49 | train_loss: 0.2994 | train_acc: 0.8966 | test_loss: 0.9975 | test_acc: 0.7031 | 
Epoch: 50 | train_loss: 0.3262 | train_acc: 0.8750 | test_loss: 0.9404 | test_acc: 0.7305 | 
⏱️ Total training time: 112.775 seconds
📊 Bands [59, 283, 445] -> Fitness: 0.7305
Dataset initialized with pre-loaded data. Total samples: 897
Band indices for training dataloader: [220, 314, 178]
Dataset initialized with pre-loaded data. Total samples: 226
Band indices for test dataloader: [220, 314, 178]
🔍 Starting evaluation of individual [220, 314, 178]
Epoch: 1 | train_loss: 1.3822 | train_acc: 0.2834 | test_loss: 1.2919 | test_acc: 0.3438 | 
Epoch: 2 | train_loss: 1.3043 | train_acc: 0.3869 | test_loss: 1.3026 | test_acc: 0.3555 | 
Epoch: 3 | train_loss: 1.2337 | train_acc: 0.4494 | test_loss: 1.2079 | test_acc: 0.4375 | 
Epoch: 4 | train_loss: 1.1287 | train_acc: 0.5032 | test_loss: 1.2882 | test_acc: 0.3867 | 
Epoch: 5 | train_loss: 1.0504 | train_acc: 0.5323 | test_loss: 1.2625 | test_acc: 0.5273 | 
Epoch: 6 | train_loss: 1.0548 | train_acc: 0.5593 | test_loss: 1.1607 | test_acc: 0.5195 | 
Epoch: 7 | train_loss: 0.9253 | train_acc: 0.6207 | test_loss: 1.3684 | test_acc: 0.4883 | 
Epoch: 8 | train_loss: 0.9032 | train_acc: 0.6207 | test_loss: 1.1018 | test_acc: 0.5469 | 
Epoch: 9 | train_loss: 0.8217 | train_acc: 0.7026 | test_loss: 1.1072 | test_acc: 0.5547 | 
Epoch: 10 | train_loss: 0.8542 | train_acc: 0.6703 | test_loss: 0.9644 | test_acc: 0.6523 | 
Epoch: 11 | train_loss: 0.7355 | train_acc: 0.7004 | test_loss: 1.0396 | test_acc: 0.6172 | 
Epoch: 12 | train_loss: 0.7299 | train_acc: 0.6950 | test_loss: 1.0554 | test_acc: 0.6250 | 
Epoch: 13 | train_loss: 0.6537 | train_acc: 0.7457 | test_loss: 1.1026 | test_acc: 0.5781 | 
Epoch: 14 | train_loss: 0.5959 | train_acc: 0.7683 | test_loss: 0.9859 | test_acc: 0.6875 | 
Epoch: 15 | train_loss: 0.5209 | train_acc: 0.8039 | test_loss: 1.1063 | test_acc: 0.6875 | 
Epoch: 16 | train_loss: 0.6768 | train_acc: 0.7640 | test_loss: 0.9505 | test_acc: 0.7109 | 
Epoch: 17 | train_loss: 0.5990 | train_acc: 0.7791 | test_loss: 0.9080 | test_acc: 0.6992 | 
Epoch: 18 | train_loss: 0.5627 | train_acc: 0.7683 | test_loss: 0.9700 | test_acc: 0.6914 | 
Epoch: 19 | train_loss: 0.5649 | train_acc: 0.7823 | test_loss: 0.9562 | test_acc: 0.7148 | 
Epoch: 20 | train_loss: 0.5614 | train_acc: 0.8060 | test_loss: 0.9823 | test_acc: 0.6641 | 
Epoch: 21 | train_loss: 0.4526 | train_acc: 0.8405 | test_loss: 1.0429 | test_acc: 0.6836 | 
Epoch: 22 | train_loss: 0.5754 | train_acc: 0.7823 | test_loss: 1.0161 | test_acc: 0.7031 | 
Epoch: 23 | train_loss: 0.4801 | train_acc: 0.8168 | test_loss: 1.2301 | test_acc: 0.6016 | 
Epoch: 24 | train_loss: 0.5370 | train_acc: 0.7726 | test_loss: 1.0182 | test_acc: 0.6719 | 
Epoch: 25 | train_loss: 0.4007 | train_acc: 0.8319 | test_loss: 1.0433 | test_acc: 0.6719 | 
Epoch: 26 | train_loss: 0.4249 | train_acc: 0.8341 | test_loss: 1.1931 | test_acc: 0.6875 | 
Epoch: 27 | train_loss: 0.4680 | train_acc: 0.8114 | test_loss: 0.9380 | test_acc: 0.6875 | 
Epoch: 28 | train_loss: 0.3896 | train_acc: 0.8642 | test_loss: 0.9803 | test_acc: 0.7031 | 
Epoch: 29 | train_loss: 0.3907 | train_acc: 0.8556 | test_loss: 0.8967 | test_acc: 0.7148 | 
Epoch: 30 | train_loss: 0.4226 | train_acc: 0.8513 | test_loss: 0.9575 | test_acc: 0.7266 | 
Epoch: 31 | train_loss: 0.3283 | train_acc: 0.8804 | test_loss: 0.9251 | test_acc: 0.6953 | 
Epoch: 32 | train_loss: 0.3403 | train_acc: 0.8578 | test_loss: 0.9528 | test_acc: 0.7266 | 
Epoch: 33 | train_loss: 0.3810 | train_acc: 0.8233 | test_loss: 0.9409 | test_acc: 0.7266 | 
Epoch: 34 | train_loss: 0.4808 | train_acc: 0.8276 | test_loss: 1.0169 | test_acc: 0.7031 | 
Epoch: 35 | train_loss: 0.3450 | train_acc: 0.8696 | test_loss: 0.8741 | test_acc: 0.7227 | 
Epoch: 36 | train_loss: 0.3691 | train_acc: 0.8610 | test_loss: 0.9745 | test_acc: 0.7148 | 
Epoch: 37 | train_loss: 0.3637 | train_acc: 0.8739 | test_loss: 0.8896 | test_acc: 0.7344 | 
Epoch: 38 | train_loss: 0.3872 | train_acc: 0.8491 | test_loss: 0.8533 | test_acc: 0.7266 | 
Epoch: 39 | train_loss: 0.3731 | train_acc: 0.8545 | test_loss: 0.8439 | test_acc: 0.7266 | 
Epoch: 40 | train_loss: 0.3803 | train_acc: 0.8481 | test_loss: 0.9765 | test_acc: 0.7109 | 
Epoch: 41 | train_loss: 0.3267 | train_acc: 0.8685 | test_loss: 1.0756 | test_acc: 0.7031 | 
Epoch: 42 | train_loss: 0.3563 | train_acc: 0.8599 | test_loss: 0.8360 | test_acc: 0.7227 | 
Epoch: 43 | train_loss: 0.3030 | train_acc: 0.9019 | test_loss: 0.8900 | test_acc: 0.7070 | 
Epoch: 44 | train_loss: 0.3245 | train_acc: 0.8772 | test_loss: 0.8265 | test_acc: 0.7461 | 
Epoch: 45 | train_loss: 0.3341 | train_acc: 0.8858 | test_loss: 0.8430 | test_acc: 0.7383 | 
Epoch: 46 | train_loss: 0.2922 | train_acc: 0.9095 | test_loss: 0.8308 | test_acc: 0.7188 | 
Epoch: 47 | train_loss: 0.3361 | train_acc: 0.8739 | test_loss: 0.8847 | test_acc: 0.7266 | 
Epoch: 48 | train_loss: 0.3563 | train_acc: 0.8653 | test_loss: 0.9018 | test_acc: 0.7188 | 
Epoch: 49 | train_loss: 0.3038 | train_acc: 0.9030 | test_loss: 0.9615 | test_acc: 0.7109 | 
Epoch: 50 | train_loss: 0.3397 | train_acc: 0.8728 | test_loss: 0.8780 | test_acc: 0.7070 | 
⏱️ Total training time: 109.803 seconds
📊 Bands [220, 314, 178] -> Fitness: 0.7070
Dataset initialized with pre-loaded data. Total samples: 897
Band indices for training dataloader: [328, 28, 368]
Dataset initialized with pre-loaded data. Total samples: 226
Band indices for test dataloader: [328, 28, 368]
🔍 Starting evaluation of individual [328, 28, 368]
Epoch: 1 | train_loss: 1.3843 | train_acc: 0.3039 | test_loss: 1.3286 | test_acc: 0.3164 | 
Epoch: 2 | train_loss: 1.3223 | train_acc: 0.3815 | test_loss: 1.2896 | test_acc: 0.3242 | 
Epoch: 3 | train_loss: 1.2646 | train_acc: 0.4450 | test_loss: 1.2965 | test_acc: 0.3789 | 
Epoch: 4 | train_loss: 1.2363 | train_acc: 0.4450 | test_loss: 1.2318 | test_acc: 0.4531 | 
Epoch: 5 | train_loss: 1.1315 | train_acc: 0.4817 | test_loss: 1.1712 | test_acc: 0.4805 | 
Epoch: 6 | train_loss: 1.0405 | train_acc: 0.5442 | test_loss: 1.2950 | test_acc: 0.4180 | 
Epoch: 7 | train_loss: 1.0547 | train_acc: 0.5647 | test_loss: 1.2064 | test_acc: 0.4961 | 
Epoch: 8 | train_loss: 0.9571 | train_acc: 0.6024 | test_loss: 1.0535 | test_acc: 0.5938 | 
Epoch: 9 | train_loss: 0.9028 | train_acc: 0.6552 | test_loss: 1.3073 | test_acc: 0.4531 | 
Epoch: 10 | train_loss: 0.9470 | train_acc: 0.5938 | test_loss: 1.0100 | test_acc: 0.6016 | 
Epoch: 11 | train_loss: 0.8333 | train_acc: 0.6929 | test_loss: 1.1402 | test_acc: 0.5703 | 
Epoch: 12 | train_loss: 0.7341 | train_acc: 0.7123 | test_loss: 1.3582 | test_acc: 0.4258 | 
Epoch: 13 | train_loss: 0.7908 | train_acc: 0.6843 | test_loss: 1.2131 | test_acc: 0.5352 | 
Epoch: 14 | train_loss: 0.7998 | train_acc: 0.6789 | test_loss: 1.0548 | test_acc: 0.5000 | 
Epoch: 15 | train_loss: 0.7363 | train_acc: 0.7101 | test_loss: 0.9810 | test_acc: 0.5781 | 
Epoch: 16 | train_loss: 0.7229 | train_acc: 0.7080 | test_loss: 1.2104 | test_acc: 0.5547 | 
Epoch: 17 | train_loss: 0.6919 | train_acc: 0.7522 | test_loss: 1.3035 | test_acc: 0.5078 | 
Epoch: 18 | train_loss: 0.6330 | train_acc: 0.7597 | test_loss: 1.0680 | test_acc: 0.6094 | 
Epoch: 19 | train_loss: 0.6320 | train_acc: 0.7640 | test_loss: 1.3833 | test_acc: 0.5430 | 
Epoch: 20 | train_loss: 0.6133 | train_acc: 0.7748 | test_loss: 1.0303 | test_acc: 0.6445 | 
Epoch: 21 | train_loss: 0.6309 | train_acc: 0.7478 | test_loss: 1.0476 | test_acc: 0.6055 | 
Epoch: 22 | train_loss: 0.5441 | train_acc: 0.8050 | test_loss: 1.1834 | test_acc: 0.5508 | 
Epoch: 23 | train_loss: 0.5851 | train_acc: 0.7716 | test_loss: 1.2785 | test_acc: 0.6172 | 
Epoch: 24 | train_loss: 0.5454 | train_acc: 0.8039 | test_loss: 1.0982 | test_acc: 0.6328 | 
Epoch: 25 | train_loss: 0.5945 | train_acc: 0.7694 | test_loss: 1.1256 | test_acc: 0.6211 | 
Epoch: 26 | train_loss: 0.4982 | train_acc: 0.7920 | test_loss: 1.2600 | test_acc: 0.5273 | 
Epoch: 27 | train_loss: 0.4797 | train_acc: 0.8179 | test_loss: 1.0089 | test_acc: 0.6328 | 
Epoch: 28 | train_loss: 0.5966 | train_acc: 0.7920 | test_loss: 1.2511 | test_acc: 0.5781 | 
Epoch: 29 | train_loss: 0.5321 | train_acc: 0.8244 | test_loss: 1.1331 | test_acc: 0.5938 | 
Epoch: 30 | train_loss: 0.5242 | train_acc: 0.7974 | test_loss: 1.0179 | test_acc: 0.6602 | 
Epoch: 31 | train_loss: 0.4817 | train_acc: 0.7953 | test_loss: 1.0439 | test_acc: 0.6406 | 
Epoch: 32 | train_loss: 0.4681 | train_acc: 0.8125 | test_loss: 1.0868 | test_acc: 0.6602 | 
Epoch: 33 | train_loss: 0.5431 | train_acc: 0.8147 | test_loss: 1.1922 | test_acc: 0.6289 | 
Epoch: 34 | train_loss: 0.4834 | train_acc: 0.8222 | test_loss: 1.1353 | test_acc: 0.5820 | 
Epoch: 35 | train_loss: 0.3963 | train_acc: 0.8319 | test_loss: 1.0665 | test_acc: 0.6484 | 
Epoch: 36 | train_loss: 0.4014 | train_acc: 0.8416 | test_loss: 1.1703 | test_acc: 0.5664 | 
Epoch: 37 | train_loss: 0.4443 | train_acc: 0.8254 | test_loss: 1.0330 | test_acc: 0.5742 | 
Epoch: 38 | train_loss: 0.3736 | train_acc: 0.8502 | test_loss: 1.1763 | test_acc: 0.5820 | 
Epoch: 39 | train_loss: 0.3752 | train_acc: 0.8664 | test_loss: 1.0184 | test_acc: 0.6680 | 
Epoch: 40 | train_loss: 0.4642 | train_acc: 0.8534 | test_loss: 1.0683 | test_acc: 0.6523 | 
Epoch: 41 | train_loss: 0.4325 | train_acc: 0.8276 | test_loss: 0.9712 | test_acc: 0.6992 | 
Epoch: 42 | train_loss: 0.3057 | train_acc: 0.9030 | test_loss: 0.9430 | test_acc: 0.6875 | 
Epoch: 43 | train_loss: 0.3269 | train_acc: 0.8858 | test_loss: 1.1067 | test_acc: 0.6016 | 
Epoch: 44 | train_loss: 0.3931 | train_acc: 0.8599 | test_loss: 1.1151 | test_acc: 0.6758 | 
Epoch: 45 | train_loss: 0.3567 | train_acc: 0.8459 | test_loss: 1.0816 | test_acc: 0.6602 | 
Epoch: 46 | train_loss: 0.3342 | train_acc: 0.8879 | test_loss: 1.0496 | test_acc: 0.6641 | 
Epoch: 47 | train_loss: 0.3582 | train_acc: 0.8534 | test_loss: 1.0205 | test_acc: 0.6875 | 
Epoch: 48 | train_loss: 0.3528 | train_acc: 0.8588 | test_loss: 1.0752 | test_acc: 0.6719 | 
Epoch: 49 | train_loss: 0.3194 | train_acc: 0.8696 | test_loss: 0.9846 | test_acc: 0.6953 | 
Epoch: 50 | train_loss: 0.3367 | train_acc: 0.8610 | test_loss: 0.9978 | test_acc: 0.7188 | 
⏱️ Total training time: 109.694 seconds
📊 Bands [328, 28, 368] -> Fitness: 0.7188
Dataset initialized with pre-loaded data. Total samples: 897
Band indices for training dataloader: [248, 322, 295]
Dataset initialized with pre-loaded data. Total samples: 226
Band indices for test dataloader: [248, 322, 295]
🔍 Starting evaluation of individual [248, 322, 295]
Epoch: 1 | train_loss: 1.3626 | train_acc: 0.3071 | test_loss: 1.3276 | test_acc: 0.3242 | 
Epoch: 2 | train_loss: 1.2190 | train_acc: 0.4353 | test_loss: 2.4175 | test_acc: 0.4727 | 
Epoch: 3 | train_loss: 1.1552 | train_acc: 0.4838 | test_loss: 1.1281 | test_acc: 0.5039 | 
Epoch: 4 | train_loss: 1.0315 | train_acc: 0.5841 | test_loss: 1.1181 | test_acc: 0.6016 | 
Epoch: 5 | train_loss: 0.9546 | train_acc: 0.6142 | test_loss: 1.1504 | test_acc: 0.5273 | 
Epoch: 6 | train_loss: 0.9369 | train_acc: 0.6293 | test_loss: 1.0528 | test_acc: 0.5898 | 
Epoch: 7 | train_loss: 0.9147 | train_acc: 0.6185 | test_loss: 1.1111 | test_acc: 0.5430 | 
Epoch: 8 | train_loss: 0.7960 | train_acc: 0.6659 | test_loss: 0.9150 | test_acc: 0.6367 | 
Epoch: 9 | train_loss: 0.7926 | train_acc: 0.6681 | test_loss: 0.9888 | test_acc: 0.6172 | 
Epoch: 10 | train_loss: 0.6821 | train_acc: 0.7446 | test_loss: 1.0217 | test_acc: 0.6172 | 
Epoch: 11 | train_loss: 0.7474 | train_acc: 0.7080 | test_loss: 0.8935 | test_acc: 0.6719 | 
Epoch: 12 | train_loss: 0.6558 | train_acc: 0.7629 | test_loss: 1.0269 | test_acc: 0.6328 | 
Epoch: 13 | train_loss: 0.6378 | train_acc: 0.7769 | test_loss: 0.9715 | test_acc: 0.6328 | 
Epoch: 14 | train_loss: 0.6512 | train_acc: 0.7489 | test_loss: 1.0485 | test_acc: 0.6172 | 
Epoch: 15 | train_loss: 0.5654 | train_acc: 0.7823 | test_loss: 0.9917 | test_acc: 0.6484 | 
Epoch: 16 | train_loss: 0.5585 | train_acc: 0.7716 | test_loss: 0.8722 | test_acc: 0.6680 | 
Epoch: 17 | train_loss: 0.5434 | train_acc: 0.7942 | test_loss: 0.9439 | test_acc: 0.6719 | 
Epoch: 18 | train_loss: 0.4531 | train_acc: 0.8459 | test_loss: 0.9697 | test_acc: 0.6133 | 
Epoch: 19 | train_loss: 0.4705 | train_acc: 0.8017 | test_loss: 1.0107 | test_acc: 0.6016 | 
Epoch: 20 | train_loss: 0.4578 | train_acc: 0.8222 | test_loss: 0.8598 | test_acc: 0.6680 | 
Epoch: 21 | train_loss: 0.4429 | train_acc: 0.8222 | test_loss: 0.9419 | test_acc: 0.6836 | 
Epoch: 22 | train_loss: 0.3695 | train_acc: 0.8567 | test_loss: 0.9172 | test_acc: 0.6992 | 
Epoch: 23 | train_loss: 0.3351 | train_acc: 0.8793 | test_loss: 0.9542 | test_acc: 0.6367 | 
Epoch: 24 | train_loss: 0.3749 | train_acc: 0.8685 | test_loss: 0.9174 | test_acc: 0.6953 | 
Epoch: 25 | train_loss: 0.4172 | train_acc: 0.8588 | test_loss: 1.1237 | test_acc: 0.6602 | 
Epoch: 26 | train_loss: 0.3826 | train_acc: 0.8750 | test_loss: 0.9275 | test_acc: 0.6953 | 
Epoch: 27 | train_loss: 0.3366 | train_acc: 0.8879 | test_loss: 0.9036 | test_acc: 0.6875 | 
Epoch: 28 | train_loss: 0.4411 | train_acc: 0.8394 | test_loss: 0.9450 | test_acc: 0.6914 | 
Epoch: 29 | train_loss: 0.2986 | train_acc: 0.9073 | test_loss: 0.9976 | test_acc: 0.6914 | 
Epoch: 30 | train_loss: 0.3626 | train_acc: 0.8470 | test_loss: 0.9182 | test_acc: 0.7188 | 
Epoch: 31 | train_loss: 0.3310 | train_acc: 0.8545 | test_loss: 0.9722 | test_acc: 0.6836 | 
Epoch: 32 | train_loss: 0.3750 | train_acc: 0.8664 | test_loss: 0.9761 | test_acc: 0.7031 | 
Epoch: 33 | train_loss: 0.4055 | train_acc: 0.8556 | test_loss: 0.7887 | test_acc: 0.7188 | 
Epoch: 34 | train_loss: 0.3625 | train_acc: 0.8588 | test_loss: 0.9521 | test_acc: 0.7070 | 
Epoch: 35 | train_loss: 0.3046 | train_acc: 0.9009 | test_loss: 0.8569 | test_acc: 0.6680 | 
Epoch: 36 | train_loss: 0.3070 | train_acc: 0.8728 | test_loss: 0.8790 | test_acc: 0.6797 | 
Epoch: 37 | train_loss: 0.2710 | train_acc: 0.9073 | test_loss: 0.9299 | test_acc: 0.6992 | 
Epoch: 38 | train_loss: 0.2734 | train_acc: 0.8782 | test_loss: 0.9829 | test_acc: 0.6992 | 
Epoch: 39 | train_loss: 0.3977 | train_acc: 0.8664 | test_loss: 1.0360 | test_acc: 0.6133 | 
Epoch: 40 | train_loss: 0.2605 | train_acc: 0.9149 | test_loss: 0.9916 | test_acc: 0.6641 | 
Epoch: 41 | train_loss: 0.2482 | train_acc: 0.8890 | test_loss: 0.8904 | test_acc: 0.7383 | 
Epoch: 42 | train_loss: 0.2559 | train_acc: 0.8976 | test_loss: 0.8694 | test_acc: 0.7422 | 
Epoch: 43 | train_loss: 0.2227 | train_acc: 0.9289 | test_loss: 1.0368 | test_acc: 0.7031 | 
Epoch: 44 | train_loss: 0.3393 | train_acc: 0.8944 | test_loss: 0.7983 | test_acc: 0.7734 | 
Epoch: 45 | train_loss: 0.2459 | train_acc: 0.9181 | test_loss: 0.7322 | test_acc: 0.7500 | 
Epoch: 46 | train_loss: 0.2418 | train_acc: 0.8944 | test_loss: 0.7998 | test_acc: 0.7383 | 
Epoch: 47 | train_loss: 0.2206 | train_acc: 0.9321 | test_loss: 0.9964 | test_acc: 0.7266 | 
Epoch: 48 | train_loss: 0.2914 | train_acc: 0.9041 | test_loss: 0.8385 | test_acc: 0.7344 | 
Epoch: 49 | train_loss: 0.2194 | train_acc: 0.9203 | test_loss: 0.7870 | test_acc: 0.7500 | 
Epoch: 50 | train_loss: 0.2132 | train_acc: 0.9235 | test_loss: 0.8205 | test_acc: 0.7422 | 
⏱️ Total training time: 105.103 seconds
📊 Bands [248, 322, 295] -> Fitness: 0.7422
Dataset initialized with pre-loaded data. Total samples: 897
Band indices for training dataloader: [416, 261, 307]
Dataset initialized with pre-loaded data. Total samples: 226
Band indices for test dataloader: [416, 261, 307]
🔍 Starting evaluation of individual [416, 261, 307]
Epoch: 1 | train_loss: 1.3628 | train_acc: 0.3233 | test_loss: 1.3701 | test_acc: 0.3203 | 
Epoch: 2 | train_loss: 1.2750 | train_acc: 0.4343 | test_loss: 1.3462 | test_acc: 0.4023 | 
Epoch: 3 | train_loss: 1.1911 | train_acc: 0.4569 | test_loss: 1.2732 | test_acc: 0.4297 | 
Epoch: 4 | train_loss: 1.0879 | train_acc: 0.5636 | test_loss: 1.2286 | test_acc: 0.4492 | 
Epoch: 5 | train_loss: 1.0676 | train_acc: 0.5550 | test_loss: 1.2369 | test_acc: 0.5469 | 
Epoch: 6 | train_loss: 0.9217 | train_acc: 0.6131 | test_loss: 1.2797 | test_acc: 0.5586 | 
Epoch: 7 | train_loss: 0.8672 | train_acc: 0.6455 | test_loss: 1.1640 | test_acc: 0.5469 | 
Epoch: 8 | train_loss: 0.8649 | train_acc: 0.6681 | test_loss: 1.2248 | test_acc: 0.5469 | 
Epoch: 9 | train_loss: 0.8182 | train_acc: 0.6778 | test_loss: 1.2232 | test_acc: 0.4922 | 
Epoch: 10 | train_loss: 0.7564 | train_acc: 0.7220 | test_loss: 1.1410 | test_acc: 0.5664 | 
Epoch: 11 | train_loss: 0.7487 | train_acc: 0.7134 | test_loss: 1.1161 | test_acc: 0.5938 | 
Epoch: 12 | train_loss: 0.6782 | train_acc: 0.7435 | test_loss: 1.1883 | test_acc: 0.5078 | 
Epoch: 13 | train_loss: 0.7575 | train_acc: 0.7037 | test_loss: 0.9582 | test_acc: 0.6484 | 
Epoch: 14 | train_loss: 0.6180 | train_acc: 0.7522 | test_loss: 1.0311 | test_acc: 0.6016 | 
Epoch: 15 | train_loss: 0.6145 | train_acc: 0.7457 | test_loss: 0.9568 | test_acc: 0.5820 | 
Epoch: 16 | train_loss: 0.5889 | train_acc: 0.7629 | test_loss: 0.9854 | test_acc: 0.6094 | 
Epoch: 17 | train_loss: 0.5598 | train_acc: 0.7909 | test_loss: 0.8882 | test_acc: 0.6484 | 
Epoch: 18 | train_loss: 0.5035 | train_acc: 0.8308 | test_loss: 0.9577 | test_acc: 0.6484 | 
Epoch: 19 | train_loss: 0.5272 | train_acc: 0.8028 | test_loss: 1.0424 | test_acc: 0.6680 | 
Epoch: 20 | train_loss: 0.4500 | train_acc: 0.8427 | test_loss: 0.9821 | test_acc: 0.6758 | 
Epoch: 21 | train_loss: 0.4964 | train_acc: 0.8006 | test_loss: 1.1196 | test_acc: 0.6367 | 
Epoch: 22 | train_loss: 0.5532 | train_acc: 0.8125 | test_loss: 1.0369 | test_acc: 0.6680 | 
Epoch: 23 | train_loss: 0.4847 | train_acc: 0.8093 | test_loss: 0.9660 | test_acc: 0.6836 | 
Epoch: 24 | train_loss: 0.5334 | train_acc: 0.8028 | test_loss: 1.0071 | test_acc: 0.6641 | 
Epoch: 25 | train_loss: 0.4207 | train_acc: 0.8200 | test_loss: 0.9569 | test_acc: 0.6992 | 
Epoch: 26 | train_loss: 0.3635 | train_acc: 0.8815 | test_loss: 0.9645 | test_acc: 0.6836 | 
Epoch: 27 | train_loss: 0.3796 | train_acc: 0.8750 | test_loss: 1.0157 | test_acc: 0.6836 | 
Epoch: 28 | train_loss: 0.3572 | train_acc: 0.8739 | test_loss: 0.9043 | test_acc: 0.6836 | 
Epoch: 29 | train_loss: 0.3375 | train_acc: 0.8825 | test_loss: 0.9908 | test_acc: 0.6680 | 
Epoch: 30 | train_loss: 0.3677 | train_acc: 0.8502 | test_loss: 0.9472 | test_acc: 0.7031 | 
Epoch: 31 | train_loss: 0.3327 | train_acc: 0.8793 | test_loss: 1.0382 | test_acc: 0.6523 | 
Epoch: 32 | train_loss: 0.4226 | train_acc: 0.8588 | test_loss: 0.9370 | test_acc: 0.7266 | 
Epoch: 33 | train_loss: 0.3263 | train_acc: 0.8825 | test_loss: 0.9920 | test_acc: 0.6914 | 
Epoch: 34 | train_loss: 0.3385 | train_acc: 0.8685 | test_loss: 0.9352 | test_acc: 0.7383 | 
Epoch: 35 | train_loss: 0.3971 | train_acc: 0.8588 | test_loss: 1.1065 | test_acc: 0.6406 | 
Epoch: 36 | train_loss: 0.4348 | train_acc: 0.8502 | test_loss: 1.2443 | test_acc: 0.6523 | 
Epoch: 37 | train_loss: 0.3460 | train_acc: 0.8621 | test_loss: 0.9079 | test_acc: 0.6836 | 
Epoch: 38 | train_loss: 0.2794 | train_acc: 0.8998 | test_loss: 0.8917 | test_acc: 0.7305 | 
Epoch: 39 | train_loss: 0.4193 | train_acc: 0.8621 | test_loss: 0.9860 | test_acc: 0.7148 | 
Epoch: 40 | train_loss: 0.3446 | train_acc: 0.8696 | test_loss: 0.9437 | test_acc: 0.7266 | 
Epoch: 41 | train_loss: 0.2847 | train_acc: 0.8772 | test_loss: 1.0752 | test_acc: 0.6953 | 
Epoch: 42 | train_loss: 0.3340 | train_acc: 0.8912 | test_loss: 0.8731 | test_acc: 0.7266 | 
Epoch: 43 | train_loss: 0.3865 | train_acc: 0.8642 | test_loss: 0.8103 | test_acc: 0.7266 | 
Epoch: 44 | train_loss: 0.3268 | train_acc: 0.8664 | test_loss: 1.1566 | test_acc: 0.6797 | 
Epoch: 45 | train_loss: 0.3588 | train_acc: 0.8707 | test_loss: 0.9502 | test_acc: 0.7031 | 
Epoch: 46 | train_loss: 0.2786 | train_acc: 0.9095 | test_loss: 0.9268 | test_acc: 0.7070 | 
Epoch: 47 | train_loss: 0.2537 | train_acc: 0.8955 | test_loss: 1.2000 | test_acc: 0.7109 | 
Epoch: 48 | train_loss: 0.2311 | train_acc: 0.9052 | test_loss: 1.1637 | test_acc: 0.7148 | 
Epoch: 49 | train_loss: 0.3575 | train_acc: 0.8728 | test_loss: 1.0395 | test_acc: 0.7031 | 
Epoch: 50 | train_loss: 0.2721 | train_acc: 0.8922 | test_loss: 0.9441 | test_acc: 0.7461 | 
⏱️ Total training time: 87.359 seconds
📊 Bands [416, 261, 307] -> Fitness: 0.7461
Dataset initialized with pre-loaded data. Total samples: 897
Band indices for training dataloader: [40, 141, 216]
Dataset initialized with pre-loaded data. Total samples: 226
Band indices for test dataloader: [40, 141, 216]
🔍 Starting evaluation of individual [40, 141, 216]
Epoch: 1 | train_loss: 1.3706 | train_acc: 0.3556 | test_loss: 1.3208 | test_acc: 0.3516 | 
Epoch: 2 | train_loss: 1.2510 | train_acc: 0.4321 | test_loss: 1.1740 | test_acc: 0.4961 | 
Epoch: 3 | train_loss: 1.1764 | train_acc: 0.5011 | test_loss: 1.2172 | test_acc: 0.4570 | 
Epoch: 4 | train_loss: 1.0745 | train_acc: 0.5409 | test_loss: 1.2297 | test_acc: 0.4844 | 
Epoch: 5 | train_loss: 0.9311 | train_acc: 0.6164 | test_loss: 1.2579 | test_acc: 0.5547 | 
Epoch: 6 | train_loss: 0.8864 | train_acc: 0.6713 | test_loss: 0.9712 | test_acc: 0.6289 | 
Epoch: 7 | train_loss: 0.8538 | train_acc: 0.6616 | test_loss: 1.0915 | test_acc: 0.5586 | 
Epoch: 8 | train_loss: 0.7247 | train_acc: 0.7295 | test_loss: 1.1356 | test_acc: 0.5664 | 
Epoch: 9 | train_loss: 0.7770 | train_acc: 0.6692 | test_loss: 1.1599 | test_acc: 0.5742 | 
Epoch: 10 | train_loss: 0.6799 | train_acc: 0.7241 | test_loss: 1.1728 | test_acc: 0.5391 | 
Epoch: 11 | train_loss: 0.7036 | train_acc: 0.7144 | test_loss: 0.9698 | test_acc: 0.6172 | 
Epoch: 12 | train_loss: 0.6464 | train_acc: 0.7295 | test_loss: 0.9941 | test_acc: 0.6758 | 
Epoch: 13 | train_loss: 0.6347 | train_acc: 0.7500 | test_loss: 1.0333 | test_acc: 0.6523 | 
Epoch: 14 | train_loss: 0.6078 | train_acc: 0.7532 | test_loss: 0.8871 | test_acc: 0.6133 | 
Epoch: 15 | train_loss: 0.4880 | train_acc: 0.7899 | test_loss: 0.8653 | test_acc: 0.6680 | 
Epoch: 16 | train_loss: 0.4857 | train_acc: 0.7974 | test_loss: 1.0278 | test_acc: 0.6289 | 
Epoch: 17 | train_loss: 0.5080 | train_acc: 0.8082 | test_loss: 1.1687 | test_acc: 0.6289 | 
Epoch: 18 | train_loss: 0.4598 | train_acc: 0.8384 | test_loss: 0.9111 | test_acc: 0.6484 | 
Epoch: 19 | train_loss: 0.4888 | train_acc: 0.8114 | test_loss: 1.0889 | test_acc: 0.6094 | 
Epoch: 20 | train_loss: 0.4779 | train_acc: 0.8060 | test_loss: 0.9314 | test_acc: 0.6641 | 
Epoch: 21 | train_loss: 0.4072 | train_acc: 0.8254 | test_loss: 0.9501 | test_acc: 0.6719 | 
Epoch: 22 | train_loss: 0.3709 | train_acc: 0.8427 | test_loss: 0.9199 | test_acc: 0.6602 | 
Epoch: 23 | train_loss: 0.4286 | train_acc: 0.8362 | test_loss: 0.8590 | test_acc: 0.6406 | 
Epoch: 24 | train_loss: 0.4298 | train_acc: 0.8534 | test_loss: 0.8372 | test_acc: 0.6367 | 
Epoch: 25 | train_loss: 0.4012 | train_acc: 0.8675 | test_loss: 0.8101 | test_acc: 0.6836 | 
Epoch: 26 | train_loss: 0.3494 | train_acc: 0.8502 | test_loss: 1.0491 | test_acc: 0.6562 | 
Epoch: 27 | train_loss: 0.3263 | train_acc: 0.8890 | test_loss: 1.1790 | test_acc: 0.5625 | 
Epoch: 28 | train_loss: 0.3990 | train_acc: 0.8642 | test_loss: 1.0193 | test_acc: 0.6016 | 
Epoch: 29 | train_loss: 0.3090 | train_acc: 0.9019 | test_loss: 0.9794 | test_acc: 0.6758 | 
Epoch: 30 | train_loss: 0.2889 | train_acc: 0.9009 | test_loss: 0.9527 | test_acc: 0.7383 | 
Epoch: 31 | train_loss: 0.3328 | train_acc: 0.8675 | test_loss: 0.9093 | test_acc: 0.7148 | 
Epoch: 32 | train_loss: 0.3075 | train_acc: 0.8944 | test_loss: 1.0879 | test_acc: 0.6914 | 
Epoch: 33 | train_loss: 0.2992 | train_acc: 0.8707 | test_loss: 1.1918 | test_acc: 0.5938 | 
Epoch: 34 | train_loss: 0.2823 | train_acc: 0.9095 | test_loss: 0.9405 | test_acc: 0.6406 | 
Epoch: 35 | train_loss: 0.2963 | train_acc: 0.9052 | test_loss: 1.0159 | test_acc: 0.6602 | 
Epoch: 36 | train_loss: 0.2702 | train_acc: 0.8912 | test_loss: 1.3932 | test_acc: 0.5859 | 
Epoch: 37 | train_loss: 0.2719 | train_acc: 0.8858 | test_loss: 0.9153 | test_acc: 0.6680 | 
Epoch: 38 | train_loss: 0.3377 | train_acc: 0.8653 | test_loss: 1.0091 | test_acc: 0.6484 | 
Epoch: 39 | train_loss: 0.3678 | train_acc: 0.8869 | test_loss: 1.1051 | test_acc: 0.6875 | 
Epoch: 40 | train_loss: 0.2399 | train_acc: 0.9386 | test_loss: 0.9231 | test_acc: 0.6602 | 
Epoch: 41 | train_loss: 0.1734 | train_acc: 0.9450 | test_loss: 1.0463 | test_acc: 0.6094 | 
Epoch: 42 | train_loss: 0.3593 | train_acc: 0.8890 | test_loss: 0.9708 | test_acc: 0.6719 | 
Epoch: 43 | train_loss: 0.2815 | train_acc: 0.8825 | test_loss: 1.0388 | test_acc: 0.6797 | 
Epoch: 44 | train_loss: 0.2901 | train_acc: 0.8879 | test_loss: 1.0911 | test_acc: 0.6602 | 
Epoch: 45 | train_loss: 0.2762 | train_acc: 0.8836 | test_loss: 1.2989 | test_acc: 0.6133 | 
Epoch: 46 | train_loss: 0.1992 | train_acc: 0.9375 | test_loss: 1.0180 | test_acc: 0.6172 | 
Epoch: 47 | train_loss: 0.2067 | train_acc: 0.9084 | test_loss: 1.0777 | test_acc: 0.6758 | 
Epoch: 48 | train_loss: 0.2048 | train_acc: 0.9159 | test_loss: 1.3241 | test_acc: 0.5938 | 
Epoch: 49 | train_loss: 0.2150 | train_acc: 0.9084 | test_loss: 1.2459 | test_acc: 0.5664 | 
Epoch: 50 | train_loss: 0.2333 | train_acc: 0.9289 | test_loss: 1.0864 | test_acc: 0.6094 | 
⏱️ Total training time: 90.397 seconds
📊 Bands [40, 141, 216] -> Fitness: 0.6094
gen	nevals	avg     	std      	min     	max     	best                            
0  	20    	0.703125	0.0504799	0.585938	0.765625	Individual('h', [275, 241, 308])
Dataset initialized with pre-loaded data. Total samples: 897
Band indices for training dataloader: [331, 268, 354]
Dataset initialized with pre-loaded data. Total samples: 226
Band indices for test dataloader: [331, 268, 354]
🔍 Starting evaluation of individual [331, 268, 354]
Epoch: 1 | train_loss: 1.3698 | train_acc: 0.3082 | test_loss: 1.3715 | test_acc: 0.3086 | 
Epoch: 2 | train_loss: 1.2890 | train_acc: 0.4526 | test_loss: 1.3352 | test_acc: 0.3945 | 
Epoch: 3 | train_loss: 1.2215 | train_acc: 0.4386 | test_loss: 1.2257 | test_acc: 0.4805 | 
Epoch: 4 | train_loss: 1.1475 | train_acc: 0.5108 | test_loss: 1.1981 | test_acc: 0.5352 | 
Epoch: 5 | train_loss: 1.1326 | train_acc: 0.5043 | test_loss: 1.0978 | test_acc: 0.5039 | 
Epoch: 6 | train_loss: 1.0210 | train_acc: 0.5560 | test_loss: 1.2932 | test_acc: 0.4922 | 
Epoch: 7 | train_loss: 0.9649 | train_acc: 0.5991 | test_loss: 1.1593 | test_acc: 0.5469 | 
Epoch: 8 | train_loss: 0.9184 | train_acc: 0.6315 | test_loss: 1.0890 | test_acc: 0.5312 | 
Epoch: 9 | train_loss: 0.9495 | train_acc: 0.6282 | test_loss: 1.0178 | test_acc: 0.6367 | 
Epoch: 10 | train_loss: 0.8220 | train_acc: 0.6681 | test_loss: 1.2064 | test_acc: 0.5508 | 
Epoch: 11 | train_loss: 0.8539 | train_acc: 0.6336 | test_loss: 1.1499 | test_acc: 0.5352 | 
Epoch: 12 | train_loss: 0.7759 | train_acc: 0.7112 | test_loss: 1.1572 | test_acc: 0.5352 | 
Epoch: 13 | train_loss: 0.7440 | train_acc: 0.6897 | test_loss: 0.9631 | test_acc: 0.6484 | 
Epoch: 14 | train_loss: 0.7249 | train_acc: 0.7241 | test_loss: 1.0235 | test_acc: 0.5547 | 
Epoch: 15 | train_loss: 0.6563 | train_acc: 0.7425 | test_loss: 0.9580 | test_acc: 0.6367 | 
Epoch: 16 | train_loss: 0.6029 | train_acc: 0.7608 | test_loss: 0.9997 | test_acc: 0.6328 | 
Epoch: 17 | train_loss: 0.6609 | train_acc: 0.7425 | test_loss: 1.0055 | test_acc: 0.6055 | 
Epoch: 18 | train_loss: 0.6654 | train_acc: 0.7403 | test_loss: 0.9363 | test_acc: 0.6562 | 
Epoch: 19 | train_loss: 0.5749 | train_acc: 0.7597 | test_loss: 1.0278 | test_acc: 0.6445 | 
Epoch: 20 | train_loss: 0.5794 | train_acc: 0.7812 | test_loss: 0.8942 | test_acc: 0.6133 | 
Epoch: 21 | train_loss: 0.5448 | train_acc: 0.7823 | test_loss: 0.9848 | test_acc: 0.5391 | 
Epoch: 22 | train_loss: 0.4955 | train_acc: 0.8190 | test_loss: 1.1857 | test_acc: 0.5469 | 
Epoch: 23 | train_loss: 0.6344 | train_acc: 0.7845 | test_loss: 1.1631 | test_acc: 0.5508 | 
Epoch: 24 | train_loss: 0.4172 | train_acc: 0.8405 | test_loss: 1.0158 | test_acc: 0.6406 | 
Epoch: 25 | train_loss: 0.4686 | train_acc: 0.8222 | test_loss: 1.2572 | test_acc: 0.6094 | 
Epoch: 26 | train_loss: 0.5226 | train_acc: 0.8039 | test_loss: 1.1270 | test_acc: 0.5469 | 
Epoch: 27 | train_loss: 0.4512 | train_acc: 0.8470 | test_loss: 0.9797 | test_acc: 0.6289 | 
Epoch: 28 | train_loss: 0.4830 | train_acc: 0.8222 | test_loss: 1.0236 | test_acc: 0.6172 | 
Epoch: 29 | train_loss: 0.6023 | train_acc: 0.7856 | test_loss: 1.1384 | test_acc: 0.6289 | 
Epoch: 30 | train_loss: 0.5136 | train_acc: 0.8114 | test_loss: 0.9216 | test_acc: 0.6484 | 
Epoch: 31 | train_loss: 0.4821 | train_acc: 0.8006 | test_loss: 0.9091 | test_acc: 0.6758 | 
Epoch: 32 | train_loss: 0.3976 | train_acc: 0.8588 | test_loss: 0.9481 | test_acc: 0.6719 | 
Epoch: 33 | train_loss: 0.3980 | train_acc: 0.8578 | test_loss: 1.0847 | test_acc: 0.6367 | 
Epoch: 34 | train_loss: 0.4175 | train_acc: 0.8394 | test_loss: 1.0704 | test_acc: 0.6367 | 
Epoch: 35 | train_loss: 0.4154 | train_acc: 0.8362 | test_loss: 1.3776 | test_acc: 0.6133 | 
Epoch: 36 | train_loss: 0.4334 | train_acc: 0.8297 | test_loss: 1.0368 | test_acc: 0.6758 | 
Epoch: 37 | train_loss: 0.3775 | train_acc: 0.8524 | test_loss: 1.1203 | test_acc: 0.6367 | 
Epoch: 38 | train_loss: 0.3989 | train_acc: 0.8459 | test_loss: 1.2556 | test_acc: 0.4961 | 
Epoch: 39 | train_loss: 0.4184 | train_acc: 0.8470 | test_loss: 1.0765 | test_acc: 0.5977 | 
Epoch: 40 | train_loss: 0.3428 | train_acc: 0.8653 | test_loss: 0.8558 | test_acc: 0.6719 | 
Epoch: 41 | train_loss: 0.2840 | train_acc: 0.8858 | test_loss: 0.9500 | test_acc: 0.6602 | 
Epoch: 42 | train_loss: 0.2978 | train_acc: 0.8750 | test_loss: 0.9854 | test_acc: 0.6836 | 
Epoch: 43 | train_loss: 0.2835 | train_acc: 0.9052 | test_loss: 1.0489 | test_acc: 0.6367 | 
Epoch: 44 | train_loss: 0.3262 | train_acc: 0.8642 | test_loss: 1.0484 | test_acc: 0.6211 | 
Epoch: 45 | train_loss: 0.2878 | train_acc: 0.9116 | test_loss: 1.0781 | test_acc: 0.6484 | 
Epoch: 46 | train_loss: 0.2873 | train_acc: 0.8869 | test_loss: 1.0093 | test_acc: 0.6016 | 
Epoch: 47 | train_loss: 0.3048 | train_acc: 0.8976 | test_loss: 1.0966 | test_acc: 0.7031 | 
Epoch: 48 | train_loss: 0.3689 | train_acc: 0.8761 | test_loss: 1.0974 | test_acc: 0.6094 | 
Epoch: 49 | train_loss: 0.2961 | train_acc: 0.8955 | test_loss: 1.3893 | test_acc: 0.5234 | 
Epoch: 50 | train_loss: 0.2694 | train_acc: 0.8955 | test_loss: 1.3201 | test_acc: 0.6289 | 
⏱️ Total training time: 88.664 seconds
📊 Bands [331, 268, 354] -> Fitness: 0.6289
Dataset initialized with pre-loaded data. Total samples: 897
Band indices for training dataloader: [0, 402, 116]
Dataset initialized with pre-loaded data. Total samples: 226
Band indices for test dataloader: [0, 402, 116]
🔍 Starting evaluation of individual [0, 402, 116]
Epoch: 1 | train_loss: 1.3755 | train_acc: 0.2931 | test_loss: 1.3293 | test_acc: 0.3906 | 
Epoch: 2 | train_loss: 1.2783 | train_acc: 0.4321 | test_loss: 1.2389 | test_acc: 0.4375 | 
Epoch: 3 | train_loss: 1.2513 | train_acc: 0.4170 | test_loss: 1.3432 | test_acc: 0.3477 | 
Epoch: 4 | train_loss: 1.1944 | train_acc: 0.4806 | test_loss: 1.2795 | test_acc: 0.3828 | 
Epoch: 5 | train_loss: 1.1285 | train_acc: 0.5194 | test_loss: 1.3948 | test_acc: 0.3398 | 
Epoch: 6 | train_loss: 1.0438 | train_acc: 0.5668 | test_loss: 1.3650 | test_acc: 0.3984 | 
Epoch: 7 | train_loss: 0.9431 | train_acc: 0.6218 | test_loss: 1.3641 | test_acc: 0.3906 | 
Epoch: 8 | train_loss: 1.0124 | train_acc: 0.6121 | test_loss: 1.3049 | test_acc: 0.4492 | 
Epoch: 9 | train_loss: 0.9186 | train_acc: 0.6595 | test_loss: 1.1122 | test_acc: 0.5312 | 
Epoch: 10 | train_loss: 0.8635 | train_acc: 0.6940 | test_loss: 1.1371 | test_acc: 0.5547 | 
Epoch: 11 | train_loss: 0.8234 | train_acc: 0.6929 | test_loss: 1.1047 | test_acc: 0.4961 | 
Epoch: 12 | train_loss: 0.7837 | train_acc: 0.6756 | test_loss: 1.3531 | test_acc: 0.5234 | 
Epoch: 13 | train_loss: 0.7715 | train_acc: 0.7091 | test_loss: 1.2377 | test_acc: 0.4414 | 
Epoch: 14 | train_loss: 0.7775 | train_acc: 0.6907 | test_loss: 1.1982 | test_acc: 0.4688 | 
Epoch: 15 | train_loss: 0.6970 | train_acc: 0.7446 | test_loss: 1.4613 | test_acc: 0.4883 | 
Epoch: 16 | train_loss: 0.6749 | train_acc: 0.7263 | test_loss: 1.0883 | test_acc: 0.4688 | 
Epoch: 17 | train_loss: 0.6274 | train_acc: 0.7392 | test_loss: 0.9826 | test_acc: 0.6367 | 
Epoch: 18 | train_loss: 0.5985 | train_acc: 0.7812 | test_loss: 1.1433 | test_acc: 0.6133 | 
Epoch: 19 | train_loss: 0.6582 | train_acc: 0.7672 | test_loss: 1.2622 | test_acc: 0.4922 | 
Epoch: 20 | train_loss: 0.5910 | train_acc: 0.7575 | test_loss: 1.0240 | test_acc: 0.5664 | 
Epoch: 21 | train_loss: 0.5810 | train_acc: 0.7845 | test_loss: 1.1485 | test_acc: 0.5938 | 
Epoch: 22 | train_loss: 0.6270 | train_acc: 0.7489 | test_loss: 1.0514 | test_acc: 0.6172 | 
Epoch: 23 | train_loss: 0.5277 | train_acc: 0.7985 | test_loss: 1.4798 | test_acc: 0.5312 | 
Epoch: 24 | train_loss: 0.5349 | train_acc: 0.7748 | test_loss: 1.3816 | test_acc: 0.5547 | 
Epoch: 25 | train_loss: 0.5189 | train_acc: 0.8254 | test_loss: 1.3779 | test_acc: 0.5508 | 
Epoch: 26 | train_loss: 0.4866 | train_acc: 0.8114 | test_loss: 1.0446 | test_acc: 0.5234 | 
Epoch: 27 | train_loss: 0.4075 | train_acc: 0.8599 | test_loss: 1.0265 | test_acc: 0.6250 | 
Epoch: 28 | train_loss: 0.4497 | train_acc: 0.8308 | test_loss: 1.2201 | test_acc: 0.6211 | 
Epoch: 29 | train_loss: 0.4759 | train_acc: 0.8114 | test_loss: 1.0942 | test_acc: 0.6016 | 
Epoch: 30 | train_loss: 0.4487 | train_acc: 0.8330 | test_loss: 1.0436 | test_acc: 0.6133 | 
Epoch: 31 | train_loss: 0.4221 | train_acc: 0.8265 | test_loss: 1.2611 | test_acc: 0.5273 | 
Epoch: 32 | train_loss: 0.3728 | train_acc: 0.8394 | test_loss: 1.6036 | test_acc: 0.5273 | 
Epoch: 33 | train_loss: 0.4122 | train_acc: 0.8384 | test_loss: 1.4766 | test_acc: 0.5156 | 
Epoch: 34 | train_loss: 0.4619 | train_acc: 0.8459 | test_loss: 1.2950 | test_acc: 0.5156 | 
Epoch: 35 | train_loss: 0.3732 | train_acc: 0.8588 | test_loss: 0.9982 | test_acc: 0.5977 | 
Epoch: 36 | train_loss: 0.3681 | train_acc: 0.8545 | test_loss: 1.1396 | test_acc: 0.5234 | 
Epoch: 37 | train_loss: 0.3193 | train_acc: 0.8890 | test_loss: 1.4112 | test_acc: 0.5078 | 
Epoch: 38 | train_loss: 0.4027 | train_acc: 0.8190 | test_loss: 1.1332 | test_acc: 0.5977 | 
Epoch: 39 | train_loss: 0.3727 | train_acc: 0.8696 | test_loss: 1.0856 | test_acc: 0.6445 | 
Epoch: 40 | train_loss: 0.3637 | train_acc: 0.8502 | test_loss: 0.9957 | test_acc: 0.6953 | 
Epoch: 41 | train_loss: 0.3533 | train_acc: 0.8556 | test_loss: 1.1117 | test_acc: 0.6133 | 
Epoch: 42 | train_loss: 0.3757 | train_acc: 0.8631 | test_loss: 1.1028 | test_acc: 0.6289 | 
Epoch: 43 | train_loss: 0.2800 | train_acc: 0.8793 | test_loss: 1.1468 | test_acc: 0.6211 | 
Epoch: 44 | train_loss: 0.3456 | train_acc: 0.8804 | test_loss: 0.9896 | test_acc: 0.6211 | 
Epoch: 45 | train_loss: 0.3318 | train_acc: 0.8438 | test_loss: 1.2922 | test_acc: 0.5547 | 
Epoch: 46 | train_loss: 0.3240 | train_acc: 0.8782 | test_loss: 1.1212 | test_acc: 0.6523 | 
Epoch: 47 | train_loss: 0.2775 | train_acc: 0.9149 | test_loss: 1.2690 | test_acc: 0.6016 | 
Epoch: 48 | train_loss: 0.3649 | train_acc: 0.8761 | test_loss: 1.0402 | test_acc: 0.6289 | 
Epoch: 49 | train_loss: 0.3051 | train_acc: 0.9149 | test_loss: 1.0342 | test_acc: 0.5430 | 
Epoch: 50 | train_loss: 0.2576 | train_acc: 0.9213 | test_loss: 1.0559 | test_acc: 0.6094 | 
⏱️ Total training time: 88.918 seconds
📊 Bands [0, 402, 116] -> Fitness: 0.6094
Dataset initialized with pre-loaded data. Total samples: 897
Band indices for training dataloader: [363, 252, 397]
Dataset initialized with pre-loaded data. Total samples: 226
Band indices for test dataloader: [363, 252, 397]
🔍 Starting evaluation of individual [363, 252, 397]
Epoch: 1 | train_loss: 1.3613 | train_acc: 0.3082 | test_loss: 1.3235 | test_acc: 0.4297 | 
Epoch: 2 | train_loss: 1.2461 | train_acc: 0.4504 | test_loss: 1.2152 | test_acc: 0.4492 | 
Epoch: 3 | train_loss: 1.1059 | train_acc: 0.5377 | test_loss: 1.1682 | test_acc: 0.5000 | 
Epoch: 4 | train_loss: 1.0522 | train_acc: 0.5399 | test_loss: 1.0900 | test_acc: 0.5000 | 
Epoch: 5 | train_loss: 1.0249 | train_acc: 0.5593 | test_loss: 1.1738 | test_acc: 0.5898 | 
Epoch: 6 | train_loss: 0.9031 | train_acc: 0.6196 | test_loss: 1.1767 | test_acc: 0.5391 | 
Epoch: 7 | train_loss: 0.8469 | train_acc: 0.6606 | test_loss: 1.0481 | test_acc: 0.5820 | 
Epoch: 8 | train_loss: 0.7552 | train_acc: 0.6918 | test_loss: 1.2113 | test_acc: 0.5391 | 
Epoch: 9 | train_loss: 0.7052 | train_acc: 0.7188 | test_loss: 0.9264 | test_acc: 0.6641 | 
Epoch: 10 | train_loss: 0.6719 | train_acc: 0.7220 | test_loss: 1.0934 | test_acc: 0.5820 | 
Epoch: 11 | train_loss: 0.6319 | train_acc: 0.7252 | test_loss: 1.0993 | test_acc: 0.6172 | 
Epoch: 12 | train_loss: 0.7198 | train_acc: 0.6907 | test_loss: 1.0202 | test_acc: 0.6133 | 
Epoch: 13 | train_loss: 0.5715 | train_acc: 0.7565 | test_loss: 1.1291 | test_acc: 0.6211 | 
Epoch: 14 | train_loss: 0.5339 | train_acc: 0.8103 | test_loss: 0.9826 | test_acc: 0.6211 | 
Epoch: 15 | train_loss: 0.5370 | train_acc: 0.7996 | test_loss: 0.8661 | test_acc: 0.7070 | 
Epoch: 16 | train_loss: 0.4660 | train_acc: 0.8190 | test_loss: 0.8706 | test_acc: 0.7422 | 
Epoch: 17 | train_loss: 0.4131 | train_acc: 0.8545 | test_loss: 0.9239 | test_acc: 0.7109 | 
Epoch: 18 | train_loss: 0.4526 | train_acc: 0.8168 | test_loss: 0.8899 | test_acc: 0.7031 | 
Epoch: 19 | train_loss: 0.4927 | train_acc: 0.8082 | test_loss: 0.8641 | test_acc: 0.7109 | 
Epoch: 20 | train_loss: 0.5247 | train_acc: 0.7845 | test_loss: 0.9522 | test_acc: 0.6523 | 
Epoch: 21 | train_loss: 0.4906 | train_acc: 0.8006 | test_loss: 0.7714 | test_acc: 0.6719 | 
Epoch: 22 | train_loss: 0.3631 | train_acc: 0.8567 | test_loss: 0.7576 | test_acc: 0.7305 | 
Epoch: 23 | train_loss: 0.3588 | train_acc: 0.8524 | test_loss: 0.8173 | test_acc: 0.7578 | 
Epoch: 24 | train_loss: 0.3707 | train_acc: 0.8879 | test_loss: 0.7494 | test_acc: 0.7070 | 
Epoch: 25 | train_loss: 0.3577 | train_acc: 0.8578 | test_loss: 1.0490 | test_acc: 0.5938 | 
Epoch: 26 | train_loss: 0.2827 | train_acc: 0.8901 | test_loss: 0.8965 | test_acc: 0.7031 | 
Epoch: 27 | train_loss: 0.2594 | train_acc: 0.9030 | test_loss: 1.1791 | test_acc: 0.6328 | 
Epoch: 28 | train_loss: 0.2921 | train_acc: 0.8987 | test_loss: 1.0991 | test_acc: 0.5977 | 
Epoch: 29 | train_loss: 0.2507 | train_acc: 0.9106 | test_loss: 1.2909 | test_acc: 0.6523 | 
Epoch: 30 | train_loss: 0.3466 | train_acc: 0.8750 | test_loss: 0.8979 | test_acc: 0.7305 | 
Epoch: 31 | train_loss: 0.2838 | train_acc: 0.8664 | test_loss: 0.9194 | test_acc: 0.7109 | 
Epoch: 32 | train_loss: 0.2566 | train_acc: 0.8933 | test_loss: 1.1017 | test_acc: 0.6719 | 
Epoch: 33 | train_loss: 0.3095 | train_acc: 0.8718 | test_loss: 1.0998 | test_acc: 0.6836 | 
Epoch: 34 | train_loss: 0.2660 | train_acc: 0.9052 | test_loss: 1.0764 | test_acc: 0.6758 | 
Epoch: 35 | train_loss: 0.3628 | train_acc: 0.8836 | test_loss: 0.8316 | test_acc: 0.7539 | 
Epoch: 36 | train_loss: 0.3443 | train_acc: 0.8858 | test_loss: 1.0737 | test_acc: 0.6523 | 
Epoch: 37 | train_loss: 0.3471 | train_acc: 0.8761 | test_loss: 0.8400 | test_acc: 0.7188 | 
Epoch: 38 | train_loss: 0.2836 | train_acc: 0.8836 | test_loss: 0.8401 | test_acc: 0.7656 | 
Epoch: 39 | train_loss: 0.2131 | train_acc: 0.9116 | test_loss: 0.9949 | test_acc: 0.6523 | 
Epoch: 40 | train_loss: 0.2698 | train_acc: 0.8879 | test_loss: 1.1959 | test_acc: 0.6875 | 
Epoch: 41 | train_loss: 0.2327 | train_acc: 0.9321 | test_loss: 0.7850 | test_acc: 0.7734 | 
Epoch: 42 | train_loss: 0.2656 | train_acc: 0.9159 | test_loss: 0.8208 | test_acc: 0.7500 | 
Epoch: 43 | train_loss: 0.2493 | train_acc: 0.9289 | test_loss: 0.9833 | test_acc: 0.7422 | 
Epoch: 44 | train_loss: 0.2162 | train_acc: 0.9300 | test_loss: 0.8662 | test_acc: 0.7617 | 
Epoch: 45 | train_loss: 0.2370 | train_acc: 0.8987 | test_loss: 0.7406 | test_acc: 0.7734 | 
Epoch: 46 | train_loss: 0.2376 | train_acc: 0.8976 | test_loss: 0.9554 | test_acc: 0.7266 | 
Epoch: 47 | train_loss: 0.2124 | train_acc: 0.9159 | test_loss: 0.9247 | test_acc: 0.7578 | 
Epoch: 48 | train_loss: 0.2787 | train_acc: 0.9106 | test_loss: 0.9137 | test_acc: 0.7695 | 
Epoch: 49 | train_loss: 0.2636 | train_acc: 0.8922 | test_loss: 0.8646 | test_acc: 0.7500 | 
Epoch: 50 | train_loss: 0.2166 | train_acc: 0.9127 | test_loss: 1.0080 | test_acc: 0.7344 | 
⏱️ Total training time: 88.652 seconds
📊 Bands [363, 252, 397] -> Fitness: 0.7344
Dataset initialized with pre-loaded data. Total samples: 897
Band indices for training dataloader: [0, 271, 355]
Dataset initialized with pre-loaded data. Total samples: 226
Band indices for test dataloader: [0, 271, 355]
🔍 Starting evaluation of individual [0, 271, 355]
Epoch: 1 | train_loss: 1.3859 | train_acc: 0.2834 | test_loss: 1.3721 | test_acc: 0.3047 | 
Epoch: 2 | train_loss: 1.3144 | train_acc: 0.3987 | test_loss: 1.3451 | test_acc: 0.3164 | 
Epoch: 3 | train_loss: 1.2501 | train_acc: 0.4138 | test_loss: 1.3463 | test_acc: 0.3906 | 
Epoch: 4 | train_loss: 1.1958 | train_acc: 0.4472 | test_loss: 1.2182 | test_acc: 0.4648 | 
Epoch: 5 | train_loss: 1.1582 | train_acc: 0.4817 | test_loss: 1.1680 | test_acc: 0.4805 | 
Epoch: 6 | train_loss: 1.0810 | train_acc: 0.5269 | test_loss: 1.3023 | test_acc: 0.4102 | 
Epoch: 7 | train_loss: 1.0669 | train_acc: 0.5194 | test_loss: 1.2155 | test_acc: 0.5000 | 
Epoch: 8 | train_loss: 0.9766 | train_acc: 0.5808 | test_loss: 1.1576 | test_acc: 0.4844 | 
Epoch: 9 | train_loss: 0.9038 | train_acc: 0.6412 | test_loss: 1.1155 | test_acc: 0.5117 | 
Epoch: 10 | train_loss: 0.8835 | train_acc: 0.6455 | test_loss: 1.2977 | test_acc: 0.4922 | 
Epoch: 11 | train_loss: 0.8237 | train_acc: 0.6530 | test_loss: 1.2051 | test_acc: 0.5234 | 
Epoch: 12 | train_loss: 0.8599 | train_acc: 0.6401 | test_loss: 1.1113 | test_acc: 0.5977 | 
Epoch: 13 | train_loss: 0.8833 | train_acc: 0.6390 | test_loss: 1.1673 | test_acc: 0.5234 | 
Epoch: 14 | train_loss: 0.7760 | train_acc: 0.6681 | test_loss: 1.0827 | test_acc: 0.5352 | 
Epoch: 15 | train_loss: 0.7435 | train_acc: 0.6810 | test_loss: 1.0402 | test_acc: 0.5781 | 
Epoch: 16 | train_loss: 0.6951 | train_acc: 0.7381 | test_loss: 1.2268 | test_acc: 0.5273 | 
Epoch: 17 | train_loss: 0.7560 | train_acc: 0.7144 | test_loss: 1.1124 | test_acc: 0.5820 | 
Epoch: 18 | train_loss: 0.6253 | train_acc: 0.7629 | test_loss: 1.0895 | test_acc: 0.5977 | 
Epoch: 19 | train_loss: 0.5676 | train_acc: 0.7769 | test_loss: 1.3108 | test_acc: 0.4883 | 
Epoch: 20 | train_loss: 0.5584 | train_acc: 0.7759 | test_loss: 1.0816 | test_acc: 0.5977 | 
Epoch: 21 | train_loss: 0.6218 | train_acc: 0.7683 | test_loss: 1.1776 | test_acc: 0.5508 | 
Epoch: 22 | train_loss: 0.5346 | train_acc: 0.7845 | test_loss: 1.0900 | test_acc: 0.5742 | 
Epoch: 23 | train_loss: 0.5676 | train_acc: 0.7672 | test_loss: 1.2514 | test_acc: 0.5625 | 
Epoch: 24 | train_loss: 0.5561 | train_acc: 0.7899 | test_loss: 1.3319 | test_acc: 0.5664 | 
Epoch: 25 | train_loss: 0.5901 | train_acc: 0.7716 | test_loss: 1.3135 | test_acc: 0.5078 | 
Epoch: 26 | train_loss: 0.6043 | train_acc: 0.7726 | test_loss: 1.2717 | test_acc: 0.5781 | 
Epoch: 27 | train_loss: 0.4910 | train_acc: 0.8017 | test_loss: 1.3603 | test_acc: 0.5781 | 
Epoch: 28 | train_loss: 0.4661 | train_acc: 0.8351 | test_loss: 1.1458 | test_acc: 0.5898 | 
Epoch: 29 | train_loss: 0.4806 | train_acc: 0.8211 | test_loss: 1.1793 | test_acc: 0.6094 | 
Epoch: 30 | train_loss: 0.4907 | train_acc: 0.8233 | test_loss: 1.1872 | test_acc: 0.5898 | 
Epoch: 31 | train_loss: 0.3982 | train_acc: 0.8556 | test_loss: 1.2816 | test_acc: 0.5625 | 
Epoch: 32 | train_loss: 0.4594 | train_acc: 0.8179 | test_loss: 1.0731 | test_acc: 0.6719 | 
Epoch: 33 | train_loss: 0.4076 | train_acc: 0.8470 | test_loss: 1.0934 | test_acc: 0.5781 | 
Epoch: 34 | train_loss: 0.5091 | train_acc: 0.8222 | test_loss: 1.0884 | test_acc: 0.6523 | 
Epoch: 35 | train_loss: 0.5373 | train_acc: 0.7974 | test_loss: 1.0633 | test_acc: 0.5430 | 
Epoch: 36 | train_loss: 0.4964 | train_acc: 0.8071 | test_loss: 1.1551 | test_acc: 0.6328 | 
Epoch: 37 | train_loss: 0.3972 | train_acc: 0.8373 | test_loss: 1.0941 | test_acc: 0.6523 | 
Epoch: 38 | train_loss: 0.3971 | train_acc: 0.8534 | test_loss: 1.2745 | test_acc: 0.6328 | 
Epoch: 39 | train_loss: 0.4632 | train_acc: 0.8287 | test_loss: 1.0845 | test_acc: 0.6367 | 
Epoch: 40 | train_loss: 0.3889 | train_acc: 0.8394 | test_loss: 1.1132 | test_acc: 0.5977 | 
Epoch: 41 | train_loss: 0.4465 | train_acc: 0.8222 | test_loss: 1.1587 | test_acc: 0.6289 | 
Epoch: 42 | train_loss: 0.3903 | train_acc: 0.8621 | test_loss: 1.0032 | test_acc: 0.6758 | 
Epoch: 43 | train_loss: 0.3288 | train_acc: 0.8901 | test_loss: 1.1002 | test_acc: 0.6367 | 
Epoch: 44 | train_loss: 0.3326 | train_acc: 0.8879 | test_loss: 1.0743 | test_acc: 0.6016 | 
Epoch: 45 | train_loss: 0.3092 | train_acc: 0.8912 | test_loss: 1.1889 | test_acc: 0.5898 | 
Epoch: 46 | train_loss: 0.3444 | train_acc: 0.8653 | test_loss: 1.2105 | test_acc: 0.6055 | 
Epoch: 47 | train_loss: 0.4518 | train_acc: 0.8578 | test_loss: 1.2309 | test_acc: 0.5547 | 
Epoch: 48 | train_loss: 0.3555 | train_acc: 0.8459 | test_loss: 1.1959 | test_acc: 0.6406 | 
Epoch: 49 | train_loss: 0.2929 | train_acc: 0.8933 | test_loss: 1.2503 | test_acc: 0.5547 | 
Epoch: 50 | train_loss: 0.3403 | train_acc: 0.8534 | test_loss: 1.2738 | test_acc: 0.5469 | 
⏱️ Total training time: 109.329 seconds
📊 Bands [0, 271, 355] -> Fitness: 0.5469
Dataset initialized with pre-loaded data. Total samples: 897
Band indices for training dataloader: [415, 386, 128]
Dataset initialized with pre-loaded data. Total samples: 226
Band indices for test dataloader: [415, 386, 128]
🔍 Starting evaluation of individual [415, 386, 128]
Epoch: 1 | train_loss: 1.3665 | train_acc: 0.3534 | test_loss: 1.2971 | test_acc: 0.3320 | 
Epoch: 2 | train_loss: 1.2618 | train_acc: 0.4515 | test_loss: 1.2155 | test_acc: 0.4805 | 
Epoch: 3 | train_loss: 1.1593 | train_acc: 0.4935 | test_loss: 1.2950 | test_acc: 0.5117 | 
Epoch: 4 | train_loss: 1.0924 | train_acc: 0.5216 | test_loss: 1.1805 | test_acc: 0.5234 | 
Epoch: 5 | train_loss: 0.9768 | train_acc: 0.5894 | test_loss: 1.1707 | test_acc: 0.5391 | 
Epoch: 6 | train_loss: 0.9035 | train_acc: 0.6207 | test_loss: 1.1440 | test_acc: 0.5742 | 
Epoch: 7 | train_loss: 0.9026 | train_acc: 0.6293 | test_loss: 1.2013 | test_acc: 0.5703 | 
Epoch: 8 | train_loss: 0.7866 | train_acc: 0.7177 | test_loss: 1.1302 | test_acc: 0.6055 | 
Epoch: 9 | train_loss: 0.8243 | train_acc: 0.6713 | test_loss: 1.0931 | test_acc: 0.5742 | 
Epoch: 10 | train_loss: 0.7146 | train_acc: 0.7123 | test_loss: 1.1175 | test_acc: 0.5859 | 
Epoch: 11 | train_loss: 0.6225 | train_acc: 0.7457 | test_loss: 1.0925 | test_acc: 0.5820 | 
Epoch: 12 | train_loss: 0.6867 | train_acc: 0.7198 | test_loss: 0.9685 | test_acc: 0.6992 | 
Epoch: 13 | train_loss: 0.6325 | train_acc: 0.7414 | test_loss: 1.0497 | test_acc: 0.6133 | 
Epoch: 14 | train_loss: 0.5633 | train_acc: 0.7953 | test_loss: 0.8153 | test_acc: 0.7109 | 
Epoch: 15 | train_loss: 0.5927 | train_acc: 0.7662 | test_loss: 1.0715 | test_acc: 0.6094 | 
Epoch: 16 | train_loss: 0.5008 | train_acc: 0.7942 | test_loss: 1.1393 | test_acc: 0.5508 | 
Epoch: 17 | train_loss: 0.5590 | train_acc: 0.7629 | test_loss: 0.9192 | test_acc: 0.6875 | 
Epoch: 18 | train_loss: 0.5381 | train_acc: 0.7899 | test_loss: 1.0100 | test_acc: 0.6094 | 
Epoch: 19 | train_loss: 0.4702 | train_acc: 0.7974 | test_loss: 1.0577 | test_acc: 0.6797 | 
Epoch: 20 | train_loss: 0.4804 | train_acc: 0.8103 | test_loss: 1.1330 | test_acc: 0.6523 | 
Epoch: 21 | train_loss: 0.3984 | train_acc: 0.8675 | test_loss: 0.8084 | test_acc: 0.7539 | 
Epoch: 22 | train_loss: 0.4210 | train_acc: 0.8427 | test_loss: 1.0727 | test_acc: 0.6523 | 
Epoch: 23 | train_loss: 0.4419 | train_acc: 0.8470 | test_loss: 0.9202 | test_acc: 0.7031 | 
Epoch: 24 | train_loss: 0.5074 | train_acc: 0.8050 | test_loss: 0.9216 | test_acc: 0.7266 | 
Epoch: 25 | train_loss: 0.4499 | train_acc: 0.8448 | test_loss: 0.8254 | test_acc: 0.7070 | 
Epoch: 26 | train_loss: 0.3655 | train_acc: 0.8707 | test_loss: 0.8175 | test_acc: 0.7109 | 
Epoch: 27 | train_loss: 0.4073 | train_acc: 0.8588 | test_loss: 0.9331 | test_acc: 0.7188 | 
Epoch: 28 | train_loss: 0.4295 | train_acc: 0.8276 | test_loss: 0.8010 | test_acc: 0.7539 | 
Epoch: 29 | train_loss: 0.3548 | train_acc: 0.8836 | test_loss: 1.0906 | test_acc: 0.6953 | 
Epoch: 30 | train_loss: 0.3539 | train_acc: 0.8534 | test_loss: 0.9279 | test_acc: 0.6758 | 
Epoch: 31 | train_loss: 0.4528 | train_acc: 0.8438 | test_loss: 0.8912 | test_acc: 0.7500 | 
Epoch: 32 | train_loss: 0.3879 | train_acc: 0.8578 | test_loss: 0.9503 | test_acc: 0.7227 | 
Epoch: 33 | train_loss: 0.3277 | train_acc: 0.8836 | test_loss: 1.0442 | test_acc: 0.7031 | 
Epoch: 34 | train_loss: 0.3119 | train_acc: 0.8933 | test_loss: 0.9551 | test_acc: 0.7227 | 
Epoch: 35 | train_loss: 0.3275 | train_acc: 0.8707 | test_loss: 0.8967 | test_acc: 0.7070 | 
Epoch: 36 | train_loss: 0.2841 | train_acc: 0.9095 | test_loss: 0.9509 | test_acc: 0.7266 | 
Epoch: 37 | train_loss: 0.3306 | train_acc: 0.8718 | test_loss: 0.9561 | test_acc: 0.7109 | 
Epoch: 38 | train_loss: 0.3137 | train_acc: 0.8642 | test_loss: 1.0809 | test_acc: 0.6953 | 
Epoch: 39 | train_loss: 0.3202 | train_acc: 0.8858 | test_loss: 0.9747 | test_acc: 0.7109 | 
Epoch: 40 | train_loss: 0.3576 | train_acc: 0.8653 | test_loss: 0.9716 | test_acc: 0.7383 | 
Epoch: 41 | train_loss: 0.3397 | train_acc: 0.8610 | test_loss: 0.8158 | test_acc: 0.7344 | 
Epoch: 42 | train_loss: 0.3219 | train_acc: 0.8793 | test_loss: 0.9284 | test_acc: 0.7344 | 
Epoch: 43 | train_loss: 0.2440 | train_acc: 0.9246 | test_loss: 1.0058 | test_acc: 0.6719 | 
Epoch: 44 | train_loss: 0.2388 | train_acc: 0.9062 | test_loss: 1.0706 | test_acc: 0.6992 | 
Epoch: 45 | train_loss: 0.2324 | train_acc: 0.9009 | test_loss: 0.8833 | test_acc: 0.7344 | 
Epoch: 46 | train_loss: 0.3880 | train_acc: 0.8912 | test_loss: 1.1701 | test_acc: 0.6875 | 
Epoch: 47 | train_loss: 0.2785 | train_acc: 0.8933 | test_loss: 0.9818 | test_acc: 0.7461 | 
Epoch: 48 | train_loss: 0.2367 | train_acc: 0.9310 | test_loss: 0.9052 | test_acc: 0.7383 | 
Epoch: 49 | train_loss: 0.3033 | train_acc: 0.8966 | test_loss: 0.8517 | test_acc: 0.7656 | 
Epoch: 50 | train_loss: 0.2213 | train_acc: 0.9246 | test_loss: 0.8545 | test_acc: 0.7344 | 
⏱️ Total training time: 87.462 seconds
📊 Bands [415, 386, 128] -> Fitness: 0.7344
Dataset initialized with pre-loaded data. Total samples: 897
Band indices for training dataloader: [413, 243, 335]
Dataset initialized with pre-loaded data. Total samples: 226
Band indices for test dataloader: [413, 243, 335]
🔍 Starting evaluation of individual [413, 243, 335]
Epoch: 1 | train_loss: 1.3634 | train_acc: 0.3028 | test_loss: 1.2543 | test_acc: 0.3789 | 
Epoch: 2 | train_loss: 1.2454 | train_acc: 0.4494 | test_loss: 1.2326 | test_acc: 0.4219 | 
Epoch: 3 | train_loss: 1.1156 | train_acc: 0.5323 | test_loss: 1.2854 | test_acc: 0.4297 | 
Epoch: 4 | train_loss: 1.0333 | train_acc: 0.5636 | test_loss: 1.0586 | test_acc: 0.5547 | 
Epoch: 5 | train_loss: 0.9420 | train_acc: 0.6142 | test_loss: 1.0663 | test_acc: 0.5898 | 
Epoch: 6 | train_loss: 0.8308 | train_acc: 0.6875 | test_loss: 1.0851 | test_acc: 0.5977 | 
Epoch: 7 | train_loss: 0.8385 | train_acc: 0.6369 | test_loss: 1.0911 | test_acc: 0.5312 | 
Epoch: 8 | train_loss: 0.7246 | train_acc: 0.7360 | test_loss: 1.0328 | test_acc: 0.5586 | 
Epoch: 9 | train_loss: 0.7734 | train_acc: 0.7188 | test_loss: 1.1671 | test_acc: 0.6562 | 
Epoch: 10 | train_loss: 0.6817 | train_acc: 0.7231 | test_loss: 1.0589 | test_acc: 0.6797 | 
Epoch: 11 | train_loss: 0.6902 | train_acc: 0.7317 | test_loss: 0.9796 | test_acc: 0.6602 | 
Epoch: 12 | train_loss: 0.6531 | train_acc: 0.7597 | test_loss: 0.9102 | test_acc: 0.6484 | 
Epoch: 13 | train_loss: 0.5351 | train_acc: 0.8028 | test_loss: 0.8630 | test_acc: 0.6758 | 
Epoch: 14 | train_loss: 0.5402 | train_acc: 0.7769 | test_loss: 0.9362 | test_acc: 0.6719 | 
Epoch: 15 | train_loss: 0.5021 | train_acc: 0.7877 | test_loss: 0.9745 | test_acc: 0.6484 | 
Epoch: 16 | train_loss: 0.5369 | train_acc: 0.7726 | test_loss: 0.9662 | test_acc: 0.6641 | 
Epoch: 17 | train_loss: 0.4412 | train_acc: 0.8438 | test_loss: 0.9093 | test_acc: 0.6992 | 
Epoch: 18 | train_loss: 0.3551 | train_acc: 0.8847 | test_loss: 0.9701 | test_acc: 0.6992 | 
Epoch: 19 | train_loss: 0.3872 | train_acc: 0.8599 | test_loss: 1.1217 | test_acc: 0.6250 | 
Epoch: 20 | train_loss: 0.4598 | train_acc: 0.8200 | test_loss: 0.8273 | test_acc: 0.7188 | 
Epoch: 21 | train_loss: 0.4473 | train_acc: 0.8287 | test_loss: 0.7352 | test_acc: 0.7266 | 
Epoch: 22 | train_loss: 0.4395 | train_acc: 0.8233 | test_loss: 0.7893 | test_acc: 0.7031 | 
Epoch: 23 | train_loss: 0.3533 | train_acc: 0.8696 | test_loss: 0.9107 | test_acc: 0.6680 | 
Epoch: 24 | train_loss: 0.2889 | train_acc: 0.8922 | test_loss: 0.8657 | test_acc: 0.7148 | 
Epoch: 25 | train_loss: 0.3063 | train_acc: 0.9009 | test_loss: 0.8912 | test_acc: 0.7461 | 
Epoch: 26 | train_loss: 0.3513 | train_acc: 0.8955 | test_loss: 0.8031 | test_acc: 0.7305 | 
Epoch: 27 | train_loss: 0.2619 | train_acc: 0.9073 | test_loss: 0.9082 | test_acc: 0.7383 | 
Epoch: 28 | train_loss: 0.2658 | train_acc: 0.8976 | test_loss: 0.8497 | test_acc: 0.7188 | 
Epoch: 29 | train_loss: 0.3824 | train_acc: 0.8879 | test_loss: 0.9492 | test_acc: 0.7344 | 
Epoch: 30 | train_loss: 0.3550 | train_acc: 0.8912 | test_loss: 0.8276 | test_acc: 0.7188 | 
Epoch: 31 | train_loss: 0.2402 | train_acc: 0.9224 | test_loss: 0.8494 | test_acc: 0.7539 | 
Epoch: 32 | train_loss: 0.2109 | train_acc: 0.9300 | test_loss: 0.9072 | test_acc: 0.7539 | 
Epoch: 33 | train_loss: 0.3200 | train_acc: 0.8825 | test_loss: 1.0711 | test_acc: 0.7070 | 
Epoch: 34 | train_loss: 0.3048 | train_acc: 0.8750 | test_loss: 0.8756 | test_acc: 0.7109 | 
Epoch: 35 | train_loss: 0.2097 | train_acc: 0.9407 | test_loss: 0.8160 | test_acc: 0.7617 | 
Epoch: 36 | train_loss: 0.1999 | train_acc: 0.9300 | test_loss: 0.8177 | test_acc: 0.7539 | 
Epoch: 37 | train_loss: 0.2648 | train_acc: 0.9149 | test_loss: 0.9626 | test_acc: 0.7227 | 
Epoch: 38 | train_loss: 0.3094 | train_acc: 0.8933 | test_loss: 0.9957 | test_acc: 0.7227 | 
Epoch: 39 | train_loss: 0.2453 | train_acc: 0.8912 | test_loss: 0.8427 | test_acc: 0.7812 | 
Epoch: 40 | train_loss: 0.1845 | train_acc: 0.9397 | test_loss: 0.7845 | test_acc: 0.7578 | 
Epoch: 41 | train_loss: 0.2677 | train_acc: 0.9084 | test_loss: 0.8071 | test_acc: 0.7695 | 
Epoch: 42 | train_loss: 0.2564 | train_acc: 0.8933 | test_loss: 0.8381 | test_acc: 0.7539 | 
Epoch: 43 | train_loss: 0.2824 | train_acc: 0.8966 | test_loss: 0.9155 | test_acc: 0.7539 | 
Epoch: 44 | train_loss: 0.1982 | train_acc: 0.9300 | test_loss: 0.9851 | test_acc: 0.7461 | 
Epoch: 45 | train_loss: 0.2495 | train_acc: 0.9084 | test_loss: 1.0272 | test_acc: 0.7383 | 
Epoch: 46 | train_loss: 0.2942 | train_acc: 0.8804 | test_loss: 1.0387 | test_acc: 0.6914 | 
Epoch: 47 | train_loss: 0.2460 | train_acc: 0.8933 | test_loss: 0.9307 | test_acc: 0.7461 | 
Epoch: 48 | train_loss: 0.2429 | train_acc: 0.9030 | test_loss: 0.8078 | test_acc: 0.7578 | 
Epoch: 49 | train_loss: 0.2038 | train_acc: 0.9256 | test_loss: 0.8441 | test_acc: 0.7617 | 
Epoch: 50 | train_loss: 0.1737 | train_acc: 0.9483 | test_loss: 0.9070 | test_acc: 0.7383 | 
⏱️ Total training time: 88.582 seconds
📊 Bands [413, 243, 335] -> Fitness: 0.7383
Dataset initialized with pre-loaded data. Total samples: 897
Band indices for training dataloader: [275, 368, 309]
Dataset initialized with pre-loaded data. Total samples: 226
Band indices for test dataloader: [275, 368, 309]
🔍 Starting evaluation of individual [275, 368, 309]
Epoch: 1 | train_loss: 1.3591 | train_acc: 0.3545 | test_loss: 1.3032 | test_acc: 0.3242 | 
Epoch: 2 | train_loss: 1.2776 | train_acc: 0.4030 | test_loss: 1.1530 | test_acc: 0.5273 | 
Epoch: 3 | train_loss: 1.2360 | train_acc: 0.4472 | test_loss: 1.1285 | test_acc: 0.5117 | 
Epoch: 4 | train_loss: 1.0885 | train_acc: 0.5377 | test_loss: 1.1316 | test_acc: 0.4883 | 
Epoch: 5 | train_loss: 1.0063 | train_acc: 0.5787 | test_loss: 1.2319 | test_acc: 0.4258 | 
Epoch: 6 | train_loss: 1.0076 | train_acc: 0.5873 | test_loss: 1.0758 | test_acc: 0.5117 | 
Epoch: 7 | train_loss: 1.0185 | train_acc: 0.5787 | test_loss: 1.0941 | test_acc: 0.5391 | 
Epoch: 8 | train_loss: 0.8998 | train_acc: 0.6455 | test_loss: 1.1109 | test_acc: 0.5547 | 
Epoch: 9 | train_loss: 0.9141 | train_acc: 0.6164 | test_loss: 1.0445 | test_acc: 0.5547 | 
Epoch: 10 | train_loss: 0.7756 | train_acc: 0.7080 | test_loss: 0.9442 | test_acc: 0.5977 | 
Epoch: 11 | train_loss: 0.8033 | train_acc: 0.6638 | test_loss: 0.9594 | test_acc: 0.6641 | 
Epoch: 12 | train_loss: 0.7234 | train_acc: 0.7080 | test_loss: 1.0117 | test_acc: 0.5977 | 
Epoch: 13 | train_loss: 0.7670 | train_acc: 0.7101 | test_loss: 1.0461 | test_acc: 0.5938 | 
Epoch: 14 | train_loss: 0.7476 | train_acc: 0.7080 | test_loss: 1.0583 | test_acc: 0.5586 | 
Epoch: 15 | train_loss: 0.6221 | train_acc: 0.7651 | test_loss: 1.1087 | test_acc: 0.6172 | 
Epoch: 16 | train_loss: 0.5979 | train_acc: 0.7489 | test_loss: 1.1311 | test_acc: 0.5742 | 
Epoch: 17 | train_loss: 0.6254 | train_acc: 0.7554 | test_loss: 1.0652 | test_acc: 0.6016 | 
Epoch: 18 | train_loss: 0.5719 | train_acc: 0.7920 | test_loss: 0.9699 | test_acc: 0.6211 | 
Epoch: 19 | train_loss: 0.5259 | train_acc: 0.7974 | test_loss: 0.9672 | test_acc: 0.6641 | 
Epoch: 20 | train_loss: 0.5294 | train_acc: 0.7845 | test_loss: 0.8778 | test_acc: 0.6836 | 
Epoch: 21 | train_loss: 0.5352 | train_acc: 0.7748 | test_loss: 1.0280 | test_acc: 0.6484 | 
Epoch: 22 | train_loss: 0.5101 | train_acc: 0.8028 | test_loss: 0.9469 | test_acc: 0.6953 | 
Epoch: 23 | train_loss: 0.4826 | train_acc: 0.8341 | test_loss: 0.9756 | test_acc: 0.6094 | 
Epoch: 24 | train_loss: 0.4432 | train_acc: 0.8481 | test_loss: 0.9722 | test_acc: 0.6641 | 
Epoch: 25 | train_loss: 0.5011 | train_acc: 0.7931 | test_loss: 1.0061 | test_acc: 0.6484 | 
Epoch: 26 | train_loss: 0.5053 | train_acc: 0.8071 | test_loss: 0.9566 | test_acc: 0.6445 | 
Epoch: 27 | train_loss: 0.4501 | train_acc: 0.8373 | test_loss: 0.8835 | test_acc: 0.6641 | 
Epoch: 28 | train_loss: 0.3950 | train_acc: 0.8642 | test_loss: 0.9180 | test_acc: 0.6836 | 
Epoch: 29 | train_loss: 0.6041 | train_acc: 0.8200 | test_loss: 0.9426 | test_acc: 0.7148 | 
Epoch: 30 | train_loss: 0.4456 | train_acc: 0.8179 | test_loss: 0.8128 | test_acc: 0.7070 | 
Epoch: 31 | train_loss: 0.4456 | train_acc: 0.8254 | test_loss: 0.8734 | test_acc: 0.7461 | 
Epoch: 32 | train_loss: 0.3758 | train_acc: 0.8718 | test_loss: 0.8510 | test_acc: 0.7109 | 
Epoch: 33 | train_loss: 0.3806 | train_acc: 0.8707 | test_loss: 1.2245 | test_acc: 0.6484 | 
Epoch: 34 | train_loss: 0.4134 | train_acc: 0.8481 | test_loss: 0.9774 | test_acc: 0.7031 | 
Epoch: 35 | train_loss: 0.3795 | train_acc: 0.8448 | test_loss: 0.8680 | test_acc: 0.6914 | 
Epoch: 36 | train_loss: 0.3186 | train_acc: 0.8955 | test_loss: 1.0120 | test_acc: 0.6992 | 
Epoch: 37 | train_loss: 0.3499 | train_acc: 0.8782 | test_loss: 1.0167 | test_acc: 0.6836 | 
Epoch: 38 | train_loss: 0.3542 | train_acc: 0.8642 | test_loss: 0.8891 | test_acc: 0.7422 | 
Epoch: 39 | train_loss: 0.3553 | train_acc: 0.8459 | test_loss: 0.7895 | test_acc: 0.7344 | 
Epoch: 40 | train_loss: 0.4047 | train_acc: 0.8567 | test_loss: 0.8083 | test_acc: 0.7031 | 
Epoch: 41 | train_loss: 0.3999 | train_acc: 0.8394 | test_loss: 0.7921 | test_acc: 0.7188 | 
Epoch: 42 | train_loss: 0.3159 | train_acc: 0.8966 | test_loss: 0.8871 | test_acc: 0.7188 | 
Epoch: 43 | train_loss: 0.3003 | train_acc: 0.8804 | test_loss: 0.8883 | test_acc: 0.7227 | 
Epoch: 44 | train_loss: 0.2832 | train_acc: 0.9030 | test_loss: 0.9415 | test_acc: 0.6914 | 
Epoch: 45 | train_loss: 0.2663 | train_acc: 0.9106 | test_loss: 0.9101 | test_acc: 0.6953 | 
Epoch: 46 | train_loss: 0.2909 | train_acc: 0.8998 | test_loss: 0.8113 | test_acc: 0.7266 | 
Epoch: 47 | train_loss: 0.2613 | train_acc: 0.9073 | test_loss: 0.9136 | test_acc: 0.7109 | 
Epoch: 48 | train_loss: 0.3454 | train_acc: 0.8631 | test_loss: 1.0309 | test_acc: 0.6914 | 
Epoch: 49 | train_loss: 0.2444 | train_acc: 0.9256 | test_loss: 0.9047 | test_acc: 0.7227 | 
Epoch: 50 | train_loss: 0.2708 | train_acc: 0.9181 | test_loss: 0.9103 | test_acc: 0.6914 | 
⏱️ Total training time: 88.864 seconds
📊 Bands [275, 368, 309] -> Fitness: 0.6914
Dataset initialized with pre-loaded data. Total samples: 897
Band indices for training dataloader: [152, 158, 224]
Dataset initialized with pre-loaded data. Total samples: 226
Band indices for test dataloader: [152, 158, 224]
🔍 Starting evaluation of individual [152, 158, 224]
Epoch: 1 | train_loss: 1.3596 | train_acc: 0.3200 | test_loss: 1.2706 | test_acc: 0.4336 | 
Epoch: 2 | train_loss: 1.2252 | train_acc: 0.4364 | test_loss: 1.3358 | test_acc: 0.4336 | 
Epoch: 3 | train_loss: 1.1423 | train_acc: 0.4828 | test_loss: 1.1812 | test_acc: 0.5469 | 
Epoch: 4 | train_loss: 1.0615 | train_acc: 0.5129 | test_loss: 1.1360 | test_acc: 0.4922 | 
Epoch: 5 | train_loss: 0.9569 | train_acc: 0.5819 | test_loss: 0.9796 | test_acc: 0.6133 | 
Epoch: 6 | train_loss: 0.8978 | train_acc: 0.6304 | test_loss: 1.1324 | test_acc: 0.5586 | 
Epoch: 7 | train_loss: 0.8553 | train_acc: 0.6692 | test_loss: 1.5759 | test_acc: 0.5586 | 
Epoch: 8 | train_loss: 0.7916 | train_acc: 0.6670 | test_loss: 1.0601 | test_acc: 0.5781 | 
Epoch: 9 | train_loss: 0.8176 | train_acc: 0.6703 | test_loss: 1.0503 | test_acc: 0.5586 | 
Epoch: 10 | train_loss: 0.7078 | train_acc: 0.7144 | test_loss: 1.0738 | test_acc: 0.5859 | 
Epoch: 11 | train_loss: 0.6719 | train_acc: 0.7403 | test_loss: 0.9278 | test_acc: 0.6875 | 
Epoch: 12 | train_loss: 0.5760 | train_acc: 0.7575 | test_loss: 1.0560 | test_acc: 0.6016 | 
Epoch: 13 | train_loss: 0.6173 | train_acc: 0.7629 | test_loss: 0.8635 | test_acc: 0.6836 | 
Epoch: 14 | train_loss: 0.5464 | train_acc: 0.7726 | test_loss: 0.9359 | test_acc: 0.6797 | 
Epoch: 15 | train_loss: 0.5373 | train_acc: 0.8039 | test_loss: 0.9400 | test_acc: 0.6992 | 
Epoch: 16 | train_loss: 0.4902 | train_acc: 0.7985 | test_loss: 0.8877 | test_acc: 0.6797 | 
Epoch: 17 | train_loss: 0.4744 | train_acc: 0.7899 | test_loss: 0.9194 | test_acc: 0.6289 | 
Epoch: 18 | train_loss: 0.4693 | train_acc: 0.8211 | test_loss: 0.9401 | test_acc: 0.6445 | 
Epoch: 19 | train_loss: 0.4814 | train_acc: 0.8028 | test_loss: 0.8050 | test_acc: 0.6953 | 
Epoch: 20 | train_loss: 0.4002 | train_acc: 0.8448 | test_loss: 0.9691 | test_acc: 0.7188 | 
Epoch: 21 | train_loss: 0.4047 | train_acc: 0.8610 | test_loss: 0.9668 | test_acc: 0.6602 | 
Epoch: 22 | train_loss: 0.4475 | train_acc: 0.8254 | test_loss: 0.8272 | test_acc: 0.7539 | 
Epoch: 23 | train_loss: 0.4625 | train_acc: 0.8039 | test_loss: 0.8274 | test_acc: 0.7188 | 
Epoch: 24 | train_loss: 0.3665 | train_acc: 0.8513 | test_loss: 0.8439 | test_acc: 0.7188 | 
Epoch: 25 | train_loss: 0.3514 | train_acc: 0.8696 | test_loss: 0.8572 | test_acc: 0.7383 | 
Epoch: 26 | train_loss: 0.3045 | train_acc: 0.9019 | test_loss: 0.8293 | test_acc: 0.7383 | 
Epoch: 27 | train_loss: 0.3709 | train_acc: 0.8438 | test_loss: 1.2032 | test_acc: 0.6367 | 
Epoch: 28 | train_loss: 0.3511 | train_acc: 0.8707 | test_loss: 0.7989 | test_acc: 0.7539 | 
Epoch: 29 | train_loss: 0.2666 | train_acc: 0.9181 | test_loss: 1.1410 | test_acc: 0.6758 | 
Epoch: 30 | train_loss: 0.3484 | train_acc: 0.8804 | test_loss: 0.9940 | test_acc: 0.6992 | 
Epoch: 31 | train_loss: 0.3789 | train_acc: 0.8664 | test_loss: 0.8032 | test_acc: 0.7461 | 
Epoch: 32 | train_loss: 0.2601 | train_acc: 0.8922 | test_loss: 0.8673 | test_acc: 0.7305 | 
Epoch: 33 | train_loss: 0.3111 | train_acc: 0.8675 | test_loss: 0.8883 | test_acc: 0.7383 | 
Epoch: 34 | train_loss: 0.2918 | train_acc: 0.8750 | test_loss: 0.7478 | test_acc: 0.7539 | 
Epoch: 35 | train_loss: 0.2633 | train_acc: 0.8966 | test_loss: 0.9510 | test_acc: 0.6602 | 
Epoch: 36 | train_loss: 0.2537 | train_acc: 0.8890 | test_loss: 1.0956 | test_acc: 0.6953 | 
Epoch: 37 | train_loss: 0.2456 | train_acc: 0.9300 | test_loss: 1.0287 | test_acc: 0.7148 | 
Epoch: 38 | train_loss: 0.3402 | train_acc: 0.8912 | test_loss: 0.7877 | test_acc: 0.7773 | 
Epoch: 39 | train_loss: 0.2594 | train_acc: 0.9084 | test_loss: 0.8300 | test_acc: 0.7695 | 
Epoch: 40 | train_loss: 0.2346 | train_acc: 0.9224 | test_loss: 0.8803 | test_acc: 0.6992 | 
Epoch: 41 | train_loss: 0.2236 | train_acc: 0.9062 | test_loss: 1.2095 | test_acc: 0.7031 | 
Epoch: 42 | train_loss: 0.2918 | train_acc: 0.8901 | test_loss: 1.0811 | test_acc: 0.7031 | 
Epoch: 43 | train_loss: 0.1985 | train_acc: 0.9364 | test_loss: 1.1055 | test_acc: 0.7070 | 
Epoch: 44 | train_loss: 0.2328 | train_acc: 0.9073 | test_loss: 0.9688 | test_acc: 0.6914 | 
Epoch: 45 | train_loss: 0.2059 | train_acc: 0.9127 | test_loss: 1.0929 | test_acc: 0.6875 | 
Epoch: 46 | train_loss: 0.2656 | train_acc: 0.8912 | test_loss: 1.1178 | test_acc: 0.6758 | 
Epoch: 47 | train_loss: 0.2526 | train_acc: 0.8955 | test_loss: 1.2550 | test_acc: 0.6992 | 
Epoch: 48 | train_loss: 0.2501 | train_acc: 0.8998 | test_loss: 1.0481 | test_acc: 0.6953 | 
Epoch: 49 | train_loss: 0.2804 | train_acc: 0.8804 | test_loss: 0.9597 | test_acc: 0.6914 | 
Epoch: 50 | train_loss: 0.2922 | train_acc: 0.8922 | test_loss: 0.7000 | test_acc: 0.7852 | 
⏱️ Total training time: 91.333 seconds
📊 Bands [152, 158, 224] -> Fitness: 0.7852
Dataset initialized with pre-loaded data. Total samples: 897
Band indices for training dataloader: [243, 343, 289]
Dataset initialized with pre-loaded data. Total samples: 226
Band indices for test dataloader: [243, 343, 289]
🔍 Starting evaluation of individual [243, 343, 289]
Epoch: 1 | train_loss: 1.3635 | train_acc: 0.3438 | test_loss: 1.2828 | test_acc: 0.3906 | 
Epoch: 2 | train_loss: 1.2576 | train_acc: 0.4235 | test_loss: 1.3590 | test_acc: 0.3789 | 
Epoch: 3 | train_loss: 1.1388 | train_acc: 0.5097 | test_loss: 1.1810 | test_acc: 0.5508 | 
Epoch: 4 | train_loss: 1.0907 | train_acc: 0.5474 | test_loss: 1.3116 | test_acc: 0.5508 | 
Epoch: 5 | train_loss: 0.9609 | train_acc: 0.5959 | test_loss: 1.0604 | test_acc: 0.5820 | 
Epoch: 6 | train_loss: 0.9093 | train_acc: 0.6207 | test_loss: 1.1048 | test_acc: 0.5312 | 
Epoch: 7 | train_loss: 0.8995 | train_acc: 0.6315 | test_loss: 0.9699 | test_acc: 0.6602 | 
Epoch: 8 | train_loss: 0.7969 | train_acc: 0.6756 | test_loss: 0.9498 | test_acc: 0.5742 | 
Epoch: 9 | train_loss: 0.7372 | train_acc: 0.6918 | test_loss: 1.0685 | test_acc: 0.6133 | 
Epoch: 10 | train_loss: 0.6960 | train_acc: 0.7231 | test_loss: 1.0084 | test_acc: 0.6719 | 
Epoch: 11 | train_loss: 0.6196 | train_acc: 0.7888 | test_loss: 1.0308 | test_acc: 0.5625 | 
Epoch: 12 | train_loss: 0.5804 | train_acc: 0.7985 | test_loss: 1.0123 | test_acc: 0.5742 | 
Epoch: 13 | train_loss: 0.6331 | train_acc: 0.7672 | test_loss: 0.9549 | test_acc: 0.6445 | 
Epoch: 14 | train_loss: 0.5236 | train_acc: 0.7974 | test_loss: 1.1379 | test_acc: 0.6055 | 
Epoch: 15 | train_loss: 0.5177 | train_acc: 0.7909 | test_loss: 1.0450 | test_acc: 0.6211 | 
Epoch: 16 | train_loss: 0.5495 | train_acc: 0.7812 | test_loss: 1.0981 | test_acc: 0.6328 | 
Epoch: 17 | train_loss: 0.5241 | train_acc: 0.7985 | test_loss: 0.9978 | test_acc: 0.6445 | 
Epoch: 18 | train_loss: 0.5054 | train_acc: 0.8039 | test_loss: 1.0615 | test_acc: 0.6172 | 
Epoch: 19 | train_loss: 0.4957 | train_acc: 0.8039 | test_loss: 0.9826 | test_acc: 0.6250 | 
Epoch: 20 | train_loss: 0.4700 | train_acc: 0.8147 | test_loss: 0.8813 | test_acc: 0.6602 | 
Epoch: 21 | train_loss: 0.4406 | train_acc: 0.8502 | test_loss: 0.9423 | test_acc: 0.6758 | 
Epoch: 22 | train_loss: 0.4161 | train_acc: 0.8341 | test_loss: 0.8847 | test_acc: 0.6484 | 
Epoch: 23 | train_loss: 0.4053 | train_acc: 0.8297 | test_loss: 0.9554 | test_acc: 0.6719 | 
Epoch: 24 | train_loss: 0.3611 | train_acc: 0.8761 | test_loss: 1.0707 | test_acc: 0.6211 | 
Epoch: 25 | train_loss: 0.3267 | train_acc: 0.8728 | test_loss: 0.9717 | test_acc: 0.6992 | 
Epoch: 26 | train_loss: 0.4223 | train_acc: 0.8556 | test_loss: 0.8651 | test_acc: 0.7031 | 
Epoch: 27 | train_loss: 0.3139 | train_acc: 0.8976 | test_loss: 0.8154 | test_acc: 0.7109 | 
Epoch: 28 | train_loss: 0.3516 | train_acc: 0.8621 | test_loss: 0.8292 | test_acc: 0.6953 | 
Epoch: 29 | train_loss: 0.3125 | train_acc: 0.8998 | test_loss: 0.8011 | test_acc: 0.7188 | 
Epoch: 30 | train_loss: 0.3425 | train_acc: 0.8685 | test_loss: 0.8350 | test_acc: 0.7188 | 
Epoch: 31 | train_loss: 0.3139 | train_acc: 0.9159 | test_loss: 0.9981 | test_acc: 0.7070 | 
Epoch: 32 | train_loss: 0.2802 | train_acc: 0.9030 | test_loss: 0.9324 | test_acc: 0.6953 | 
Epoch: 33 | train_loss: 0.3147 | train_acc: 0.8825 | test_loss: 0.9327 | test_acc: 0.7031 | 
Epoch: 34 | train_loss: 0.3423 | train_acc: 0.8772 | test_loss: 1.0428 | test_acc: 0.6836 | 
Epoch: 35 | train_loss: 0.2760 | train_acc: 0.9170 | test_loss: 0.8230 | test_acc: 0.7344 | 
Epoch: 36 | train_loss: 0.3032 | train_acc: 0.8675 | test_loss: 0.9229 | test_acc: 0.7383 | 
Epoch: 37 | train_loss: 0.2971 | train_acc: 0.8804 | test_loss: 0.9985 | test_acc: 0.6992 | 
Epoch: 38 | train_loss: 0.2009 | train_acc: 0.9364 | test_loss: 0.8918 | test_acc: 0.6953 | 
Epoch: 39 | train_loss: 0.2599 | train_acc: 0.8890 | test_loss: 0.8848 | test_acc: 0.7266 | 
Epoch: 40 | train_loss: 0.2563 | train_acc: 0.9138 | test_loss: 0.7923 | test_acc: 0.7539 | 
Epoch: 41 | train_loss: 0.1987 | train_acc: 0.9246 | test_loss: 0.8685 | test_acc: 0.7148 | 
Epoch: 42 | train_loss: 0.3932 | train_acc: 0.8782 | test_loss: 0.8012 | test_acc: 0.7578 | 
Epoch: 43 | train_loss: 0.1844 | train_acc: 0.9353 | test_loss: 0.9094 | test_acc: 0.6562 | 
Epoch: 44 | train_loss: 0.3892 | train_acc: 0.8966 | test_loss: 0.7691 | test_acc: 0.7617 | 
Epoch: 45 | train_loss: 0.2624 | train_acc: 0.8793 | test_loss: 0.9655 | test_acc: 0.7344 | 
Epoch: 46 | train_loss: 0.1948 | train_acc: 0.9472 | test_loss: 0.8383 | test_acc: 0.6953 | 
Epoch: 47 | train_loss: 0.2048 | train_acc: 0.9192 | test_loss: 0.9169 | test_acc: 0.7344 | 
Epoch: 48 | train_loss: 0.2122 | train_acc: 0.9407 | test_loss: 0.8942 | test_acc: 0.7109 | 
Epoch: 49 | train_loss: 0.2764 | train_acc: 0.9095 | test_loss: 1.0081 | test_acc: 0.6680 | 
Epoch: 50 | train_loss: 0.2398 | train_acc: 0.8922 | test_loss: 0.8267 | test_acc: 0.7734 | 
⏱️ Total training time: 98.587 seconds
📊 Bands [243, 343, 289] -> Fitness: 0.7734
Dataset initialized with pre-loaded data. Total samples: 897
Band indices for training dataloader: [279, 219, 313]
Dataset initialized with pre-loaded data. Total samples: 226
Band indices for test dataloader: [279, 219, 313]
🔍 Starting evaluation of individual [279, 219, 313]
Epoch: 1 | train_loss: 1.3723 | train_acc: 0.3125 | test_loss: 1.2277 | test_acc: 0.4531 | 
Epoch: 2 | train_loss: 1.2731 | train_acc: 0.4278 | test_loss: 1.2488 | test_acc: 0.5312 | 
Epoch: 3 | train_loss: 1.1306 | train_acc: 0.5302 | test_loss: 1.3217 | test_acc: 0.3867 | 
Epoch: 4 | train_loss: 1.0842 | train_acc: 0.5205 | test_loss: 1.1341 | test_acc: 0.5742 | 
Epoch: 5 | train_loss: 0.9864 | train_acc: 0.5873 | test_loss: 1.2174 | test_acc: 0.4688 | 
Epoch: 6 | train_loss: 0.9270 | train_acc: 0.6153 | test_loss: 1.1732 | test_acc: 0.5234 | 
Epoch: 7 | train_loss: 0.8992 | train_acc: 0.6390 | test_loss: 1.3290 | test_acc: 0.4375 | 
Epoch: 8 | train_loss: 0.8702 | train_acc: 0.6412 | test_loss: 1.1166 | test_acc: 0.5469 | 
Epoch: 9 | train_loss: 0.8224 | train_acc: 0.6562 | test_loss: 1.1624 | test_acc: 0.4883 | 
Epoch: 10 | train_loss: 0.7673 | train_acc: 0.6853 | test_loss: 1.0725 | test_acc: 0.5859 | 
Epoch: 11 | train_loss: 0.7941 | train_acc: 0.6929 | test_loss: 1.1587 | test_acc: 0.5938 | 
Epoch: 12 | train_loss: 0.7030 | train_acc: 0.7597 | test_loss: 1.4975 | test_acc: 0.4453 | 
Epoch: 13 | train_loss: 0.6516 | train_acc: 0.7683 | test_loss: 1.0301 | test_acc: 0.6406 | 
Epoch: 14 | train_loss: 0.6681 | train_acc: 0.7252 | test_loss: 0.9699 | test_acc: 0.6133 | 
Epoch: 15 | train_loss: 0.6257 | train_acc: 0.7554 | test_loss: 0.9124 | test_acc: 0.6641 | 
Epoch: 16 | train_loss: 0.5366 | train_acc: 0.7812 | test_loss: 1.1328 | test_acc: 0.6211 | 
Epoch: 17 | train_loss: 0.5424 | train_acc: 0.8147 | test_loss: 0.9155 | test_acc: 0.6562 | 
Epoch: 18 | train_loss: 0.5882 | train_acc: 0.7812 | test_loss: 0.9518 | test_acc: 0.6953 | 
Epoch: 19 | train_loss: 0.5011 | train_acc: 0.8265 | test_loss: 0.9008 | test_acc: 0.6445 | 
Epoch: 20 | train_loss: 0.5181 | train_acc: 0.7877 | test_loss: 1.0813 | test_acc: 0.6445 | 
Epoch: 21 | train_loss: 0.5345 | train_acc: 0.7963 | test_loss: 0.8956 | test_acc: 0.7109 | 
Epoch: 22 | train_loss: 0.4181 | train_acc: 0.8459 | test_loss: 1.0193 | test_acc: 0.6406 | 
Epoch: 23 | train_loss: 0.4672 | train_acc: 0.8147 | test_loss: 0.9451 | test_acc: 0.7305 | 
Epoch: 24 | train_loss: 0.5040 | train_acc: 0.8136 | test_loss: 0.8557 | test_acc: 0.7266 | 
Epoch: 25 | train_loss: 0.5163 | train_acc: 0.7974 | test_loss: 0.9065 | test_acc: 0.6836 | 
Epoch: 26 | train_loss: 0.3927 | train_acc: 0.8556 | test_loss: 1.0221 | test_acc: 0.6719 | 
Epoch: 27 | train_loss: 0.3866 | train_acc: 0.8610 | test_loss: 1.0358 | test_acc: 0.6875 | 
Epoch: 28 | train_loss: 0.4232 | train_acc: 0.8147 | test_loss: 0.8694 | test_acc: 0.7227 | 
Epoch: 29 | train_loss: 0.3850 | train_acc: 0.8621 | test_loss: 0.9368 | test_acc: 0.7070 | 
Epoch: 30 | train_loss: 0.3751 | train_acc: 0.8761 | test_loss: 1.1338 | test_acc: 0.6328 | 
Epoch: 31 | train_loss: 0.3835 | train_acc: 0.8427 | test_loss: 0.9946 | test_acc: 0.7031 | 
Epoch: 32 | train_loss: 0.3783 | train_acc: 0.8621 | test_loss: 1.0065 | test_acc: 0.6797 | 
Epoch: 33 | train_loss: 0.4234 | train_acc: 0.8610 | test_loss: 0.8484 | test_acc: 0.7148 | 
Epoch: 34 | train_loss: 0.4316 | train_acc: 0.8308 | test_loss: 0.8271 | test_acc: 0.7266 | 
Epoch: 35 | train_loss: 0.3683 | train_acc: 0.8513 | test_loss: 0.9236 | test_acc: 0.7031 | 
Epoch: 36 | train_loss: 0.3595 | train_acc: 0.8491 | test_loss: 0.8979 | test_acc: 0.7188 | 
Epoch: 37 | train_loss: 0.3922 | train_acc: 0.8545 | test_loss: 1.0096 | test_acc: 0.6914 | 
Epoch: 38 | train_loss: 0.3062 | train_acc: 0.8912 | test_loss: 0.8514 | test_acc: 0.7422 | 
Epoch: 39 | train_loss: 0.3572 | train_acc: 0.8534 | test_loss: 0.9274 | test_acc: 0.7266 | 
Epoch: 40 | train_loss: 0.3325 | train_acc: 0.8761 | test_loss: 0.8093 | test_acc: 0.7383 | 
Epoch: 41 | train_loss: 0.3805 | train_acc: 0.8588 | test_loss: 0.8572 | test_acc: 0.6797 | 
Epoch: 42 | train_loss: 0.3323 | train_acc: 0.8772 | test_loss: 0.9669 | test_acc: 0.6523 | 
Epoch: 43 | train_loss: 0.3018 | train_acc: 0.9062 | test_loss: 0.8934 | test_acc: 0.7461 | 
Epoch: 44 | train_loss: 0.3156 | train_acc: 0.8696 | test_loss: 0.8497 | test_acc: 0.7617 | 
Epoch: 45 | train_loss: 0.3662 | train_acc: 0.8696 | test_loss: 0.9960 | test_acc: 0.7617 | 
Epoch: 46 | train_loss: 0.3062 | train_acc: 0.8782 | test_loss: 0.8410 | test_acc: 0.7578 | 
Epoch: 47 | train_loss: 0.2780 | train_acc: 0.9030 | test_loss: 0.8948 | test_acc: 0.7422 | 
Epoch: 48 | train_loss: 0.2192 | train_acc: 0.9278 | test_loss: 0.8281 | test_acc: 0.7617 | 
Epoch: 49 | train_loss: 0.2398 | train_acc: 0.9159 | test_loss: 1.0559 | test_acc: 0.7188 | 
Epoch: 50 | train_loss: 0.3319 | train_acc: 0.8847 | test_loss: 1.0639 | test_acc: 0.7305 | 
⏱️ Total training time: 89.330 seconds
📊 Bands [279, 219, 313] -> Fitness: 0.7305
Bands [86, 280, 87] found in history. Returning cached fitness.
Bands [86, 280, 87] found in history. Returning cached fitness.
Dataset initialized with pre-loaded data. Total samples: 897
Band indices for training dataloader: [100, 290, 43]
Dataset initialized with pre-loaded data. Total samples: 226
Band indices for test dataloader: [100, 290, 43]
🔍 Starting evaluation of individual [100, 290, 43]
Epoch: 1 | train_loss: 1.3790 | train_acc: 0.3211 | test_loss: 1.3310 | test_acc: 0.3750 | 
Epoch: 2 | train_loss: 1.2539 | train_acc: 0.4397 | test_loss: 1.2880 | test_acc: 0.4922 | 
Epoch: 3 | train_loss: 1.1983 | train_acc: 0.4731 | test_loss: 1.1724 | test_acc: 0.5039 | 
Epoch: 4 | train_loss: 1.0697 | train_acc: 0.5690 | test_loss: 1.2670 | test_acc: 0.4844 | 
Epoch: 5 | train_loss: 1.0163 | train_acc: 0.5819 | test_loss: 1.0740 | test_acc: 0.5977 | 
Epoch: 6 | train_loss: 0.8986 | train_acc: 0.6509 | test_loss: 1.1527 | test_acc: 0.4883 | 
Epoch: 7 | train_loss: 0.8873 | train_acc: 0.6207 | test_loss: 1.0053 | test_acc: 0.6172 | 
Epoch: 8 | train_loss: 0.8162 | train_acc: 0.6735 | test_loss: 0.9681 | test_acc: 0.6680 | 
Epoch: 9 | train_loss: 0.8105 | train_acc: 0.6918 | test_loss: 1.0412 | test_acc: 0.5703 | 
Epoch: 10 | train_loss: 0.7665 | train_acc: 0.7015 | test_loss: 0.8894 | test_acc: 0.6914 | 
Epoch: 11 | train_loss: 0.6586 | train_acc: 0.7457 | test_loss: 0.9494 | test_acc: 0.6680 | 
Epoch: 12 | train_loss: 0.7390 | train_acc: 0.7177 | test_loss: 0.8663 | test_acc: 0.7031 | 
Epoch: 13 | train_loss: 0.5827 | train_acc: 0.7899 | test_loss: 0.8649 | test_acc: 0.7070 | 
Epoch: 14 | train_loss: 0.6151 | train_acc: 0.7608 | test_loss: 0.8973 | test_acc: 0.6641 | 
Epoch: 15 | train_loss: 0.5482 | train_acc: 0.7791 | test_loss: 0.8011 | test_acc: 0.7148 | 
Epoch: 16 | train_loss: 0.5126 | train_acc: 0.7845 | test_loss: 0.8955 | test_acc: 0.6914 | 
Epoch: 17 | train_loss: 0.5853 | train_acc: 0.7726 | test_loss: 0.9946 | test_acc: 0.6289 | 
Epoch: 18 | train_loss: 0.4521 | train_acc: 0.8405 | test_loss: 0.8693 | test_acc: 0.6875 | 
Epoch: 19 | train_loss: 0.4901 | train_acc: 0.8017 | test_loss: 0.9437 | test_acc: 0.7227 | 
Epoch: 20 | train_loss: 0.4418 | train_acc: 0.8556 | test_loss: 0.8353 | test_acc: 0.7109 | 
Epoch: 21 | train_loss: 0.4045 | train_acc: 0.8448 | test_loss: 0.8924 | test_acc: 0.7188 | 
Epoch: 22 | train_loss: 0.4513 | train_acc: 0.8233 | test_loss: 0.8069 | test_acc: 0.7461 | 
Epoch: 23 | train_loss: 0.4835 | train_acc: 0.8276 | test_loss: 0.8594 | test_acc: 0.7422 | 
Epoch: 24 | train_loss: 0.4283 | train_acc: 0.8341 | test_loss: 0.8614 | test_acc: 0.7344 | 
Epoch: 25 | train_loss: 0.3392 | train_acc: 0.8847 | test_loss: 0.9467 | test_acc: 0.6758 | 
Epoch: 26 | train_loss: 0.3782 | train_acc: 0.8567 | test_loss: 0.9660 | test_acc: 0.7070 | 
Epoch: 27 | train_loss: 0.3270 | train_acc: 0.8998 | test_loss: 0.8875 | test_acc: 0.7305 | 
Epoch: 28 | train_loss: 0.3779 | train_acc: 0.8534 | test_loss: 0.8581 | test_acc: 0.7383 | 
Epoch: 29 | train_loss: 0.3446 | train_acc: 0.8513 | test_loss: 0.9649 | test_acc: 0.6797 | 
Epoch: 30 | train_loss: 0.3282 | train_acc: 0.8685 | test_loss: 0.8739 | test_acc: 0.7227 | 
Epoch: 31 | train_loss: 0.3818 | train_acc: 0.8631 | test_loss: 0.9342 | test_acc: 0.6953 | 
Epoch: 32 | train_loss: 0.3255 | train_acc: 0.8998 | test_loss: 0.8285 | test_acc: 0.7070 | 
Epoch: 33 | train_loss: 0.3436 | train_acc: 0.8772 | test_loss: 0.8219 | test_acc: 0.7305 | 
Epoch: 34 | train_loss: 0.2754 | train_acc: 0.9084 | test_loss: 0.9036 | test_acc: 0.6953 | 
Epoch: 35 | train_loss: 0.2973 | train_acc: 0.8653 | test_loss: 0.9621 | test_acc: 0.7227 | 
Epoch: 36 | train_loss: 0.3806 | train_acc: 0.8556 | test_loss: 1.0083 | test_acc: 0.6914 | 
Epoch: 37 | train_loss: 0.3622 | train_acc: 0.8793 | test_loss: 0.8160 | test_acc: 0.7305 | 
Epoch: 38 | train_loss: 0.3109 | train_acc: 0.8578 | test_loss: 0.8753 | test_acc: 0.7188 | 
Epoch: 39 | train_loss: 0.3122 | train_acc: 0.8772 | test_loss: 0.8348 | test_acc: 0.7188 | 
Epoch: 40 | train_loss: 0.3569 | train_acc: 0.8685 | test_loss: 0.7670 | test_acc: 0.7500 | 
Epoch: 41 | train_loss: 0.3509 | train_acc: 0.8761 | test_loss: 0.8258 | test_acc: 0.7383 | 
Epoch: 42 | train_loss: 0.2251 | train_acc: 0.9267 | test_loss: 0.8656 | test_acc: 0.7070 | 
Epoch: 43 | train_loss: 0.2565 | train_acc: 0.9138 | test_loss: 0.9747 | test_acc: 0.7344 | 
Epoch: 44 | train_loss: 0.2199 | train_acc: 0.9062 | test_loss: 0.8774 | test_acc: 0.7539 | 
Epoch: 45 | train_loss: 0.2410 | train_acc: 0.8922 | test_loss: 0.8762 | test_acc: 0.7500 | 
Epoch: 46 | train_loss: 0.2593 | train_acc: 0.9019 | test_loss: 0.8463 | test_acc: 0.7500 | 
Epoch: 47 | train_loss: 0.2223 | train_acc: 0.9386 | test_loss: 0.9188 | test_acc: 0.7227 | 
Epoch: 48 | train_loss: 0.1923 | train_acc: 0.9418 | test_loss: 0.9445 | test_acc: 0.7461 | 
Epoch: 49 | train_loss: 0.1976 | train_acc: 0.9450 | test_loss: 0.9511 | test_acc: 0.7227 | 
Epoch: 50 | train_loss: 0.2301 | train_acc: 0.9106 | test_loss: 0.9750 | test_acc: 0.7461 | 
⏱️ Total training time: 90.986 seconds
📊 Bands [100, 290, 43] -> Fitness: 0.7461
Dataset initialized with pre-loaded data. Total samples: 897
Band indices for training dataloader: [371, 361, 447]
Dataset initialized with pre-loaded data. Total samples: 226
Band indices for test dataloader: [371, 361, 447]
🔍 Starting evaluation of individual [371, 361, 447]
Epoch: 1 | train_loss: 1.3906 | train_acc: 0.2629 | test_loss: 1.3365 | test_acc: 0.3906 | 
Epoch: 2 | train_loss: 1.2838 | train_acc: 0.4106 | test_loss: 1.3503 | test_acc: 0.3555 | 
Epoch: 3 | train_loss: 1.2930 | train_acc: 0.4106 | test_loss: 1.3811 | test_acc: 0.3672 | 
Epoch: 4 | train_loss: 1.2557 | train_acc: 0.4192 | test_loss: 1.2645 | test_acc: 0.4727 | 
Epoch: 5 | train_loss: 1.1289 | train_acc: 0.5140 | test_loss: 1.2886 | test_acc: 0.4492 | 
Epoch: 6 | train_loss: 1.1414 | train_acc: 0.5172 | test_loss: 1.2339 | test_acc: 0.4883 | 
Epoch: 7 | train_loss: 1.0822 | train_acc: 0.4881 | test_loss: 1.2788 | test_acc: 0.4102 | 
Epoch: 8 | train_loss: 1.0308 | train_acc: 0.5733 | test_loss: 1.3269 | test_acc: 0.4609 | 
Epoch: 9 | train_loss: 1.0063 | train_acc: 0.5754 | test_loss: 1.5404 | test_acc: 0.4141 | 
Epoch: 10 | train_loss: 0.9060 | train_acc: 0.6272 | test_loss: 1.2679 | test_acc: 0.4922 | 
Epoch: 11 | train_loss: 0.9062 | train_acc: 0.6110 | test_loss: 1.1696 | test_acc: 0.5938 | 
Epoch: 12 | train_loss: 0.9117 | train_acc: 0.5938 | test_loss: 1.1809 | test_acc: 0.5742 | 
Epoch: 13 | train_loss: 0.9284 | train_acc: 0.6099 | test_loss: 1.2216 | test_acc: 0.5000 | 
Epoch: 14 | train_loss: 0.8161 | train_acc: 0.7080 | test_loss: 1.2901 | test_acc: 0.5156 | 
Epoch: 15 | train_loss: 0.8391 | train_acc: 0.6584 | test_loss: 1.3376 | test_acc: 0.4336 | 
Epoch: 16 | train_loss: 0.7428 | train_acc: 0.7166 | test_loss: 1.2599 | test_acc: 0.5156 | 
Epoch: 17 | train_loss: 0.7111 | train_acc: 0.7015 | test_loss: 1.3243 | test_acc: 0.5742 | 
Epoch: 18 | train_loss: 0.7117 | train_acc: 0.7166 | test_loss: 1.4005 | test_acc: 0.5977 | 
Epoch: 19 | train_loss: 0.6860 | train_acc: 0.7317 | test_loss: 1.3521 | test_acc: 0.4609 | 
Epoch: 20 | train_loss: 0.5764 | train_acc: 0.7909 | test_loss: 1.2285 | test_acc: 0.5664 | 
Epoch: 21 | train_loss: 0.6103 | train_acc: 0.7791 | test_loss: 1.1654 | test_acc: 0.6055 | 
Epoch: 22 | train_loss: 0.5999 | train_acc: 0.7662 | test_loss: 1.1164 | test_acc: 0.5938 | 
Epoch: 23 | train_loss: 0.6300 | train_acc: 0.7532 | test_loss: 1.1549 | test_acc: 0.5664 | 
Epoch: 24 | train_loss: 0.5730 | train_acc: 0.7812 | test_loss: 1.2400 | test_acc: 0.5547 | 
Epoch: 25 | train_loss: 0.5096 | train_acc: 0.7920 | test_loss: 1.4108 | test_acc: 0.5078 | 
Epoch: 26 | train_loss: 0.6527 | train_acc: 0.7640 | test_loss: 1.2765 | test_acc: 0.6094 | 
Epoch: 27 | train_loss: 0.6165 | train_acc: 0.7511 | test_loss: 1.2879 | test_acc: 0.5312 | 
Epoch: 28 | train_loss: 0.5782 | train_acc: 0.7726 | test_loss: 1.3324 | test_acc: 0.5469 | 
Epoch: 29 | train_loss: 0.5608 | train_acc: 0.7619 | test_loss: 1.2401 | test_acc: 0.5703 | 
Epoch: 30 | train_loss: 0.5583 | train_acc: 0.7716 | test_loss: 1.3299 | test_acc: 0.5352 | 
Epoch: 31 | train_loss: 0.5443 | train_acc: 0.7888 | test_loss: 1.1786 | test_acc: 0.5469 | 
Epoch: 32 | train_loss: 0.5359 | train_acc: 0.7769 | test_loss: 1.3091 | test_acc: 0.4766 | 
Epoch: 33 | train_loss: 0.4921 | train_acc: 0.8276 | test_loss: 1.3144 | test_acc: 0.5078 | 
Epoch: 34 | train_loss: 0.4427 | train_acc: 0.8308 | test_loss: 1.2557 | test_acc: 0.5352 | 
Epoch: 35 | train_loss: 0.5007 | train_acc: 0.8071 | test_loss: 1.2218 | test_acc: 0.6055 | 
Epoch: 36 | train_loss: 0.4972 | train_acc: 0.8179 | test_loss: 1.3304 | test_acc: 0.5547 | 
Epoch: 37 | train_loss: 0.4562 | train_acc: 0.8060 | test_loss: 1.1178 | test_acc: 0.6094 | 
Epoch: 38 | train_loss: 0.4710 | train_acc: 0.8211 | test_loss: 1.2477 | test_acc: 0.6055 | 
Epoch: 39 | train_loss: 0.4403 | train_acc: 0.8556 | test_loss: 1.1002 | test_acc: 0.6172 | 
Epoch: 40 | train_loss: 0.4078 | train_acc: 0.8405 | test_loss: 1.5140 | test_acc: 0.5234 | 
Epoch: 41 | train_loss: 0.3936 | train_acc: 0.8653 | test_loss: 1.3678 | test_acc: 0.5664 | 
Epoch: 42 | train_loss: 0.4366 | train_acc: 0.8211 | test_loss: 1.3935 | test_acc: 0.5898 | 
Epoch: 43 | train_loss: 0.3717 | train_acc: 0.8631 | test_loss: 1.2331 | test_acc: 0.5586 | 
Epoch: 44 | train_loss: 0.3691 | train_acc: 0.8524 | test_loss: 1.3239 | test_acc: 0.5352 | 
Epoch: 45 | train_loss: 0.4961 | train_acc: 0.8147 | test_loss: 1.3325 | test_acc: 0.5352 | 
Epoch: 46 | train_loss: 0.4356 | train_acc: 0.8578 | test_loss: 1.2403 | test_acc: 0.5352 | 
Epoch: 47 | train_loss: 0.4681 | train_acc: 0.8427 | test_loss: 1.1588 | test_acc: 0.6172 | 
Epoch: 48 | train_loss: 0.4420 | train_acc: 0.8082 | test_loss: 1.1596 | test_acc: 0.5508 | 
Epoch: 49 | train_loss: 0.5121 | train_acc: 0.8233 | test_loss: 1.5129 | test_acc: 0.5898 | 
Epoch: 50 | train_loss: 0.4030 | train_acc: 0.8599 | test_loss: 1.2885 | test_acc: 0.6172 | 
⏱️ Total training time: 103.483 seconds
📊 Bands [371, 361, 447] -> Fitness: 0.6172
Dataset initialized with pre-loaded data. Total samples: 897
Band indices for training dataloader: [377, 295, 96]
Dataset initialized with pre-loaded data. Total samples: 226
Band indices for test dataloader: [377, 295, 96]
🔍 Starting evaluation of individual [377, 295, 96]
Epoch: 1 | train_loss: 1.3681 | train_acc: 0.3534 | test_loss: 1.2385 | test_acc: 0.4609 | 
Epoch: 2 | train_loss: 1.2518 | train_acc: 0.4644 | test_loss: 1.2579 | test_acc: 0.4727 | 
Epoch: 3 | train_loss: 1.1978 | train_acc: 0.4666 | test_loss: 1.1727 | test_acc: 0.5039 | 
Epoch: 4 | train_loss: 1.1055 | train_acc: 0.5280 | test_loss: 1.0965 | test_acc: 0.5586 | 
Epoch: 5 | train_loss: 0.9626 | train_acc: 0.5970 | test_loss: 1.1454 | test_acc: 0.4961 | 
Epoch: 6 | train_loss: 0.9308 | train_acc: 0.6067 | test_loss: 1.1663 | test_acc: 0.4961 | 
Epoch: 7 | train_loss: 0.8634 | train_acc: 0.6315 | test_loss: 1.1767 | test_acc: 0.6172 | 
Epoch: 8 | train_loss: 0.8856 | train_acc: 0.6595 | test_loss: 1.1296 | test_acc: 0.5586 | 
Epoch: 9 | train_loss: 0.8095 | train_acc: 0.6778 | test_loss: 1.4759 | test_acc: 0.4805 | 
Epoch: 10 | train_loss: 0.7513 | train_acc: 0.7188 | test_loss: 1.2032 | test_acc: 0.5898 | 
Epoch: 11 | train_loss: 0.6927 | train_acc: 0.7306 | test_loss: 1.3619 | test_acc: 0.4414 | 
Epoch: 12 | train_loss: 0.6873 | train_acc: 0.7209 | test_loss: 1.2671 | test_acc: 0.5781 | 
Epoch: 13 | train_loss: 0.6657 | train_acc: 0.7425 | test_loss: 1.0705 | test_acc: 0.5938 | 
Epoch: 14 | train_loss: 0.6114 | train_acc: 0.7554 | test_loss: 0.9448 | test_acc: 0.6406 | 
Epoch: 15 | train_loss: 0.6753 | train_acc: 0.7198 | test_loss: 0.9411 | test_acc: 0.6719 | 
Epoch: 16 | train_loss: 0.5876 | train_acc: 0.7791 | test_loss: 0.8524 | test_acc: 0.6914 | 
Epoch: 17 | train_loss: 0.5801 | train_acc: 0.7554 | test_loss: 1.0247 | test_acc: 0.6172 | 
Epoch: 18 | train_loss: 0.5609 | train_acc: 0.7812 | test_loss: 0.9925 | test_acc: 0.6836 | 
Epoch: 19 | train_loss: 0.4935 | train_acc: 0.8028 | test_loss: 0.9721 | test_acc: 0.6953 | 
Epoch: 20 | train_loss: 0.5047 | train_acc: 0.7920 | test_loss: 0.8576 | test_acc: 0.6836 | 
Epoch: 21 | train_loss: 0.4700 | train_acc: 0.8039 | test_loss: 0.8835 | test_acc: 0.6602 | 
Epoch: 22 | train_loss: 0.4519 | train_acc: 0.8287 | test_loss: 0.8999 | test_acc: 0.6914 | 
Epoch: 23 | train_loss: 0.5640 | train_acc: 0.7942 | test_loss: 0.9315 | test_acc: 0.6328 | 
Epoch: 24 | train_loss: 0.4644 | train_acc: 0.8157 | test_loss: 0.8569 | test_acc: 0.7148 | 
Epoch: 25 | train_loss: 0.4412 | train_acc: 0.8384 | test_loss: 0.9708 | test_acc: 0.6602 | 
Epoch: 26 | train_loss: 0.3835 | train_acc: 0.8653 | test_loss: 0.8980 | test_acc: 0.7227 | 
Epoch: 27 | train_loss: 0.4440 | train_acc: 0.8362 | test_loss: 0.8639 | test_acc: 0.6406 | 
Epoch: 28 | train_loss: 0.3677 | train_acc: 0.8761 | test_loss: 0.8087 | test_acc: 0.6875 | 
Epoch: 29 | train_loss: 0.3700 | train_acc: 0.8653 | test_loss: 0.9554 | test_acc: 0.6797 | 
Epoch: 30 | train_loss: 0.4490 | train_acc: 0.8222 | test_loss: 0.8930 | test_acc: 0.7148 | 
Epoch: 31 | train_loss: 0.4090 | train_acc: 0.8265 | test_loss: 0.9272 | test_acc: 0.7188 | 
Epoch: 32 | train_loss: 0.3191 | train_acc: 0.8901 | test_loss: 1.1010 | test_acc: 0.6133 | 
Epoch: 33 | train_loss: 0.3023 | train_acc: 0.8998 | test_loss: 1.0586 | test_acc: 0.6250 | 
Epoch: 34 | train_loss: 0.2924 | train_acc: 0.8922 | test_loss: 0.8640 | test_acc: 0.6914 | 
Epoch: 35 | train_loss: 0.3836 | train_acc: 0.8631 | test_loss: 0.8876 | test_acc: 0.7109 | 
Epoch: 36 | train_loss: 0.3655 | train_acc: 0.8642 | test_loss: 1.0959 | test_acc: 0.6289 | 
Epoch: 37 | train_loss: 0.3242 | train_acc: 0.8750 | test_loss: 0.8376 | test_acc: 0.7383 | 
Epoch: 38 | train_loss: 0.3087 | train_acc: 0.9009 | test_loss: 1.1375 | test_acc: 0.6875 | 
Epoch: 39 | train_loss: 0.3270 | train_acc: 0.8718 | test_loss: 1.0837 | test_acc: 0.6992 | 
Epoch: 40 | train_loss: 0.3833 | train_acc: 0.8524 | test_loss: 0.9713 | test_acc: 0.6992 | 
Epoch: 41 | train_loss: 0.3146 | train_acc: 0.8825 | test_loss: 0.9698 | test_acc: 0.7070 | 
Epoch: 42 | train_loss: 0.3388 | train_acc: 0.8782 | test_loss: 0.8858 | test_acc: 0.7148 | 
Epoch: 43 | train_loss: 0.3044 | train_acc: 0.9009 | test_loss: 0.9632 | test_acc: 0.6680 | 
Epoch: 44 | train_loss: 0.2424 | train_acc: 0.9235 | test_loss: 0.9174 | test_acc: 0.6602 | 
Epoch: 45 | train_loss: 0.2176 | train_acc: 0.9343 | test_loss: 1.4031 | test_acc: 0.6172 | 
Epoch: 46 | train_loss: 0.2394 | train_acc: 0.9278 | test_loss: 0.9687 | test_acc: 0.7031 | 
Epoch: 47 | train_loss: 0.2575 | train_acc: 0.9127 | test_loss: 0.9876 | test_acc: 0.6953 | 
Epoch: 48 | train_loss: 0.3486 | train_acc: 0.8944 | test_loss: 0.8430 | test_acc: 0.7305 | 
Epoch: 49 | train_loss: 0.2832 | train_acc: 0.8847 | test_loss: 0.9253 | test_acc: 0.6836 | 
Epoch: 50 | train_loss: 0.3295 | train_acc: 0.8793 | test_loss: 0.9945 | test_acc: 0.6992 | 
⏱️ Total training time: 87.278 seconds
📊 Bands [377, 295, 96] -> Fitness: 0.6992
Dataset initialized with pre-loaded data. Total samples: 897
Band indices for training dataloader: [163, 382, 447]
Dataset initialized with pre-loaded data. Total samples: 226
Band indices for test dataloader: [163, 382, 447]
🔍 Starting evaluation of individual [163, 382, 447]
Epoch: 1 | train_loss: 1.3867 | train_acc: 0.2780 | test_loss: 1.3232 | test_acc: 0.3867 | 
Epoch: 2 | train_loss: 1.3045 | train_acc: 0.4332 | test_loss: 1.3269 | test_acc: 0.3906 | 
Epoch: 3 | train_loss: 1.1812 | train_acc: 0.5086 | test_loss: 1.2212 | test_acc: 0.4492 | 
Epoch: 4 | train_loss: 1.1369 | train_acc: 0.4946 | test_loss: 1.1489 | test_acc: 0.5039 | 
Epoch: 5 | train_loss: 1.0371 | train_acc: 0.5463 | test_loss: 1.1124 | test_acc: 0.5742 | 
Epoch: 6 | train_loss: 0.9745 | train_acc: 0.5841 | test_loss: 1.1023 | test_acc: 0.4961 | 
Epoch: 7 | train_loss: 0.9353 | train_acc: 0.6541 | test_loss: 1.1651 | test_acc: 0.5430 | 
Epoch: 8 | train_loss: 0.8620 | train_acc: 0.6756 | test_loss: 1.2384 | test_acc: 0.5039 | 
Epoch: 9 | train_loss: 0.8752 | train_acc: 0.6487 | test_loss: 1.0857 | test_acc: 0.6172 | 
Epoch: 10 | train_loss: 0.7925 | train_acc: 0.6983 | test_loss: 1.2000 | test_acc: 0.5625 | 
Epoch: 11 | train_loss: 0.7726 | train_acc: 0.6789 | test_loss: 1.1346 | test_acc: 0.6016 | 
Epoch: 12 | train_loss: 0.7780 | train_acc: 0.6778 | test_loss: 0.9849 | test_acc: 0.6016 | 
Epoch: 13 | train_loss: 0.6524 | train_acc: 0.7252 | test_loss: 1.0946 | test_acc: 0.5820 | 
Epoch: 14 | train_loss: 0.6265 | train_acc: 0.7856 | test_loss: 0.9344 | test_acc: 0.6523 | 
Epoch: 15 | train_loss: 0.6055 | train_acc: 0.7769 | test_loss: 1.2965 | test_acc: 0.5430 | 
Epoch: 16 | train_loss: 0.5553 | train_acc: 0.7748 | test_loss: 1.1818 | test_acc: 0.6055 | 
Epoch: 17 | train_loss: 0.6012 | train_acc: 0.7888 | test_loss: 1.0648 | test_acc: 0.6562 | 
Epoch: 18 | train_loss: 0.5992 | train_acc: 0.7748 | test_loss: 0.9810 | test_acc: 0.6250 | 
Epoch: 19 | train_loss: 0.5763 | train_acc: 0.7737 | test_loss: 1.0366 | test_acc: 0.7148 | 
Epoch: 20 | train_loss: 0.5134 | train_acc: 0.7888 | test_loss: 0.9289 | test_acc: 0.6562 | 
Epoch: 21 | train_loss: 0.5213 | train_acc: 0.8006 | test_loss: 1.1239 | test_acc: 0.6641 | 
Epoch: 22 | train_loss: 0.5800 | train_acc: 0.7619 | test_loss: 0.9156 | test_acc: 0.6797 | 
Epoch: 23 | train_loss: 0.5183 | train_acc: 0.8125 | test_loss: 1.0436 | test_acc: 0.6211 | 
Epoch: 24 | train_loss: 0.4553 | train_acc: 0.8330 | test_loss: 0.9758 | test_acc: 0.6719 | 
Epoch: 25 | train_loss: 0.4233 | train_acc: 0.8265 | test_loss: 0.9898 | test_acc: 0.6680 | 
Epoch: 26 | train_loss: 0.3974 | train_acc: 0.8534 | test_loss: 1.0865 | test_acc: 0.6719 | 
Epoch: 27 | train_loss: 0.5000 | train_acc: 0.8157 | test_loss: 0.8825 | test_acc: 0.6953 | 
Epoch: 28 | train_loss: 0.4512 | train_acc: 0.8416 | test_loss: 0.9031 | test_acc: 0.7031 | 
Epoch: 29 | train_loss: 0.3716 | train_acc: 0.8631 | test_loss: 0.9765 | test_acc: 0.6406 | 
Epoch: 30 | train_loss: 0.3724 | train_acc: 0.8427 | test_loss: 0.9842 | test_acc: 0.6758 | 
Epoch: 31 | train_loss: 0.4432 | train_acc: 0.8330 | test_loss: 0.9103 | test_acc: 0.7383 | 
Epoch: 32 | train_loss: 0.3680 | train_acc: 0.8308 | test_loss: 0.9567 | test_acc: 0.7109 | 
Epoch: 33 | train_loss: 0.4130 | train_acc: 0.8470 | test_loss: 0.9931 | test_acc: 0.6875 | 
Epoch: 34 | train_loss: 0.4226 | train_acc: 0.8405 | test_loss: 1.0336 | test_acc: 0.5664 | 
Epoch: 35 | train_loss: 0.3731 | train_acc: 0.8330 | test_loss: 0.9045 | test_acc: 0.7148 | 
Epoch: 36 | train_loss: 0.3742 | train_acc: 0.8405 | test_loss: 0.9287 | test_acc: 0.7070 | 
Epoch: 37 | train_loss: 0.4137 | train_acc: 0.8459 | test_loss: 0.9176 | test_acc: 0.7148 | 
Epoch: 38 | train_loss: 0.2865 | train_acc: 0.9041 | test_loss: 1.0359 | test_acc: 0.7109 | 
Epoch: 39 | train_loss: 0.3170 | train_acc: 0.8707 | test_loss: 0.9565 | test_acc: 0.7305 | 
Epoch: 40 | train_loss: 0.3597 | train_acc: 0.8685 | test_loss: 0.9033 | test_acc: 0.7305 | 
Epoch: 41 | train_loss: 0.3154 | train_acc: 0.8782 | test_loss: 0.8992 | test_acc: 0.7305 | 
Epoch: 42 | train_loss: 0.3126 | train_acc: 0.8621 | test_loss: 0.9915 | test_acc: 0.7148 | 
Epoch: 43 | train_loss: 0.3180 | train_acc: 0.8847 | test_loss: 0.8865 | test_acc: 0.7344 | 
Epoch: 44 | train_loss: 0.3198 | train_acc: 0.8707 | test_loss: 0.9354 | test_acc: 0.7188 | 
Epoch: 45 | train_loss: 0.2887 | train_acc: 0.9009 | test_loss: 1.0180 | test_acc: 0.7305 | 
Epoch: 46 | train_loss: 0.3136 | train_acc: 0.8836 | test_loss: 0.9890 | test_acc: 0.7070 | 
Epoch: 47 | train_loss: 0.2412 | train_acc: 0.9181 | test_loss: 0.9627 | test_acc: 0.7383 | 
Epoch: 48 | train_loss: 0.2411 | train_acc: 0.8901 | test_loss: 0.9824 | test_acc: 0.7070 | 
Epoch: 49 | train_loss: 0.3055 | train_acc: 0.8944 | test_loss: 0.9948 | test_acc: 0.7148 | 
Epoch: 50 | train_loss: 0.2861 | train_acc: 0.8912 | test_loss: 1.0847 | test_acc: 0.6875 | 
⏱️ Total training time: 88.043 seconds
📊 Bands [163, 382, 447] -> Fitness: 0.6875
1  	16    	0.700391	0.059461 	0.546875	0.785156	Individual('h', [152, 158, 224])
Bands [183, 67, 100] found in history. Returning cached fitness.
Bands [183, 67, 100] found in history. Returning cached fitness.
Dataset initialized with pre-loaded data. Total samples: 897
Band indices for training dataloader: [404, 282, 145]
Dataset initialized with pre-loaded data. Total samples: 226
Band indices for test dataloader: [404, 282, 145]
🔍 Starting evaluation of individual [404, 282, 145]
Epoch: 1 | train_loss: 1.3693 | train_acc: 0.3190 | test_loss: 1.2901 | test_acc: 0.3945 | 
Epoch: 2 | train_loss: 1.2691 | train_acc: 0.4213 | test_loss: 1.2111 | test_acc: 0.4570 | 
Epoch: 3 | train_loss: 1.1762 | train_acc: 0.5043 | test_loss: 1.1193 | test_acc: 0.5000 | 
Epoch: 4 | train_loss: 1.0715 | train_acc: 0.5485 | test_loss: 1.1781 | test_acc: 0.5234 | 
Epoch: 5 | train_loss: 0.9772 | train_acc: 0.6034 | test_loss: 1.1542 | test_acc: 0.5977 | 
Epoch: 6 | train_loss: 0.9911 | train_acc: 0.5959 | test_loss: 1.0661 | test_acc: 0.6172 | 
Epoch: 7 | train_loss: 0.9196 | train_acc: 0.6196 | test_loss: 1.1143 | test_acc: 0.5664 | 
Epoch: 8 | train_loss: 0.8535 | train_acc: 0.6584 | test_loss: 0.9141 | test_acc: 0.6406 | 
Epoch: 9 | train_loss: 0.7615 | train_acc: 0.7155 | test_loss: 1.0093 | test_acc: 0.6250 | 
Epoch: 10 | train_loss: 0.7877 | train_acc: 0.6724 | test_loss: 1.0879 | test_acc: 0.6133 | 
Epoch: 11 | train_loss: 0.6727 | train_acc: 0.7360 | test_loss: 1.1014 | test_acc: 0.5898 | 
Epoch: 12 | train_loss: 0.6707 | train_acc: 0.7263 | test_loss: 1.0730 | test_acc: 0.5898 | 
Epoch: 13 | train_loss: 0.6356 | train_acc: 0.7608 | test_loss: 1.0359 | test_acc: 0.6367 | 
Epoch: 14 | train_loss: 0.6460 | train_acc: 0.7252 | test_loss: 0.8320 | test_acc: 0.6680 | 
Epoch: 15 | train_loss: 0.6171 | train_acc: 0.7662 | test_loss: 0.9258 | test_acc: 0.6406 | 
Epoch: 16 | train_loss: 0.5268 | train_acc: 0.8017 | test_loss: 0.8677 | test_acc: 0.6953 | 
Epoch: 17 | train_loss: 0.5437 | train_acc: 0.7759 | test_loss: 0.9419 | test_acc: 0.7148 | 
Epoch: 18 | train_loss: 0.5280 | train_acc: 0.7769 | test_loss: 0.9751 | test_acc: 0.6875 | 
Epoch: 19 | train_loss: 0.5092 | train_acc: 0.8039 | test_loss: 0.9146 | test_acc: 0.6719 | 
Epoch: 20 | train_loss: 0.5349 | train_acc: 0.7791 | test_loss: 0.8078 | test_acc: 0.6797 | 
Epoch: 21 | train_loss: 0.4890 | train_acc: 0.8050 | test_loss: 0.8798 | test_acc: 0.7109 | 
Epoch: 22 | train_loss: 0.4336 | train_acc: 0.8513 | test_loss: 0.8512 | test_acc: 0.6953 | 
Epoch: 23 | train_loss: 0.5433 | train_acc: 0.8157 | test_loss: 1.0768 | test_acc: 0.6602 | 
Epoch: 24 | train_loss: 0.5039 | train_acc: 0.7834 | test_loss: 0.9895 | test_acc: 0.6953 | 
Epoch: 25 | train_loss: 0.5822 | train_acc: 0.8200 | test_loss: 0.9670 | test_acc: 0.6055 | 
Epoch: 26 | train_loss: 0.4674 | train_acc: 0.8276 | test_loss: 0.8726 | test_acc: 0.7148 | 
Epoch: 27 | train_loss: 0.4218 | train_acc: 0.8341 | test_loss: 0.8678 | test_acc: 0.6992 | 
Epoch: 28 | train_loss: 0.4096 | train_acc: 0.8664 | test_loss: 0.8295 | test_acc: 0.7227 | 
Epoch: 29 | train_loss: 0.4567 | train_acc: 0.8308 | test_loss: 0.8878 | test_acc: 0.7031 | 
Epoch: 30 | train_loss: 0.3454 | train_acc: 0.8944 | test_loss: 0.9668 | test_acc: 0.6484 | 
Epoch: 31 | train_loss: 0.3088 | train_acc: 0.9041 | test_loss: 1.0150 | test_acc: 0.6875 | 
Epoch: 32 | train_loss: 0.3915 | train_acc: 0.8491 | test_loss: 1.0352 | test_acc: 0.6641 | 
Epoch: 33 | train_loss: 0.3816 | train_acc: 0.8427 | test_loss: 0.8524 | test_acc: 0.7070 | 
Epoch: 34 | train_loss: 0.3136 | train_acc: 0.8922 | test_loss: 0.8863 | test_acc: 0.7070 | 
Epoch: 35 | train_loss: 0.3362 | train_acc: 0.8621 | test_loss: 0.9189 | test_acc: 0.6875 | 
Epoch: 36 | train_loss: 0.3534 | train_acc: 0.8491 | test_loss: 0.9515 | test_acc: 0.6914 | 
Epoch: 37 | train_loss: 0.3477 | train_acc: 0.8653 | test_loss: 1.0938 | test_acc: 0.6914 | 
Epoch: 38 | train_loss: 0.3560 | train_acc: 0.8534 | test_loss: 1.0634 | test_acc: 0.6719 | 
Epoch: 39 | train_loss: 0.3320 | train_acc: 0.8588 | test_loss: 1.0696 | test_acc: 0.6953 | 
Epoch: 40 | train_loss: 0.3291 | train_acc: 0.8890 | test_loss: 0.8699 | test_acc: 0.7422 | 
Epoch: 41 | train_loss: 0.2871 | train_acc: 0.9041 | test_loss: 1.0367 | test_acc: 0.7070 | 
Epoch: 42 | train_loss: 0.3005 | train_acc: 0.8782 | test_loss: 1.0351 | test_acc: 0.7070 | 
Epoch: 43 | train_loss: 0.2435 | train_acc: 0.9149 | test_loss: 0.9472 | test_acc: 0.7383 | 
Epoch: 44 | train_loss: 0.2762 | train_acc: 0.8804 | test_loss: 1.0652 | test_acc: 0.7344 | 
Epoch: 45 | train_loss: 0.2926 | train_acc: 0.9149 | test_loss: 1.0391 | test_acc: 0.6758 | 
Epoch: 46 | train_loss: 0.3434 | train_acc: 0.8761 | test_loss: 0.9974 | test_acc: 0.6953 | 
Epoch: 47 | train_loss: 0.2963 | train_acc: 0.8836 | test_loss: 1.0530 | test_acc: 0.6719 | 
Epoch: 48 | train_loss: 0.2950 | train_acc: 0.8858 | test_loss: 1.0384 | test_acc: 0.7266 | 
Epoch: 49 | train_loss: 0.2729 | train_acc: 0.9159 | test_loss: 1.0201 | test_acc: 0.7188 | 
Epoch: 50 | train_loss: 0.2034 | train_acc: 0.9278 | test_loss: 0.8616 | test_acc: 0.7461 | 
⏱️ Total training time: 103.995 seconds
📊 Bands [404, 282, 145] -> Fitness: 0.7461
Dataset initialized with pre-loaded data. Total samples: 897
Band indices for training dataloader: [385, 381, 108]
Dataset initialized with pre-loaded data. Total samples: 226
Band indices for test dataloader: [385, 381, 108]
🔍 Starting evaluation of individual [385, 381, 108]
Epoch: 1 | train_loss: 1.3711 | train_acc: 0.3502 | test_loss: 1.3527 | test_acc: 0.3516 | 
Epoch: 2 | train_loss: 1.2798 | train_acc: 0.4106 | test_loss: 1.3318 | test_acc: 0.4648 | 
Epoch: 3 | train_loss: 1.2161 | train_acc: 0.4871 | test_loss: 1.1899 | test_acc: 0.4453 | 
Epoch: 4 | train_loss: 1.1455 | train_acc: 0.5172 | test_loss: 1.1929 | test_acc: 0.4570 | 
Epoch: 5 | train_loss: 1.1142 | train_acc: 0.5065 | test_loss: 1.1602 | test_acc: 0.5352 | 
Epoch: 6 | train_loss: 0.9947 | train_acc: 0.5733 | test_loss: 1.1732 | test_acc: 0.4766 | 
Epoch: 7 | train_loss: 0.9625 | train_acc: 0.6153 | test_loss: 1.1592 | test_acc: 0.5469 | 
Epoch: 8 | train_loss: 0.9453 | train_acc: 0.6175 | test_loss: 1.0427 | test_acc: 0.5781 | 
Epoch: 9 | train_loss: 0.8617 | train_acc: 0.6692 | test_loss: 1.0474 | test_acc: 0.5781 | 
Epoch: 10 | train_loss: 0.7765 | train_acc: 0.7037 | test_loss: 1.0486 | test_acc: 0.5898 | 
Epoch: 11 | train_loss: 0.7572 | train_acc: 0.6940 | test_loss: 0.9467 | test_acc: 0.5898 | 
Epoch: 12 | train_loss: 0.7347 | train_acc: 0.7284 | test_loss: 1.0873 | test_acc: 0.5234 | 
Epoch: 13 | train_loss: 0.7549 | train_acc: 0.7026 | test_loss: 0.9104 | test_acc: 0.5938 | 
Epoch: 14 | train_loss: 0.7031 | train_acc: 0.7123 | test_loss: 0.9471 | test_acc: 0.6172 | 
Epoch: 15 | train_loss: 0.6380 | train_acc: 0.7608 | test_loss: 1.0721 | test_acc: 0.5859 | 
Epoch: 16 | train_loss: 0.6869 | train_acc: 0.7381 | test_loss: 0.9821 | test_acc: 0.5898 | 
Epoch: 17 | train_loss: 0.6672 | train_acc: 0.7306 | test_loss: 0.8926 | test_acc: 0.6445 | 
Epoch: 18 | train_loss: 0.5518 | train_acc: 0.7985 | test_loss: 1.0396 | test_acc: 0.5781 | 
Epoch: 19 | train_loss: 0.5246 | train_acc: 0.8147 | test_loss: 0.9293 | test_acc: 0.6641 | 
Epoch: 20 | train_loss: 0.4717 | train_acc: 0.8190 | test_loss: 1.0285 | test_acc: 0.6523 | 
Epoch: 21 | train_loss: 0.5657 | train_acc: 0.7931 | test_loss: 0.9071 | test_acc: 0.6992 | 
Epoch: 22 | train_loss: 0.5685 | train_acc: 0.7866 | test_loss: 1.0599 | test_acc: 0.6211 | 
Epoch: 23 | train_loss: 0.5132 | train_acc: 0.8071 | test_loss: 0.9798 | test_acc: 0.6250 | 
Epoch: 24 | train_loss: 0.5610 | train_acc: 0.7877 | test_loss: 1.0387 | test_acc: 0.6680 | 
Epoch: 25 | train_loss: 0.4926 | train_acc: 0.7899 | test_loss: 0.9023 | test_acc: 0.6797 | 
Epoch: 26 | train_loss: 0.4631 | train_acc: 0.8200 | test_loss: 1.0644 | test_acc: 0.6016 | 
Epoch: 27 | train_loss: 0.4899 | train_acc: 0.8157 | test_loss: 0.8811 | test_acc: 0.6914 | 
Epoch: 28 | train_loss: 0.4098 | train_acc: 0.8599 | test_loss: 1.0247 | test_acc: 0.6484 | 
Epoch: 29 | train_loss: 0.4113 | train_acc: 0.8481 | test_loss: 1.1527 | test_acc: 0.6562 | 
Epoch: 30 | train_loss: 0.3666 | train_acc: 0.8772 | test_loss: 0.9804 | test_acc: 0.7031 | 
Epoch: 31 | train_loss: 0.4261 | train_acc: 0.8330 | test_loss: 1.0555 | test_acc: 0.6641 | 
Epoch: 32 | train_loss: 0.4067 | train_acc: 0.8384 | test_loss: 0.9239 | test_acc: 0.6758 | 
Epoch: 33 | train_loss: 0.4485 | train_acc: 0.8157 | test_loss: 0.9533 | test_acc: 0.7031 | 
Epoch: 34 | train_loss: 0.3876 | train_acc: 0.8470 | test_loss: 0.9105 | test_acc: 0.6953 | 
Epoch: 35 | train_loss: 0.3723 | train_acc: 0.8330 | test_loss: 0.9501 | test_acc: 0.6680 | 
Epoch: 36 | train_loss: 0.3223 | train_acc: 0.8955 | test_loss: 0.9299 | test_acc: 0.6992 | 
Epoch: 37 | train_loss: 0.4260 | train_acc: 0.8524 | test_loss: 1.0343 | test_acc: 0.6992 | 
Epoch: 38 | train_loss: 0.3200 | train_acc: 0.8912 | test_loss: 1.1116 | test_acc: 0.6016 | 
Epoch: 39 | train_loss: 0.3265 | train_acc: 0.8912 | test_loss: 1.1181 | test_acc: 0.6367 | 
Epoch: 40 | train_loss: 0.3042 | train_acc: 0.9019 | test_loss: 1.1384 | test_acc: 0.6445 | 
Epoch: 41 | train_loss: 0.4288 | train_acc: 0.8761 | test_loss: 1.2690 | test_acc: 0.6172 | 
Epoch: 42 | train_loss: 0.3113 | train_acc: 0.8987 | test_loss: 1.4362 | test_acc: 0.6289 | 
Epoch: 43 | train_loss: 0.2891 | train_acc: 0.9062 | test_loss: 1.0426 | test_acc: 0.7070 | 
Epoch: 44 | train_loss: 0.4668 | train_acc: 0.8631 | test_loss: 1.0640 | test_acc: 0.6719 | 
Epoch: 45 | train_loss: 0.3505 | train_acc: 0.8922 | test_loss: 1.1073 | test_acc: 0.6523 | 
Epoch: 46 | train_loss: 0.3191 | train_acc: 0.8761 | test_loss: 1.1760 | test_acc: 0.6602 | 
Epoch: 47 | train_loss: 0.2856 | train_acc: 0.8966 | test_loss: 1.1348 | test_acc: 0.6562 | 
Epoch: 48 | train_loss: 0.2415 | train_acc: 0.9138 | test_loss: 0.9676 | test_acc: 0.6680 | 
Epoch: 49 | train_loss: 0.2656 | train_acc: 0.8912 | test_loss: 1.0199 | test_acc: 0.7383 | 
Epoch: 50 | train_loss: 0.2672 | train_acc: 0.8879 | test_loss: 0.9941 | test_acc: 0.6680 | 
⏱️ Total training time: 89.237 seconds
📊 Bands [385, 381, 108] -> Fitness: 0.6680
Dataset initialized with pre-loaded data. Total samples: 897
Band indices for training dataloader: [394, 0, 153]
Dataset initialized with pre-loaded data. Total samples: 226
Band indices for test dataloader: [394, 0, 153]
🔍 Starting evaluation of individual [394, 0, 153]
Epoch: 1 | train_loss: 1.3933 | train_acc: 0.2985 | test_loss: 1.3078 | test_acc: 0.4023 | 
Epoch: 2 | train_loss: 1.3359 | train_acc: 0.3491 | test_loss: 1.2031 | test_acc: 0.4766 | 
Epoch: 3 | train_loss: 1.2464 | train_acc: 0.4483 | test_loss: 1.2347 | test_acc: 0.4766 | 
Epoch: 4 | train_loss: 1.2444 | train_acc: 0.4353 | test_loss: 1.2133 | test_acc: 0.3906 | 
Epoch: 5 | train_loss: 1.1578 | train_acc: 0.4849 | test_loss: 1.1870 | test_acc: 0.5352 | 
Epoch: 6 | train_loss: 1.0955 | train_acc: 0.5506 | test_loss: 1.1563 | test_acc: 0.5469 | 
Epoch: 7 | train_loss: 1.0453 | train_acc: 0.5463 | test_loss: 1.2930 | test_acc: 0.4414 | 
Epoch: 8 | train_loss: 0.9489 | train_acc: 0.5938 | test_loss: 1.0214 | test_acc: 0.6055 | 
Epoch: 9 | train_loss: 1.0533 | train_acc: 0.6045 | test_loss: 1.1442 | test_acc: 0.6016 | 
Epoch: 10 | train_loss: 0.8776 | train_acc: 0.6487 | test_loss: 1.1213 | test_acc: 0.5625 | 
Epoch: 11 | train_loss: 0.8710 | train_acc: 0.6379 | test_loss: 1.3187 | test_acc: 0.4570 | 
Epoch: 12 | train_loss: 0.9008 | train_acc: 0.6218 | test_loss: 1.2634 | test_acc: 0.5078 | 
Epoch: 13 | train_loss: 0.8723 | train_acc: 0.6433 | test_loss: 1.1498 | test_acc: 0.5391 | 
Epoch: 14 | train_loss: 0.7282 | train_acc: 0.6994 | test_loss: 1.1963 | test_acc: 0.5430 | 
Epoch: 15 | train_loss: 0.7710 | train_acc: 0.6907 | test_loss: 1.0116 | test_acc: 0.6094 | 
Epoch: 16 | train_loss: 0.7277 | train_acc: 0.7026 | test_loss: 1.1866 | test_acc: 0.5352 | 
Epoch: 17 | train_loss: 0.6378 | train_acc: 0.7672 | test_loss: 1.0773 | test_acc: 0.6211 | 
Epoch: 18 | train_loss: 0.6432 | train_acc: 0.7619 | test_loss: 1.1206 | test_acc: 0.6016 | 
Epoch: 19 | train_loss: 0.6783 | train_acc: 0.7317 | test_loss: 1.1876 | test_acc: 0.5312 | 
Epoch: 20 | train_loss: 0.6633 | train_acc: 0.7295 | test_loss: 1.0254 | test_acc: 0.6055 | 
Epoch: 21 | train_loss: 0.6725 | train_acc: 0.7468 | test_loss: 1.0262 | test_acc: 0.6172 | 
Epoch: 22 | train_loss: 0.6276 | train_acc: 0.7791 | test_loss: 1.1799 | test_acc: 0.5781 | 
Epoch: 23 | train_loss: 0.5702 | train_acc: 0.7619 | test_loss: 1.1408 | test_acc: 0.5430 | 
Epoch: 24 | train_loss: 0.5497 | train_acc: 0.7748 | test_loss: 1.1427 | test_acc: 0.5508 | 
Epoch: 25 | train_loss: 0.5472 | train_acc: 0.8082 | test_loss: 1.1724 | test_acc: 0.5742 | 
Epoch: 26 | train_loss: 0.5919 | train_acc: 0.7877 | test_loss: 1.1711 | test_acc: 0.5898 | 
Epoch: 27 | train_loss: 0.5912 | train_acc: 0.7856 | test_loss: 1.1234 | test_acc: 0.4883 | 
Epoch: 28 | train_loss: 0.4973 | train_acc: 0.8136 | test_loss: 1.0424 | test_acc: 0.6328 | 
Epoch: 29 | train_loss: 0.5233 | train_acc: 0.7942 | test_loss: 1.3616 | test_acc: 0.5039 | 
Epoch: 30 | train_loss: 0.4986 | train_acc: 0.8082 | test_loss: 1.1324 | test_acc: 0.5820 | 
Epoch: 31 | train_loss: 0.5211 | train_acc: 0.8017 | test_loss: 1.0623 | test_acc: 0.5977 | 
Epoch: 32 | train_loss: 0.4961 | train_acc: 0.8147 | test_loss: 1.1961 | test_acc: 0.5938 | 
Epoch: 33 | train_loss: 0.4584 | train_acc: 0.8114 | test_loss: 1.0993 | test_acc: 0.6211 | 
Epoch: 34 | train_loss: 0.4646 | train_acc: 0.8082 | test_loss: 1.1068 | test_acc: 0.5664 | 
Epoch: 35 | train_loss: 0.4768 | train_acc: 0.8351 | test_loss: 1.1224 | test_acc: 0.5078 | 
Epoch: 36 | train_loss: 0.4304 | train_acc: 0.8190 | test_loss: 1.2945 | test_acc: 0.5898 | 
Epoch: 37 | train_loss: 0.4225 | train_acc: 0.8502 | test_loss: 1.0710 | test_acc: 0.6484 | 
Epoch: 38 | train_loss: 0.4368 | train_acc: 0.8330 | test_loss: 1.1327 | test_acc: 0.6406 | 
Epoch: 39 | train_loss: 0.3597 | train_acc: 0.8718 | test_loss: 1.1300 | test_acc: 0.6289 | 
Epoch: 40 | train_loss: 0.3746 | train_acc: 0.8545 | test_loss: 1.1412 | test_acc: 0.6406 | 
Epoch: 41 | train_loss: 0.3763 | train_acc: 0.8405 | test_loss: 1.1241 | test_acc: 0.6445 | 
Epoch: 42 | train_loss: 0.4680 | train_acc: 0.8470 | test_loss: 1.1241 | test_acc: 0.6250 | 
Epoch: 43 | train_loss: 0.4279 | train_acc: 0.8394 | test_loss: 1.0553 | test_acc: 0.6367 | 
Epoch: 44 | train_loss: 0.3829 | train_acc: 0.8599 | test_loss: 1.1748 | test_acc: 0.6484 | 
Epoch: 45 | train_loss: 0.5206 | train_acc: 0.8319 | test_loss: 1.0707 | test_acc: 0.6016 | 
Epoch: 46 | train_loss: 0.4245 | train_acc: 0.8491 | test_loss: 1.0779 | test_acc: 0.6328 | 
Epoch: 47 | train_loss: 0.3592 | train_acc: 0.8621 | test_loss: 1.0847 | test_acc: 0.6094 | 
Epoch: 48 | train_loss: 0.3973 | train_acc: 0.8459 | test_loss: 1.0776 | test_acc: 0.5898 | 
Epoch: 49 | train_loss: 0.2957 | train_acc: 0.8782 | test_loss: 1.1335 | test_acc: 0.6289 | 
Epoch: 50 | train_loss: 0.3331 | train_acc: 0.8728 | test_loss: 1.1352 | test_acc: 0.6680 | 
⏱️ Total training time: 95.066 seconds
📊 Bands [394, 0, 153] -> Fitness: 0.6680
Dataset initialized with pre-loaded data. Total samples: 897
Band indices for training dataloader: [201, 447, 103]
Dataset initialized with pre-loaded data. Total samples: 226
Band indices for test dataloader: [201, 447, 103]
🔍 Starting evaluation of individual [201, 447, 103]
Epoch: 1 | train_loss: 1.3672 | train_acc: 0.3157 | test_loss: 1.3440 | test_acc: 0.3086 | 
Epoch: 2 | train_loss: 1.2979 | train_acc: 0.3922 | test_loss: 1.3960 | test_acc: 0.3242 | 
Epoch: 3 | train_loss: 1.1550 | train_acc: 0.5075 | test_loss: 1.2567 | test_acc: 0.4609 | 
Epoch: 4 | train_loss: 1.0973 | train_acc: 0.5442 | test_loss: 1.2092 | test_acc: 0.4453 | 
Epoch: 5 | train_loss: 1.0638 | train_acc: 0.5657 | test_loss: 1.1615 | test_acc: 0.5781 | 
Epoch: 6 | train_loss: 0.9890 | train_acc: 0.5787 | test_loss: 1.1682 | test_acc: 0.5742 | 
Epoch: 7 | train_loss: 0.8671 | train_acc: 0.6412 | test_loss: 1.0223 | test_acc: 0.5664 | 
Epoch: 8 | train_loss: 0.8061 | train_acc: 0.6606 | test_loss: 1.2498 | test_acc: 0.5312 | 
Epoch: 9 | train_loss: 0.7768 | train_acc: 0.7037 | test_loss: 0.9792 | test_acc: 0.6406 | 
Epoch: 10 | train_loss: 0.7217 | train_acc: 0.7209 | test_loss: 0.9939 | test_acc: 0.6719 | 
Epoch: 11 | train_loss: 0.6754 | train_acc: 0.7575 | test_loss: 1.0031 | test_acc: 0.6406 | 
Epoch: 12 | train_loss: 0.7084 | train_acc: 0.7134 | test_loss: 0.9336 | test_acc: 0.6836 | 
Epoch: 13 | train_loss: 0.6802 | train_acc: 0.7425 | test_loss: 1.1003 | test_acc: 0.6055 | 
Epoch: 14 | train_loss: 0.6713 | train_acc: 0.7575 | test_loss: 0.9208 | test_acc: 0.6953 | 
Epoch: 15 | train_loss: 0.5430 | train_acc: 0.8006 | test_loss: 0.9231 | test_acc: 0.7227 | 
Epoch: 16 | train_loss: 0.5958 | train_acc: 0.7565 | test_loss: 1.7397 | test_acc: 0.6172 | 
Epoch: 17 | train_loss: 0.5768 | train_acc: 0.7823 | test_loss: 0.9401 | test_acc: 0.6797 | 
Epoch: 18 | train_loss: 0.5090 | train_acc: 0.7974 | test_loss: 1.0755 | test_acc: 0.6445 | 
Epoch: 19 | train_loss: 0.5063 | train_acc: 0.8244 | test_loss: 1.1459 | test_acc: 0.6289 | 
Epoch: 20 | train_loss: 0.5121 | train_acc: 0.8244 | test_loss: 0.9533 | test_acc: 0.7070 | 
Epoch: 21 | train_loss: 0.4341 | train_acc: 0.8308 | test_loss: 1.1790 | test_acc: 0.6797 | 
Epoch: 22 | train_loss: 0.4459 | train_acc: 0.8254 | test_loss: 1.1337 | test_acc: 0.6016 | 
Epoch: 23 | train_loss: 0.4377 | train_acc: 0.8168 | test_loss: 0.9550 | test_acc: 0.6953 | 
Epoch: 24 | train_loss: 0.3980 | train_acc: 0.8254 | test_loss: 1.1008 | test_acc: 0.6172 | 
Epoch: 25 | train_loss: 0.4421 | train_acc: 0.8534 | test_loss: 0.9705 | test_acc: 0.6875 | 
Epoch: 26 | train_loss: 0.3701 | train_acc: 0.8416 | test_loss: 1.0206 | test_acc: 0.7148 | 
Epoch: 27 | train_loss: 0.3448 | train_acc: 0.8631 | test_loss: 1.0626 | test_acc: 0.6562 | 
Epoch: 28 | train_loss: 0.3950 | train_acc: 0.8362 | test_loss: 1.2957 | test_acc: 0.6328 | 
Epoch: 29 | train_loss: 0.3669 | train_acc: 0.8438 | test_loss: 1.0074 | test_acc: 0.7109 | 
Epoch: 30 | train_loss: 0.4574 | train_acc: 0.8416 | test_loss: 1.0953 | test_acc: 0.6797 | 
Epoch: 31 | train_loss: 0.2987 | train_acc: 0.8933 | test_loss: 1.1261 | test_acc: 0.6875 | 
Epoch: 32 | train_loss: 0.3594 | train_acc: 0.8578 | test_loss: 1.0991 | test_acc: 0.6758 | 
Epoch: 33 | train_loss: 0.4107 | train_acc: 0.8341 | test_loss: 0.9833 | test_acc: 0.6562 | 
Epoch: 34 | train_loss: 0.3522 | train_acc: 0.8825 | test_loss: 1.0299 | test_acc: 0.6719 | 
Epoch: 35 | train_loss: 0.3082 | train_acc: 0.8890 | test_loss: 0.9550 | test_acc: 0.7148 | 
Epoch: 36 | train_loss: 0.3008 | train_acc: 0.9009 | test_loss: 0.8989 | test_acc: 0.7070 | 
Epoch: 37 | train_loss: 0.2802 | train_acc: 0.8782 | test_loss: 1.0598 | test_acc: 0.7070 | 
Epoch: 38 | train_loss: 0.3008 | train_acc: 0.8804 | test_loss: 1.0360 | test_acc: 0.7344 | 
Epoch: 39 | train_loss: 0.2469 | train_acc: 0.9127 | test_loss: 0.9613 | test_acc: 0.7461 | 
Epoch: 40 | train_loss: 0.2670 | train_acc: 0.8933 | test_loss: 1.0004 | test_acc: 0.7148 | 
Epoch: 41 | train_loss: 0.3352 | train_acc: 0.8847 | test_loss: 0.9964 | test_acc: 0.7500 | 
Epoch: 42 | train_loss: 0.3185 | train_acc: 0.8728 | test_loss: 1.0241 | test_acc: 0.7148 | 
Epoch: 43 | train_loss: 0.3152 | train_acc: 0.8804 | test_loss: 0.9484 | test_acc: 0.7344 | 
Epoch: 44 | train_loss: 0.2339 | train_acc: 0.9127 | test_loss: 1.0210 | test_acc: 0.7109 | 
Epoch: 45 | train_loss: 0.2899 | train_acc: 0.9041 | test_loss: 0.9845 | test_acc: 0.7344 | 
Epoch: 46 | train_loss: 0.2634 | train_acc: 0.9095 | test_loss: 0.9311 | test_acc: 0.6484 | 
Epoch: 47 | train_loss: 0.2199 | train_acc: 0.9256 | test_loss: 1.0371 | test_acc: 0.7148 | 
Epoch: 48 | train_loss: 0.2882 | train_acc: 0.9009 | test_loss: 0.9294 | test_acc: 0.7500 | 
Epoch: 49 | train_loss: 0.3318 | train_acc: 0.8728 | test_loss: 0.8419 | test_acc: 0.7461 | 
Epoch: 50 | train_loss: 0.3071 | train_acc: 0.8998 | test_loss: 0.8881 | test_acc: 0.7188 | 
⏱️ Total training time: 89.872 seconds
📊 Bands [201, 447, 103] -> Fitness: 0.7188
Bands [152, 158, 224] found in history. Returning cached fitness.
Bands [152, 158, 224] found in history. Returning cached fitness.
Dataset initialized with pre-loaded data. Total samples: 897
Band indices for training dataloader: [211, 342, 30]
Dataset initialized with pre-loaded data. Total samples: 226
Band indices for test dataloader: [211, 342, 30]
🔍 Starting evaluation of individual [211, 342, 30]
Epoch: 1 | train_loss: 1.3896 | train_acc: 0.2780 | test_loss: 1.3708 | test_acc: 0.3008 | 
Epoch: 2 | train_loss: 1.3084 | train_acc: 0.3631 | test_loss: 1.5479 | test_acc: 0.3008 | 
Epoch: 3 | train_loss: 1.2733 | train_acc: 0.4106 | test_loss: 1.2629 | test_acc: 0.4648 | 
Epoch: 4 | train_loss: 1.1504 | train_acc: 0.5129 | test_loss: 1.4440 | test_acc: 0.3672 | 
Epoch: 5 | train_loss: 1.1001 | train_acc: 0.5151 | test_loss: 1.4143 | test_acc: 0.4023 | 
Epoch: 6 | train_loss: 1.0034 | train_acc: 0.5938 | test_loss: 1.2279 | test_acc: 0.5117 | 
Epoch: 7 | train_loss: 0.9405 | train_acc: 0.6131 | test_loss: 1.2371 | test_acc: 0.5625 | 
Epoch: 8 | train_loss: 0.9902 | train_acc: 0.6067 | test_loss: 1.2575 | test_acc: 0.4648 | 
Epoch: 9 | train_loss: 0.9361 | train_acc: 0.6131 | test_loss: 1.3313 | test_acc: 0.4453 | 
Epoch: 10 | train_loss: 0.8772 | train_acc: 0.6218 | test_loss: 1.2691 | test_acc: 0.4727 | 
Epoch: 11 | train_loss: 0.8527 | train_acc: 0.6315 | test_loss: 1.3115 | test_acc: 0.4883 | 
Epoch: 12 | train_loss: 0.7773 | train_acc: 0.7252 | test_loss: 1.1887 | test_acc: 0.5352 | 
Epoch: 13 | train_loss: 0.8202 | train_acc: 0.6897 | test_loss: 1.4180 | test_acc: 0.5039 | 
Epoch: 14 | train_loss: 0.7400 | train_acc: 0.6789 | test_loss: 1.1184 | test_acc: 0.6094 | 
Epoch: 15 | train_loss: 0.7290 | train_acc: 0.7069 | test_loss: 1.2204 | test_acc: 0.5273 | 
Epoch: 16 | train_loss: 0.6487 | train_acc: 0.7392 | test_loss: 1.4129 | test_acc: 0.5273 | 
Epoch: 17 | train_loss: 0.6567 | train_acc: 0.7468 | test_loss: 1.3231 | test_acc: 0.5391 | 
Epoch: 18 | train_loss: 0.5707 | train_acc: 0.7920 | test_loss: 1.3129 | test_acc: 0.5898 | 
Epoch: 19 | train_loss: 0.6193 | train_acc: 0.7640 | test_loss: 1.1255 | test_acc: 0.6914 | 
Epoch: 20 | train_loss: 0.5702 | train_acc: 0.7834 | test_loss: 1.0984 | test_acc: 0.6680 | 
Epoch: 21 | train_loss: 0.5935 | train_acc: 0.7597 | test_loss: 1.3255 | test_acc: 0.5039 | 
Epoch: 22 | train_loss: 0.5449 | train_acc: 0.8093 | test_loss: 1.1384 | test_acc: 0.5430 | 
Epoch: 23 | train_loss: 0.5625 | train_acc: 0.7780 | test_loss: 1.1824 | test_acc: 0.5898 | 
Epoch: 24 | train_loss: 0.5007 | train_acc: 0.8211 | test_loss: 1.0888 | test_acc: 0.6250 | 
Epoch: 25 | train_loss: 0.4517 | train_acc: 0.8416 | test_loss: 1.2169 | test_acc: 0.6172 | 
Epoch: 26 | train_loss: 0.5413 | train_acc: 0.7942 | test_loss: 1.2202 | test_acc: 0.6406 | 
Epoch: 27 | train_loss: 0.5140 | train_acc: 0.8168 | test_loss: 1.1892 | test_acc: 0.5859 | 
Epoch: 28 | train_loss: 0.4527 | train_acc: 0.8254 | test_loss: 1.2051 | test_acc: 0.6523 | 
Epoch: 29 | train_loss: 0.5594 | train_acc: 0.8200 | test_loss: 1.1987 | test_acc: 0.6719 | 
Epoch: 30 | train_loss: 0.4684 | train_acc: 0.8362 | test_loss: 1.1547 | test_acc: 0.6250 | 
Epoch: 31 | train_loss: 0.4586 | train_acc: 0.8190 | test_loss: 1.1327 | test_acc: 0.6172 | 
Epoch: 32 | train_loss: 0.4377 | train_acc: 0.8125 | test_loss: 1.2226 | test_acc: 0.6094 | 
Epoch: 33 | train_loss: 0.4378 | train_acc: 0.8125 | test_loss: 1.1796 | test_acc: 0.6289 | 
Epoch: 34 | train_loss: 0.4580 | train_acc: 0.8448 | test_loss: 1.1906 | test_acc: 0.5977 | 
Epoch: 35 | train_loss: 0.4255 | train_acc: 0.8341 | test_loss: 1.2706 | test_acc: 0.5430 | 
Epoch: 36 | train_loss: 0.4200 | train_acc: 0.8244 | test_loss: 1.2152 | test_acc: 0.5977 | 
Epoch: 37 | train_loss: 0.4414 | train_acc: 0.8459 | test_loss: 1.2779 | test_acc: 0.5469 | 
Epoch: 38 | train_loss: 0.4145 | train_acc: 0.8470 | test_loss: 1.3489 | test_acc: 0.5859 | 
Epoch: 39 | train_loss: 0.4197 | train_acc: 0.8373 | test_loss: 1.2647 | test_acc: 0.6641 | 
Epoch: 40 | train_loss: 0.3883 | train_acc: 0.8394 | test_loss: 1.1048 | test_acc: 0.6719 | 
Epoch: 41 | train_loss: 0.3548 | train_acc: 0.8879 | test_loss: 1.3161 | test_acc: 0.5664 | 
Epoch: 42 | train_loss: 0.5092 | train_acc: 0.8502 | test_loss: 1.3506 | test_acc: 0.5938 | 
Epoch: 43 | train_loss: 0.4108 | train_acc: 0.8491 | test_loss: 1.1706 | test_acc: 0.6719 | 
Epoch: 44 | train_loss: 0.4033 | train_acc: 0.8405 | test_loss: 1.1091 | test_acc: 0.6562 | 
Epoch: 45 | train_loss: 0.3265 | train_acc: 0.8782 | test_loss: 1.2316 | test_acc: 0.6133 | 
Epoch: 46 | train_loss: 0.2916 | train_acc: 0.9116 | test_loss: 1.2032 | test_acc: 0.6094 | 
Epoch: 47 | train_loss: 0.2960 | train_acc: 0.8642 | test_loss: 1.2292 | test_acc: 0.6445 | 
Epoch: 48 | train_loss: 0.3040 | train_acc: 0.9052 | test_loss: 1.1570 | test_acc: 0.6875 | 
Epoch: 49 | train_loss: 0.3194 | train_acc: 0.8578 | test_loss: 1.1900 | test_acc: 0.7031 | 
Epoch: 50 | train_loss: 0.2907 | train_acc: 0.8976 | test_loss: 1.2374 | test_acc: 0.6328 | 
⏱️ Total training time: 93.541 seconds
📊 Bands [211, 342, 30] -> Fitness: 0.6328
Dataset initialized with pre-loaded data. Total samples: 897
Band indices for training dataloader: [117, 280, 345]
Dataset initialized with pre-loaded data. Total samples: 226
Band indices for test dataloader: [117, 280, 345]
🔍 Starting evaluation of individual [117, 280, 345]
Epoch: 1 | train_loss: 1.3707 | train_acc: 0.3222 | test_loss: 1.3050 | test_acc: 0.3398 | 
Epoch: 2 | train_loss: 1.2703 | train_acc: 0.4364 | test_loss: 1.3041 | test_acc: 0.3984 | 
Epoch: 3 | train_loss: 1.1466 | train_acc: 0.5162 | test_loss: 1.1727 | test_acc: 0.4883 | 
Epoch: 4 | train_loss: 1.0857 | train_acc: 0.5248 | test_loss: 1.1416 | test_acc: 0.5508 | 
Epoch: 5 | train_loss: 0.9913 | train_acc: 0.5808 | test_loss: 1.1152 | test_acc: 0.5664 | 
Epoch: 6 | train_loss: 0.9689 | train_acc: 0.5830 | test_loss: 1.0326 | test_acc: 0.6055 | 
Epoch: 7 | train_loss: 0.8700 | train_acc: 0.6616 | test_loss: 1.0112 | test_acc: 0.5781 | 
Epoch: 8 | train_loss: 0.8448 | train_acc: 0.6552 | test_loss: 1.0137 | test_acc: 0.5586 | 
Epoch: 9 | train_loss: 0.7834 | train_acc: 0.6843 | test_loss: 0.9809 | test_acc: 0.6445 | 
Epoch: 10 | train_loss: 0.7569 | train_acc: 0.6864 | test_loss: 1.0613 | test_acc: 0.5781 | 
Epoch: 11 | train_loss: 0.7013 | train_acc: 0.7058 | test_loss: 1.0783 | test_acc: 0.6172 | 
Epoch: 12 | train_loss: 0.7187 | train_acc: 0.7241 | test_loss: 0.9540 | test_acc: 0.6797 | 
Epoch: 13 | train_loss: 0.6159 | train_acc: 0.7716 | test_loss: 1.0776 | test_acc: 0.6484 | 
Epoch: 14 | train_loss: 0.6007 | train_acc: 0.7640 | test_loss: 1.1361 | test_acc: 0.6367 | 
Epoch: 15 | train_loss: 0.6335 | train_acc: 0.7662 | test_loss: 0.9706 | test_acc: 0.6523 | 
Epoch: 16 | train_loss: 0.5536 | train_acc: 0.7856 | test_loss: 1.0186 | test_acc: 0.6797 | 
Epoch: 17 | train_loss: 0.5245 | train_acc: 0.8222 | test_loss: 0.9909 | test_acc: 0.7031 | 
Epoch: 18 | train_loss: 0.5931 | train_acc: 0.7834 | test_loss: 0.8725 | test_acc: 0.6875 | 
Epoch: 19 | train_loss: 0.4814 | train_acc: 0.8254 | test_loss: 1.0918 | test_acc: 0.6602 | 
Epoch: 20 | train_loss: 0.4753 | train_acc: 0.8006 | test_loss: 0.8934 | test_acc: 0.7305 | 
Epoch: 21 | train_loss: 0.4652 | train_acc: 0.8179 | test_loss: 0.8343 | test_acc: 0.6953 | 
Epoch: 22 | train_loss: 0.4406 | train_acc: 0.8459 | test_loss: 1.1824 | test_acc: 0.6641 | 
Epoch: 23 | train_loss: 0.4367 | train_acc: 0.8545 | test_loss: 0.8460 | test_acc: 0.7617 | 
Epoch: 24 | train_loss: 0.3899 | train_acc: 0.8384 | test_loss: 0.9004 | test_acc: 0.7266 | 
Epoch: 25 | train_loss: 0.4295 | train_acc: 0.8308 | test_loss: 1.0812 | test_acc: 0.6719 | 
Epoch: 26 | train_loss: 0.5100 | train_acc: 0.8147 | test_loss: 0.8086 | test_acc: 0.7305 | 
Epoch: 27 | train_loss: 0.3905 | train_acc: 0.8254 | test_loss: 0.7732 | test_acc: 0.7344 | 
Epoch: 28 | train_loss: 0.4595 | train_acc: 0.8147 | test_loss: 0.7628 | test_acc: 0.7461 | 
Epoch: 29 | train_loss: 0.4154 | train_acc: 0.8287 | test_loss: 0.8298 | test_acc: 0.7188 | 
Epoch: 30 | train_loss: 0.3914 | train_acc: 0.8481 | test_loss: 0.8933 | test_acc: 0.7070 | 
Epoch: 31 | train_loss: 0.3904 | train_acc: 0.8287 | test_loss: 0.8740 | test_acc: 0.7383 | 
Epoch: 32 | train_loss: 0.4118 | train_acc: 0.8297 | test_loss: 0.8007 | test_acc: 0.7461 | 
Epoch: 33 | train_loss: 0.2810 | train_acc: 0.9084 | test_loss: 0.7824 | test_acc: 0.7344 | 
Epoch: 34 | train_loss: 0.3159 | train_acc: 0.8664 | test_loss: 0.8708 | test_acc: 0.7383 | 
Epoch: 35 | train_loss: 0.2832 | train_acc: 0.9073 | test_loss: 0.9111 | test_acc: 0.6992 | 
Epoch: 36 | train_loss: 0.3167 | train_acc: 0.9009 | test_loss: 0.9631 | test_acc: 0.7383 | 
Epoch: 37 | train_loss: 0.2947 | train_acc: 0.8966 | test_loss: 0.8968 | test_acc: 0.7383 | 
Epoch: 38 | train_loss: 0.2077 | train_acc: 0.9364 | test_loss: 0.8490 | test_acc: 0.7656 | 
Epoch: 39 | train_loss: 0.2435 | train_acc: 0.9095 | test_loss: 0.9492 | test_acc: 0.7305 | 
Epoch: 40 | train_loss: 0.4282 | train_acc: 0.8976 | test_loss: 0.8903 | test_acc: 0.7617 | 
Epoch: 41 | train_loss: 0.2900 | train_acc: 0.8793 | test_loss: 0.8159 | test_acc: 0.7695 | 
Epoch: 42 | train_loss: 0.2674 | train_acc: 0.9213 | test_loss: 0.8757 | test_acc: 0.7617 | 
Epoch: 43 | train_loss: 0.2527 | train_acc: 0.9159 | test_loss: 0.8216 | test_acc: 0.7422 | 
Epoch: 44 | train_loss: 0.2427 | train_acc: 0.9052 | test_loss: 0.7489 | test_acc: 0.7461 | 
Epoch: 45 | train_loss: 0.2122 | train_acc: 0.9073 | test_loss: 0.7794 | test_acc: 0.7617 | 
Epoch: 46 | train_loss: 0.2065 | train_acc: 0.9224 | test_loss: 0.9596 | test_acc: 0.7383 | 
Epoch: 47 | train_loss: 0.2392 | train_acc: 0.8955 | test_loss: 0.8241 | test_acc: 0.7500 | 
Epoch: 48 | train_loss: 0.2543 | train_acc: 0.8933 | test_loss: 0.8481 | test_acc: 0.7539 | 
Epoch: 49 | train_loss: 0.3573 | train_acc: 0.8955 | test_loss: 0.7660 | test_acc: 0.7734 | 
Epoch: 50 | train_loss: 0.2570 | train_acc: 0.9224 | test_loss: 0.7152 | test_acc: 0.7812 | 
⏱️ Total training time: 90.533 seconds
📊 Bands [117, 280, 345] -> Fitness: 0.7812
Dataset initialized with pre-loaded data. Total samples: 897
Band indices for training dataloader: [364, 375, 324]
Dataset initialized with pre-loaded data. Total samples: 226
Band indices for test dataloader: [364, 375, 324]
🔍 Starting evaluation of individual [364, 375, 324]
Epoch: 1 | train_loss: 1.3906 | train_acc: 0.2748 | test_loss: 1.3286 | test_acc: 0.3828 | 
Epoch: 2 | train_loss: 1.2899 | train_acc: 0.4084 | test_loss: 1.2817 | test_acc: 0.4453 | 
Epoch: 3 | train_loss: 1.2468 | train_acc: 0.4224 | test_loss: 1.2931 | test_acc: 0.4102 | 
Epoch: 4 | train_loss: 1.2056 | train_acc: 0.4537 | test_loss: 1.2471 | test_acc: 0.4023 | 
Epoch: 5 | train_loss: 1.1663 | train_acc: 0.4666 | test_loss: 1.1632 | test_acc: 0.4961 | 
Epoch: 6 | train_loss: 1.1006 | train_acc: 0.5302 | test_loss: 1.1851 | test_acc: 0.4961 | 
Epoch: 7 | train_loss: 1.0507 | train_acc: 0.5744 | test_loss: 1.2077 | test_acc: 0.4883 | 
Epoch: 8 | train_loss: 1.0028 | train_acc: 0.5948 | test_loss: 1.1788 | test_acc: 0.5391 | 
Epoch: 9 | train_loss: 0.9629 | train_acc: 0.5959 | test_loss: 1.0745 | test_acc: 0.5898 | 
Epoch: 10 | train_loss: 0.8832 | train_acc: 0.6347 | test_loss: 1.1153 | test_acc: 0.5781 | 
Epoch: 11 | train_loss: 0.8125 | train_acc: 0.6519 | test_loss: 1.3733 | test_acc: 0.5508 | 
Epoch: 12 | train_loss: 0.7904 | train_acc: 0.6681 | test_loss: 1.0251 | test_acc: 0.5977 | 
Epoch: 13 | train_loss: 0.8240 | train_acc: 0.6541 | test_loss: 1.0649 | test_acc: 0.5938 | 
Epoch: 14 | train_loss: 0.7335 | train_acc: 0.7241 | test_loss: 1.3303 | test_acc: 0.5156 | 
Epoch: 15 | train_loss: 0.7129 | train_acc: 0.7112 | test_loss: 1.1482 | test_acc: 0.5859 | 
Epoch: 16 | train_loss: 0.6784 | train_acc: 0.7209 | test_loss: 1.0789 | test_acc: 0.5938 | 
Epoch: 17 | train_loss: 0.7741 | train_acc: 0.7004 | test_loss: 1.0614 | test_acc: 0.6133 | 
Epoch: 18 | train_loss: 0.7089 | train_acc: 0.6875 | test_loss: 1.0698 | test_acc: 0.6055 | 
Epoch: 19 | train_loss: 0.7093 | train_acc: 0.7371 | test_loss: 1.0933 | test_acc: 0.5234 | 
Epoch: 20 | train_loss: 0.6538 | train_acc: 0.7328 | test_loss: 1.3600 | test_acc: 0.4844 | 
Epoch: 21 | train_loss: 0.6679 | train_acc: 0.7069 | test_loss: 1.1539 | test_acc: 0.5508 | 
Epoch: 22 | train_loss: 0.6636 | train_acc: 0.7123 | test_loss: 1.2536 | test_acc: 0.5469 | 
Epoch: 23 | train_loss: 0.6211 | train_acc: 0.7586 | test_loss: 1.4244 | test_acc: 0.5078 | 
Epoch: 24 | train_loss: 0.6408 | train_acc: 0.7543 | test_loss: 1.0615 | test_acc: 0.6055 | 
Epoch: 25 | train_loss: 0.5947 | train_acc: 0.7683 | test_loss: 1.0188 | test_acc: 0.6562 | 
Epoch: 26 | train_loss: 0.5578 | train_acc: 0.7737 | test_loss: 1.2672 | test_acc: 0.5508 | 
Epoch: 27 | train_loss: 0.6408 | train_acc: 0.7909 | test_loss: 1.0143 | test_acc: 0.6523 | 
Epoch: 28 | train_loss: 0.5414 | train_acc: 0.7909 | test_loss: 1.1099 | test_acc: 0.6094 | 
Epoch: 29 | train_loss: 0.5017 | train_acc: 0.8276 | test_loss: 1.0964 | test_acc: 0.6289 | 
Epoch: 30 | train_loss: 0.5040 | train_acc: 0.8147 | test_loss: 1.1279 | test_acc: 0.6289 | 
Epoch: 31 | train_loss: 0.4756 | train_acc: 0.8254 | test_loss: 1.1858 | test_acc: 0.5859 | 
Epoch: 32 | train_loss: 0.4856 | train_acc: 0.8233 | test_loss: 1.1931 | test_acc: 0.5820 | 
Epoch: 33 | train_loss: 0.5267 | train_acc: 0.8050 | test_loss: 1.2263 | test_acc: 0.6172 | 
Epoch: 34 | train_loss: 0.5477 | train_acc: 0.7812 | test_loss: 1.0075 | test_acc: 0.6836 | 
Epoch: 35 | train_loss: 0.4688 | train_acc: 0.8103 | test_loss: 1.0022 | test_acc: 0.6719 | 
Epoch: 36 | train_loss: 0.3909 | train_acc: 0.8448 | test_loss: 1.0773 | test_acc: 0.6289 | 
Epoch: 37 | train_loss: 0.4186 | train_acc: 0.8114 | test_loss: 1.1817 | test_acc: 0.6523 | 
Epoch: 38 | train_loss: 0.3913 | train_acc: 0.8599 | test_loss: 1.1104 | test_acc: 0.6562 | 
Epoch: 39 | train_loss: 0.4338 | train_acc: 0.8373 | test_loss: 1.0866 | test_acc: 0.6523 | 
Epoch: 40 | train_loss: 0.4619 | train_acc: 0.8125 | test_loss: 0.9896 | test_acc: 0.6836 | 
Epoch: 41 | train_loss: 0.3525 | train_acc: 0.8653 | test_loss: 1.0593 | test_acc: 0.6758 | 
Epoch: 42 | train_loss: 0.3705 | train_acc: 0.8438 | test_loss: 0.9499 | test_acc: 0.6914 | 
Epoch: 43 | train_loss: 0.3630 | train_acc: 0.8631 | test_loss: 1.0091 | test_acc: 0.6211 | 
Epoch: 44 | train_loss: 0.4076 | train_acc: 0.8330 | test_loss: 1.0354 | test_acc: 0.6797 | 
Epoch: 45 | train_loss: 0.4009 | train_acc: 0.8427 | test_loss: 1.0202 | test_acc: 0.7070 | 
Epoch: 46 | train_loss: 0.4210 | train_acc: 0.8427 | test_loss: 0.9565 | test_acc: 0.6758 | 
Epoch: 47 | train_loss: 0.3394 | train_acc: 0.8718 | test_loss: 1.0014 | test_acc: 0.6328 | 
Epoch: 48 | train_loss: 0.2862 | train_acc: 0.8869 | test_loss: 1.1182 | test_acc: 0.6953 | 
Epoch: 49 | train_loss: 0.3759 | train_acc: 0.8664 | test_loss: 1.1677 | test_acc: 0.6562 | 
Epoch: 50 | train_loss: 0.3631 | train_acc: 0.8599 | test_loss: 1.0681 | test_acc: 0.6719 | 
⏱️ Total training time: 94.580 seconds
📊 Bands [364, 375, 324] -> Fitness: 0.6719
Dataset initialized with pre-loaded data. Total samples: 897
Band indices for training dataloader: [241, 219, 361]
Dataset initialized with pre-loaded data. Total samples: 226
Band indices for test dataloader: [241, 219, 361]
🔍 Starting evaluation of individual [241, 219, 361]
Epoch: 1 | train_loss: 1.3592 | train_acc: 0.3394 | test_loss: 1.3208 | test_acc: 0.3672 | 
Epoch: 2 | train_loss: 1.2479 | train_acc: 0.4289 | test_loss: 1.4082 | test_acc: 0.4648 | 
Epoch: 3 | train_loss: 1.1240 | train_acc: 0.5043 | test_loss: 1.1309 | test_acc: 0.5156 | 
Epoch: 4 | train_loss: 1.0304 | train_acc: 0.5722 | test_loss: 1.2999 | test_acc: 0.5508 | 
Epoch: 5 | train_loss: 0.9556 | train_acc: 0.6261 | test_loss: 1.1935 | test_acc: 0.4766 | 
Epoch: 6 | train_loss: 0.9145 | train_acc: 0.6369 | test_loss: 1.1065 | test_acc: 0.6211 | 
Epoch: 7 | train_loss: 0.8987 | train_acc: 0.6369 | test_loss: 1.2634 | test_acc: 0.5430 | 
Epoch: 8 | train_loss: 0.8178 | train_acc: 0.6681 | test_loss: 1.0044 | test_acc: 0.5820 | 
Epoch: 9 | train_loss: 0.7357 | train_acc: 0.7338 | test_loss: 1.0380 | test_acc: 0.6602 | 
Epoch: 10 | train_loss: 0.7635 | train_acc: 0.6994 | test_loss: 1.0758 | test_acc: 0.5781 | 
Epoch: 11 | train_loss: 0.6305 | train_acc: 0.7338 | test_loss: 1.0924 | test_acc: 0.6523 | 
Epoch: 12 | train_loss: 0.6255 | train_acc: 0.7489 | test_loss: 0.9322 | test_acc: 0.6836 | 
Epoch: 13 | train_loss: 0.6023 | train_acc: 0.7748 | test_loss: 1.0913 | test_acc: 0.6406 | 
Epoch: 14 | train_loss: 0.5286 | train_acc: 0.8114 | test_loss: 1.0839 | test_acc: 0.6211 | 
Epoch: 15 | train_loss: 0.5522 | train_acc: 0.7888 | test_loss: 0.9832 | test_acc: 0.6328 | 
Epoch: 16 | train_loss: 0.5597 | train_acc: 0.7823 | test_loss: 0.9266 | test_acc: 0.6211 | 
Epoch: 17 | train_loss: 0.4597 | train_acc: 0.8427 | test_loss: 0.9283 | test_acc: 0.6797 | 
Epoch: 18 | train_loss: 0.4367 | train_acc: 0.8287 | test_loss: 0.9993 | test_acc: 0.6250 | 
Epoch: 19 | train_loss: 0.4861 | train_acc: 0.8179 | test_loss: 0.9524 | test_acc: 0.5938 | 
Epoch: 20 | train_loss: 0.5073 | train_acc: 0.8093 | test_loss: 0.9640 | test_acc: 0.7031 | 
Epoch: 21 | train_loss: 0.4386 | train_acc: 0.8448 | test_loss: 0.9086 | test_acc: 0.6602 | 
Epoch: 22 | train_loss: 0.3945 | train_acc: 0.8718 | test_loss: 0.8401 | test_acc: 0.6680 | 
Epoch: 23 | train_loss: 0.4101 | train_acc: 0.8394 | test_loss: 0.9470 | test_acc: 0.6328 | 
Epoch: 24 | train_loss: 0.3730 | train_acc: 0.8675 | test_loss: 1.0815 | test_acc: 0.7305 | 
Epoch: 25 | train_loss: 0.4666 | train_acc: 0.8448 | test_loss: 0.9678 | test_acc: 0.6562 | 
Epoch: 26 | train_loss: 0.4227 | train_acc: 0.8664 | test_loss: 0.8170 | test_acc: 0.7383 | 
Epoch: 27 | train_loss: 0.3163 | train_acc: 0.8912 | test_loss: 0.9503 | test_acc: 0.7344 | 
Epoch: 28 | train_loss: 0.3542 | train_acc: 0.8642 | test_loss: 0.7625 | test_acc: 0.7656 | 
Epoch: 29 | train_loss: 0.3100 | train_acc: 0.8987 | test_loss: 0.8517 | test_acc: 0.7539 | 
Epoch: 30 | train_loss: 0.3085 | train_acc: 0.8685 | test_loss: 0.8771 | test_acc: 0.7500 | 
Epoch: 31 | train_loss: 0.2919 | train_acc: 0.8621 | test_loss: 0.9523 | test_acc: 0.7109 | 
Epoch: 32 | train_loss: 0.2597 | train_acc: 0.9181 | test_loss: 1.1363 | test_acc: 0.7188 | 
Epoch: 33 | train_loss: 0.2528 | train_acc: 0.8847 | test_loss: 1.1619 | test_acc: 0.7188 | 
Epoch: 34 | train_loss: 0.3312 | train_acc: 0.8750 | test_loss: 0.9202 | test_acc: 0.7383 | 
Epoch: 35 | train_loss: 0.2855 | train_acc: 0.8815 | test_loss: 1.1137 | test_acc: 0.7070 | 
Epoch: 36 | train_loss: 0.3436 | train_acc: 0.8588 | test_loss: 1.1749 | test_acc: 0.6445 | 
Epoch: 37 | train_loss: 0.3346 | train_acc: 0.8912 | test_loss: 1.0247 | test_acc: 0.6602 | 
Epoch: 38 | train_loss: 0.3113 | train_acc: 0.8879 | test_loss: 0.8741 | test_acc: 0.7500 | 
Epoch: 39 | train_loss: 0.2793 | train_acc: 0.8879 | test_loss: 1.0006 | test_acc: 0.7578 | 
Epoch: 40 | train_loss: 0.2805 | train_acc: 0.8782 | test_loss: 0.8905 | test_acc: 0.7422 | 
Epoch: 41 | train_loss: 0.2072 | train_acc: 0.9343 | test_loss: 0.9362 | test_acc: 0.7656 | 
Epoch: 42 | train_loss: 0.2499 | train_acc: 0.9062 | test_loss: 0.9704 | test_acc: 0.7500 | 
Epoch: 43 | train_loss: 0.2327 | train_acc: 0.9235 | test_loss: 0.9572 | test_acc: 0.7578 | 
Epoch: 44 | train_loss: 0.2614 | train_acc: 0.8858 | test_loss: 0.8818 | test_acc: 0.7578 | 
Epoch: 45 | train_loss: 0.2635 | train_acc: 0.8815 | test_loss: 1.0121 | test_acc: 0.7422 | 
Epoch: 46 | train_loss: 0.3282 | train_acc: 0.8772 | test_loss: 0.9246 | test_acc: 0.7227 | 
Epoch: 47 | train_loss: 0.2235 | train_acc: 0.9289 | test_loss: 0.8641 | test_acc: 0.7422 | 
Epoch: 48 | train_loss: 0.2046 | train_acc: 0.9116 | test_loss: 0.9743 | test_acc: 0.6914 | 
Epoch: 49 | train_loss: 0.2026 | train_acc: 0.9332 | test_loss: 0.8572 | test_acc: 0.7695 | 
Epoch: 50 | train_loss: 0.2671 | train_acc: 0.9062 | test_loss: 0.9377 | test_acc: 0.7500 | 
⏱️ Total training time: 93.904 seconds
📊 Bands [241, 219, 361] -> Fitness: 0.7500
Dataset initialized with pre-loaded data. Total samples: 897
Band indices for training dataloader: [201, 366, 332]
Dataset initialized with pre-loaded data. Total samples: 226
Band indices for test dataloader: [201, 366, 332]
🔍 Starting evaluation of individual [201, 366, 332]
Epoch: 1 | train_loss: 1.3849 | train_acc: 0.2866 | test_loss: 1.4442 | test_acc: 0.2656 | 
Epoch: 2 | train_loss: 1.3026 | train_acc: 0.3491 | test_loss: 1.2033 | test_acc: 0.4922 | 
Epoch: 3 | train_loss: 1.2432 | train_acc: 0.4343 | test_loss: 1.1276 | test_acc: 0.5508 | 
Epoch: 4 | train_loss: 1.1665 | train_acc: 0.4903 | test_loss: 1.1363 | test_acc: 0.5742 | 
Epoch: 5 | train_loss: 1.0896 | train_acc: 0.5593 | test_loss: 1.0595 | test_acc: 0.5898 | 
Epoch: 6 | train_loss: 0.9850 | train_acc: 0.5927 | test_loss: 1.1216 | test_acc: 0.5000 | 
Epoch: 7 | train_loss: 0.9516 | train_acc: 0.5991 | test_loss: 1.0801 | test_acc: 0.5742 | 
Epoch: 8 | train_loss: 0.8902 | train_acc: 0.6379 | test_loss: 1.2011 | test_acc: 0.5586 | 
Epoch: 9 | train_loss: 0.9330 | train_acc: 0.6336 | test_loss: 1.0829 | test_acc: 0.5781 | 
Epoch: 10 | train_loss: 0.8843 | train_acc: 0.6455 | test_loss: 0.9731 | test_acc: 0.5977 | 
Epoch: 11 | train_loss: 0.7935 | train_acc: 0.6778 | test_loss: 1.1125 | test_acc: 0.5703 | 
Epoch: 12 | train_loss: 0.9007 | train_acc: 0.6853 | test_loss: 1.0886 | test_acc: 0.6133 | 
Epoch: 13 | train_loss: 0.7724 | train_acc: 0.7004 | test_loss: 1.0165 | test_acc: 0.6250 | 
Epoch: 14 | train_loss: 0.7476 | train_acc: 0.6940 | test_loss: 1.2088 | test_acc: 0.5664 | 
Epoch: 15 | train_loss: 0.6862 | train_acc: 0.7284 | test_loss: 0.9809 | test_acc: 0.6211 | 
Epoch: 16 | train_loss: 0.7042 | train_acc: 0.7295 | test_loss: 1.1476 | test_acc: 0.6133 | 
Epoch: 17 | train_loss: 0.6937 | train_acc: 0.7263 | test_loss: 1.0652 | test_acc: 0.6367 | 
Epoch: 18 | train_loss: 0.6869 | train_acc: 0.7144 | test_loss: 0.9112 | test_acc: 0.6523 | 
Epoch: 19 | train_loss: 0.6428 | train_acc: 0.7489 | test_loss: 1.0280 | test_acc: 0.6250 | 
Epoch: 20 | train_loss: 0.6132 | train_acc: 0.7683 | test_loss: 1.0453 | test_acc: 0.6211 | 
Epoch: 21 | train_loss: 0.6213 | train_acc: 0.7608 | test_loss: 0.9645 | test_acc: 0.6289 | 
Epoch: 22 | train_loss: 0.5828 | train_acc: 0.7812 | test_loss: 0.9451 | test_acc: 0.6719 | 
Epoch: 23 | train_loss: 0.5464 | train_acc: 0.7748 | test_loss: 1.0397 | test_acc: 0.6328 | 
Epoch: 24 | train_loss: 0.5298 | train_acc: 0.8136 | test_loss: 1.0204 | test_acc: 0.6016 | 
Epoch: 25 | train_loss: 0.5289 | train_acc: 0.7726 | test_loss: 0.9851 | test_acc: 0.6758 | 
Epoch: 26 | train_loss: 0.4516 | train_acc: 0.8254 | test_loss: 0.9248 | test_acc: 0.6562 | 
Epoch: 27 | train_loss: 0.4705 | train_acc: 0.8362 | test_loss: 1.1699 | test_acc: 0.5781 | 
Epoch: 28 | train_loss: 0.4509 | train_acc: 0.8491 | test_loss: 1.0993 | test_acc: 0.6250 | 
Epoch: 29 | train_loss: 0.4434 | train_acc: 0.8082 | test_loss: 0.9698 | test_acc: 0.6680 | 
Epoch: 30 | train_loss: 0.5032 | train_acc: 0.8190 | test_loss: 1.1416 | test_acc: 0.6484 | 
Epoch: 31 | train_loss: 0.5551 | train_acc: 0.7716 | test_loss: 1.0156 | test_acc: 0.6523 | 
Epoch: 32 | train_loss: 0.4592 | train_acc: 0.8405 | test_loss: 0.9502 | test_acc: 0.6562 | 
Epoch: 33 | train_loss: 0.4346 | train_acc: 0.8308 | test_loss: 1.0168 | test_acc: 0.6562 | 
Epoch: 34 | train_loss: 0.4323 | train_acc: 0.8384 | test_loss: 0.9499 | test_acc: 0.6562 | 
Epoch: 35 | train_loss: 0.4342 | train_acc: 0.8200 | test_loss: 0.9563 | test_acc: 0.6680 | 
Epoch: 36 | train_loss: 0.3732 | train_acc: 0.8675 | test_loss: 0.9185 | test_acc: 0.6836 | 
Epoch: 37 | train_loss: 0.4169 | train_acc: 0.8330 | test_loss: 1.0136 | test_acc: 0.6602 | 
Epoch: 38 | train_loss: 0.4453 | train_acc: 0.8427 | test_loss: 0.9428 | test_acc: 0.6836 | 
Epoch: 39 | train_loss: 0.3733 | train_acc: 0.8707 | test_loss: 0.9847 | test_acc: 0.6836 | 
Epoch: 40 | train_loss: 0.4006 | train_acc: 0.8448 | test_loss: 0.9220 | test_acc: 0.7031 | 
Epoch: 41 | train_loss: 0.3575 | train_acc: 0.8750 | test_loss: 1.0195 | test_acc: 0.6484 | 
Epoch: 42 | train_loss: 0.3226 | train_acc: 0.8955 | test_loss: 0.9918 | test_acc: 0.6641 | 
Epoch: 43 | train_loss: 0.2938 | train_acc: 0.9062 | test_loss: 1.0115 | test_acc: 0.6914 | 
Epoch: 44 | train_loss: 0.4303 | train_acc: 0.8588 | test_loss: 1.0973 | test_acc: 0.6602 | 
Epoch: 45 | train_loss: 0.4196 | train_acc: 0.8341 | test_loss: 0.9856 | test_acc: 0.6875 | 
Epoch: 46 | train_loss: 0.3072 | train_acc: 0.9116 | test_loss: 1.0253 | test_acc: 0.6406 | 
Epoch: 47 | train_loss: 0.2659 | train_acc: 0.9192 | test_loss: 1.0854 | test_acc: 0.6797 | 
Epoch: 48 | train_loss: 0.3268 | train_acc: 0.8642 | test_loss: 1.2132 | test_acc: 0.6680 | 
Epoch: 49 | train_loss: 0.4312 | train_acc: 0.8513 | test_loss: 1.1825 | test_acc: 0.6602 | 
Epoch: 50 | train_loss: 0.3153 | train_acc: 0.8933 | test_loss: 1.1405 | test_acc: 0.6836 | 
⏱️ Total training time: 87.521 seconds
📊 Bands [201, 366, 332] -> Fitness: 0.6836
Dataset initialized with pre-loaded data. Total samples: 897
Band indices for training dataloader: [204, 358, 403]
Dataset initialized with pre-loaded data. Total samples: 226
Band indices for test dataloader: [204, 358, 403]
🔍 Starting evaluation of individual [204, 358, 403]
Epoch: 1 | train_loss: 1.3761 | train_acc: 0.3050 | test_loss: 1.6304 | test_acc: 0.2969 | 
Epoch: 2 | train_loss: 1.2868 | train_acc: 0.3890 | test_loss: 1.2471 | test_acc: 0.4375 | 
Epoch: 3 | train_loss: 1.2211 | train_acc: 0.4558 | test_loss: 1.3695 | test_acc: 0.4062 | 
Epoch: 4 | train_loss: 1.2008 | train_acc: 0.4483 | test_loss: 1.1352 | test_acc: 0.4688 | 
Epoch: 5 | train_loss: 1.1185 | train_acc: 0.4914 | test_loss: 1.1817 | test_acc: 0.5195 | 
Epoch: 6 | train_loss: 1.0612 | train_acc: 0.5237 | test_loss: 1.0779 | test_acc: 0.5742 | 
Epoch: 7 | train_loss: 0.9782 | train_acc: 0.6164 | test_loss: 1.2615 | test_acc: 0.5273 | 
Epoch: 8 | train_loss: 0.9290 | train_acc: 0.6304 | test_loss: 1.2672 | test_acc: 0.4375 | 
Epoch: 9 | train_loss: 0.9262 | train_acc: 0.6067 | test_loss: 1.0452 | test_acc: 0.5820 | 
Epoch: 10 | train_loss: 0.8418 | train_acc: 0.6897 | test_loss: 1.1298 | test_acc: 0.5391 | 
Epoch: 11 | train_loss: 0.8211 | train_acc: 0.6541 | test_loss: 1.3298 | test_acc: 0.5352 | 
Epoch: 12 | train_loss: 0.7442 | train_acc: 0.7101 | test_loss: 1.2021 | test_acc: 0.6094 | 
Epoch: 13 | train_loss: 0.7642 | train_acc: 0.6961 | test_loss: 1.0593 | test_acc: 0.6250 | 
Epoch: 14 | train_loss: 0.6732 | train_acc: 0.7317 | test_loss: 1.1438 | test_acc: 0.5977 | 
Epoch: 15 | train_loss: 0.6400 | train_acc: 0.7532 | test_loss: 1.0310 | test_acc: 0.5938 | 
Epoch: 16 | train_loss: 0.7018 | train_acc: 0.7166 | test_loss: 1.0485 | test_acc: 0.6289 | 
Epoch: 17 | train_loss: 0.7143 | train_acc: 0.7091 | test_loss: 0.9868 | test_acc: 0.6133 | 
Epoch: 18 | train_loss: 0.6832 | train_acc: 0.7403 | test_loss: 0.8454 | test_acc: 0.6797 | 
Epoch: 19 | train_loss: 0.6414 | train_acc: 0.7295 | test_loss: 0.9632 | test_acc: 0.6602 | 
Epoch: 20 | train_loss: 0.5686 | train_acc: 0.7791 | test_loss: 0.8926 | test_acc: 0.6406 | 
Epoch: 21 | train_loss: 0.5483 | train_acc: 0.8093 | test_loss: 1.0066 | test_acc: 0.6562 | 
Epoch: 22 | train_loss: 0.6080 | train_acc: 0.7705 | test_loss: 1.0640 | test_acc: 0.6523 | 
Epoch: 23 | train_loss: 0.5473 | train_acc: 0.7920 | test_loss: 0.9266 | test_acc: 0.6680 | 
Epoch: 24 | train_loss: 0.6147 | train_acc: 0.7812 | test_loss: 1.1176 | test_acc: 0.5938 | 
Epoch: 25 | train_loss: 0.4687 | train_acc: 0.8287 | test_loss: 0.9821 | test_acc: 0.6562 | 
Epoch: 26 | train_loss: 0.4703 | train_acc: 0.8287 | test_loss: 1.1166 | test_acc: 0.5938 | 
Epoch: 27 | train_loss: 0.4160 | train_acc: 0.8588 | test_loss: 1.0580 | test_acc: 0.6719 | 
Epoch: 28 | train_loss: 0.4212 | train_acc: 0.8276 | test_loss: 1.0074 | test_acc: 0.6875 | 
Epoch: 29 | train_loss: 0.5157 | train_acc: 0.8244 | test_loss: 1.0383 | test_acc: 0.6523 | 
Epoch: 30 | train_loss: 0.3967 | train_acc: 0.8642 | test_loss: 1.0364 | test_acc: 0.6562 | 
Epoch: 31 | train_loss: 0.4381 | train_acc: 0.8222 | test_loss: 1.0155 | test_acc: 0.6016 | 
Epoch: 32 | train_loss: 0.4235 | train_acc: 0.8265 | test_loss: 1.0354 | test_acc: 0.6758 | 
Epoch: 33 | train_loss: 0.4223 | train_acc: 0.8222 | test_loss: 1.0431 | test_acc: 0.6719 | 
Epoch: 34 | train_loss: 0.4797 | train_acc: 0.8297 | test_loss: 1.1438 | test_acc: 0.6602 | 
Epoch: 35 | train_loss: 0.4069 | train_acc: 0.8588 | test_loss: 1.0806 | test_acc: 0.6719 | 
Epoch: 36 | train_loss: 0.3384 | train_acc: 0.8858 | test_loss: 0.8971 | test_acc: 0.7109 | 
Epoch: 37 | train_loss: 0.3062 | train_acc: 0.8955 | test_loss: 1.3286 | test_acc: 0.5938 | 
Epoch: 38 | train_loss: 0.4940 | train_acc: 0.8707 | test_loss: 1.0457 | test_acc: 0.6758 | 
Epoch: 39 | train_loss: 0.3835 | train_acc: 0.8545 | test_loss: 1.0653 | test_acc: 0.6367 | 
Epoch: 40 | train_loss: 0.3747 | train_acc: 0.8481 | test_loss: 0.9599 | test_acc: 0.7031 | 
Epoch: 41 | train_loss: 0.3361 | train_acc: 0.8534 | test_loss: 0.9983 | test_acc: 0.6875 | 
Epoch: 42 | train_loss: 0.4009 | train_acc: 0.8556 | test_loss: 1.1150 | test_acc: 0.6094 | 
Epoch: 43 | train_loss: 0.3723 | train_acc: 0.8599 | test_loss: 1.0260 | test_acc: 0.6055 | 
Epoch: 44 | train_loss: 0.2983 | train_acc: 0.8869 | test_loss: 1.0320 | test_acc: 0.6719 | 
Epoch: 45 | train_loss: 0.2929 | train_acc: 0.9009 | test_loss: 1.0242 | test_acc: 0.6758 | 
Epoch: 46 | train_loss: 0.2919 | train_acc: 0.9116 | test_loss: 0.9583 | test_acc: 0.7227 | 
Epoch: 47 | train_loss: 0.2398 | train_acc: 0.9159 | test_loss: 1.0413 | test_acc: 0.6367 | 
Epoch: 48 | train_loss: 0.4106 | train_acc: 0.8588 | test_loss: 1.0010 | test_acc: 0.6953 | 
Epoch: 49 | train_loss: 0.3346 | train_acc: 0.8675 | test_loss: 1.0385 | test_acc: 0.5820 | 
Epoch: 50 | train_loss: 0.2852 | train_acc: 0.9127 | test_loss: 0.8635 | test_acc: 0.7305 | 
⏱️ Total training time: 88.974 seconds
📊 Bands [204, 358, 403] -> Fitness: 0.7305
2  	14    	0.729297	0.043236 	0.632812	0.785156	Individual('h', [152, 158, 224])
Dataset initialized with pre-loaded data. Total samples: 897
Band indices for training dataloader: [272, 174, 245]
Dataset initialized with pre-loaded data. Total samples: 226
Band indices for test dataloader: [272, 174, 245]
🔍 Starting evaluation of individual [272, 174, 245]
Epoch: 1 | train_loss: 1.3691 | train_acc: 0.3362 | test_loss: 1.3240 | test_acc: 0.4062 | 
Epoch: 2 | train_loss: 1.2418 | train_acc: 0.4181 | test_loss: 1.2579 | test_acc: 0.5000 | 
Epoch: 3 | train_loss: 1.1364 | train_acc: 0.5086 | test_loss: 1.2019 | test_acc: 0.5273 | 
Epoch: 4 | train_loss: 1.1009 | train_acc: 0.5237 | test_loss: 1.2181 | test_acc: 0.5391 | 
Epoch: 5 | train_loss: 0.9626 | train_acc: 0.6218 | test_loss: 1.2835 | test_acc: 0.4258 | 
Epoch: 6 | train_loss: 0.9065 | train_acc: 0.6282 | test_loss: 1.0413 | test_acc: 0.5430 | 
Epoch: 7 | train_loss: 0.8654 | train_acc: 0.6681 | test_loss: 1.1343 | test_acc: 0.5898 | 
Epoch: 8 | train_loss: 0.8400 | train_acc: 0.6509 | test_loss: 1.0666 | test_acc: 0.5781 | 
Epoch: 9 | train_loss: 0.7582 | train_acc: 0.6950 | test_loss: 0.9348 | test_acc: 0.6523 | 
Epoch: 10 | train_loss: 0.7560 | train_acc: 0.6907 | test_loss: 0.9318 | test_acc: 0.6523 | 
Epoch: 11 | train_loss: 0.7315 | train_acc: 0.7037 | test_loss: 0.9836 | test_acc: 0.6211 | 
Epoch: 12 | train_loss: 0.6755 | train_acc: 0.7069 | test_loss: 0.9548 | test_acc: 0.6289 | 
Epoch: 13 | train_loss: 0.5890 | train_acc: 0.7726 | test_loss: 1.1307 | test_acc: 0.6641 | 
Epoch: 14 | train_loss: 0.5995 | train_acc: 0.7780 | test_loss: 1.0651 | test_acc: 0.6680 | 
Epoch: 15 | train_loss: 0.6036 | train_acc: 0.7683 | test_loss: 0.9986 | test_acc: 0.6328 | 
Epoch: 16 | train_loss: 0.5539 | train_acc: 0.7791 | test_loss: 0.8434 | test_acc: 0.6875 | 
Epoch: 17 | train_loss: 0.4968 | train_acc: 0.8211 | test_loss: 1.0154 | test_acc: 0.6250 | 
Epoch: 18 | train_loss: 0.5083 | train_acc: 0.8136 | test_loss: 0.9299 | test_acc: 0.6953 | 
Epoch: 19 | train_loss: 0.4917 | train_acc: 0.8244 | test_loss: 1.0334 | test_acc: 0.5977 | 
Epoch: 20 | train_loss: 0.5511 | train_acc: 0.7812 | test_loss: 0.8856 | test_acc: 0.7109 | 
Epoch: 21 | train_loss: 0.4869 | train_acc: 0.8405 | test_loss: 0.8664 | test_acc: 0.6367 | 
Epoch: 22 | train_loss: 0.4122 | train_acc: 0.8287 | test_loss: 0.9937 | test_acc: 0.7148 | 
Epoch: 23 | train_loss: 0.4048 | train_acc: 0.8567 | test_loss: 1.0629 | test_acc: 0.6680 | 
Epoch: 24 | train_loss: 0.4202 | train_acc: 0.8448 | test_loss: 0.9097 | test_acc: 0.6992 | 
Epoch: 25 | train_loss: 0.4858 | train_acc: 0.8319 | test_loss: 0.8352 | test_acc: 0.7305 | 
Epoch: 26 | train_loss: 0.4003 | train_acc: 0.8610 | test_loss: 0.9318 | test_acc: 0.6914 | 
Epoch: 27 | train_loss: 0.4118 | train_acc: 0.8642 | test_loss: 0.9568 | test_acc: 0.7109 | 
Epoch: 28 | train_loss: 0.4080 | train_acc: 0.8448 | test_loss: 1.0106 | test_acc: 0.6992 | 
Epoch: 29 | train_loss: 0.3979 | train_acc: 0.8491 | test_loss: 0.8645 | test_acc: 0.7695 | 
Epoch: 30 | train_loss: 0.5016 | train_acc: 0.8502 | test_loss: 1.0108 | test_acc: 0.7109 | 
Epoch: 31 | train_loss: 0.4278 | train_acc: 0.8362 | test_loss: 0.9952 | test_acc: 0.7383 | 
Epoch: 32 | train_loss: 0.3690 | train_acc: 0.8653 | test_loss: 1.0595 | test_acc: 0.6680 | 
Epoch: 33 | train_loss: 0.3633 | train_acc: 0.8739 | test_loss: 0.9899 | test_acc: 0.7031 | 
Epoch: 34 | train_loss: 0.3277 | train_acc: 0.8685 | test_loss: 0.8642 | test_acc: 0.7422 | 
Epoch: 35 | train_loss: 0.3871 | train_acc: 0.8578 | test_loss: 0.9058 | test_acc: 0.7266 | 
Epoch: 36 | train_loss: 0.3585 | train_acc: 0.8664 | test_loss: 0.9141 | test_acc: 0.7227 | 
Epoch: 37 | train_loss: 0.3236 | train_acc: 0.8642 | test_loss: 0.8755 | test_acc: 0.6992 | 
Epoch: 38 | train_loss: 0.2926 | train_acc: 0.8793 | test_loss: 1.2421 | test_acc: 0.6914 | 
Epoch: 39 | train_loss: 0.3476 | train_acc: 0.8696 | test_loss: 0.9506 | test_acc: 0.7383 | 
Epoch: 40 | train_loss: 0.3199 | train_acc: 0.8750 | test_loss: 0.9365 | test_acc: 0.6992 | 
Epoch: 41 | train_loss: 0.3941 | train_acc: 0.8610 | test_loss: 0.8712 | test_acc: 0.7539 | 
Epoch: 42 | train_loss: 0.3108 | train_acc: 0.8772 | test_loss: 0.9515 | test_acc: 0.7109 | 
Epoch: 43 | train_loss: 0.2850 | train_acc: 0.8782 | test_loss: 0.9865 | test_acc: 0.7461 | 
Epoch: 44 | train_loss: 0.3857 | train_acc: 0.8804 | test_loss: 1.2510 | test_acc: 0.6523 | 
Epoch: 45 | train_loss: 0.2947 | train_acc: 0.8750 | test_loss: 0.9530 | test_acc: 0.6641 | 
Epoch: 46 | train_loss: 0.3465 | train_acc: 0.8804 | test_loss: 0.9669 | test_acc: 0.6992 | 
Epoch: 47 | train_loss: 0.2300 | train_acc: 0.9170 | test_loss: 0.9321 | test_acc: 0.7578 | 
Epoch: 48 | train_loss: 0.2866 | train_acc: 0.8761 | test_loss: 1.0345 | test_acc: 0.7461 | 
Epoch: 49 | train_loss: 0.4144 | train_acc: 0.8912 | test_loss: 1.0902 | test_acc: 0.7617 | 
Epoch: 50 | train_loss: 0.2556 | train_acc: 0.8955 | test_loss: 0.8647 | test_acc: 0.7578 | 
⏱️ Total training time: 87.142 seconds
📊 Bands [272, 174, 245] -> Fitness: 0.7578
Dataset initialized with pre-loaded data. Total samples: 897
Band indices for training dataloader: [283, 265, 123]
Dataset initialized with pre-loaded data. Total samples: 226
Band indices for test dataloader: [283, 265, 123]
🔍 Starting evaluation of individual [283, 265, 123]
Epoch: 1 | train_loss: 1.3824 | train_acc: 0.2888 | test_loss: 1.3170 | test_acc: 0.4062 | 
Epoch: 2 | train_loss: 1.2592 | train_acc: 0.4515 | test_loss: 1.3452 | test_acc: 0.4062 | 
Epoch: 3 | train_loss: 1.1896 | train_acc: 0.4935 | test_loss: 1.2303 | test_acc: 0.4805 | 
Epoch: 4 | train_loss: 1.0675 | train_acc: 0.5377 | test_loss: 1.2072 | test_acc: 0.4883 | 
Epoch: 5 | train_loss: 1.0559 | train_acc: 0.5528 | test_loss: 1.2465 | test_acc: 0.5547 | 
Epoch: 6 | train_loss: 0.9433 | train_acc: 0.6131 | test_loss: 0.9958 | test_acc: 0.6367 | 
Epoch: 7 | train_loss: 0.8931 | train_acc: 0.6390 | test_loss: 1.0053 | test_acc: 0.6055 | 
Epoch: 8 | train_loss: 0.8580 | train_acc: 0.6272 | test_loss: 1.1469 | test_acc: 0.5859 | 
Epoch: 9 | train_loss: 0.7773 | train_acc: 0.6789 | test_loss: 1.0432 | test_acc: 0.5977 | 
Epoch: 10 | train_loss: 0.7747 | train_acc: 0.6778 | test_loss: 1.0977 | test_acc: 0.6445 | 
Epoch: 11 | train_loss: 0.7203 | train_acc: 0.7220 | test_loss: 1.0051 | test_acc: 0.6641 | 
Epoch: 12 | train_loss: 0.7333 | train_acc: 0.7015 | test_loss: 0.9238 | test_acc: 0.6484 | 
Epoch: 13 | train_loss: 0.6503 | train_acc: 0.7252 | test_loss: 0.9852 | test_acc: 0.6406 | 
Epoch: 14 | train_loss: 0.5527 | train_acc: 0.7769 | test_loss: 1.2365 | test_acc: 0.5586 | 
Epoch: 15 | train_loss: 0.5331 | train_acc: 0.8039 | test_loss: 0.9386 | test_acc: 0.6602 | 
Epoch: 16 | train_loss: 0.5876 | train_acc: 0.7543 | test_loss: 0.9293 | test_acc: 0.6953 | 
Epoch: 17 | train_loss: 0.5158 | train_acc: 0.8254 | test_loss: 0.9651 | test_acc: 0.6797 | 
Epoch: 18 | train_loss: 0.5525 | train_acc: 0.7759 | test_loss: 0.9455 | test_acc: 0.6719 | 
Epoch: 19 | train_loss: 0.5498 | train_acc: 0.7856 | test_loss: 0.7998 | test_acc: 0.7422 | 
Epoch: 20 | train_loss: 0.5374 | train_acc: 0.7996 | test_loss: 0.8637 | test_acc: 0.7070 | 
Epoch: 21 | train_loss: 0.4578 | train_acc: 0.8297 | test_loss: 0.8560 | test_acc: 0.7031 | 
Epoch: 22 | train_loss: 0.4103 | train_acc: 0.8513 | test_loss: 0.9593 | test_acc: 0.7266 | 
Epoch: 23 | train_loss: 0.4222 | train_acc: 0.8545 | test_loss: 0.8204 | test_acc: 0.7188 | 
Epoch: 24 | train_loss: 0.4078 | train_acc: 0.8244 | test_loss: 0.8065 | test_acc: 0.6992 | 
Epoch: 25 | train_loss: 0.4426 | train_acc: 0.8254 | test_loss: 0.8059 | test_acc: 0.7227 | 
Epoch: 26 | train_loss: 0.4119 | train_acc: 0.8491 | test_loss: 0.8007 | test_acc: 0.6875 | 
Epoch: 27 | train_loss: 0.3799 | train_acc: 0.8524 | test_loss: 0.8359 | test_acc: 0.7148 | 
Epoch: 28 | train_loss: 0.4657 | train_acc: 0.8136 | test_loss: 0.9050 | test_acc: 0.6953 | 
Epoch: 29 | train_loss: 0.3962 | train_acc: 0.8772 | test_loss: 0.8023 | test_acc: 0.7305 | 
Epoch: 30 | train_loss: 0.3608 | train_acc: 0.8761 | test_loss: 0.7690 | test_acc: 0.7188 | 
Epoch: 31 | train_loss: 0.3061 | train_acc: 0.8858 | test_loss: 0.8436 | test_acc: 0.7227 | 
Epoch: 32 | train_loss: 0.3070 | train_acc: 0.8912 | test_loss: 0.8276 | test_acc: 0.7188 | 
Epoch: 33 | train_loss: 0.4480 | train_acc: 0.8556 | test_loss: 0.9569 | test_acc: 0.6953 | 
Epoch: 34 | train_loss: 0.3080 | train_acc: 0.8933 | test_loss: 0.8787 | test_acc: 0.7109 | 
Epoch: 35 | train_loss: 0.3565 | train_acc: 0.8718 | test_loss: 0.8815 | test_acc: 0.7266 | 
Epoch: 36 | train_loss: 0.3112 | train_acc: 0.8836 | test_loss: 0.7882 | test_acc: 0.7734 | 
Epoch: 37 | train_loss: 0.3091 | train_acc: 0.8739 | test_loss: 0.9080 | test_acc: 0.7461 | 
Epoch: 38 | train_loss: 0.2863 | train_acc: 0.8987 | test_loss: 0.8827 | test_acc: 0.6953 | 
Epoch: 39 | train_loss: 0.2556 | train_acc: 0.9116 | test_loss: 1.0798 | test_acc: 0.7227 | 
Epoch: 40 | train_loss: 0.2866 | train_acc: 0.9041 | test_loss: 0.9053 | test_acc: 0.7070 | 
Epoch: 41 | train_loss: 0.3463 | train_acc: 0.8825 | test_loss: 0.8085 | test_acc: 0.7500 | 
Epoch: 42 | train_loss: 0.2921 | train_acc: 0.8858 | test_loss: 0.8948 | test_acc: 0.7031 | 
Epoch: 43 | train_loss: 0.2213 | train_acc: 0.8987 | test_loss: 0.7993 | test_acc: 0.7539 | 
Epoch: 44 | train_loss: 0.2098 | train_acc: 0.9289 | test_loss: 0.8892 | test_acc: 0.7422 | 
Epoch: 45 | train_loss: 0.3155 | train_acc: 0.8912 | test_loss: 0.8772 | test_acc: 0.7617 | 
Epoch: 46 | train_loss: 0.2832 | train_acc: 0.8879 | test_loss: 0.8955 | test_acc: 0.7383 | 
Epoch: 47 | train_loss: 0.2330 | train_acc: 0.9364 | test_loss: 1.0692 | test_acc: 0.7070 | 
Epoch: 48 | train_loss: 0.1579 | train_acc: 0.9494 | test_loss: 0.9346 | test_acc: 0.7539 | 
Epoch: 49 | train_loss: 0.3217 | train_acc: 0.8987 | test_loss: 0.9218 | test_acc: 0.7422 | 
Epoch: 50 | train_loss: 0.2539 | train_acc: 0.8933 | test_loss: 0.8858 | test_acc: 0.7539 | 
⏱️ Total training time: 82.743 seconds
📊 Bands [283, 265, 123] -> Fitness: 0.7539
Dataset initialized with pre-loaded data. Total samples: 897
Band indices for training dataloader: [110, 97, 172]
Dataset initialized with pre-loaded data. Total samples: 226
Band indices for test dataloader: [110, 97, 172]
🔍 Starting evaluation of individual [110, 97, 172]
Epoch: 1 | train_loss: 1.3711 | train_acc: 0.2856 | test_loss: 1.4674 | test_acc: 0.3867 | 
Epoch: 2 | train_loss: 1.2544 | train_acc: 0.4170 | test_loss: 1.1784 | test_acc: 0.5625 | 
Epoch: 3 | train_loss: 1.1308 | train_acc: 0.5000 | test_loss: 1.1480 | test_acc: 0.4414 | 
Epoch: 4 | train_loss: 1.0257 | train_acc: 0.5528 | test_loss: 1.1609 | test_acc: 0.5664 | 
Epoch: 5 | train_loss: 0.9463 | train_acc: 0.6078 | test_loss: 1.0479 | test_acc: 0.5859 | 
Epoch: 6 | train_loss: 0.8932 | train_acc: 0.6164 | test_loss: 0.9818 | test_acc: 0.5938 | 
Epoch: 7 | train_loss: 0.8467 | train_acc: 0.6703 | test_loss: 0.8882 | test_acc: 0.6328 | 
Epoch: 8 | train_loss: 0.6867 | train_acc: 0.7371 | test_loss: 1.3688 | test_acc: 0.5898 | 
Epoch: 9 | train_loss: 0.7588 | train_acc: 0.6983 | test_loss: 1.2258 | test_acc: 0.5781 | 
Epoch: 10 | train_loss: 0.7065 | train_acc: 0.7155 | test_loss: 1.0722 | test_acc: 0.6094 | 
Epoch: 11 | train_loss: 0.7205 | train_acc: 0.7306 | test_loss: 0.9632 | test_acc: 0.5977 | 
Epoch: 12 | train_loss: 0.5764 | train_acc: 0.8222 | test_loss: 0.8596 | test_acc: 0.6602 | 
Epoch: 13 | train_loss: 0.5707 | train_acc: 0.7920 | test_loss: 0.8367 | test_acc: 0.6953 | 
Epoch: 14 | train_loss: 0.5658 | train_acc: 0.7759 | test_loss: 0.8367 | test_acc: 0.6289 | 
Epoch: 15 | train_loss: 0.5106 | train_acc: 0.8060 | test_loss: 1.0477 | test_acc: 0.6758 | 
Epoch: 16 | train_loss: 0.4697 | train_acc: 0.7985 | test_loss: 0.8943 | test_acc: 0.6836 | 
Epoch: 17 | train_loss: 0.4523 | train_acc: 0.8384 | test_loss: 0.7934 | test_acc: 0.7227 | 
Epoch: 18 | train_loss: 0.4066 | train_acc: 0.8761 | test_loss: 0.8105 | test_acc: 0.7500 | 
Epoch: 19 | train_loss: 0.4508 | train_acc: 0.8373 | test_loss: 0.7484 | test_acc: 0.7031 | 
Epoch: 20 | train_loss: 0.4665 | train_acc: 0.8416 | test_loss: 0.8355 | test_acc: 0.6680 | 
Epoch: 21 | train_loss: 0.4184 | train_acc: 0.8470 | test_loss: 0.8257 | test_acc: 0.6953 | 
Epoch: 22 | train_loss: 0.4566 | train_acc: 0.8416 | test_loss: 0.8134 | test_acc: 0.7344 | 
Epoch: 23 | train_loss: 0.4296 | train_acc: 0.8459 | test_loss: 0.7770 | test_acc: 0.7734 | 
Epoch: 24 | train_loss: 0.4051 | train_acc: 0.8438 | test_loss: 0.7356 | test_acc: 0.7422 | 
Epoch: 25 | train_loss: 0.3588 | train_acc: 0.8718 | test_loss: 0.7000 | test_acc: 0.7695 | 
Epoch: 26 | train_loss: 0.3221 | train_acc: 0.8739 | test_loss: 0.7175 | test_acc: 0.7031 | 
Epoch: 27 | train_loss: 0.2863 | train_acc: 0.9030 | test_loss: 0.7069 | test_acc: 0.7422 | 
Epoch: 28 | train_loss: 0.2828 | train_acc: 0.9149 | test_loss: 0.6780 | test_acc: 0.7617 | 
Epoch: 29 | train_loss: 0.2960 | train_acc: 0.8955 | test_loss: 0.9497 | test_acc: 0.6289 | 
Epoch: 30 | train_loss: 0.4468 | train_acc: 0.8675 | test_loss: 0.7996 | test_acc: 0.7109 | 
Epoch: 31 | train_loss: 0.4003 | train_acc: 0.8513 | test_loss: 0.8269 | test_acc: 0.7422 | 
Epoch: 32 | train_loss: 0.2480 | train_acc: 0.9138 | test_loss: 0.5965 | test_acc: 0.7930 | 
Epoch: 33 | train_loss: 0.2855 | train_acc: 0.9030 | test_loss: 0.6447 | test_acc: 0.7773 | 
Epoch: 34 | train_loss: 0.3493 | train_acc: 0.8750 | test_loss: 0.8389 | test_acc: 0.7227 | 
Epoch: 35 | train_loss: 0.2522 | train_acc: 0.9073 | test_loss: 0.7158 | test_acc: 0.7695 | 
Epoch: 36 | train_loss: 0.2432 | train_acc: 0.9009 | test_loss: 0.8212 | test_acc: 0.7031 | 
Epoch: 37 | train_loss: 0.2586 | train_acc: 0.8912 | test_loss: 0.6402 | test_acc: 0.7734 | 
Epoch: 38 | train_loss: 0.2575 | train_acc: 0.9073 | test_loss: 0.7113 | test_acc: 0.7344 | 
Epoch: 39 | train_loss: 0.3080 | train_acc: 0.8869 | test_loss: 0.7144 | test_acc: 0.7422 | 
Epoch: 40 | train_loss: 0.2856 | train_acc: 0.8879 | test_loss: 0.6957 | test_acc: 0.7539 | 
Epoch: 41 | train_loss: 0.2552 | train_acc: 0.8987 | test_loss: 0.6505 | test_acc: 0.7695 | 
Epoch: 42 | train_loss: 0.2769 | train_acc: 0.9084 | test_loss: 0.7505 | test_acc: 0.7656 | 
Epoch: 43 | train_loss: 0.2829 | train_acc: 0.8815 | test_loss: 0.5732 | test_acc: 0.7852 | 
Epoch: 44 | train_loss: 0.3071 | train_acc: 0.8933 | test_loss: 0.7170 | test_acc: 0.7773 | 
Epoch: 45 | train_loss: 0.2439 | train_acc: 0.9192 | test_loss: 0.6217 | test_acc: 0.7969 | 
Epoch: 46 | train_loss: 0.2110 | train_acc: 0.9364 | test_loss: 0.6192 | test_acc: 0.8047 | 
Epoch: 47 | train_loss: 0.1990 | train_acc: 0.9170 | test_loss: 0.6462 | test_acc: 0.8125 | 
Epoch: 48 | train_loss: 0.2165 | train_acc: 0.9159 | test_loss: 0.6814 | test_acc: 0.8008 | 
Epoch: 49 | train_loss: 0.2112 | train_acc: 0.9095 | test_loss: 0.6874 | test_acc: 0.8086 | 
Epoch: 50 | train_loss: 0.2267 | train_acc: 0.9073 | test_loss: 0.6148 | test_acc: 0.8242 | 
⏱️ Total training time: 110.269 seconds
📊 Bands [110, 97, 172] -> Fitness: 0.8242
Dataset initialized with pre-loaded data. Total samples: 897
Band indices for training dataloader: [158, 340, 396]
Dataset initialized with pre-loaded data. Total samples: 226
Band indices for test dataloader: [158, 340, 396]
🔍 Starting evaluation of individual [158, 340, 396]
Epoch: 1 | train_loss: 1.3775 | train_acc: 0.3039 | test_loss: 1.4444 | test_acc: 0.3203 | 
Epoch: 2 | train_loss: 1.2947 | train_acc: 0.3890 | test_loss: 1.4327 | test_acc: 0.4297 | 
Epoch: 3 | train_loss: 1.1771 | train_acc: 0.4741 | test_loss: 1.3200 | test_acc: 0.3906 | 
Epoch: 4 | train_loss: 1.1075 | train_acc: 0.5097 | test_loss: 1.0736 | test_acc: 0.5391 | 
Epoch: 5 | train_loss: 1.0311 | train_acc: 0.5830 | test_loss: 1.2734 | test_acc: 0.5039 | 
Epoch: 6 | train_loss: 1.0148 | train_acc: 0.5550 | test_loss: 1.1295 | test_acc: 0.5508 | 
Epoch: 7 | train_loss: 0.9436 | train_acc: 0.6153 | test_loss: 1.0742 | test_acc: 0.5508 | 
Epoch: 8 | train_loss: 0.8567 | train_acc: 0.6476 | test_loss: 1.2891 | test_acc: 0.6016 | 
Epoch: 9 | train_loss: 0.8779 | train_acc: 0.6347 | test_loss: 1.0246 | test_acc: 0.6094 | 
Epoch: 10 | train_loss: 0.7853 | train_acc: 0.6692 | test_loss: 1.0427 | test_acc: 0.6250 | 
Epoch: 11 | train_loss: 0.7321 | train_acc: 0.7144 | test_loss: 1.1407 | test_acc: 0.5977 | 
Epoch: 12 | train_loss: 0.7241 | train_acc: 0.7252 | test_loss: 0.9013 | test_acc: 0.6367 | 
Epoch: 13 | train_loss: 0.6568 | train_acc: 0.7554 | test_loss: 1.4043 | test_acc: 0.4922 | 
Epoch: 14 | train_loss: 0.6192 | train_acc: 0.7629 | test_loss: 0.9022 | test_acc: 0.6367 | 
Epoch: 15 | train_loss: 0.6278 | train_acc: 0.7231 | test_loss: 0.9215 | test_acc: 0.6758 | 
Epoch: 16 | train_loss: 0.7054 | train_acc: 0.7651 | test_loss: 0.8157 | test_acc: 0.6992 | 
Epoch: 17 | train_loss: 0.5692 | train_acc: 0.7662 | test_loss: 0.9495 | test_acc: 0.6602 | 
Epoch: 18 | train_loss: 0.6249 | train_acc: 0.7640 | test_loss: 0.9355 | test_acc: 0.6758 | 
Epoch: 19 | train_loss: 0.5460 | train_acc: 0.7812 | test_loss: 0.9507 | test_acc: 0.6680 | 
Epoch: 20 | train_loss: 0.5496 | train_acc: 0.7834 | test_loss: 1.0673 | test_acc: 0.6250 | 
Epoch: 21 | train_loss: 0.5758 | train_acc: 0.7856 | test_loss: 0.8622 | test_acc: 0.6914 | 
Epoch: 22 | train_loss: 0.5301 | train_acc: 0.7909 | test_loss: 0.9027 | test_acc: 0.6992 | 
Epoch: 23 | train_loss: 0.4852 | train_acc: 0.8060 | test_loss: 0.8228 | test_acc: 0.7188 | 
Epoch: 24 | train_loss: 0.4801 | train_acc: 0.8060 | test_loss: 0.8281 | test_acc: 0.7344 | 
Epoch: 25 | train_loss: 0.3881 | train_acc: 0.8567 | test_loss: 0.8572 | test_acc: 0.7227 | 
Epoch: 26 | train_loss: 0.4054 | train_acc: 0.8556 | test_loss: 0.8757 | test_acc: 0.6445 | 
Epoch: 27 | train_loss: 0.4547 | train_acc: 0.8233 | test_loss: 0.9405 | test_acc: 0.6836 | 
Epoch: 28 | train_loss: 0.4450 | train_acc: 0.8222 | test_loss: 0.9833 | test_acc: 0.6641 | 
Epoch: 29 | train_loss: 0.4151 | train_acc: 0.8427 | test_loss: 0.8440 | test_acc: 0.7461 | 
Epoch: 30 | train_loss: 0.3960 | train_acc: 0.8341 | test_loss: 0.9647 | test_acc: 0.6992 | 
Epoch: 31 | train_loss: 0.3960 | train_acc: 0.8351 | test_loss: 0.8671 | test_acc: 0.7148 | 
Epoch: 32 | train_loss: 0.3058 | train_acc: 0.8944 | test_loss: 0.8988 | test_acc: 0.7266 | 
Epoch: 33 | train_loss: 0.3943 | train_acc: 0.8427 | test_loss: 0.8349 | test_acc: 0.7344 | 
Epoch: 34 | train_loss: 0.3990 | train_acc: 0.8448 | test_loss: 0.8709 | test_acc: 0.7344 | 
Epoch: 35 | train_loss: 0.3484 | train_acc: 0.8545 | test_loss: 0.7542 | test_acc: 0.7695 | 
Epoch: 36 | train_loss: 0.3505 | train_acc: 0.8545 | test_loss: 0.8490 | test_acc: 0.7383 | 
Epoch: 37 | train_loss: 0.3216 | train_acc: 0.8696 | test_loss: 0.8230 | test_acc: 0.7500 | 
Epoch: 38 | train_loss: 0.2882 | train_acc: 0.8782 | test_loss: 0.8634 | test_acc: 0.7578 | 
Epoch: 39 | train_loss: 0.3585 | train_acc: 0.8653 | test_loss: 0.9310 | test_acc: 0.7070 | 
Epoch: 40 | train_loss: 0.3628 | train_acc: 0.8696 | test_loss: 0.8681 | test_acc: 0.7539 | 
Epoch: 41 | train_loss: 0.3097 | train_acc: 0.8836 | test_loss: 0.8004 | test_acc: 0.7656 | 
Epoch: 42 | train_loss: 0.3702 | train_acc: 0.8922 | test_loss: 0.8471 | test_acc: 0.7383 | 
Epoch: 43 | train_loss: 0.3632 | train_acc: 0.8610 | test_loss: 0.9006 | test_acc: 0.6797 | 
Epoch: 44 | train_loss: 0.3373 | train_acc: 0.8761 | test_loss: 0.9484 | test_acc: 0.6602 | 
Epoch: 45 | train_loss: 0.2622 | train_acc: 0.9116 | test_loss: 0.8631 | test_acc: 0.6992 | 
Epoch: 46 | train_loss: 0.2982 | train_acc: 0.8825 | test_loss: 0.8892 | test_acc: 0.7383 | 
Epoch: 47 | train_loss: 0.2930 | train_acc: 0.8804 | test_loss: 0.9416 | test_acc: 0.7656 | 
Epoch: 48 | train_loss: 0.2807 | train_acc: 0.9106 | test_loss: 0.9397 | test_acc: 0.7422 | 
Epoch: 49 | train_loss: 0.2756 | train_acc: 0.8933 | test_loss: 0.8823 | test_acc: 0.7422 | 
Epoch: 50 | train_loss: 0.2959 | train_acc: 0.8750 | test_loss: 1.0252 | test_acc: 0.7188 | 
⏱️ Total training time: 96.030 seconds
📊 Bands [158, 340, 396] -> Fitness: 0.7188
Dataset initialized with pre-loaded data. Total samples: 897
Band indices for training dataloader: [33, 447, 264]
Dataset initialized with pre-loaded data. Total samples: 226
Band indices for test dataloader: [33, 447, 264]
🔍 Starting evaluation of individual [33, 447, 264]
Epoch: 1 | train_loss: 1.3789 | train_acc: 0.3050 | test_loss: 1.3578 | test_acc: 0.3086 | 
Epoch: 2 | train_loss: 1.2909 | train_acc: 0.4009 | test_loss: 1.2527 | test_acc: 0.4062 | 
Epoch: 3 | train_loss: 1.1827 | train_acc: 0.4946 | test_loss: 1.5155 | test_acc: 0.3281 | 
Epoch: 4 | train_loss: 1.1625 | train_acc: 0.4666 | test_loss: 1.2333 | test_acc: 0.4062 | 
Epoch: 5 | train_loss: 1.0851 | train_acc: 0.5162 | test_loss: 1.2308 | test_acc: 0.4336 | 
Epoch: 6 | train_loss: 0.9853 | train_acc: 0.5927 | test_loss: 1.3032 | test_acc: 0.4219 | 
Epoch: 7 | train_loss: 0.9345 | train_acc: 0.6088 | test_loss: 1.1988 | test_acc: 0.4883 | 
Epoch: 8 | train_loss: 0.9289 | train_acc: 0.6088 | test_loss: 1.0817 | test_acc: 0.4922 | 
Epoch: 9 | train_loss: 0.9218 | train_acc: 0.6325 | test_loss: 1.0791 | test_acc: 0.5664 | 
Epoch: 10 | train_loss: 0.8554 | train_acc: 0.6293 | test_loss: 1.0643 | test_acc: 0.6172 | 
Epoch: 11 | train_loss: 0.7728 | train_acc: 0.6875 | test_loss: 1.1213 | test_acc: 0.6211 | 
Epoch: 12 | train_loss: 0.7991 | train_acc: 0.6562 | test_loss: 1.1197 | test_acc: 0.5234 | 
Epoch: 13 | train_loss: 0.7213 | train_acc: 0.7144 | test_loss: 1.1939 | test_acc: 0.5703 | 
Epoch: 14 | train_loss: 0.7264 | train_acc: 0.7252 | test_loss: 1.0330 | test_acc: 0.6094 | 
Epoch: 15 | train_loss: 0.6789 | train_acc: 0.7231 | test_loss: 1.1066 | test_acc: 0.5859 | 
Epoch: 16 | train_loss: 0.7036 | train_acc: 0.7155 | test_loss: 1.1888 | test_acc: 0.6250 | 
Epoch: 17 | train_loss: 0.5968 | train_acc: 0.7619 | test_loss: 1.0058 | test_acc: 0.5781 | 
Epoch: 18 | train_loss: 0.5351 | train_acc: 0.7963 | test_loss: 1.2103 | test_acc: 0.6094 | 
Epoch: 19 | train_loss: 0.6190 | train_acc: 0.7522 | test_loss: 1.0336 | test_acc: 0.5820 | 
Epoch: 20 | train_loss: 0.6101 | train_acc: 0.7586 | test_loss: 1.1158 | test_acc: 0.6172 | 
Epoch: 21 | train_loss: 0.6189 | train_acc: 0.7802 | test_loss: 1.1020 | test_acc: 0.5625 | 
Epoch: 22 | train_loss: 0.5271 | train_acc: 0.7899 | test_loss: 0.9704 | test_acc: 0.6797 | 
Epoch: 23 | train_loss: 0.4888 | train_acc: 0.8233 | test_loss: 1.0317 | test_acc: 0.6680 | 
Epoch: 24 | train_loss: 0.4976 | train_acc: 0.8082 | test_loss: 1.0620 | test_acc: 0.6445 | 
Epoch: 25 | train_loss: 0.5109 | train_acc: 0.8265 | test_loss: 1.0581 | test_acc: 0.6836 | 
Epoch: 26 | train_loss: 0.4879 | train_acc: 0.8017 | test_loss: 1.0646 | test_acc: 0.6602 | 
Epoch: 27 | train_loss: 0.4455 | train_acc: 0.8103 | test_loss: 1.2142 | test_acc: 0.6328 | 
Epoch: 28 | train_loss: 0.4905 | train_acc: 0.7877 | test_loss: 1.3220 | test_acc: 0.5664 | 
Epoch: 29 | train_loss: 0.5254 | train_acc: 0.8103 | test_loss: 1.1263 | test_acc: 0.6016 | 
Epoch: 30 | train_loss: 0.4572 | train_acc: 0.8265 | test_loss: 1.0952 | test_acc: 0.6367 | 
Epoch: 31 | train_loss: 0.4560 | train_acc: 0.8276 | test_loss: 1.0695 | test_acc: 0.6719 | 
Epoch: 32 | train_loss: 0.4356 | train_acc: 0.8556 | test_loss: 1.1242 | test_acc: 0.6211 | 
Epoch: 33 | train_loss: 0.4071 | train_acc: 0.8664 | test_loss: 1.0582 | test_acc: 0.6641 | 
Epoch: 34 | train_loss: 0.3778 | train_acc: 0.8750 | test_loss: 1.0477 | test_acc: 0.6562 | 
Epoch: 35 | train_loss: 0.3638 | train_acc: 0.8696 | test_loss: 1.1568 | test_acc: 0.6680 | 
Epoch: 36 | train_loss: 0.4534 | train_acc: 0.8448 | test_loss: 1.0986 | test_acc: 0.6758 | 
Epoch: 37 | train_loss: 0.4043 | train_acc: 0.8448 | test_loss: 1.0387 | test_acc: 0.6797 | 
Epoch: 38 | train_loss: 0.3352 | train_acc: 0.8685 | test_loss: 1.0230 | test_acc: 0.6758 | 
Epoch: 39 | train_loss: 0.3837 | train_acc: 0.8491 | test_loss: 1.0684 | test_acc: 0.6875 | 
Epoch: 40 | train_loss: 0.3615 | train_acc: 0.8718 | test_loss: 1.0079 | test_acc: 0.6914 | 
Epoch: 41 | train_loss: 0.3713 | train_acc: 0.8524 | test_loss: 1.0120 | test_acc: 0.6719 | 
Epoch: 42 | train_loss: 0.4038 | train_acc: 0.8610 | test_loss: 0.9834 | test_acc: 0.7148 | 
Epoch: 43 | train_loss: 0.3349 | train_acc: 0.8815 | test_loss: 0.9932 | test_acc: 0.6953 | 
Epoch: 44 | train_loss: 0.2824 | train_acc: 0.9062 | test_loss: 1.1661 | test_acc: 0.6641 | 
Epoch: 45 | train_loss: 0.4483 | train_acc: 0.8696 | test_loss: 0.9916 | test_acc: 0.6875 | 
Epoch: 46 | train_loss: 0.4429 | train_acc: 0.8384 | test_loss: 1.1107 | test_acc: 0.6680 | 
Epoch: 47 | train_loss: 0.3494 | train_acc: 0.8890 | test_loss: 1.0298 | test_acc: 0.6797 | 
Epoch: 48 | train_loss: 0.3331 | train_acc: 0.8685 | test_loss: 1.1265 | test_acc: 0.6875 | 
Epoch: 49 | train_loss: 0.3283 | train_acc: 0.8750 | test_loss: 1.3500 | test_acc: 0.6602 | 
Epoch: 50 | train_loss: 0.3128 | train_acc: 0.8847 | test_loss: 1.0078 | test_acc: 0.6875 | 
⏱️ Total training time: 87.281 seconds
📊 Bands [33, 447, 264] -> Fitness: 0.6875
Dataset initialized with pre-loaded data. Total samples: 897
Band indices for training dataloader: [447, 87, 87]
Dataset initialized with pre-loaded data. Total samples: 226
Band indices for test dataloader: [447, 87, 87]
🔍 Starting evaluation of individual [447, 87, 87]
Epoch: 1 | train_loss: 1.3826 | train_acc: 0.2834 | test_loss: 1.3476 | test_acc: 0.3320 | 
Epoch: 2 | train_loss: 1.2752 | train_acc: 0.4224 | test_loss: 1.3661 | test_acc: 0.4453 | 
Epoch: 3 | train_loss: 1.2143 | train_acc: 0.4440 | test_loss: 1.3327 | test_acc: 0.3828 | 
Epoch: 4 | train_loss: 1.1158 | train_acc: 0.5183 | test_loss: 1.2917 | test_acc: 0.4453 | 
Epoch: 5 | train_loss: 1.0650 | train_acc: 0.5851 | test_loss: 1.1594 | test_acc: 0.5195 | 
Epoch: 6 | train_loss: 1.0566 | train_acc: 0.5571 | test_loss: 1.1835 | test_acc: 0.5234 | 
Epoch: 7 | train_loss: 0.9482 | train_acc: 0.5894 | test_loss: 1.1278 | test_acc: 0.5508 | 
Epoch: 8 | train_loss: 0.9295 | train_acc: 0.6056 | test_loss: 1.1902 | test_acc: 0.5742 | 
Epoch: 9 | train_loss: 0.8801 | train_acc: 0.6401 | test_loss: 0.9805 | test_acc: 0.5898 | 
Epoch: 10 | train_loss: 0.8139 | train_acc: 0.6627 | test_loss: 0.9493 | test_acc: 0.6133 | 
Epoch: 11 | train_loss: 0.7562 | train_acc: 0.7004 | test_loss: 1.0563 | test_acc: 0.5195 | 
Epoch: 12 | train_loss: 0.7484 | train_acc: 0.7360 | test_loss: 0.9699 | test_acc: 0.6328 | 
Epoch: 13 | train_loss: 0.7397 | train_acc: 0.7058 | test_loss: 0.9307 | test_acc: 0.5938 | 
Epoch: 14 | train_loss: 0.6730 | train_acc: 0.7144 | test_loss: 0.8569 | test_acc: 0.6992 | 
Epoch: 15 | train_loss: 0.7148 | train_acc: 0.7134 | test_loss: 1.0068 | test_acc: 0.6016 | 
Epoch: 16 | train_loss: 0.6626 | train_acc: 0.7435 | test_loss: 0.9360 | test_acc: 0.6875 | 
Epoch: 17 | train_loss: 0.6091 | train_acc: 0.7629 | test_loss: 0.8722 | test_acc: 0.6445 | 
Epoch: 18 | train_loss: 0.5700 | train_acc: 0.7909 | test_loss: 0.9115 | test_acc: 0.7031 | 
Epoch: 19 | train_loss: 0.6573 | train_acc: 0.7543 | test_loss: 0.8694 | test_acc: 0.6992 | 
Epoch: 20 | train_loss: 0.5143 | train_acc: 0.8157 | test_loss: 1.0158 | test_acc: 0.6211 | 
Epoch: 21 | train_loss: 0.4838 | train_acc: 0.8308 | test_loss: 0.8447 | test_acc: 0.7188 | 
Epoch: 22 | train_loss: 0.5753 | train_acc: 0.8039 | test_loss: 0.8288 | test_acc: 0.7070 | 
Epoch: 23 | train_loss: 0.5512 | train_acc: 0.8039 | test_loss: 0.8521 | test_acc: 0.6953 | 
Epoch: 24 | train_loss: 0.4880 | train_acc: 0.8050 | test_loss: 0.8972 | test_acc: 0.6758 | 
Epoch: 25 | train_loss: 0.4392 | train_acc: 0.8405 | test_loss: 0.8517 | test_acc: 0.7070 | 
Epoch: 26 | train_loss: 0.4631 | train_acc: 0.8179 | test_loss: 0.8576 | test_acc: 0.7227 | 
Epoch: 27 | train_loss: 0.3960 | train_acc: 0.8513 | test_loss: 0.8938 | test_acc: 0.7188 | 
Epoch: 28 | train_loss: 0.4340 | train_acc: 0.8233 | test_loss: 0.9158 | test_acc: 0.6836 | 
Epoch: 29 | train_loss: 0.4517 | train_acc: 0.8093 | test_loss: 0.9744 | test_acc: 0.6953 | 
Epoch: 30 | train_loss: 0.4164 | train_acc: 0.8254 | test_loss: 0.9497 | test_acc: 0.6055 | 
Epoch: 31 | train_loss: 0.3444 | train_acc: 0.8653 | test_loss: 0.8393 | test_acc: 0.7227 | 
Epoch: 32 | train_loss: 0.3572 | train_acc: 0.8804 | test_loss: 0.7718 | test_acc: 0.7617 | 
Epoch: 33 | train_loss: 0.3267 | train_acc: 0.8890 | test_loss: 0.9209 | test_acc: 0.7266 | 
Epoch: 34 | train_loss: 0.3732 | train_acc: 0.8675 | test_loss: 0.9262 | test_acc: 0.6484 | 
Epoch: 35 | train_loss: 0.4584 | train_acc: 0.8405 | test_loss: 0.9205 | test_acc: 0.6523 | 
Epoch: 36 | train_loss: 0.3815 | train_acc: 0.8470 | test_loss: 0.8754 | test_acc: 0.7227 | 
Epoch: 37 | train_loss: 0.4228 | train_acc: 0.8491 | test_loss: 0.8402 | test_acc: 0.7344 | 
Epoch: 38 | train_loss: 0.3281 | train_acc: 0.8631 | test_loss: 0.8150 | test_acc: 0.7578 | 
Epoch: 39 | train_loss: 0.2723 | train_acc: 0.9116 | test_loss: 0.9249 | test_acc: 0.7227 | 
Epoch: 40 | train_loss: 0.3575 | train_acc: 0.8718 | test_loss: 0.8653 | test_acc: 0.7422 | 
Epoch: 41 | train_loss: 0.2992 | train_acc: 0.8631 | test_loss: 0.9404 | test_acc: 0.7070 | 
Epoch: 42 | train_loss: 0.3070 | train_acc: 0.8825 | test_loss: 0.8396 | test_acc: 0.7305 | 
Epoch: 43 | train_loss: 0.3267 | train_acc: 0.8815 | test_loss: 0.9372 | test_acc: 0.7539 | 
Epoch: 44 | train_loss: 0.2771 | train_acc: 0.9009 | test_loss: 0.8597 | test_acc: 0.6953 | 
Epoch: 45 | train_loss: 0.3290 | train_acc: 0.8739 | test_loss: 0.8932 | test_acc: 0.7148 | 
Epoch: 46 | train_loss: 0.3555 | train_acc: 0.8772 | test_loss: 0.8039 | test_acc: 0.7383 | 
Epoch: 47 | train_loss: 0.3038 | train_acc: 0.8847 | test_loss: 0.8419 | test_acc: 0.7227 | 
Epoch: 48 | train_loss: 0.3149 | train_acc: 0.8675 | test_loss: 0.8872 | test_acc: 0.6602 | 
Epoch: 49 | train_loss: 0.2079 | train_acc: 0.9235 | test_loss: 0.8620 | test_acc: 0.6992 | 
Epoch: 50 | train_loss: 0.2745 | train_acc: 0.8782 | test_loss: 0.9015 | test_acc: 0.7383 | 
⏱️ Total training time: 94.807 seconds
📊 Bands [447, 87, 87] -> Fitness: 0.7383
Dataset initialized with pre-loaded data. Total samples: 897
Band indices for training dataloader: [248, 173, 316]
Dataset initialized with pre-loaded data. Total samples: 226
Band indices for test dataloader: [248, 173, 316]
🔍 Starting evaluation of individual [248, 173, 316]
Epoch: 1 | train_loss: 1.3566 | train_acc: 0.3147 | test_loss: 1.2306 | test_acc: 0.4531 | 
Epoch: 2 | train_loss: 1.2349 | train_acc: 0.4418 | test_loss: 1.1565 | test_acc: 0.5156 | 
Epoch: 3 | train_loss: 1.1196 | train_acc: 0.5043 | test_loss: 1.1174 | test_acc: 0.5234 | 
Epoch: 4 | train_loss: 1.0332 | train_acc: 0.5690 | test_loss: 1.1786 | test_acc: 0.5664 | 
Epoch: 5 | train_loss: 0.9605 | train_acc: 0.5894 | test_loss: 1.1639 | test_acc: 0.5039 | 
Epoch: 6 | train_loss: 0.9225 | train_acc: 0.6175 | test_loss: 1.1403 | test_acc: 0.5508 | 
Epoch: 7 | train_loss: 0.8814 | train_acc: 0.6703 | test_loss: 1.0642 | test_acc: 0.5938 | 
Epoch: 8 | train_loss: 0.7812 | train_acc: 0.6843 | test_loss: 1.1119 | test_acc: 0.5703 | 
Epoch: 9 | train_loss: 0.7702 | train_acc: 0.6649 | test_loss: 1.0521 | test_acc: 0.5781 | 
Epoch: 10 | train_loss: 0.7262 | train_acc: 0.7295 | test_loss: 1.0460 | test_acc: 0.6367 | 
Epoch: 11 | train_loss: 0.6561 | train_acc: 0.7597 | test_loss: 0.9263 | test_acc: 0.6641 | 
Epoch: 12 | train_loss: 0.7035 | train_acc: 0.7360 | test_loss: 1.2826 | test_acc: 0.6133 | 
Epoch: 13 | train_loss: 0.6759 | train_acc: 0.7457 | test_loss: 0.9789 | test_acc: 0.6289 | 
Epoch: 14 | train_loss: 0.5772 | train_acc: 0.7672 | test_loss: 1.0708 | test_acc: 0.5820 | 
Epoch: 15 | train_loss: 0.5552 | train_acc: 0.8082 | test_loss: 1.0339 | test_acc: 0.6055 | 
Epoch: 16 | train_loss: 0.5456 | train_acc: 0.7920 | test_loss: 0.9139 | test_acc: 0.6680 | 
Epoch: 17 | train_loss: 0.5128 | train_acc: 0.8287 | test_loss: 1.0027 | test_acc: 0.6836 | 
Epoch: 18 | train_loss: 0.4751 | train_acc: 0.8222 | test_loss: 0.8768 | test_acc: 0.6953 | 
Epoch: 19 | train_loss: 0.5514 | train_acc: 0.7877 | test_loss: 0.8868 | test_acc: 0.6719 | 
Epoch: 20 | train_loss: 0.4524 | train_acc: 0.8427 | test_loss: 0.9432 | test_acc: 0.6914 | 
Epoch: 21 | train_loss: 0.4104 | train_acc: 0.8308 | test_loss: 0.8545 | test_acc: 0.7227 | 
Epoch: 22 | train_loss: 0.4519 | train_acc: 0.8168 | test_loss: 0.9079 | test_acc: 0.6836 | 
Epoch: 23 | train_loss: 0.4591 | train_acc: 0.8125 | test_loss: 1.0279 | test_acc: 0.6328 | 
Epoch: 24 | train_loss: 0.3647 | train_acc: 0.8750 | test_loss: 1.1567 | test_acc: 0.6523 | 
Epoch: 25 | train_loss: 0.3411 | train_acc: 0.8901 | test_loss: 0.8918 | test_acc: 0.7188 | 
Epoch: 26 | train_loss: 0.4047 | train_acc: 0.8341 | test_loss: 0.8923 | test_acc: 0.6680 | 
Epoch: 27 | train_loss: 0.4324 | train_acc: 0.8491 | test_loss: 0.7680 | test_acc: 0.7422 | 
Epoch: 28 | train_loss: 0.3234 | train_acc: 0.8675 | test_loss: 0.8447 | test_acc: 0.7500 | 
Epoch: 29 | train_loss: 0.3951 | train_acc: 0.8384 | test_loss: 0.8152 | test_acc: 0.7461 | 
Epoch: 30 | train_loss: 0.3577 | train_acc: 0.8750 | test_loss: 0.8568 | test_acc: 0.6992 | 
Epoch: 31 | train_loss: 0.2702 | train_acc: 0.8836 | test_loss: 0.9362 | test_acc: 0.6758 | 
Epoch: 32 | train_loss: 0.2929 | train_acc: 0.8976 | test_loss: 0.9186 | test_acc: 0.7344 | 
Epoch: 33 | train_loss: 0.2500 | train_acc: 0.9106 | test_loss: 0.9090 | test_acc: 0.7383 | 
Epoch: 34 | train_loss: 0.3121 | train_acc: 0.8696 | test_loss: 0.8988 | test_acc: 0.7539 | 
Epoch: 35 | train_loss: 0.3755 | train_acc: 0.8556 | test_loss: 1.0728 | test_acc: 0.7109 | 
Epoch: 36 | train_loss: 0.3510 | train_acc: 0.8836 | test_loss: 0.8610 | test_acc: 0.7227 | 
Epoch: 37 | train_loss: 0.2838 | train_acc: 0.8825 | test_loss: 0.9384 | test_acc: 0.7031 | 
Epoch: 38 | train_loss: 0.3342 | train_acc: 0.8653 | test_loss: 0.9265 | test_acc: 0.7500 | 
Epoch: 39 | train_loss: 0.3327 | train_acc: 0.8858 | test_loss: 0.9456 | test_acc: 0.7578 | 
Epoch: 40 | train_loss: 0.2882 | train_acc: 0.9203 | test_loss: 0.9840 | test_acc: 0.7148 | 
Epoch: 41 | train_loss: 0.2883 | train_acc: 0.9106 | test_loss: 0.8352 | test_acc: 0.7461 | 
Epoch: 42 | train_loss: 0.2782 | train_acc: 0.8901 | test_loss: 0.8557 | test_acc: 0.7617 | 
Epoch: 43 | train_loss: 0.2911 | train_acc: 0.8782 | test_loss: 0.8031 | test_acc: 0.7695 | 
Epoch: 44 | train_loss: 0.2487 | train_acc: 0.8879 | test_loss: 0.8721 | test_acc: 0.7266 | 
Epoch: 45 | train_loss: 0.2310 | train_acc: 0.8955 | test_loss: 0.9119 | test_acc: 0.7383 | 
Epoch: 46 | train_loss: 0.2791 | train_acc: 0.8890 | test_loss: 1.0785 | test_acc: 0.7148 | 
Epoch: 47 | train_loss: 0.1987 | train_acc: 0.9289 | test_loss: 0.9584 | test_acc: 0.7500 | 
Epoch: 48 | train_loss: 0.2382 | train_acc: 0.9203 | test_loss: 0.8361 | test_acc: 0.7578 | 
Epoch: 49 | train_loss: 0.2287 | train_acc: 0.9073 | test_loss: 0.9120 | test_acc: 0.7383 | 
Epoch: 50 | train_loss: 0.2781 | train_acc: 0.9116 | test_loss: 0.7552 | test_acc: 0.7695 | 
⏱️ Total training time: 91.421 seconds
📊 Bands [248, 173, 316] -> Fitness: 0.7695
Dataset initialized with pre-loaded data. Total samples: 897
Band indices for training dataloader: [144, 203, 268]
Dataset initialized with pre-loaded data. Total samples: 226
Band indices for test dataloader: [144, 203, 268]
🔍 Starting evaluation of individual [144, 203, 268]
Epoch: 1 | train_loss: 1.3569 | train_acc: 0.3847 | test_loss: 1.2788 | test_acc: 0.4414 | 
Epoch: 2 | train_loss: 1.1938 | train_acc: 0.4612 | test_loss: 1.2634 | test_acc: 0.4531 | 
Epoch: 3 | train_loss: 1.1304 | train_acc: 0.4881 | test_loss: 1.2692 | test_acc: 0.3945 | 
Epoch: 4 | train_loss: 1.0375 | train_acc: 0.5582 | test_loss: 0.9907 | test_acc: 0.6055 | 
Epoch: 5 | train_loss: 1.0368 | train_acc: 0.5614 | test_loss: 0.9880 | test_acc: 0.6016 | 
Epoch: 6 | train_loss: 0.9135 | train_acc: 0.6067 | test_loss: 1.0145 | test_acc: 0.5977 | 
Epoch: 7 | train_loss: 0.8026 | train_acc: 0.6724 | test_loss: 1.0424 | test_acc: 0.6289 | 
Epoch: 8 | train_loss: 0.7703 | train_acc: 0.7155 | test_loss: 0.9413 | test_acc: 0.6289 | 
Epoch: 9 | train_loss: 0.7327 | train_acc: 0.7177 | test_loss: 1.3924 | test_acc: 0.4570 | 
Epoch: 10 | train_loss: 0.7517 | train_acc: 0.7177 | test_loss: 1.2267 | test_acc: 0.5820 | 
Epoch: 11 | train_loss: 0.6344 | train_acc: 0.7662 | test_loss: 0.8283 | test_acc: 0.6797 | 
Epoch: 12 | train_loss: 0.6280 | train_acc: 0.7672 | test_loss: 0.9037 | test_acc: 0.6758 | 
Epoch: 13 | train_loss: 0.6491 | train_acc: 0.7565 | test_loss: 0.8814 | test_acc: 0.6289 | 
Epoch: 14 | train_loss: 0.5413 | train_acc: 0.7780 | test_loss: 0.8588 | test_acc: 0.6953 | 
Epoch: 15 | train_loss: 0.6252 | train_acc: 0.7381 | test_loss: 0.9339 | test_acc: 0.6797 | 
Epoch: 16 | train_loss: 0.6169 | train_acc: 0.7619 | test_loss: 0.7802 | test_acc: 0.7148 | 
Epoch: 17 | train_loss: 0.5016 | train_acc: 0.7974 | test_loss: 0.8610 | test_acc: 0.6758 | 
Epoch: 18 | train_loss: 0.5353 | train_acc: 0.7866 | test_loss: 0.8963 | test_acc: 0.6875 | 
Epoch: 19 | train_loss: 0.4804 | train_acc: 0.8125 | test_loss: 0.8202 | test_acc: 0.7266 | 
Epoch: 20 | train_loss: 0.4646 | train_acc: 0.8147 | test_loss: 0.8767 | test_acc: 0.6758 | 
Epoch: 21 | train_loss: 0.3766 | train_acc: 0.8524 | test_loss: 0.9723 | test_acc: 0.6680 | 
Epoch: 22 | train_loss: 0.4280 | train_acc: 0.8157 | test_loss: 0.8304 | test_acc: 0.7031 | 
Epoch: 23 | train_loss: 0.4454 | train_acc: 0.8147 | test_loss: 0.9494 | test_acc: 0.7109 | 
Epoch: 24 | train_loss: 0.3840 | train_acc: 0.8610 | test_loss: 0.9342 | test_acc: 0.6562 | 
Epoch: 25 | train_loss: 0.3605 | train_acc: 0.8696 | test_loss: 0.9062 | test_acc: 0.6680 | 
Epoch: 26 | train_loss: 0.3578 | train_acc: 0.8815 | test_loss: 0.9733 | test_acc: 0.6602 | 
Epoch: 27 | train_loss: 0.3299 | train_acc: 0.8556 | test_loss: 0.7862 | test_acc: 0.7344 | 
Epoch: 28 | train_loss: 0.3685 | train_acc: 0.8567 | test_loss: 0.9524 | test_acc: 0.6445 | 
Epoch: 29 | train_loss: 0.4242 | train_acc: 0.8427 | test_loss: 0.8181 | test_acc: 0.7266 | 
Epoch: 30 | train_loss: 0.3428 | train_acc: 0.8588 | test_loss: 0.8150 | test_acc: 0.7227 | 
Epoch: 31 | train_loss: 0.3712 | train_acc: 0.8621 | test_loss: 1.1059 | test_acc: 0.6328 | 
Epoch: 32 | train_loss: 0.3906 | train_acc: 0.8513 | test_loss: 0.8462 | test_acc: 0.7109 | 
Epoch: 33 | train_loss: 0.3245 | train_acc: 0.8728 | test_loss: 0.7636 | test_acc: 0.7578 | 
Epoch: 34 | train_loss: 0.3191 | train_acc: 0.8825 | test_loss: 0.8125 | test_acc: 0.7031 | 
Epoch: 35 | train_loss: 0.3191 | train_acc: 0.8599 | test_loss: 0.8127 | test_acc: 0.7344 | 
Epoch: 36 | train_loss: 0.3127 | train_acc: 0.8836 | test_loss: 0.8866 | test_acc: 0.6719 | 
Epoch: 37 | train_loss: 0.3003 | train_acc: 0.8793 | test_loss: 0.8461 | test_acc: 0.7617 | 
Epoch: 38 | train_loss: 0.3167 | train_acc: 0.8804 | test_loss: 0.7745 | test_acc: 0.7500 | 
Epoch: 39 | train_loss: 0.3574 | train_acc: 0.8815 | test_loss: 0.9174 | test_acc: 0.6797 | 
Epoch: 40 | train_loss: 0.2728 | train_acc: 0.8922 | test_loss: 0.9456 | test_acc: 0.7422 | 
Epoch: 41 | train_loss: 0.3043 | train_acc: 0.8761 | test_loss: 0.8600 | test_acc: 0.7539 | 
Epoch: 42 | train_loss: 0.2610 | train_acc: 0.9138 | test_loss: 0.7651 | test_acc: 0.7500 | 
Epoch: 43 | train_loss: 0.2785 | train_acc: 0.9019 | test_loss: 0.8982 | test_acc: 0.7461 | 
Epoch: 44 | train_loss: 0.3332 | train_acc: 0.8901 | test_loss: 0.8251 | test_acc: 0.7461 | 
Epoch: 45 | train_loss: 0.2516 | train_acc: 0.9149 | test_loss: 0.9170 | test_acc: 0.7383 | 
Epoch: 46 | train_loss: 0.2348 | train_acc: 0.8944 | test_loss: 1.0107 | test_acc: 0.7461 | 
Epoch: 47 | train_loss: 0.2609 | train_acc: 0.8922 | test_loss: 0.9503 | test_acc: 0.7305 | 
Epoch: 48 | train_loss: 0.2537 | train_acc: 0.8944 | test_loss: 0.9136 | test_acc: 0.7500 | 
Epoch: 49 | train_loss: 0.3261 | train_acc: 0.8825 | test_loss: 0.9576 | test_acc: 0.7461 | 
Epoch: 50 | train_loss: 0.2910 | train_acc: 0.8815 | test_loss: 0.9955 | test_acc: 0.7305 | 
⏱️ Total training time: 91.018 seconds
📊 Bands [144, 203, 268] -> Fitness: 0.7305
Dataset initialized with pre-loaded data. Total samples: 897
Band indices for training dataloader: [184, 218, 114]
Dataset initialized with pre-loaded data. Total samples: 226
Band indices for test dataloader: [184, 218, 114]
🔍 Starting evaluation of individual [184, 218, 114]
Epoch: 1 | train_loss: 1.3590 | train_acc: 0.3103 | test_loss: 1.3191 | test_acc: 0.3906 | 
Epoch: 2 | train_loss: 1.2453 | train_acc: 0.4353 | test_loss: 1.2206 | test_acc: 0.4219 | 
Epoch: 3 | train_loss: 1.1424 | train_acc: 0.4914 | test_loss: 1.1185 | test_acc: 0.5078 | 
Epoch: 4 | train_loss: 1.0476 | train_acc: 0.5539 | test_loss: 1.0891 | test_acc: 0.5586 | 
Epoch: 5 | train_loss: 0.9635 | train_acc: 0.6153 | test_loss: 1.3599 | test_acc: 0.5195 | 
Epoch: 6 | train_loss: 0.9171 | train_acc: 0.6315 | test_loss: 0.9619 | test_acc: 0.5898 | 
Epoch: 7 | train_loss: 0.7782 | train_acc: 0.6994 | test_loss: 1.0021 | test_acc: 0.6055 | 
Epoch: 8 | train_loss: 0.7424 | train_acc: 0.6843 | test_loss: 1.1455 | test_acc: 0.6094 | 
Epoch: 9 | train_loss: 0.7288 | train_acc: 0.6918 | test_loss: 0.8567 | test_acc: 0.6484 | 
Epoch: 10 | train_loss: 0.7379 | train_acc: 0.6983 | test_loss: 0.8710 | test_acc: 0.6680 | 
Epoch: 11 | train_loss: 0.6977 | train_acc: 0.7306 | test_loss: 0.9742 | test_acc: 0.5508 | 
Epoch: 12 | train_loss: 0.6018 | train_acc: 0.7619 | test_loss: 0.8357 | test_acc: 0.6836 | 
Epoch: 13 | train_loss: 0.5649 | train_acc: 0.7565 | test_loss: 0.8273 | test_acc: 0.7148 | 
Epoch: 14 | train_loss: 0.5606 | train_acc: 0.7769 | test_loss: 0.8239 | test_acc: 0.6992 | 
Epoch: 15 | train_loss: 0.5029 | train_acc: 0.8093 | test_loss: 0.9837 | test_acc: 0.6758 | 
Epoch: 16 | train_loss: 0.4782 | train_acc: 0.8136 | test_loss: 1.0010 | test_acc: 0.6055 | 
Epoch: 17 | train_loss: 0.5791 | train_acc: 0.7823 | test_loss: 0.9859 | test_acc: 0.6484 | 
Epoch: 18 | train_loss: 0.4909 | train_acc: 0.8093 | test_loss: 0.8519 | test_acc: 0.7422 | 
Epoch: 19 | train_loss: 0.4507 | train_acc: 0.8168 | test_loss: 0.7255 | test_acc: 0.7422 | 
Epoch: 20 | train_loss: 0.3803 | train_acc: 0.8610 | test_loss: 0.8175 | test_acc: 0.6523 | 
Epoch: 21 | train_loss: 0.4391 | train_acc: 0.8222 | test_loss: 0.8323 | test_acc: 0.6641 | 
Epoch: 22 | train_loss: 0.3936 | train_acc: 0.8351 | test_loss: 0.7487 | test_acc: 0.7344 | 
Epoch: 23 | train_loss: 0.3958 | train_acc: 0.8416 | test_loss: 0.7433 | test_acc: 0.7422 | 
Epoch: 24 | train_loss: 0.4294 | train_acc: 0.8459 | test_loss: 0.7460 | test_acc: 0.7617 | 
Epoch: 25 | train_loss: 0.3418 | train_acc: 0.8922 | test_loss: 0.7463 | test_acc: 0.7578 | 
Epoch: 26 | train_loss: 0.3322 | train_acc: 0.8890 | test_loss: 0.8940 | test_acc: 0.6836 | 
Epoch: 27 | train_loss: 0.3780 | train_acc: 0.8578 | test_loss: 0.8363 | test_acc: 0.7188 | 
Epoch: 28 | train_loss: 0.2795 | train_acc: 0.9041 | test_loss: 0.8329 | test_acc: 0.7539 | 
Epoch: 29 | train_loss: 0.4400 | train_acc: 0.8524 | test_loss: 0.9854 | test_acc: 0.6797 | 
Epoch: 30 | train_loss: 0.2951 | train_acc: 0.9095 | test_loss: 0.8729 | test_acc: 0.7031 | 
Epoch: 31 | train_loss: 0.3300 | train_acc: 0.8772 | test_loss: 0.7368 | test_acc: 0.7617 | 
Epoch: 32 | train_loss: 0.3537 | train_acc: 0.8621 | test_loss: 0.8488 | test_acc: 0.6758 | 
Epoch: 33 | train_loss: 0.3070 | train_acc: 0.8664 | test_loss: 0.8042 | test_acc: 0.7461 | 
Epoch: 34 | train_loss: 0.2848 | train_acc: 0.8804 | test_loss: 0.8828 | test_acc: 0.6875 | 
Epoch: 35 | train_loss: 0.2754 | train_acc: 0.9041 | test_loss: 0.9466 | test_acc: 0.6953 | 
Epoch: 36 | train_loss: 0.2767 | train_acc: 0.8772 | test_loss: 0.8789 | test_acc: 0.7266 | 
Epoch: 37 | train_loss: 0.2602 | train_acc: 0.9062 | test_loss: 0.7832 | test_acc: 0.7617 | 
Epoch: 38 | train_loss: 0.2268 | train_acc: 0.9213 | test_loss: 0.9790 | test_acc: 0.7070 | 
Epoch: 39 | train_loss: 0.2133 | train_acc: 0.9062 | test_loss: 0.7540 | test_acc: 0.7188 | 
Epoch: 40 | train_loss: 0.2223 | train_acc: 0.8998 | test_loss: 0.6834 | test_acc: 0.7617 | 
Epoch: 41 | train_loss: 0.2415 | train_acc: 0.8944 | test_loss: 0.7343 | test_acc: 0.7266 | 
Epoch: 42 | train_loss: 0.2634 | train_acc: 0.8976 | test_loss: 0.8839 | test_acc: 0.6875 | 
Epoch: 43 | train_loss: 0.2114 | train_acc: 0.9343 | test_loss: 0.7829 | test_acc: 0.6953 | 
Epoch: 44 | train_loss: 0.1980 | train_acc: 0.9353 | test_loss: 0.8445 | test_acc: 0.6992 | 
Epoch: 45 | train_loss: 0.2442 | train_acc: 0.8966 | test_loss: 1.0010 | test_acc: 0.6875 | 
Epoch: 46 | train_loss: 0.2612 | train_acc: 0.9095 | test_loss: 0.7423 | test_acc: 0.7656 | 
Epoch: 47 | train_loss: 0.1841 | train_acc: 0.9483 | test_loss: 0.9400 | test_acc: 0.7500 | 
Epoch: 48 | train_loss: 0.2186 | train_acc: 0.9019 | test_loss: 0.7642 | test_acc: 0.7930 | 
Epoch: 49 | train_loss: 0.2404 | train_acc: 0.9041 | test_loss: 0.8824 | test_acc: 0.7031 | 
Epoch: 50 | train_loss: 0.2997 | train_acc: 0.8976 | test_loss: 0.8415 | test_acc: 0.7734 | 
⏱️ Total training time: 94.533 seconds
📊 Bands [184, 218, 114] -> Fitness: 0.7734
Dataset initialized with pre-loaded data. Total samples: 897
Band indices for training dataloader: [447, 386, 374]
Dataset initialized with pre-loaded data. Total samples: 226
Band indices for test dataloader: [447, 386, 374]
🔍 Starting evaluation of individual [447, 386, 374]
Epoch: 1 | train_loss: 1.3851 | train_acc: 0.2877 | test_loss: 1.5298 | test_acc: 0.3203 | 
Epoch: 2 | train_loss: 1.3466 | train_acc: 0.3481 | test_loss: 1.2789 | test_acc: 0.3867 | 
Epoch: 3 | train_loss: 1.2738 | train_acc: 0.3869 | test_loss: 1.3840 | test_acc: 0.3125 | 
Epoch: 4 | train_loss: 1.2350 | train_acc: 0.4300 | test_loss: 1.2968 | test_acc: 0.3984 | 
Epoch: 5 | train_loss: 1.1628 | train_acc: 0.4763 | test_loss: 1.5835 | test_acc: 0.3594 | 
Epoch: 6 | train_loss: 1.1123 | train_acc: 0.4946 | test_loss: 1.2422 | test_acc: 0.5000 | 
Epoch: 7 | train_loss: 1.0528 | train_acc: 0.5636 | test_loss: 1.4832 | test_acc: 0.4141 | 
Epoch: 8 | train_loss: 1.0018 | train_acc: 0.5636 | test_loss: 1.5434 | test_acc: 0.3633 | 
Epoch: 9 | train_loss: 0.9854 | train_acc: 0.5981 | test_loss: 1.2957 | test_acc: 0.4609 | 
Epoch: 10 | train_loss: 0.9164 | train_acc: 0.6228 | test_loss: 1.6737 | test_acc: 0.4219 | 
Epoch: 11 | train_loss: 0.9776 | train_acc: 0.5959 | test_loss: 1.5622 | test_acc: 0.4102 | 
Epoch: 12 | train_loss: 0.8431 | train_acc: 0.6875 | test_loss: 1.2684 | test_acc: 0.4922 | 
Epoch: 13 | train_loss: 0.7876 | train_acc: 0.6853 | test_loss: 1.4857 | test_acc: 0.4727 | 
Epoch: 14 | train_loss: 0.8794 | train_acc: 0.6541 | test_loss: 1.4344 | test_acc: 0.3867 | 
Epoch: 15 | train_loss: 0.8629 | train_acc: 0.6627 | test_loss: 1.4042 | test_acc: 0.4609 | 
Epoch: 16 | train_loss: 0.8220 | train_acc: 0.6681 | test_loss: 1.3070 | test_acc: 0.4531 | 
Epoch: 17 | train_loss: 0.7394 | train_acc: 0.7284 | test_loss: 1.3863 | test_acc: 0.4336 | 
Epoch: 18 | train_loss: 0.7851 | train_acc: 0.6940 | test_loss: 1.2663 | test_acc: 0.5820 | 
Epoch: 19 | train_loss: 0.7582 | train_acc: 0.7037 | test_loss: 1.3755 | test_acc: 0.4375 | 
Epoch: 20 | train_loss: 0.7268 | train_acc: 0.7026 | test_loss: 1.3651 | test_acc: 0.4414 | 
Epoch: 21 | train_loss: 0.6553 | train_acc: 0.7619 | test_loss: 1.3332 | test_acc: 0.4570 | 
Epoch: 22 | train_loss: 0.5985 | train_acc: 0.7629 | test_loss: 1.3354 | test_acc: 0.5781 | 
Epoch: 23 | train_loss: 0.5564 | train_acc: 0.8071 | test_loss: 1.2897 | test_acc: 0.5273 | 
Epoch: 24 | train_loss: 0.6048 | train_acc: 0.7263 | test_loss: 1.3043 | test_acc: 0.5117 | 
Epoch: 25 | train_loss: 0.6709 | train_acc: 0.7522 | test_loss: 1.4271 | test_acc: 0.5508 | 
Epoch: 26 | train_loss: 0.6046 | train_acc: 0.7672 | test_loss: 1.1773 | test_acc: 0.5898 | 
Epoch: 27 | train_loss: 0.6433 | train_acc: 0.7780 | test_loss: 1.3592 | test_acc: 0.5352 | 
Epoch: 28 | train_loss: 0.5582 | train_acc: 0.7845 | test_loss: 1.3125 | test_acc: 0.5898 | 
Epoch: 29 | train_loss: 0.5965 | train_acc: 0.8071 | test_loss: 1.3687 | test_acc: 0.5664 | 
Epoch: 30 | train_loss: 0.4502 | train_acc: 0.8384 | test_loss: 1.3040 | test_acc: 0.5586 | 
Epoch: 31 | train_loss: 0.5883 | train_acc: 0.7942 | test_loss: 1.2299 | test_acc: 0.6055 | 
Epoch: 32 | train_loss: 0.5638 | train_acc: 0.7705 | test_loss: 1.3820 | test_acc: 0.5625 | 
Epoch: 33 | train_loss: 0.5214 | train_acc: 0.7920 | test_loss: 1.3432 | test_acc: 0.5312 | 
Epoch: 34 | train_loss: 0.4575 | train_acc: 0.8491 | test_loss: 1.3019 | test_acc: 0.5625 | 
Epoch: 35 | train_loss: 0.4703 | train_acc: 0.8006 | test_loss: 1.3276 | test_acc: 0.5703 | 
Epoch: 36 | train_loss: 0.4709 | train_acc: 0.8254 | test_loss: 1.2468 | test_acc: 0.5664 | 
Epoch: 37 | train_loss: 0.4007 | train_acc: 0.8362 | test_loss: 1.2808 | test_acc: 0.5742 | 
Epoch: 38 | train_loss: 0.4640 | train_acc: 0.8179 | test_loss: 1.0595 | test_acc: 0.6641 | 
Epoch: 39 | train_loss: 0.3973 | train_acc: 0.8696 | test_loss: 1.2038 | test_acc: 0.5781 | 
Epoch: 40 | train_loss: 0.5370 | train_acc: 0.8244 | test_loss: 1.3022 | test_acc: 0.5859 | 
Epoch: 41 | train_loss: 0.4244 | train_acc: 0.8179 | test_loss: 1.2175 | test_acc: 0.6484 | 
Epoch: 42 | train_loss: 0.4544 | train_acc: 0.8384 | test_loss: 1.1122 | test_acc: 0.5938 | 
Epoch: 43 | train_loss: 0.3879 | train_acc: 0.8664 | test_loss: 1.1406 | test_acc: 0.6523 | 
Epoch: 44 | train_loss: 0.3752 | train_acc: 0.8782 | test_loss: 1.0679 | test_acc: 0.6953 | 
Epoch: 45 | train_loss: 0.3253 | train_acc: 0.8793 | test_loss: 1.2701 | test_acc: 0.5820 | 
Epoch: 46 | train_loss: 0.4365 | train_acc: 0.8330 | test_loss: 1.3918 | test_acc: 0.6680 | 
Epoch: 47 | train_loss: 0.4582 | train_acc: 0.8254 | test_loss: 1.2025 | test_acc: 0.5859 | 
Epoch: 48 | train_loss: 0.3748 | train_acc: 0.8534 | test_loss: 1.1353 | test_acc: 0.6562 | 
Epoch: 49 | train_loss: 0.3678 | train_acc: 0.8782 | test_loss: 1.1102 | test_acc: 0.6562 | 
Epoch: 50 | train_loss: 0.3975 | train_acc: 0.8502 | test_loss: 1.1502 | test_acc: 0.6172 | 
⏱️ Total training time: 85.003 seconds
📊 Bands [447, 386, 374] -> Fitness: 0.6172
Dataset initialized with pre-loaded data. Total samples: 897
Band indices for training dataloader: [193, 275, 401]
Dataset initialized with pre-loaded data. Total samples: 226
Band indices for test dataloader: [193, 275, 401]
🔍 Starting evaluation of individual [193, 275, 401]
Epoch: 1 | train_loss: 1.3796 | train_acc: 0.2737 | test_loss: 1.2818 | test_acc: 0.4141 | 
Epoch: 2 | train_loss: 1.2993 | train_acc: 0.3696 | test_loss: 1.3113 | test_acc: 0.3945 | 
Epoch: 3 | train_loss: 1.2032 | train_acc: 0.4494 | test_loss: 1.2643 | test_acc: 0.4883 | 
Epoch: 4 | train_loss: 1.0876 | train_acc: 0.5302 | test_loss: 1.5592 | test_acc: 0.3594 | 
Epoch: 5 | train_loss: 1.0195 | train_acc: 0.5981 | test_loss: 1.1883 | test_acc: 0.5312 | 
Epoch: 6 | train_loss: 1.0635 | train_acc: 0.5506 | test_loss: 1.1301 | test_acc: 0.5312 | 
Epoch: 7 | train_loss: 0.8978 | train_acc: 0.6024 | test_loss: 1.1474 | test_acc: 0.6328 | 
Epoch: 8 | train_loss: 0.9182 | train_acc: 0.6207 | test_loss: 1.2602 | test_acc: 0.5430 | 
Epoch: 9 | train_loss: 0.8003 | train_acc: 0.6897 | test_loss: 1.2693 | test_acc: 0.5039 | 
Epoch: 10 | train_loss: 0.7191 | train_acc: 0.7101 | test_loss: 1.2193 | test_acc: 0.5547 | 
Epoch: 11 | train_loss: 0.7934 | train_acc: 0.6843 | test_loss: 1.1068 | test_acc: 0.6289 | 
Epoch: 12 | train_loss: 0.7033 | train_acc: 0.7338 | test_loss: 1.0140 | test_acc: 0.6484 | 
Epoch: 13 | train_loss: 0.7672 | train_acc: 0.7123 | test_loss: 1.0087 | test_acc: 0.6133 | 
Epoch: 14 | train_loss: 0.7165 | train_acc: 0.7177 | test_loss: 1.0528 | test_acc: 0.6367 | 
Epoch: 15 | train_loss: 0.6383 | train_acc: 0.7608 | test_loss: 0.9985 | test_acc: 0.6328 | 
Epoch: 16 | train_loss: 0.6514 | train_acc: 0.7306 | test_loss: 1.1354 | test_acc: 0.6484 | 
Epoch: 17 | train_loss: 0.5855 | train_acc: 0.7575 | test_loss: 1.0772 | test_acc: 0.6758 | 
Epoch: 18 | train_loss: 0.5208 | train_acc: 0.8190 | test_loss: 1.1195 | test_acc: 0.6562 | 
Epoch: 19 | train_loss: 0.5148 | train_acc: 0.7812 | test_loss: 0.9964 | test_acc: 0.6758 | 
Epoch: 20 | train_loss: 0.5603 | train_acc: 0.7575 | test_loss: 1.1397 | test_acc: 0.6328 | 
Epoch: 21 | train_loss: 0.5787 | train_acc: 0.7651 | test_loss: 1.0941 | test_acc: 0.6328 | 
Epoch: 22 | train_loss: 0.5420 | train_acc: 0.7543 | test_loss: 0.8715 | test_acc: 0.6680 | 
Epoch: 23 | train_loss: 0.5652 | train_acc: 0.7845 | test_loss: 1.0142 | test_acc: 0.6484 | 
Epoch: 24 | train_loss: 0.5400 | train_acc: 0.7909 | test_loss: 0.8658 | test_acc: 0.6953 | 
Epoch: 25 | train_loss: 0.5430 | train_acc: 0.8028 | test_loss: 0.7878 | test_acc: 0.7188 | 
Epoch: 26 | train_loss: 0.4801 | train_acc: 0.8028 | test_loss: 0.8556 | test_acc: 0.7227 | 
Epoch: 27 | train_loss: 0.4883 | train_acc: 0.8200 | test_loss: 0.8774 | test_acc: 0.6797 | 
Epoch: 28 | train_loss: 0.4764 | train_acc: 0.8200 | test_loss: 0.9860 | test_acc: 0.6758 | 
Epoch: 29 | train_loss: 0.4086 | train_acc: 0.8373 | test_loss: 0.8889 | test_acc: 0.7031 | 
Epoch: 30 | train_loss: 0.3818 | train_acc: 0.8707 | test_loss: 1.0429 | test_acc: 0.6914 | 
Epoch: 31 | train_loss: 0.4300 | train_acc: 0.8190 | test_loss: 1.0143 | test_acc: 0.7070 | 
Epoch: 32 | train_loss: 0.4692 | train_acc: 0.8308 | test_loss: 1.0585 | test_acc: 0.7070 | 
Epoch: 33 | train_loss: 0.3615 | train_acc: 0.8858 | test_loss: 0.9333 | test_acc: 0.6797 | 
Epoch: 34 | train_loss: 0.5154 | train_acc: 0.8297 | test_loss: 0.8765 | test_acc: 0.7109 | 
Epoch: 35 | train_loss: 0.4875 | train_acc: 0.8179 | test_loss: 0.7882 | test_acc: 0.7305 | 
Epoch: 36 | train_loss: 0.4127 | train_acc: 0.8491 | test_loss: 1.0565 | test_acc: 0.6914 | 
Epoch: 37 | train_loss: 0.3518 | train_acc: 0.8869 | test_loss: 0.8837 | test_acc: 0.7148 | 
Epoch: 38 | train_loss: 0.4000 | train_acc: 0.8384 | test_loss: 0.8640 | test_acc: 0.7266 | 
Epoch: 39 | train_loss: 0.4440 | train_acc: 0.8491 | test_loss: 0.8432 | test_acc: 0.7070 | 
Epoch: 40 | train_loss: 0.3238 | train_acc: 0.9052 | test_loss: 0.9381 | test_acc: 0.7344 | 
Epoch: 41 | train_loss: 0.3484 | train_acc: 0.8685 | test_loss: 0.8688 | test_acc: 0.6875 | 
Epoch: 42 | train_loss: 0.3539 | train_acc: 0.8653 | test_loss: 0.9096 | test_acc: 0.6914 | 
Epoch: 43 | train_loss: 0.3561 | train_acc: 0.8696 | test_loss: 0.9586 | test_acc: 0.7148 | 
Epoch: 44 | train_loss: 0.3134 | train_acc: 0.8847 | test_loss: 1.1199 | test_acc: 0.7031 | 
Epoch: 45 | train_loss: 0.3415 | train_acc: 0.8815 | test_loss: 0.8660 | test_acc: 0.7188 | 
Epoch: 46 | train_loss: 0.2775 | train_acc: 0.9073 | test_loss: 0.9027 | test_acc: 0.6875 | 
Epoch: 47 | train_loss: 0.2303 | train_acc: 0.9278 | test_loss: 0.8440 | test_acc: 0.7188 | 
Epoch: 48 | train_loss: 0.3588 | train_acc: 0.8976 | test_loss: 1.0859 | test_acc: 0.7148 | 
Epoch: 49 | train_loss: 0.3633 | train_acc: 0.8782 | test_loss: 0.9467 | test_acc: 0.7227 | 
Epoch: 50 | train_loss: 0.3075 | train_acc: 0.9041 | test_loss: 0.9328 | test_acc: 0.7109 | 
⏱️ Total training time: 99.145 seconds
📊 Bands [193, 275, 401] -> Fitness: 0.7109
Dataset initialized with pre-loaded data. Total samples: 897
Band indices for training dataloader: [106, 71, 43]
Dataset initialized with pre-loaded data. Total samples: 226
Band indices for test dataloader: [106, 71, 43]
🔍 Starting evaluation of individual [106, 71, 43]
Epoch: 1 | train_loss: 1.3826 | train_acc: 0.3071 | test_loss: 1.2448 | test_acc: 0.4062 | 
Epoch: 2 | train_loss: 1.2581 | train_acc: 0.4149 | test_loss: 1.1863 | test_acc: 0.5312 | 
Epoch: 3 | train_loss: 1.1486 | train_acc: 0.5172 | test_loss: 1.2073 | test_acc: 0.4219 | 
Epoch: 4 | train_loss: 1.0764 | train_acc: 0.5550 | test_loss: 1.2225 | test_acc: 0.5547 | 
Epoch: 5 | train_loss: 1.0121 | train_acc: 0.5625 | test_loss: 1.0579 | test_acc: 0.5898 | 
Epoch: 6 | train_loss: 0.9270 | train_acc: 0.6088 | test_loss: 1.0731 | test_acc: 0.6055 | 
Epoch: 7 | train_loss: 0.9307 | train_acc: 0.6304 | test_loss: 1.1377 | test_acc: 0.5234 | 
Epoch: 8 | train_loss: 0.8301 | train_acc: 0.6746 | test_loss: 0.9550 | test_acc: 0.6680 | 
Epoch: 9 | train_loss: 0.7589 | train_acc: 0.6638 | test_loss: 0.9541 | test_acc: 0.6562 | 
Epoch: 10 | train_loss: 0.6918 | train_acc: 0.7338 | test_loss: 0.9323 | test_acc: 0.6875 | 
Epoch: 11 | train_loss: 0.7160 | train_acc: 0.7069 | test_loss: 1.1261 | test_acc: 0.5117 | 
Epoch: 12 | train_loss: 0.6532 | train_acc: 0.7403 | test_loss: 0.8302 | test_acc: 0.7031 | 
Epoch: 13 | train_loss: 0.6403 | train_acc: 0.7468 | test_loss: 0.8529 | test_acc: 0.7031 | 
Epoch: 14 | train_loss: 0.5838 | train_acc: 0.7931 | test_loss: 0.9185 | test_acc: 0.6914 | 
Epoch: 15 | train_loss: 0.6048 | train_acc: 0.7586 | test_loss: 0.8354 | test_acc: 0.7188 | 
Epoch: 16 | train_loss: 0.5220 | train_acc: 0.8168 | test_loss: 0.8489 | test_acc: 0.6992 | 
Epoch: 17 | train_loss: 0.5516 | train_acc: 0.7909 | test_loss: 0.7273 | test_acc: 0.7617 | 
Epoch: 18 | train_loss: 0.4874 | train_acc: 0.8082 | test_loss: 0.7482 | test_acc: 0.7422 | 
Epoch: 19 | train_loss: 0.4005 | train_acc: 0.8718 | test_loss: 0.8659 | test_acc: 0.7266 | 
Epoch: 20 | train_loss: 0.4601 | train_acc: 0.8211 | test_loss: 0.7978 | test_acc: 0.7383 | 
Epoch: 21 | train_loss: 0.4999 | train_acc: 0.8147 | test_loss: 0.8318 | test_acc: 0.7070 | 
Epoch: 22 | train_loss: 0.4165 | train_acc: 0.8578 | test_loss: 0.7417 | test_acc: 0.7461 | 
Epoch: 23 | train_loss: 0.4400 | train_acc: 0.8394 | test_loss: 0.8074 | test_acc: 0.7539 | 
Epoch: 24 | train_loss: 0.3977 | train_acc: 0.8696 | test_loss: 0.7501 | test_acc: 0.7891 | 
Epoch: 25 | train_loss: 0.4320 | train_acc: 0.8459 | test_loss: 0.7141 | test_acc: 0.7734 | 
Epoch: 26 | train_loss: 0.3992 | train_acc: 0.8545 | test_loss: 0.7270 | test_acc: 0.7734 | 
Epoch: 27 | train_loss: 0.4688 | train_acc: 0.8125 | test_loss: 0.6973 | test_acc: 0.7656 | 
Epoch: 28 | train_loss: 0.3477 | train_acc: 0.8556 | test_loss: 0.8319 | test_acc: 0.7500 | 
Epoch: 29 | train_loss: 0.4101 | train_acc: 0.8578 | test_loss: 0.7010 | test_acc: 0.7734 | 
Epoch: 30 | train_loss: 0.3959 | train_acc: 0.8578 | test_loss: 0.7657 | test_acc: 0.7383 | 
Epoch: 31 | train_loss: 0.3117 | train_acc: 0.9019 | test_loss: 0.8328 | test_acc: 0.7383 | 
Epoch: 32 | train_loss: 0.2850 | train_acc: 0.9127 | test_loss: 0.7628 | test_acc: 0.7773 | 
Epoch: 33 | train_loss: 0.2473 | train_acc: 0.9084 | test_loss: 0.9155 | test_acc: 0.7266 | 
Epoch: 34 | train_loss: 0.4166 | train_acc: 0.8502 | test_loss: 0.8850 | test_acc: 0.7578 | 
Epoch: 35 | train_loss: 0.3241 | train_acc: 0.9041 | test_loss: 0.7798 | test_acc: 0.7422 | 
Epoch: 36 | train_loss: 0.2816 | train_acc: 0.8847 | test_loss: 0.8575 | test_acc: 0.7227 | 
Epoch: 37 | train_loss: 0.2826 | train_acc: 0.8804 | test_loss: 0.7323 | test_acc: 0.7734 | 
Epoch: 38 | train_loss: 0.3249 | train_acc: 0.8772 | test_loss: 0.7531 | test_acc: 0.7656 | 
Epoch: 39 | train_loss: 0.2497 | train_acc: 0.8987 | test_loss: 0.7135 | test_acc: 0.7930 | 
Epoch: 40 | train_loss: 0.2354 | train_acc: 0.9159 | test_loss: 0.6895 | test_acc: 0.8008 | 
Epoch: 41 | train_loss: 0.2476 | train_acc: 0.8976 | test_loss: 0.7712 | test_acc: 0.7148 | 
Epoch: 42 | train_loss: 0.2317 | train_acc: 0.8976 | test_loss: 0.7785 | test_acc: 0.7539 | 
Epoch: 43 | train_loss: 0.2613 | train_acc: 0.8987 | test_loss: 0.8525 | test_acc: 0.7500 | 
Epoch: 44 | train_loss: 0.2506 | train_acc: 0.9267 | test_loss: 0.7565 | test_acc: 0.7305 | 
Epoch: 45 | train_loss: 0.2523 | train_acc: 0.8901 | test_loss: 0.7794 | test_acc: 0.7812 | 
Epoch: 46 | train_loss: 0.2393 | train_acc: 0.9041 | test_loss: 0.7840 | test_acc: 0.7148 | 
Epoch: 47 | train_loss: 0.2149 | train_acc: 0.9353 | test_loss: 0.9963 | test_acc: 0.7617 | 
Epoch: 48 | train_loss: 0.3613 | train_acc: 0.8955 | test_loss: 0.8001 | test_acc: 0.7969 | 
Epoch: 49 | train_loss: 0.3186 | train_acc: 0.8955 | test_loss: 0.8291 | test_acc: 0.7500 | 
Epoch: 50 | train_loss: 0.1876 | train_acc: 0.9440 | test_loss: 0.7514 | test_acc: 0.7852 | 
⏱️ Total training time: 123.518 seconds
📊 Bands [106, 71, 43] -> Fitness: 0.7852
Dataset initialized with pre-loaded data. Total samples: 897
Band indices for training dataloader: [447, 412, 88]
Dataset initialized with pre-loaded data. Total samples: 226
Band indices for test dataloader: [447, 412, 88]
🔍 Starting evaluation of individual [447, 412, 88]
Epoch: 1 | train_loss: 1.3452 | train_acc: 0.3341 | test_loss: 1.4532 | test_acc: 0.3125 | 
Epoch: 2 | train_loss: 1.2766 | train_acc: 0.4030 | test_loss: 1.3011 | test_acc: 0.4141 | 
Epoch: 3 | train_loss: 1.2000 | train_acc: 0.4698 | test_loss: 1.1975 | test_acc: 0.4453 | 
Epoch: 4 | train_loss: 1.1219 | train_acc: 0.5151 | test_loss: 1.1728 | test_acc: 0.5469 | 
Epoch: 5 | train_loss: 1.0843 | train_acc: 0.5474 | test_loss: 1.1126 | test_acc: 0.5625 | 
Epoch: 6 | train_loss: 1.0065 | train_acc: 0.5744 | test_loss: 1.2487 | test_acc: 0.5469 | 
Epoch: 7 | train_loss: 1.0063 | train_acc: 0.5700 | test_loss: 1.2373 | test_acc: 0.4180 | 
Epoch: 8 | train_loss: 0.9457 | train_acc: 0.6078 | test_loss: 1.0994 | test_acc: 0.5547 | 
Epoch: 9 | train_loss: 0.8981 | train_acc: 0.6207 | test_loss: 1.2160 | test_acc: 0.5039 | 
Epoch: 10 | train_loss: 0.8567 | train_acc: 0.6433 | test_loss: 1.1292 | test_acc: 0.5977 | 
Epoch: 11 | train_loss: 0.7933 | train_acc: 0.6681 | test_loss: 1.1974 | test_acc: 0.4961 | 
Epoch: 12 | train_loss: 0.7310 | train_acc: 0.7080 | test_loss: 1.1206 | test_acc: 0.6328 | 
Epoch: 13 | train_loss: 0.7027 | train_acc: 0.7144 | test_loss: 1.0234 | test_acc: 0.5938 | 
Epoch: 14 | train_loss: 0.7369 | train_acc: 0.6918 | test_loss: 1.1586 | test_acc: 0.5664 | 
Epoch: 15 | train_loss: 0.7031 | train_acc: 0.7532 | test_loss: 1.0960 | test_acc: 0.6211 | 
Epoch: 16 | train_loss: 0.6262 | train_acc: 0.7694 | test_loss: 1.1428 | test_acc: 0.6406 | 
Epoch: 17 | train_loss: 0.6957 | train_acc: 0.7155 | test_loss: 1.0866 | test_acc: 0.6328 | 
Epoch: 18 | train_loss: 0.6408 | train_acc: 0.7295 | test_loss: 1.3465 | test_acc: 0.5234 | 
Epoch: 19 | train_loss: 0.6856 | train_acc: 0.7360 | test_loss: 1.1590 | test_acc: 0.6289 | 
Epoch: 20 | train_loss: 0.6046 | train_acc: 0.7554 | test_loss: 1.1843 | test_acc: 0.6406 | 
Epoch: 21 | train_loss: 0.5742 | train_acc: 0.7705 | test_loss: 1.1319 | test_acc: 0.6562 | 
Epoch: 22 | train_loss: 0.5855 | train_acc: 0.7856 | test_loss: 1.0290 | test_acc: 0.6445 | 
Epoch: 23 | train_loss: 0.5072 | train_acc: 0.8093 | test_loss: 1.1457 | test_acc: 0.6367 | 
Epoch: 24 | train_loss: 0.4619 | train_acc: 0.8168 | test_loss: 1.0119 | test_acc: 0.6367 | 
Epoch: 25 | train_loss: 0.5765 | train_acc: 0.7953 | test_loss: 1.0391 | test_acc: 0.6680 | 
Epoch: 26 | train_loss: 0.4447 | train_acc: 0.8384 | test_loss: 0.9809 | test_acc: 0.6445 | 
Epoch: 27 | train_loss: 0.4452 | train_acc: 0.8351 | test_loss: 1.0479 | test_acc: 0.6719 | 
Epoch: 28 | train_loss: 0.4444 | train_acc: 0.8136 | test_loss: 1.2447 | test_acc: 0.5859 | 
Epoch: 29 | train_loss: 0.4260 | train_acc: 0.8491 | test_loss: 1.2561 | test_acc: 0.6328 | 
Epoch: 30 | train_loss: 0.4726 | train_acc: 0.8028 | test_loss: 1.0899 | test_acc: 0.6562 | 
Epoch: 31 | train_loss: 0.4246 | train_acc: 0.8211 | test_loss: 1.0164 | test_acc: 0.6797 | 
Epoch: 32 | train_loss: 0.5068 | train_acc: 0.8200 | test_loss: 1.1263 | test_acc: 0.6523 | 
Epoch: 33 | train_loss: 0.3307 | train_acc: 0.8836 | test_loss: 1.0798 | test_acc: 0.6094 | 
Epoch: 34 | train_loss: 0.4466 | train_acc: 0.8438 | test_loss: 1.0808 | test_acc: 0.6797 | 
Epoch: 35 | train_loss: 0.4088 | train_acc: 0.8297 | test_loss: 1.0422 | test_acc: 0.6758 | 
Epoch: 36 | train_loss: 0.4233 | train_acc: 0.8351 | test_loss: 0.8749 | test_acc: 0.6875 | 
Epoch: 37 | train_loss: 0.3838 | train_acc: 0.8696 | test_loss: 1.0031 | test_acc: 0.6445 | 
Epoch: 38 | train_loss: 0.3836 | train_acc: 0.8653 | test_loss: 1.0608 | test_acc: 0.6602 | 
Epoch: 39 | train_loss: 0.3740 | train_acc: 0.8707 | test_loss: 0.8803 | test_acc: 0.7305 | 
Epoch: 40 | train_loss: 0.4135 | train_acc: 0.8459 | test_loss: 0.9779 | test_acc: 0.6484 | 
Epoch: 41 | train_loss: 0.3849 | train_acc: 0.8459 | test_loss: 0.9023 | test_acc: 0.6992 | 
Epoch: 42 | train_loss: 0.3197 | train_acc: 0.8653 | test_loss: 1.0374 | test_acc: 0.6602 | 
Epoch: 43 | train_loss: 0.3199 | train_acc: 0.8825 | test_loss: 1.0230 | test_acc: 0.6641 | 
Epoch: 44 | train_loss: 0.3424 | train_acc: 0.8524 | test_loss: 1.0862 | test_acc: 0.6523 | 
Epoch: 45 | train_loss: 0.3209 | train_acc: 0.8782 | test_loss: 1.0664 | test_acc: 0.6523 | 
Epoch: 46 | train_loss: 0.2694 | train_acc: 0.9138 | test_loss: 1.0222 | test_acc: 0.6680 | 
Epoch: 47 | train_loss: 0.3839 | train_acc: 0.8793 | test_loss: 1.2249 | test_acc: 0.6680 | 
Epoch: 48 | train_loss: 0.4095 | train_acc: 0.8524 | test_loss: 0.9963 | test_acc: 0.6484 | 
Epoch: 49 | train_loss: 0.3473 | train_acc: 0.8534 | test_loss: 1.0294 | test_acc: 0.6719 | 
Epoch: 50 | train_loss: 0.3163 | train_acc: 0.8685 | test_loss: 1.0404 | test_acc: 0.6680 | 
⏱️ Total training time: 109.006 seconds
📊 Bands [447, 412, 88] -> Fitness: 0.6680
Dataset initialized with pre-loaded data. Total samples: 897
Band indices for training dataloader: [138, 40, 139]
Dataset initialized with pre-loaded data. Total samples: 226
Band indices for test dataloader: [138, 40, 139]
🔍 Starting evaluation of individual [138, 40, 139]
Epoch: 1 | train_loss: 1.3578 | train_acc: 0.3244 | test_loss: 1.2409 | test_acc: 0.4648 | 
Epoch: 2 | train_loss: 1.2807 | train_acc: 0.4073 | test_loss: 1.1025 | test_acc: 0.5312 | 
Epoch: 3 | train_loss: 1.1572 | train_acc: 0.5151 | test_loss: 1.1477 | test_acc: 0.5312 | 
Epoch: 4 | train_loss: 1.0992 | train_acc: 0.5291 | test_loss: 1.1449 | test_acc: 0.5586 | 
Epoch: 5 | train_loss: 0.9978 | train_acc: 0.5765 | test_loss: 1.0702 | test_acc: 0.5664 | 
Epoch: 6 | train_loss: 0.9864 | train_acc: 0.5959 | test_loss: 1.1091 | test_acc: 0.5586 | 
Epoch: 7 | train_loss: 0.8704 | train_acc: 0.6562 | test_loss: 1.1492 | test_acc: 0.4883 | 
Epoch: 8 | train_loss: 0.9240 | train_acc: 0.6433 | test_loss: 1.1027 | test_acc: 0.6172 | 
Epoch: 9 | train_loss: 0.8137 | train_acc: 0.6627 | test_loss: 0.9670 | test_acc: 0.6406 | 
Epoch: 10 | train_loss: 0.7529 | train_acc: 0.7155 | test_loss: 1.0344 | test_acc: 0.6562 | 
Epoch: 11 | train_loss: 0.7853 | train_acc: 0.6789 | test_loss: 0.9958 | test_acc: 0.6562 | 
Epoch: 12 | train_loss: 0.6791 | train_acc: 0.7478 | test_loss: 1.1948 | test_acc: 0.5703 | 
Epoch: 13 | train_loss: 0.7074 | train_acc: 0.7220 | test_loss: 1.0272 | test_acc: 0.6406 | 
Epoch: 14 | train_loss: 0.6081 | train_acc: 0.7780 | test_loss: 1.0701 | test_acc: 0.6289 | 
Epoch: 15 | train_loss: 0.5504 | train_acc: 0.7759 | test_loss: 1.0103 | test_acc: 0.6055 | 
Epoch: 16 | train_loss: 0.6016 | train_acc: 0.7511 | test_loss: 1.0402 | test_acc: 0.5703 | 
Epoch: 17 | train_loss: 0.5770 | train_acc: 0.7802 | test_loss: 1.0848 | test_acc: 0.5625 | 
Epoch: 18 | train_loss: 0.5012 | train_acc: 0.8017 | test_loss: 1.0903 | test_acc: 0.5859 | 
Epoch: 19 | train_loss: 0.5396 | train_acc: 0.7823 | test_loss: 1.0701 | test_acc: 0.6797 | 
Epoch: 20 | train_loss: 0.5542 | train_acc: 0.7899 | test_loss: 0.9730 | test_acc: 0.6250 | 
Epoch: 21 | train_loss: 0.5948 | train_acc: 0.7640 | test_loss: 0.9765 | test_acc: 0.6641 | 
Epoch: 22 | train_loss: 0.4904 | train_acc: 0.8190 | test_loss: 1.0624 | test_acc: 0.6406 | 
Epoch: 23 | train_loss: 0.4614 | train_acc: 0.8448 | test_loss: 0.9381 | test_acc: 0.6914 | 
Epoch: 24 | train_loss: 0.5112 | train_acc: 0.8190 | test_loss: 0.8935 | test_acc: 0.6406 | 
Epoch: 25 | train_loss: 0.4323 | train_acc: 0.8157 | test_loss: 0.8932 | test_acc: 0.6953 | 
Epoch: 26 | train_loss: 0.4304 | train_acc: 0.8179 | test_loss: 0.8327 | test_acc: 0.7500 | 
Epoch: 27 | train_loss: 0.3858 | train_acc: 0.8384 | test_loss: 0.9819 | test_acc: 0.6406 | 
Epoch: 28 | train_loss: 0.3709 | train_acc: 0.8782 | test_loss: 0.8089 | test_acc: 0.7266 | 
Epoch: 29 | train_loss: 0.3749 | train_acc: 0.8470 | test_loss: 0.8774 | test_acc: 0.7188 | 
Epoch: 30 | train_loss: 0.3642 | train_acc: 0.8825 | test_loss: 0.8529 | test_acc: 0.7500 | 
Epoch: 31 | train_loss: 0.3629 | train_acc: 0.8610 | test_loss: 0.8775 | test_acc: 0.7266 | 
Epoch: 32 | train_loss: 0.3734 | train_acc: 0.8675 | test_loss: 0.8762 | test_acc: 0.7461 | 
Epoch: 33 | train_loss: 0.2805 | train_acc: 0.8987 | test_loss: 0.8956 | test_acc: 0.7500 | 
Epoch: 34 | train_loss: 0.3463 | train_acc: 0.8761 | test_loss: 0.9269 | test_acc: 0.7422 | 
Epoch: 35 | train_loss: 0.4133 | train_acc: 0.8761 | test_loss: 0.9150 | test_acc: 0.6406 | 
Epoch: 36 | train_loss: 0.3257 | train_acc: 0.8901 | test_loss: 0.9076 | test_acc: 0.7148 | 
Epoch: 37 | train_loss: 0.3368 | train_acc: 0.8772 | test_loss: 0.8418 | test_acc: 0.6602 | 
Epoch: 38 | train_loss: 0.2927 | train_acc: 0.9127 | test_loss: 0.8168 | test_acc: 0.7070 | 
Epoch: 39 | train_loss: 0.3440 | train_acc: 0.8588 | test_loss: 0.7924 | test_acc: 0.7344 | 
Epoch: 40 | train_loss: 0.2715 | train_acc: 0.9170 | test_loss: 0.8945 | test_acc: 0.7227 | 
Epoch: 41 | train_loss: 0.2272 | train_acc: 0.9310 | test_loss: 0.8669 | test_acc: 0.7578 | 
Epoch: 42 | train_loss: 0.2634 | train_acc: 0.8944 | test_loss: 0.9171 | test_acc: 0.7305 | 
Epoch: 43 | train_loss: 0.3136 | train_acc: 0.8847 | test_loss: 0.8722 | test_acc: 0.7266 | 
Epoch: 44 | train_loss: 0.3294 | train_acc: 0.8685 | test_loss: 0.9180 | test_acc: 0.7109 | 
Epoch: 45 | train_loss: 0.2560 | train_acc: 0.8933 | test_loss: 0.9689 | test_acc: 0.7148 | 
Epoch: 46 | train_loss: 0.2204 | train_acc: 0.9332 | test_loss: 0.9222 | test_acc: 0.7383 | 
Epoch: 47 | train_loss: 0.2734 | train_acc: 0.8922 | test_loss: 1.0249 | test_acc: 0.7109 | 
Epoch: 48 | train_loss: 0.3009 | train_acc: 0.9041 | test_loss: 0.9318 | test_acc: 0.7344 | 
Epoch: 49 | train_loss: 0.2625 | train_acc: 0.9192 | test_loss: 1.0659 | test_acc: 0.7188 | 
Epoch: 50 | train_loss: 0.2332 | train_acc: 0.8976 | test_loss: 1.1260 | test_acc: 0.7031 | 
⏱️ Total training time: 88.349 seconds
📊 Bands [138, 40, 139] -> Fitness: 0.7031
Dataset initialized with pre-loaded data. Total samples: 897
Band indices for training dataloader: [151, 102, 121]
Dataset initialized with pre-loaded data. Total samples: 226
Band indices for test dataloader: [151, 102, 121]
🔍 Starting evaluation of individual [151, 102, 121]
Epoch: 1 | train_loss: 1.3610 | train_acc: 0.3265 | test_loss: 1.3119 | test_acc: 0.3984 | 
Epoch: 2 | train_loss: 1.2461 | train_acc: 0.4353 | test_loss: 1.2983 | test_acc: 0.4375 | 
Epoch: 3 | train_loss: 1.1432 | train_acc: 0.5269 | test_loss: 1.0817 | test_acc: 0.5703 | 
Epoch: 4 | train_loss: 1.0537 | train_acc: 0.5420 | test_loss: 1.0860 | test_acc: 0.5625 | 
Epoch: 5 | train_loss: 0.9546 | train_acc: 0.5948 | test_loss: 1.0261 | test_acc: 0.6172 | 
Epoch: 6 | train_loss: 0.8942 | train_acc: 0.6261 | test_loss: 1.1468 | test_acc: 0.6055 | 
Epoch: 7 | train_loss: 0.8214 | train_acc: 0.6800 | test_loss: 1.0042 | test_acc: 0.6055 | 
Epoch: 8 | train_loss: 0.7503 | train_acc: 0.7047 | test_loss: 0.9558 | test_acc: 0.6562 | 
Epoch: 9 | train_loss: 0.7793 | train_acc: 0.6940 | test_loss: 0.9532 | test_acc: 0.6016 | 
Epoch: 10 | train_loss: 0.7135 | train_acc: 0.7091 | test_loss: 0.8639 | test_acc: 0.6797 | 
Epoch: 11 | train_loss: 0.6184 | train_acc: 0.7425 | test_loss: 0.9540 | test_acc: 0.6523 | 
Epoch: 12 | train_loss: 0.6205 | train_acc: 0.7629 | test_loss: 0.9751 | test_acc: 0.6641 | 
Epoch: 13 | train_loss: 0.5844 | train_acc: 0.8050 | test_loss: 0.8205 | test_acc: 0.6914 | 
Epoch: 14 | train_loss: 0.5373 | train_acc: 0.8082 | test_loss: 0.8719 | test_acc: 0.6719 | 
Epoch: 15 | train_loss: 0.5446 | train_acc: 0.7791 | test_loss: 0.8731 | test_acc: 0.7070 | 
Epoch: 16 | train_loss: 0.5367 | train_acc: 0.7834 | test_loss: 0.8245 | test_acc: 0.7070 | 
Epoch: 17 | train_loss: 0.5299 | train_acc: 0.7877 | test_loss: 0.9181 | test_acc: 0.6914 | 
Epoch: 18 | train_loss: 0.4824 | train_acc: 0.8308 | test_loss: 0.8504 | test_acc: 0.6875 | 
Epoch: 19 | train_loss: 0.4259 | train_acc: 0.8502 | test_loss: 0.9291 | test_acc: 0.6797 | 
Epoch: 20 | train_loss: 0.4046 | train_acc: 0.8265 | test_loss: 0.8851 | test_acc: 0.7227 | 
Epoch: 21 | train_loss: 0.4318 | train_acc: 0.8513 | test_loss: 0.7291 | test_acc: 0.7461 | 
Epoch: 22 | train_loss: 0.3850 | train_acc: 0.8384 | test_loss: 0.7147 | test_acc: 0.7852 | 
Epoch: 23 | train_loss: 0.3896 | train_acc: 0.8438 | test_loss: 1.0077 | test_acc: 0.7070 | 
Epoch: 24 | train_loss: 0.4332 | train_acc: 0.8405 | test_loss: 0.9356 | test_acc: 0.7188 | 
Epoch: 25 | train_loss: 0.3753 | train_acc: 0.8664 | test_loss: 0.9870 | test_acc: 0.7070 | 
Epoch: 26 | train_loss: 0.3276 | train_acc: 0.8642 | test_loss: 0.9356 | test_acc: 0.7461 | 
Epoch: 27 | train_loss: 0.3896 | train_acc: 0.8448 | test_loss: 0.8197 | test_acc: 0.7539 | 
Epoch: 28 | train_loss: 0.3295 | train_acc: 0.8696 | test_loss: 0.9053 | test_acc: 0.7227 | 
Epoch: 29 | train_loss: 0.3900 | train_acc: 0.8567 | test_loss: 0.9563 | test_acc: 0.6953 | 
Epoch: 30 | train_loss: 0.4054 | train_acc: 0.8308 | test_loss: 0.8781 | test_acc: 0.7344 | 
Epoch: 31 | train_loss: 0.3273 | train_acc: 0.8976 | test_loss: 0.7329 | test_acc: 0.7812 | 
Epoch: 32 | train_loss: 0.2430 | train_acc: 0.9106 | test_loss: 0.8046 | test_acc: 0.7617 | 
Epoch: 33 | train_loss: 0.2535 | train_acc: 0.9138 | test_loss: 0.7669 | test_acc: 0.7656 | 
Epoch: 34 | train_loss: 0.3646 | train_acc: 0.8922 | test_loss: 0.7077 | test_acc: 0.8281 | 
Epoch: 35 | train_loss: 0.3013 | train_acc: 0.8664 | test_loss: 0.9085 | test_acc: 0.7500 | 
Epoch: 36 | train_loss: 0.2849 | train_acc: 0.8631 | test_loss: 0.6808 | test_acc: 0.8008 | 
Epoch: 37 | train_loss: 0.2411 | train_acc: 0.9192 | test_loss: 0.9232 | test_acc: 0.7539 | 
Epoch: 38 | train_loss: 0.3038 | train_acc: 0.8653 | test_loss: 0.6906 | test_acc: 0.7852 | 
Epoch: 39 | train_loss: 0.3087 | train_acc: 0.8858 | test_loss: 0.7540 | test_acc: 0.7773 | 
Epoch: 40 | train_loss: 0.2920 | train_acc: 0.8750 | test_loss: 0.7957 | test_acc: 0.7773 | 
Epoch: 41 | train_loss: 0.2428 | train_acc: 0.9192 | test_loss: 0.7756 | test_acc: 0.7812 | 
Epoch: 42 | train_loss: 0.1963 | train_acc: 0.9343 | test_loss: 0.7509 | test_acc: 0.7812 | 
Epoch: 43 | train_loss: 0.2298 | train_acc: 0.9300 | test_loss: 0.7905 | test_acc: 0.7852 | 
Epoch: 44 | train_loss: 0.2527 | train_acc: 0.8879 | test_loss: 0.7881 | test_acc: 0.8008 | 
Epoch: 45 | train_loss: 0.2871 | train_acc: 0.8707 | test_loss: 0.8504 | test_acc: 0.7656 | 
Epoch: 46 | train_loss: 0.2192 | train_acc: 0.9224 | test_loss: 0.8730 | test_acc: 0.7734 | 
Epoch: 47 | train_loss: 0.2852 | train_acc: 0.8944 | test_loss: 0.8797 | test_acc: 0.7695 | 
Epoch: 48 | train_loss: 0.2123 | train_acc: 0.9278 | test_loss: 0.7470 | test_acc: 0.7891 | 
Epoch: 49 | train_loss: 0.3384 | train_acc: 0.9095 | test_loss: 0.8544 | test_acc: 0.7695 | 
Epoch: 50 | train_loss: 0.3098 | train_acc: 0.9127 | test_loss: 0.7557 | test_acc: 0.7891 | 
⏱️ Total training time: 93.069 seconds
📊 Bands [151, 102, 121] -> Fitness: 0.7891
Dataset initialized with pre-loaded data. Total samples: 897
Band indices for training dataloader: [183, 122, 202]
Dataset initialized with pre-loaded data. Total samples: 226
Band indices for test dataloader: [183, 122, 202]
🔍 Starting evaluation of individual [183, 122, 202]
Epoch: 1 | train_loss: 1.3598 | train_acc: 0.3416 | test_loss: 1.2937 | test_acc: 0.4219 | 
Epoch: 2 | train_loss: 1.2591 | train_acc: 0.4138 | test_loss: 1.2739 | test_acc: 0.4336 | 
Epoch: 3 | train_loss: 1.1532 | train_acc: 0.4968 | test_loss: 1.4683 | test_acc: 0.4062 | 
Epoch: 4 | train_loss: 1.0425 | train_acc: 0.5754 | test_loss: 1.1833 | test_acc: 0.5039 | 
Epoch: 5 | train_loss: 0.9471 | train_acc: 0.6067 | test_loss: 1.1452 | test_acc: 0.5352 | 
Epoch: 6 | train_loss: 1.0351 | train_acc: 0.5948 | test_loss: 1.1575 | test_acc: 0.5273 | 
Epoch: 7 | train_loss: 0.9182 | train_acc: 0.6272 | test_loss: 0.9450 | test_acc: 0.6211 | 
Epoch: 8 | train_loss: 0.8513 | train_acc: 0.6541 | test_loss: 0.9831 | test_acc: 0.5898 | 
Epoch: 9 | train_loss: 0.7821 | train_acc: 0.6735 | test_loss: 0.9625 | test_acc: 0.6016 | 
Epoch: 10 | train_loss: 0.7640 | train_acc: 0.6897 | test_loss: 0.9666 | test_acc: 0.6094 | 
Epoch: 11 | train_loss: 0.7148 | train_acc: 0.7069 | test_loss: 1.0084 | test_acc: 0.6484 | 
Epoch: 12 | train_loss: 0.6610 | train_acc: 0.7220 | test_loss: 0.9502 | test_acc: 0.6719 | 
Epoch: 13 | train_loss: 0.6821 | train_acc: 0.7252 | test_loss: 0.9042 | test_acc: 0.6641 | 
Epoch: 14 | train_loss: 0.6496 | train_acc: 0.7457 | test_loss: 0.8921 | test_acc: 0.6250 | 
Epoch: 15 | train_loss: 0.5726 | train_acc: 0.7802 | test_loss: 0.8058 | test_acc: 0.6992 | 
Epoch: 16 | train_loss: 0.5189 | train_acc: 0.7899 | test_loss: 0.8241 | test_acc: 0.6758 | 
Epoch: 17 | train_loss: 0.5671 | train_acc: 0.7791 | test_loss: 0.7744 | test_acc: 0.7109 | 
Epoch: 18 | train_loss: 0.5243 | train_acc: 0.8060 | test_loss: 0.7292 | test_acc: 0.7422 | 
Epoch: 19 | train_loss: 0.4863 | train_acc: 0.8244 | test_loss: 0.6776 | test_acc: 0.7500 | 
Epoch: 20 | train_loss: 0.4254 | train_acc: 0.8588 | test_loss: 0.7864 | test_acc: 0.7188 | 
Epoch: 21 | train_loss: 0.4448 | train_acc: 0.8200 | test_loss: 0.7422 | test_acc: 0.7539 | 
Epoch: 22 | train_loss: 0.4239 | train_acc: 0.8664 | test_loss: 0.7966 | test_acc: 0.7188 | 
Epoch: 23 | train_loss: 0.3288 | train_acc: 0.8847 | test_loss: 0.8470 | test_acc: 0.7148 | 
Epoch: 24 | train_loss: 0.4304 | train_acc: 0.8287 | test_loss: 0.8304 | test_acc: 0.7227 | 
Epoch: 25 | train_loss: 0.4265 | train_acc: 0.8244 | test_loss: 0.7737 | test_acc: 0.7344 | 
Epoch: 26 | train_loss: 0.3711 | train_acc: 0.8470 | test_loss: 0.7817 | test_acc: 0.7578 | 
Epoch: 27 | train_loss: 0.3667 | train_acc: 0.8394 | test_loss: 0.8417 | test_acc: 0.7578 | 
Epoch: 28 | train_loss: 0.4074 | train_acc: 0.8394 | test_loss: 0.7999 | test_acc: 0.7383 | 
Epoch: 29 | train_loss: 0.3775 | train_acc: 0.8664 | test_loss: 0.8636 | test_acc: 0.7109 | 
Epoch: 30 | train_loss: 0.3630 | train_acc: 0.8545 | test_loss: 0.8324 | test_acc: 0.7500 | 
Epoch: 31 | train_loss: 0.3445 | train_acc: 0.8556 | test_loss: 0.7266 | test_acc: 0.7500 | 
Epoch: 32 | train_loss: 0.2627 | train_acc: 0.9116 | test_loss: 0.8239 | test_acc: 0.7266 | 
Epoch: 33 | train_loss: 0.3172 | train_acc: 0.8621 | test_loss: 0.7332 | test_acc: 0.7383 | 
Epoch: 34 | train_loss: 0.3243 | train_acc: 0.8685 | test_loss: 0.7983 | test_acc: 0.6914 | 
Epoch: 35 | train_loss: 0.2966 | train_acc: 0.8685 | test_loss: 0.7394 | test_acc: 0.7500 | 
Epoch: 36 | train_loss: 0.3137 | train_acc: 0.8761 | test_loss: 0.7156 | test_acc: 0.7617 | 
Epoch: 37 | train_loss: 0.4654 | train_acc: 0.8653 | test_loss: 0.8544 | test_acc: 0.7266 | 
Epoch: 38 | train_loss: 0.3505 | train_acc: 0.8966 | test_loss: 0.8506 | test_acc: 0.6875 | 
Epoch: 39 | train_loss: 0.2954 | train_acc: 0.8696 | test_loss: 0.7181 | test_acc: 0.7305 | 
Epoch: 40 | train_loss: 0.2624 | train_acc: 0.9062 | test_loss: 0.8696 | test_acc: 0.7422 | 
Epoch: 41 | train_loss: 0.2611 | train_acc: 0.9084 | test_loss: 0.7809 | test_acc: 0.7539 | 
Epoch: 42 | train_loss: 0.2997 | train_acc: 0.8901 | test_loss: 0.8691 | test_acc: 0.7305 | 
Epoch: 43 | train_loss: 0.2319 | train_acc: 0.9181 | test_loss: 0.7439 | test_acc: 0.7305 | 
Epoch: 44 | train_loss: 0.2870 | train_acc: 0.8901 | test_loss: 0.8039 | test_acc: 0.7266 | 
Epoch: 45 | train_loss: 0.3046 | train_acc: 0.8847 | test_loss: 0.7363 | test_acc: 0.7500 | 
Epoch: 46 | train_loss: 0.2812 | train_acc: 0.8998 | test_loss: 0.7262 | test_acc: 0.7578 | 
Epoch: 47 | train_loss: 0.2274 | train_acc: 0.9235 | test_loss: 0.7506 | test_acc: 0.7461 | 
Epoch: 48 | train_loss: 0.1893 | train_acc: 0.9332 | test_loss: 0.7943 | test_acc: 0.7656 | 
Epoch: 49 | train_loss: 0.2544 | train_acc: 0.9073 | test_loss: 0.7752 | test_acc: 0.7695 | 
Epoch: 50 | train_loss: 0.1767 | train_acc: 0.9440 | test_loss: 0.7355 | test_acc: 0.7930 | 
⏱️ Total training time: 85.614 seconds
📊 Bands [183, 122, 202] -> Fitness: 0.7930
3  	16    	0.74043 	0.0475132	0.617188	0.824219	Individual('h', [110, 97, 172]) 
Dataset initialized with pre-loaded data. Total samples: 897
Band indices for training dataloader: [217, 170, 301]
Dataset initialized with pre-loaded data. Total samples: 226
Band indices for test dataloader: [217, 170, 301]
🔍 Starting evaluation of individual [217, 170, 301]
Epoch: 1 | train_loss: 1.3530 | train_acc: 0.3351 | test_loss: 1.3891 | test_acc: 0.3008 | 
Epoch: 2 | train_loss: 1.2619 | train_acc: 0.4677 | test_loss: 1.2761 | test_acc: 0.3672 | 
Epoch: 3 | train_loss: 1.1785 | train_acc: 0.4871 | test_loss: 1.1713 | test_acc: 0.4844 | 
Epoch: 4 | train_loss: 1.0909 | train_acc: 0.5259 | test_loss: 1.0916 | test_acc: 0.5977 | 
Epoch: 5 | train_loss: 1.0015 | train_acc: 0.6078 | test_loss: 1.0143 | test_acc: 0.6016 | 
Epoch: 6 | train_loss: 0.9477 | train_acc: 0.6272 | test_loss: 1.0042 | test_acc: 0.5430 | 
Epoch: 7 | train_loss: 0.8665 | train_acc: 0.6713 | test_loss: 0.9918 | test_acc: 0.6562 | 
Epoch: 8 | train_loss: 0.8298 | train_acc: 0.6541 | test_loss: 0.9741 | test_acc: 0.6680 | 
Epoch: 9 | train_loss: 0.8021 | train_acc: 0.6886 | test_loss: 0.9465 | test_acc: 0.6797 | 
Epoch: 10 | train_loss: 0.7398 | train_acc: 0.7004 | test_loss: 0.9714 | test_acc: 0.6406 | 
Epoch: 11 | train_loss: 0.7313 | train_acc: 0.6940 | test_loss: 1.0661 | test_acc: 0.6211 | 
Epoch: 12 | train_loss: 0.6480 | train_acc: 0.7511 | test_loss: 0.9761 | test_acc: 0.6602 | 
Epoch: 13 | train_loss: 0.6828 | train_acc: 0.7338 | test_loss: 1.0705 | test_acc: 0.6055 | 
Epoch: 14 | train_loss: 0.6583 | train_acc: 0.7457 | test_loss: 0.9825 | test_acc: 0.6641 | 
Epoch: 15 | train_loss: 0.6136 | train_acc: 0.7565 | test_loss: 1.0629 | test_acc: 0.6758 | 
Epoch: 16 | train_loss: 0.5599 | train_acc: 0.7823 | test_loss: 0.9610 | test_acc: 0.6250 | 
Epoch: 17 | train_loss: 0.5483 | train_acc: 0.7586 | test_loss: 0.9883 | test_acc: 0.7188 | 
Epoch: 18 | train_loss: 0.4941 | train_acc: 0.8136 | test_loss: 0.9808 | test_acc: 0.6289 | 
Epoch: 19 | train_loss: 0.4649 | train_acc: 0.8190 | test_loss: 1.1081 | test_acc: 0.5898 | 
Epoch: 20 | train_loss: 0.4882 | train_acc: 0.8082 | test_loss: 0.9830 | test_acc: 0.6758 | 
Epoch: 21 | train_loss: 0.4742 | train_acc: 0.8190 | test_loss: 0.9696 | test_acc: 0.6992 | 
Epoch: 22 | train_loss: 0.4759 | train_acc: 0.8438 | test_loss: 0.9256 | test_acc: 0.6758 | 
Epoch: 23 | train_loss: 0.4212 | train_acc: 0.8287 | test_loss: 1.0392 | test_acc: 0.6328 | 
Epoch: 24 | train_loss: 0.4735 | train_acc: 0.8276 | test_loss: 0.9545 | test_acc: 0.7031 | 
Epoch: 25 | train_loss: 0.4704 | train_acc: 0.8200 | test_loss: 0.8332 | test_acc: 0.7266 | 
Epoch: 26 | train_loss: 0.3609 | train_acc: 0.8793 | test_loss: 0.9833 | test_acc: 0.6953 | 
Epoch: 27 | train_loss: 0.3842 | train_acc: 0.8319 | test_loss: 0.9398 | test_acc: 0.7070 | 
Epoch: 28 | train_loss: 0.3298 | train_acc: 0.8825 | test_loss: 1.0588 | test_acc: 0.6914 | 
Epoch: 29 | train_loss: 0.3572 | train_acc: 0.8901 | test_loss: 0.9663 | test_acc: 0.6289 | 
Epoch: 30 | train_loss: 0.3274 | train_acc: 0.8513 | test_loss: 1.0014 | test_acc: 0.6523 | 
Epoch: 31 | train_loss: 0.3404 | train_acc: 0.8879 | test_loss: 1.0579 | test_acc: 0.7227 | 
Epoch: 32 | train_loss: 0.3374 | train_acc: 0.8879 | test_loss: 0.9315 | test_acc: 0.7266 | 
Epoch: 33 | train_loss: 0.3901 | train_acc: 0.8384 | test_loss: 1.0545 | test_acc: 0.6797 | 
Epoch: 34 | train_loss: 0.3172 | train_acc: 0.8912 | test_loss: 0.8585 | test_acc: 0.7344 | 
Epoch: 35 | train_loss: 0.2546 | train_acc: 0.9138 | test_loss: 0.8486 | test_acc: 0.7344 | 
Epoch: 36 | train_loss: 0.2707 | train_acc: 0.9052 | test_loss: 0.9761 | test_acc: 0.6602 | 
Epoch: 37 | train_loss: 0.2584 | train_acc: 0.9203 | test_loss: 1.0023 | test_acc: 0.7344 | 
Epoch: 38 | train_loss: 0.4416 | train_acc: 0.8836 | test_loss: 0.9431 | test_acc: 0.7148 | 
Epoch: 39 | train_loss: 0.3462 | train_acc: 0.8567 | test_loss: 0.9381 | test_acc: 0.6602 | 
Epoch: 40 | train_loss: 0.2760 | train_acc: 0.9149 | test_loss: 0.8344 | test_acc: 0.7266 | 
Epoch: 41 | train_loss: 0.3404 | train_acc: 0.8782 | test_loss: 0.9811 | test_acc: 0.7070 | 
Epoch: 42 | train_loss: 0.2863 | train_acc: 0.9084 | test_loss: 1.0019 | test_acc: 0.7188 | 
Epoch: 43 | train_loss: 0.3006 | train_acc: 0.8901 | test_loss: 1.0239 | test_acc: 0.6953 | 
Epoch: 44 | train_loss: 0.2613 | train_acc: 0.8815 | test_loss: 0.9972 | test_acc: 0.7539 | 
Epoch: 45 | train_loss: 0.2760 | train_acc: 0.8879 | test_loss: 1.0382 | test_acc: 0.7461 | 
Epoch: 46 | train_loss: 0.2744 | train_acc: 0.8901 | test_loss: 1.0458 | test_acc: 0.7188 | 
Epoch: 47 | train_loss: 0.2269 | train_acc: 0.9321 | test_loss: 1.1535 | test_acc: 0.7266 | 
Epoch: 48 | train_loss: 0.2577 | train_acc: 0.9127 | test_loss: 0.9672 | test_acc: 0.7383 | 
Epoch: 49 | train_loss: 0.2588 | train_acc: 0.8922 | test_loss: 1.1190 | test_acc: 0.6641 | 
Epoch: 50 | train_loss: 0.2433 | train_acc: 0.9213 | test_loss: 1.0012 | test_acc: 0.7227 | 
⏱️ Total training time: 88.197 seconds
📊 Bands [217, 170, 301] -> Fitness: 0.7227
Dataset initialized with pre-loaded data. Total samples: 897
Band indices for training dataloader: [182, 160, 238]
Dataset initialized with pre-loaded data. Total samples: 226
Band indices for test dataloader: [182, 160, 238]
🔍 Starting evaluation of individual [182, 160, 238]
Epoch: 1 | train_loss: 1.3675 | train_acc: 0.3190 | test_loss: 1.3221 | test_acc: 0.3867 | 
Epoch: 2 | train_loss: 1.2542 | train_acc: 0.4461 | test_loss: 1.1993 | test_acc: 0.4531 | 
Epoch: 3 | train_loss: 1.1378 | train_acc: 0.4946 | test_loss: 1.0450 | test_acc: 0.5742 | 
Epoch: 4 | train_loss: 1.0523 | train_acc: 0.5851 | test_loss: 1.1086 | test_acc: 0.5938 | 
Epoch: 5 | train_loss: 0.9899 | train_acc: 0.6185 | test_loss: 0.9828 | test_acc: 0.6562 | 
Epoch: 6 | train_loss: 0.8849 | train_acc: 0.6347 | test_loss: 1.0208 | test_acc: 0.6602 | 
Epoch: 7 | train_loss: 0.8522 | train_acc: 0.6487 | test_loss: 1.2301 | test_acc: 0.5312 | 
Epoch: 8 | train_loss: 0.8234 | train_acc: 0.6767 | test_loss: 1.0427 | test_acc: 0.6055 | 
Epoch: 9 | train_loss: 0.7639 | train_acc: 0.6918 | test_loss: 0.8301 | test_acc: 0.6680 | 
Epoch: 10 | train_loss: 0.6979 | train_acc: 0.7263 | test_loss: 0.8468 | test_acc: 0.6797 | 
Epoch: 11 | train_loss: 0.6944 | train_acc: 0.7295 | test_loss: 0.9654 | test_acc: 0.6797 | 
Epoch: 12 | train_loss: 0.6071 | train_acc: 0.7888 | test_loss: 0.8874 | test_acc: 0.6953 | 
Epoch: 13 | train_loss: 0.5859 | train_acc: 0.7575 | test_loss: 0.9449 | test_acc: 0.6172 | 
Epoch: 14 | train_loss: 0.5696 | train_acc: 0.7683 | test_loss: 0.9953 | test_acc: 0.6680 | 
Epoch: 15 | train_loss: 0.5718 | train_acc: 0.7802 | test_loss: 0.9098 | test_acc: 0.6953 | 
Epoch: 16 | train_loss: 0.4977 | train_acc: 0.8276 | test_loss: 0.9454 | test_acc: 0.6758 | 
Epoch: 17 | train_loss: 0.4967 | train_acc: 0.8200 | test_loss: 0.8533 | test_acc: 0.7148 | 
Epoch: 18 | train_loss: 0.5082 | train_acc: 0.7942 | test_loss: 0.8973 | test_acc: 0.6992 | 
Epoch: 19 | train_loss: 0.4876 | train_acc: 0.8060 | test_loss: 0.9101 | test_acc: 0.7188 | 
Epoch: 20 | train_loss: 0.4654 | train_acc: 0.8427 | test_loss: 0.9354 | test_acc: 0.7188 | 
Epoch: 21 | train_loss: 0.4163 | train_acc: 0.8599 | test_loss: 0.9831 | test_acc: 0.7031 | 
Epoch: 22 | train_loss: 0.4723 | train_acc: 0.8362 | test_loss: 0.8467 | test_acc: 0.7266 | 
Epoch: 23 | train_loss: 0.4613 | train_acc: 0.8254 | test_loss: 0.9536 | test_acc: 0.6523 | 
Epoch: 24 | train_loss: 0.4467 | train_acc: 0.8308 | test_loss: 0.8532 | test_acc: 0.7266 | 
Epoch: 25 | train_loss: 0.3993 | train_acc: 0.8481 | test_loss: 0.8064 | test_acc: 0.7695 | 
Epoch: 26 | train_loss: 0.3100 | train_acc: 0.8987 | test_loss: 0.9253 | test_acc: 0.7344 | 
Epoch: 27 | train_loss: 0.3232 | train_acc: 0.8825 | test_loss: 0.8065 | test_acc: 0.7500 | 
Epoch: 28 | train_loss: 0.4063 | train_acc: 0.8448 | test_loss: 0.8976 | test_acc: 0.7422 | 
Epoch: 29 | train_loss: 0.3533 | train_acc: 0.8653 | test_loss: 0.8433 | test_acc: 0.7461 | 
Epoch: 30 | train_loss: 0.3435 | train_acc: 0.8890 | test_loss: 0.8050 | test_acc: 0.7734 | 
Epoch: 31 | train_loss: 0.2727 | train_acc: 0.8847 | test_loss: 0.8874 | test_acc: 0.7305 | 
Epoch: 32 | train_loss: 0.2738 | train_acc: 0.9159 | test_loss: 0.7082 | test_acc: 0.7812 | 
Epoch: 33 | train_loss: 0.2964 | train_acc: 0.8966 | test_loss: 0.8436 | test_acc: 0.7539 | 
Epoch: 34 | train_loss: 0.2675 | train_acc: 0.8998 | test_loss: 0.9601 | test_acc: 0.7422 | 
Epoch: 35 | train_loss: 0.3955 | train_acc: 0.8685 | test_loss: 0.9046 | test_acc: 0.7422 | 
Epoch: 36 | train_loss: 0.3105 | train_acc: 0.8782 | test_loss: 0.7956 | test_acc: 0.7422 | 
Epoch: 37 | train_loss: 0.2400 | train_acc: 0.9278 | test_loss: 0.8870 | test_acc: 0.7031 | 
Epoch: 38 | train_loss: 0.3118 | train_acc: 0.8890 | test_loss: 0.9199 | test_acc: 0.7539 | 
Epoch: 39 | train_loss: 0.2640 | train_acc: 0.9213 | test_loss: 0.7902 | test_acc: 0.7695 | 
Epoch: 40 | train_loss: 0.2017 | train_acc: 0.9267 | test_loss: 0.8647 | test_acc: 0.7461 | 
Epoch: 41 | train_loss: 0.2251 | train_acc: 0.9106 | test_loss: 1.0768 | test_acc: 0.6641 | 
Epoch: 42 | train_loss: 0.2325 | train_acc: 0.8944 | test_loss: 0.9730 | test_acc: 0.7305 | 
Epoch: 43 | train_loss: 0.2484 | train_acc: 0.8933 | test_loss: 0.9402 | test_acc: 0.7539 | 
Epoch: 44 | train_loss: 0.3040 | train_acc: 0.8825 | test_loss: 0.9374 | test_acc: 0.7422 | 
Epoch: 45 | train_loss: 0.3192 | train_acc: 0.8761 | test_loss: 0.9639 | test_acc: 0.7188 | 
Epoch: 46 | train_loss: 0.2996 | train_acc: 0.8890 | test_loss: 1.1015 | test_acc: 0.7109 | 
Epoch: 47 | train_loss: 0.2894 | train_acc: 0.8933 | test_loss: 0.9316 | test_acc: 0.7500 | 
Epoch: 48 | train_loss: 0.2258 | train_acc: 0.9278 | test_loss: 0.8680 | test_acc: 0.7461 | 
Epoch: 49 | train_loss: 0.1823 | train_acc: 0.9310 | test_loss: 1.0042 | test_acc: 0.7148 | 
Epoch: 50 | train_loss: 0.1924 | train_acc: 0.9494 | test_loss: 0.9828 | test_acc: 0.7500 | 
⏱️ Total training time: 85.676 seconds
📊 Bands [182, 160, 238] -> Fitness: 0.7500
Dataset initialized with pre-loaded data. Total samples: 897
Band indices for training dataloader: [188, 104, 234]
Dataset initialized with pre-loaded data. Total samples: 226
Band indices for test dataloader: [188, 104, 234]
🔍 Starting evaluation of individual [188, 104, 234]
Epoch: 1 | train_loss: 1.3687 | train_acc: 0.3060 | test_loss: 1.2497 | test_acc: 0.3906 | 
Epoch: 2 | train_loss: 1.2401 | train_acc: 0.4203 | test_loss: 1.2451 | test_acc: 0.4531 | 
Epoch: 3 | train_loss: 1.1376 | train_acc: 0.4978 | test_loss: 1.1122 | test_acc: 0.5625 | 
Epoch: 4 | train_loss: 1.0132 | train_acc: 0.5894 | test_loss: 1.1456 | test_acc: 0.5781 | 
Epoch: 5 | train_loss: 0.9397 | train_acc: 0.6002 | test_loss: 1.1326 | test_acc: 0.5078 | 
Epoch: 6 | train_loss: 0.8673 | train_acc: 0.6487 | test_loss: 0.9786 | test_acc: 0.6055 | 
Epoch: 7 | train_loss: 0.8517 | train_acc: 0.6519 | test_loss: 0.9974 | test_acc: 0.5781 | 
Epoch: 8 | train_loss: 0.7606 | train_acc: 0.6681 | test_loss: 0.8810 | test_acc: 0.6797 | 
Epoch: 9 | train_loss: 0.7274 | train_acc: 0.6994 | test_loss: 0.8710 | test_acc: 0.6992 | 
Epoch: 10 | train_loss: 0.6327 | train_acc: 0.7726 | test_loss: 1.0294 | test_acc: 0.6680 | 
Epoch: 11 | train_loss: 0.6062 | train_acc: 0.7478 | test_loss: 1.0205 | test_acc: 0.6406 | 
Epoch: 12 | train_loss: 0.6708 | train_acc: 0.7500 | test_loss: 0.8858 | test_acc: 0.7070 | 
Epoch: 13 | train_loss: 0.6087 | train_acc: 0.7866 | test_loss: 0.9332 | test_acc: 0.6953 | 
Epoch: 14 | train_loss: 0.5232 | train_acc: 0.8179 | test_loss: 0.8800 | test_acc: 0.6914 | 
Epoch: 15 | train_loss: 0.5003 | train_acc: 0.7996 | test_loss: 0.8681 | test_acc: 0.7070 | 
Epoch: 16 | train_loss: 0.4938 | train_acc: 0.8287 | test_loss: 0.8101 | test_acc: 0.7227 | 
Epoch: 17 | train_loss: 0.3998 | train_acc: 0.8556 | test_loss: 0.8677 | test_acc: 0.7109 | 
Epoch: 18 | train_loss: 0.4990 | train_acc: 0.8168 | test_loss: 0.7570 | test_acc: 0.7188 | 
Epoch: 19 | train_loss: 0.4581 | train_acc: 0.8330 | test_loss: 0.7407 | test_acc: 0.7500 | 
Epoch: 20 | train_loss: 0.5269 | train_acc: 0.7953 | test_loss: 0.7474 | test_acc: 0.7422 | 
Epoch: 21 | train_loss: 0.3734 | train_acc: 0.8707 | test_loss: 0.7802 | test_acc: 0.7344 | 
Epoch: 22 | train_loss: 0.4351 | train_acc: 0.8438 | test_loss: 0.8350 | test_acc: 0.7383 | 
Epoch: 23 | train_loss: 0.4153 | train_acc: 0.8448 | test_loss: 0.7119 | test_acc: 0.7578 | 
Epoch: 24 | train_loss: 0.3976 | train_acc: 0.8373 | test_loss: 0.7601 | test_acc: 0.7500 | 
Epoch: 25 | train_loss: 0.4284 | train_acc: 0.8276 | test_loss: 0.9728 | test_acc: 0.7070 | 
Epoch: 26 | train_loss: 0.4342 | train_acc: 0.8319 | test_loss: 0.7563 | test_acc: 0.7539 | 
Epoch: 27 | train_loss: 0.3298 | train_acc: 0.8869 | test_loss: 0.7961 | test_acc: 0.7188 | 
Epoch: 28 | train_loss: 0.3471 | train_acc: 0.8685 | test_loss: 0.7558 | test_acc: 0.7539 | 
Epoch: 29 | train_loss: 0.2878 | train_acc: 0.9192 | test_loss: 0.7609 | test_acc: 0.7383 | 
Epoch: 30 | train_loss: 0.2812 | train_acc: 0.8966 | test_loss: 0.9780 | test_acc: 0.6992 | 
Epoch: 31 | train_loss: 0.3526 | train_acc: 0.8675 | test_loss: 0.8899 | test_acc: 0.7578 | 
Epoch: 32 | train_loss: 0.2829 | train_acc: 0.9084 | test_loss: 0.8450 | test_acc: 0.7500 | 
Epoch: 33 | train_loss: 0.3567 | train_acc: 0.8610 | test_loss: 0.7569 | test_acc: 0.7578 | 
Epoch: 34 | train_loss: 0.3027 | train_acc: 0.8718 | test_loss: 0.8355 | test_acc: 0.7344 | 
Epoch: 35 | train_loss: 0.4469 | train_acc: 0.8685 | test_loss: 0.7819 | test_acc: 0.7422 | 
Epoch: 36 | train_loss: 0.2026 | train_acc: 0.9267 | test_loss: 0.9633 | test_acc: 0.7461 | 
Epoch: 37 | train_loss: 0.3950 | train_acc: 0.8912 | test_loss: 0.7876 | test_acc: 0.7812 | 
Epoch: 38 | train_loss: 0.2564 | train_acc: 0.9095 | test_loss: 0.8710 | test_acc: 0.7266 | 
Epoch: 39 | train_loss: 0.2379 | train_acc: 0.9278 | test_loss: 0.8132 | test_acc: 0.7773 | 
Epoch: 40 | train_loss: 0.2748 | train_acc: 0.8836 | test_loss: 0.7747 | test_acc: 0.7734 | 
Epoch: 41 | train_loss: 0.2041 | train_acc: 0.9353 | test_loss: 0.7734 | test_acc: 0.8008 | 
Epoch: 42 | train_loss: 0.2885 | train_acc: 0.9041 | test_loss: 0.8117 | test_acc: 0.7227 | 
Epoch: 43 | train_loss: 0.2063 | train_acc: 0.9407 | test_loss: 0.7605 | test_acc: 0.7734 | 
Epoch: 44 | train_loss: 0.2171 | train_acc: 0.9073 | test_loss: 0.8019 | test_acc: 0.8086 | 
Epoch: 45 | train_loss: 0.3114 | train_acc: 0.8772 | test_loss: 0.7657 | test_acc: 0.7500 | 
Epoch: 46 | train_loss: 0.2245 | train_acc: 0.9019 | test_loss: 0.8287 | test_acc: 0.7578 | 
Epoch: 47 | train_loss: 0.2306 | train_acc: 0.9192 | test_loss: 0.7911 | test_acc: 0.7617 | 
Epoch: 48 | train_loss: 0.3038 | train_acc: 0.9106 | test_loss: 0.6641 | test_acc: 0.7891 | 
Epoch: 49 | train_loss: 0.1811 | train_acc: 0.9483 | test_loss: 0.8021 | test_acc: 0.7383 | 
Epoch: 50 | train_loss: 0.2106 | train_acc: 0.9138 | test_loss: 0.7617 | test_acc: 0.7812 | 
⏱️ Total training time: 93.111 seconds
📊 Bands [188, 104, 234] -> Fitness: 0.7812
Dataset initialized with pre-loaded data. Total samples: 897
Band indices for training dataloader: [146, 175, 191]
Dataset initialized with pre-loaded data. Total samples: 226
Band indices for test dataloader: [146, 175, 191]
🔍 Starting evaluation of individual [146, 175, 191]
Epoch: 1 | train_loss: 1.3512 | train_acc: 0.3265 | test_loss: 1.4964 | test_acc: 0.3320 | 
Epoch: 2 | train_loss: 1.2565 | train_acc: 0.4019 | test_loss: 1.2773 | test_acc: 0.3711 | 
Epoch: 3 | train_loss: 1.1217 | train_acc: 0.5172 | test_loss: 1.2959 | test_acc: 0.5117 | 
Epoch: 4 | train_loss: 1.0641 | train_acc: 0.5539 | test_loss: 1.0901 | test_acc: 0.5898 | 
Epoch: 5 | train_loss: 0.9357 | train_acc: 0.6272 | test_loss: 1.0180 | test_acc: 0.5664 | 
Epoch: 6 | train_loss: 0.9010 | train_acc: 0.6530 | test_loss: 1.0157 | test_acc: 0.6055 | 
Epoch: 7 | train_loss: 0.8440 | train_acc: 0.6756 | test_loss: 1.0666 | test_acc: 0.5938 | 
Epoch: 8 | train_loss: 0.7845 | train_acc: 0.6843 | test_loss: 1.0898 | test_acc: 0.5977 | 
Epoch: 9 | train_loss: 0.7605 | train_acc: 0.7047 | test_loss: 0.9565 | test_acc: 0.6133 | 
Epoch: 10 | train_loss: 0.7226 | train_acc: 0.7392 | test_loss: 0.8375 | test_acc: 0.6680 | 
Epoch: 11 | train_loss: 0.6678 | train_acc: 0.7392 | test_loss: 0.8598 | test_acc: 0.7344 | 
Epoch: 12 | train_loss: 0.5848 | train_acc: 0.7985 | test_loss: 0.9982 | test_acc: 0.6602 | 
Epoch: 13 | train_loss: 0.5210 | train_acc: 0.8168 | test_loss: 1.0576 | test_acc: 0.6680 | 
Epoch: 14 | train_loss: 0.6162 | train_acc: 0.7769 | test_loss: 0.9581 | test_acc: 0.6797 | 
Epoch: 15 | train_loss: 0.5149 | train_acc: 0.8006 | test_loss: 0.7426 | test_acc: 0.7266 | 
Epoch: 16 | train_loss: 0.4799 | train_acc: 0.7996 | test_loss: 0.8147 | test_acc: 0.7266 | 
Epoch: 17 | train_loss: 0.4161 | train_acc: 0.8351 | test_loss: 0.8260 | test_acc: 0.7461 | 
Epoch: 18 | train_loss: 0.4491 | train_acc: 0.8211 | test_loss: 0.9500 | test_acc: 0.6875 | 
Epoch: 19 | train_loss: 0.4172 | train_acc: 0.8610 | test_loss: 0.8211 | test_acc: 0.6953 | 
Epoch: 20 | train_loss: 0.5271 | train_acc: 0.8093 | test_loss: 0.9401 | test_acc: 0.6641 | 
Epoch: 21 | train_loss: 0.4516 | train_acc: 0.8481 | test_loss: 0.7770 | test_acc: 0.6797 | 
Epoch: 22 | train_loss: 0.3511 | train_acc: 0.8599 | test_loss: 0.8003 | test_acc: 0.6875 | 
Epoch: 23 | train_loss: 0.3471 | train_acc: 0.8534 | test_loss: 0.9220 | test_acc: 0.6797 | 
Epoch: 24 | train_loss: 0.4023 | train_acc: 0.8502 | test_loss: 0.7460 | test_acc: 0.7617 | 
Epoch: 25 | train_loss: 0.3720 | train_acc: 0.8610 | test_loss: 0.7915 | test_acc: 0.7461 | 
Epoch: 26 | train_loss: 0.3775 | train_acc: 0.8675 | test_loss: 0.7654 | test_acc: 0.7266 | 
Epoch: 27 | train_loss: 0.2740 | train_acc: 0.8890 | test_loss: 0.7981 | test_acc: 0.7578 | 
Epoch: 28 | train_loss: 0.3003 | train_acc: 0.8815 | test_loss: 1.0355 | test_acc: 0.6797 | 
Epoch: 29 | train_loss: 0.3209 | train_acc: 0.8804 | test_loss: 0.9072 | test_acc: 0.7148 | 
Epoch: 30 | train_loss: 0.2655 | train_acc: 0.9159 | test_loss: 0.8949 | test_acc: 0.7070 | 
Epoch: 31 | train_loss: 0.2586 | train_acc: 0.8847 | test_loss: 0.8553 | test_acc: 0.7383 | 
Epoch: 32 | train_loss: 0.3262 | train_acc: 0.8761 | test_loss: 0.8154 | test_acc: 0.7305 | 
Epoch: 33 | train_loss: 0.2857 | train_acc: 0.9030 | test_loss: 0.7825 | test_acc: 0.7539 | 
Epoch: 34 | train_loss: 0.2136 | train_acc: 0.9235 | test_loss: 0.8502 | test_acc: 0.7461 | 
Epoch: 35 | train_loss: 0.2680 | train_acc: 0.8815 | test_loss: 0.8319 | test_acc: 0.6992 | 
Epoch: 36 | train_loss: 0.2798 | train_acc: 0.8987 | test_loss: 0.6955 | test_acc: 0.7656 | 
Epoch: 37 | train_loss: 0.2372 | train_acc: 0.9203 | test_loss: 0.8295 | test_acc: 0.7266 | 
Epoch: 38 | train_loss: 0.2647 | train_acc: 0.9073 | test_loss: 0.7586 | test_acc: 0.7695 | 
Epoch: 39 | train_loss: 0.2304 | train_acc: 0.8944 | test_loss: 0.7592 | test_acc: 0.7617 | 
Epoch: 40 | train_loss: 0.2312 | train_acc: 0.8944 | test_loss: 0.8315 | test_acc: 0.7500 | 
Epoch: 41 | train_loss: 0.2013 | train_acc: 0.9256 | test_loss: 0.8060 | test_acc: 0.7578 | 
Epoch: 42 | train_loss: 0.1982 | train_acc: 0.9170 | test_loss: 0.8050 | test_acc: 0.7695 | 
Epoch: 43 | train_loss: 0.2577 | train_acc: 0.9030 | test_loss: 0.7782 | test_acc: 0.7773 | 
Epoch: 44 | train_loss: 0.3663 | train_acc: 0.9041 | test_loss: 0.7936 | test_acc: 0.7734 | 
Epoch: 45 | train_loss: 0.3025 | train_acc: 0.9052 | test_loss: 0.8052 | test_acc: 0.7578 | 
Epoch: 46 | train_loss: 0.2453 | train_acc: 0.8901 | test_loss: 0.9246 | test_acc: 0.7383 | 
Epoch: 47 | train_loss: 0.1511 | train_acc: 0.9494 | test_loss: 0.9170 | test_acc: 0.7344 | 
Epoch: 48 | train_loss: 0.1671 | train_acc: 0.9213 | test_loss: 0.8567 | test_acc: 0.7305 | 
Epoch: 49 | train_loss: 0.2024 | train_acc: 0.9084 | test_loss: 0.9650 | test_acc: 0.6875 | 
Epoch: 50 | train_loss: 0.2328 | train_acc: 0.9300 | test_loss: 0.9999 | test_acc: 0.7266 | 
⏱️ Total training time: 97.522 seconds
📊 Bands [146, 175, 191] -> Fitness: 0.7266
Dataset initialized with pre-loaded data. Total samples: 897
Band indices for training dataloader: [95, 84, 228]
Dataset initialized with pre-loaded data. Total samples: 226
Band indices for test dataloader: [95, 84, 228]
🔍 Starting evaluation of individual [95, 84, 228]
Epoch: 1 | train_loss: 1.3548 | train_acc: 0.3179 | test_loss: 1.2899 | test_acc: 0.4727 | 
Epoch: 2 | train_loss: 1.2314 | train_acc: 0.4300 | test_loss: 1.4872 | test_acc: 0.3203 | 
Epoch: 3 | train_loss: 1.1282 | train_acc: 0.5259 | test_loss: 1.1831 | test_acc: 0.4727 | 
Epoch: 4 | train_loss: 1.0633 | train_acc: 0.5593 | test_loss: 1.1727 | test_acc: 0.5742 | 
Epoch: 5 | train_loss: 0.9599 | train_acc: 0.5733 | test_loss: 0.9667 | test_acc: 0.6133 | 
Epoch: 6 | train_loss: 0.8658 | train_acc: 0.6379 | test_loss: 1.0627 | test_acc: 0.6016 | 
Epoch: 7 | train_loss: 0.8404 | train_acc: 0.6659 | test_loss: 1.0311 | test_acc: 0.6406 | 
Epoch: 8 | train_loss: 0.7978 | train_acc: 0.6918 | test_loss: 1.0539 | test_acc: 0.6367 | 
Epoch: 9 | train_loss: 0.7095 | train_acc: 0.7360 | test_loss: 1.1376 | test_acc: 0.5664 | 
Epoch: 10 | train_loss: 0.7033 | train_acc: 0.7435 | test_loss: 0.9487 | test_acc: 0.6602 | 
Epoch: 11 | train_loss: 0.6741 | train_acc: 0.7295 | test_loss: 0.8674 | test_acc: 0.7305 | 
Epoch: 12 | train_loss: 0.6819 | train_acc: 0.7446 | test_loss: 0.7698 | test_acc: 0.7305 | 
Epoch: 13 | train_loss: 0.5927 | train_acc: 0.7716 | test_loss: 0.8422 | test_acc: 0.7148 | 
Epoch: 14 | train_loss: 0.5446 | train_acc: 0.7780 | test_loss: 0.8488 | test_acc: 0.6992 | 
Epoch: 15 | train_loss: 0.5154 | train_acc: 0.8147 | test_loss: 0.9403 | test_acc: 0.6758 | 
Epoch: 16 | train_loss: 0.4483 | train_acc: 0.8362 | test_loss: 0.9964 | test_acc: 0.6914 | 
Epoch: 17 | train_loss: 0.4499 | train_acc: 0.8470 | test_loss: 0.8871 | test_acc: 0.6914 | 
Epoch: 18 | train_loss: 0.4685 | train_acc: 0.8254 | test_loss: 0.9160 | test_acc: 0.6836 | 
Epoch: 19 | train_loss: 0.4810 | train_acc: 0.8244 | test_loss: 0.9044 | test_acc: 0.6953 | 
Epoch: 20 | train_loss: 0.4090 | train_acc: 0.8459 | test_loss: 0.7814 | test_acc: 0.7188 | 
Epoch: 21 | train_loss: 0.4724 | train_acc: 0.8351 | test_loss: 0.7964 | test_acc: 0.7227 | 
Epoch: 22 | train_loss: 0.4274 | train_acc: 0.8513 | test_loss: 0.7845 | test_acc: 0.7461 | 
Epoch: 23 | train_loss: 0.4384 | train_acc: 0.8481 | test_loss: 0.7635 | test_acc: 0.7539 | 
Epoch: 24 | train_loss: 0.3483 | train_acc: 0.8405 | test_loss: 0.7759 | test_acc: 0.7617 | 
Epoch: 25 | train_loss: 0.3376 | train_acc: 0.8621 | test_loss: 0.7913 | test_acc: 0.7422 | 
Epoch: 26 | train_loss: 0.3570 | train_acc: 0.8836 | test_loss: 0.7655 | test_acc: 0.7578 | 
Epoch: 27 | train_loss: 0.3502 | train_acc: 0.8847 | test_loss: 0.8919 | test_acc: 0.7070 | 
Epoch: 28 | train_loss: 0.3120 | train_acc: 0.8718 | test_loss: 0.8283 | test_acc: 0.7383 | 
Epoch: 29 | train_loss: 0.3736 | train_acc: 0.8567 | test_loss: 0.7262 | test_acc: 0.7617 | 
Epoch: 30 | train_loss: 0.2783 | train_acc: 0.8675 | test_loss: 0.8746 | test_acc: 0.7344 | 
Epoch: 31 | train_loss: 0.3285 | train_acc: 0.8804 | test_loss: 0.7972 | test_acc: 0.7617 | 
Epoch: 32 | train_loss: 0.2524 | train_acc: 0.8901 | test_loss: 0.8119 | test_acc: 0.7617 | 
Epoch: 33 | train_loss: 0.3137 | train_acc: 0.8966 | test_loss: 0.7249 | test_acc: 0.7734 | 
Epoch: 34 | train_loss: 0.3102 | train_acc: 0.8696 | test_loss: 0.6921 | test_acc: 0.7773 | 
Epoch: 35 | train_loss: 0.2479 | train_acc: 0.9203 | test_loss: 0.7097 | test_acc: 0.7539 | 
Epoch: 36 | train_loss: 0.2480 | train_acc: 0.8966 | test_loss: 0.7467 | test_acc: 0.7930 | 
Epoch: 37 | train_loss: 0.2631 | train_acc: 0.9116 | test_loss: 0.9514 | test_acc: 0.6953 | 
Epoch: 38 | train_loss: 0.3064 | train_acc: 0.8836 | test_loss: 0.8653 | test_acc: 0.7656 | 
Epoch: 39 | train_loss: 0.2429 | train_acc: 0.9149 | test_loss: 0.7302 | test_acc: 0.7734 | 
Epoch: 40 | train_loss: 0.2824 | train_acc: 0.8976 | test_loss: 0.7551 | test_acc: 0.7969 | 
Epoch: 41 | train_loss: 0.2771 | train_acc: 0.9019 | test_loss: 0.7407 | test_acc: 0.7695 | 
Epoch: 42 | train_loss: 0.2294 | train_acc: 0.9052 | test_loss: 0.7099 | test_acc: 0.7930 | 
Epoch: 43 | train_loss: 0.2216 | train_acc: 0.9364 | test_loss: 0.6638 | test_acc: 0.7852 | 
Epoch: 44 | train_loss: 0.2807 | train_acc: 0.8933 | test_loss: 0.6465 | test_acc: 0.8164 | 
Epoch: 45 | train_loss: 0.2856 | train_acc: 0.8858 | test_loss: 0.6976 | test_acc: 0.7734 | 
Epoch: 46 | train_loss: 0.2107 | train_acc: 0.9364 | test_loss: 0.7875 | test_acc: 0.7383 | 
Epoch: 47 | train_loss: 0.2059 | train_acc: 0.9386 | test_loss: 0.6910 | test_acc: 0.7734 | 
Epoch: 48 | train_loss: 0.2726 | train_acc: 0.8987 | test_loss: 0.7179 | test_acc: 0.7930 | 
Epoch: 49 | train_loss: 0.2162 | train_acc: 0.9181 | test_loss: 0.8066 | test_acc: 0.7031 | 
Epoch: 50 | train_loss: 0.3149 | train_acc: 0.9095 | test_loss: 0.7682 | test_acc: 0.7227 | 
⏱️ Total training time: 86.232 seconds
📊 Bands [95, 84, 228] -> Fitness: 0.7227
Dataset initialized with pre-loaded data. Total samples: 897
Band indices for training dataloader: [193, 108, 16]
Dataset initialized with pre-loaded data. Total samples: 226
Band indices for test dataloader: [193, 108, 16]
🔍 Starting evaluation of individual [193, 108, 16]
Epoch: 1 | train_loss: 1.3731 | train_acc: 0.3114 | test_loss: 1.2898 | test_acc: 0.4023 | 
Epoch: 2 | train_loss: 1.2849 | train_acc: 0.3815 | test_loss: 1.1979 | test_acc: 0.5000 | 
Epoch: 3 | train_loss: 1.1950 | train_acc: 0.4601 | test_loss: 1.2138 | test_acc: 0.4375 | 
Epoch: 4 | train_loss: 1.0934 | train_acc: 0.5474 | test_loss: 1.1760 | test_acc: 0.5352 | 
Epoch: 5 | train_loss: 1.0650 | train_acc: 0.5711 | test_loss: 1.4796 | test_acc: 0.4688 | 
Epoch: 6 | train_loss: 0.9770 | train_acc: 0.5948 | test_loss: 1.0475 | test_acc: 0.5820 | 
Epoch: 7 | train_loss: 0.8847 | train_acc: 0.6121 | test_loss: 1.0961 | test_acc: 0.5234 | 
Epoch: 8 | train_loss: 0.8645 | train_acc: 0.6509 | test_loss: 1.1660 | test_acc: 0.5742 | 
Epoch: 9 | train_loss: 0.8365 | train_acc: 0.6638 | test_loss: 1.1694 | test_acc: 0.5898 | 
Epoch: 10 | train_loss: 0.7724 | train_acc: 0.6843 | test_loss: 1.0731 | test_acc: 0.6211 | 
Epoch: 11 | train_loss: 0.7265 | train_acc: 0.7188 | test_loss: 1.0315 | test_acc: 0.6406 | 
Epoch: 12 | train_loss: 0.7323 | train_acc: 0.7015 | test_loss: 0.8622 | test_acc: 0.6445 | 
Epoch: 13 | train_loss: 0.6002 | train_acc: 0.7694 | test_loss: 1.0003 | test_acc: 0.6445 | 
Epoch: 14 | train_loss: 0.5977 | train_acc: 0.7252 | test_loss: 1.0879 | test_acc: 0.6211 | 
Epoch: 15 | train_loss: 0.6177 | train_acc: 0.7575 | test_loss: 1.0320 | test_acc: 0.5352 | 
Epoch: 16 | train_loss: 0.6031 | train_acc: 0.7780 | test_loss: 1.1120 | test_acc: 0.6211 | 
Epoch: 17 | train_loss: 0.6098 | train_acc: 0.7651 | test_loss: 1.0266 | test_acc: 0.6016 | 
Epoch: 18 | train_loss: 0.5383 | train_acc: 0.7931 | test_loss: 1.1880 | test_acc: 0.5117 | 
Epoch: 19 | train_loss: 0.5364 | train_acc: 0.7996 | test_loss: 0.9143 | test_acc: 0.6445 | 
Epoch: 20 | train_loss: 0.4980 | train_acc: 0.8179 | test_loss: 0.9225 | test_acc: 0.6797 | 
Epoch: 21 | train_loss: 0.4551 | train_acc: 0.8319 | test_loss: 0.9444 | test_acc: 0.6602 | 
Epoch: 22 | train_loss: 0.4685 | train_acc: 0.8373 | test_loss: 1.0271 | test_acc: 0.6602 | 
Epoch: 23 | train_loss: 0.4944 | train_acc: 0.8125 | test_loss: 0.9238 | test_acc: 0.6602 | 
Epoch: 24 | train_loss: 0.4336 | train_acc: 0.8297 | test_loss: 1.0748 | test_acc: 0.5938 | 
Epoch: 25 | train_loss: 0.3660 | train_acc: 0.8793 | test_loss: 1.0436 | test_acc: 0.6719 | 
Epoch: 26 | train_loss: 0.3732 | train_acc: 0.8728 | test_loss: 0.9248 | test_acc: 0.7109 | 
Epoch: 27 | train_loss: 0.3692 | train_acc: 0.8804 | test_loss: 1.0835 | test_acc: 0.5938 | 
Epoch: 28 | train_loss: 0.3585 | train_acc: 0.8491 | test_loss: 1.0883 | test_acc: 0.6523 | 
Epoch: 29 | train_loss: 0.4373 | train_acc: 0.8362 | test_loss: 0.9664 | test_acc: 0.6914 | 
Epoch: 30 | train_loss: 0.3518 | train_acc: 0.8653 | test_loss: 0.9911 | test_acc: 0.6914 | 
Epoch: 31 | train_loss: 0.3765 | train_acc: 0.8524 | test_loss: 1.0773 | test_acc: 0.6797 | 
Epoch: 32 | train_loss: 0.4136 | train_acc: 0.8513 | test_loss: 1.0839 | test_acc: 0.6562 | 
Epoch: 33 | train_loss: 0.3980 | train_acc: 0.8405 | test_loss: 0.9902 | test_acc: 0.6758 | 
Epoch: 34 | train_loss: 0.3402 | train_acc: 0.8578 | test_loss: 1.2003 | test_acc: 0.6055 | 
Epoch: 35 | train_loss: 0.3658 | train_acc: 0.8502 | test_loss: 1.1902 | test_acc: 0.5664 | 
Epoch: 36 | train_loss: 0.3185 | train_acc: 0.8858 | test_loss: 1.3245 | test_acc: 0.5977 | 
Epoch: 37 | train_loss: 0.3638 | train_acc: 0.8384 | test_loss: 1.3432 | test_acc: 0.6016 | 
Epoch: 38 | train_loss: 0.3406 | train_acc: 0.8621 | test_loss: 1.3456 | test_acc: 0.5977 | 
Epoch: 39 | train_loss: 0.3484 | train_acc: 0.8761 | test_loss: 1.1037 | test_acc: 0.6367 | 
Epoch: 40 | train_loss: 0.3317 | train_acc: 0.8825 | test_loss: 1.1660 | test_acc: 0.6211 | 
Epoch: 41 | train_loss: 0.2638 | train_acc: 0.9235 | test_loss: 1.3172 | test_acc: 0.6016 | 
Epoch: 42 | train_loss: 0.2875 | train_acc: 0.9041 | test_loss: 1.4009 | test_acc: 0.6094 | 
Epoch: 43 | train_loss: 0.3899 | train_acc: 0.8804 | test_loss: 1.0805 | test_acc: 0.6992 | 
Epoch: 44 | train_loss: 0.3277 | train_acc: 0.8621 | test_loss: 1.2498 | test_acc: 0.6406 | 
Epoch: 45 | train_loss: 0.2558 | train_acc: 0.9073 | test_loss: 1.3854 | test_acc: 0.6406 | 
Epoch: 46 | train_loss: 0.2392 | train_acc: 0.8955 | test_loss: 1.4776 | test_acc: 0.6523 | 
Epoch: 47 | train_loss: 0.2323 | train_acc: 0.9278 | test_loss: 0.9926 | test_acc: 0.7227 | 
Epoch: 48 | train_loss: 0.3489 | train_acc: 0.8987 | test_loss: 1.1193 | test_acc: 0.6992 | 
Epoch: 49 | train_loss: 0.2661 | train_acc: 0.9106 | test_loss: 1.3940 | test_acc: 0.6523 | 
Epoch: 50 | train_loss: 0.2588 | train_acc: 0.9095 | test_loss: 1.1780 | test_acc: 0.7031 | 
⏱️ Total training time: 85.888 seconds
📊 Bands [193, 108, 16] -> Fitness: 0.7031
Dataset initialized with pre-loaded data. Total samples: 897
Band indices for training dataloader: [399, 170, 155]
Dataset initialized with pre-loaded data. Total samples: 226
Band indices for test dataloader: [399, 170, 155]
🔍 Starting evaluation of individual [399, 170, 155]
Epoch: 1 | train_loss: 1.3730 | train_acc: 0.2888 | test_loss: 1.2907 | test_acc: 0.4492 | 
Epoch: 2 | train_loss: 1.2293 | train_acc: 0.4580 | test_loss: 1.3569 | test_acc: 0.4688 | 
Epoch: 3 | train_loss: 1.1402 | train_acc: 0.5075 | test_loss: 1.1765 | test_acc: 0.5117 | 
Epoch: 4 | train_loss: 1.0952 | train_acc: 0.5302 | test_loss: 1.1123 | test_acc: 0.5820 | 
Epoch: 5 | train_loss: 0.9693 | train_acc: 0.5819 | test_loss: 1.0476 | test_acc: 0.5977 | 
Epoch: 6 | train_loss: 0.9882 | train_acc: 0.6002 | test_loss: 1.1953 | test_acc: 0.5156 | 
Epoch: 7 | train_loss: 0.8862 | train_acc: 0.6045 | test_loss: 1.1028 | test_acc: 0.6094 | 
Epoch: 8 | train_loss: 0.8035 | train_acc: 0.6864 | test_loss: 1.0995 | test_acc: 0.5273 | 
Epoch: 9 | train_loss: 0.8488 | train_acc: 0.6573 | test_loss: 1.2257 | test_acc: 0.5391 | 
Epoch: 10 | train_loss: 0.7510 | train_acc: 0.7177 | test_loss: 1.2085 | test_acc: 0.5586 | 
Epoch: 11 | train_loss: 0.7171 | train_acc: 0.7047 | test_loss: 1.0229 | test_acc: 0.6445 | 
Epoch: 12 | train_loss: 0.6084 | train_acc: 0.7716 | test_loss: 1.1658 | test_acc: 0.5859 | 
Epoch: 13 | train_loss: 0.6375 | train_acc: 0.7425 | test_loss: 0.9443 | test_acc: 0.6680 | 
Epoch: 14 | train_loss: 0.6498 | train_acc: 0.7349 | test_loss: 0.9079 | test_acc: 0.6758 | 
Epoch: 15 | train_loss: 0.5702 | train_acc: 0.7780 | test_loss: 0.9451 | test_acc: 0.6797 | 
Epoch: 16 | train_loss: 0.5655 | train_acc: 0.7737 | test_loss: 0.8735 | test_acc: 0.6797 | 
Epoch: 17 | train_loss: 0.5070 | train_acc: 0.8017 | test_loss: 0.9210 | test_acc: 0.6484 | 
Epoch: 18 | train_loss: 0.5314 | train_acc: 0.8039 | test_loss: 1.0992 | test_acc: 0.6641 | 
Epoch: 19 | train_loss: 0.4676 | train_acc: 0.8222 | test_loss: 1.0068 | test_acc: 0.6719 | 
Epoch: 20 | train_loss: 0.4150 | train_acc: 0.8524 | test_loss: 1.0127 | test_acc: 0.6836 | 
Epoch: 21 | train_loss: 0.4569 | train_acc: 0.8071 | test_loss: 0.9022 | test_acc: 0.7070 | 
Epoch: 22 | train_loss: 0.4245 | train_acc: 0.8567 | test_loss: 0.9457 | test_acc: 0.7070 | 
Epoch: 23 | train_loss: 0.4237 | train_acc: 0.8341 | test_loss: 0.9900 | test_acc: 0.7148 | 
Epoch: 24 | train_loss: 0.4672 | train_acc: 0.8147 | test_loss: 0.8882 | test_acc: 0.7344 | 
Epoch: 25 | train_loss: 0.4143 | train_acc: 0.8341 | test_loss: 0.9014 | test_acc: 0.7422 | 
Epoch: 26 | train_loss: 0.3763 | train_acc: 0.8642 | test_loss: 0.9201 | test_acc: 0.7305 | 
Epoch: 27 | train_loss: 0.3401 | train_acc: 0.8782 | test_loss: 0.8400 | test_acc: 0.7344 | 
Epoch: 28 | train_loss: 0.4143 | train_acc: 0.8459 | test_loss: 0.9274 | test_acc: 0.6992 | 
Epoch: 29 | train_loss: 0.3509 | train_acc: 0.8815 | test_loss: 0.9617 | test_acc: 0.7383 | 
Epoch: 30 | train_loss: 0.3607 | train_acc: 0.8642 | test_loss: 0.9147 | test_acc: 0.7266 | 
Epoch: 31 | train_loss: 0.3150 | train_acc: 0.8912 | test_loss: 0.9754 | test_acc: 0.7227 | 
Epoch: 32 | train_loss: 0.2830 | train_acc: 0.9041 | test_loss: 0.9829 | test_acc: 0.7422 | 
Epoch: 33 | train_loss: 0.2764 | train_acc: 0.9041 | test_loss: 1.0125 | test_acc: 0.7344 | 
Epoch: 34 | train_loss: 0.3349 | train_acc: 0.8739 | test_loss: 0.9786 | test_acc: 0.7383 | 
Epoch: 35 | train_loss: 0.2867 | train_acc: 0.9181 | test_loss: 1.0713 | test_acc: 0.7383 | 
Epoch: 36 | train_loss: 0.3460 | train_acc: 0.8944 | test_loss: 1.0216 | test_acc: 0.7383 | 
Epoch: 37 | train_loss: 0.2830 | train_acc: 0.8998 | test_loss: 1.0868 | test_acc: 0.7266 | 
Epoch: 38 | train_loss: 0.2988 | train_acc: 0.8966 | test_loss: 0.9978 | test_acc: 0.7500 | 
Epoch: 39 | train_loss: 0.3235 | train_acc: 0.8782 | test_loss: 0.8939 | test_acc: 0.7695 | 
Epoch: 40 | train_loss: 0.2861 | train_acc: 0.9127 | test_loss: 1.0243 | test_acc: 0.7188 | 
Epoch: 41 | train_loss: 0.2266 | train_acc: 0.9289 | test_loss: 0.9484 | test_acc: 0.7578 | 
Epoch: 42 | train_loss: 0.2483 | train_acc: 0.9041 | test_loss: 1.0388 | test_acc: 0.7617 | 
Epoch: 43 | train_loss: 0.2688 | train_acc: 0.8933 | test_loss: 1.1080 | test_acc: 0.7422 | 
Epoch: 44 | train_loss: 0.3069 | train_acc: 0.8987 | test_loss: 0.9791 | test_acc: 0.7383 | 
Epoch: 45 | train_loss: 0.2175 | train_acc: 0.9267 | test_loss: 0.9759 | test_acc: 0.7422 | 
Epoch: 46 | train_loss: 0.3052 | train_acc: 0.8933 | test_loss: 1.0492 | test_acc: 0.7344 | 
Epoch: 47 | train_loss: 0.2696 | train_acc: 0.9170 | test_loss: 0.9753 | test_acc: 0.7344 | 
Epoch: 48 | train_loss: 0.1971 | train_acc: 0.9353 | test_loss: 1.0065 | test_acc: 0.7422 | 
Epoch: 49 | train_loss: 0.2656 | train_acc: 0.8987 | test_loss: 0.8603 | test_acc: 0.7656 | 
Epoch: 50 | train_loss: 0.2114 | train_acc: 0.9300 | test_loss: 0.9634 | test_acc: 0.7461 | 
⏱️ Total training time: 87.099 seconds
📊 Bands [399, 170, 155] -> Fitness: 0.7461
Dataset initialized with pre-loaded data. Total samples: 897
Band indices for training dataloader: [114, 208, 161]
Dataset initialized with pre-loaded data. Total samples: 226
Band indices for test dataloader: [114, 208, 161]
🔍 Starting evaluation of individual [114, 208, 161]
Epoch: 1 | train_loss: 1.3500 | train_acc: 0.3394 | test_loss: 1.3502 | test_acc: 0.3164 | 
Epoch: 2 | train_loss: 1.2147 | train_acc: 0.4558 | test_loss: 1.2438 | test_acc: 0.3828 | 
Epoch: 3 | train_loss: 1.1328 | train_acc: 0.5162 | test_loss: 1.1215 | test_acc: 0.5156 | 
Epoch: 4 | train_loss: 1.0397 | train_acc: 0.5754 | test_loss: 1.1331 | test_acc: 0.5312 | 
Epoch: 5 | train_loss: 1.0596 | train_acc: 0.5496 | test_loss: 1.0832 | test_acc: 0.5586 | 
Epoch: 6 | train_loss: 0.9147 | train_acc: 0.6088 | test_loss: 1.0730 | test_acc: 0.5859 | 
Epoch: 7 | train_loss: 0.7958 | train_acc: 0.6735 | test_loss: 0.9983 | test_acc: 0.6250 | 
Epoch: 8 | train_loss: 0.8319 | train_acc: 0.6552 | test_loss: 0.9832 | test_acc: 0.5977 | 
Epoch: 9 | train_loss: 0.7560 | train_acc: 0.6875 | test_loss: 1.0357 | test_acc: 0.6445 | 
Epoch: 10 | train_loss: 0.6702 | train_acc: 0.7694 | test_loss: 0.9712 | test_acc: 0.6523 | 
Epoch: 11 | train_loss: 0.6543 | train_acc: 0.7554 | test_loss: 1.0929 | test_acc: 0.5859 | 
Epoch: 12 | train_loss: 0.6336 | train_acc: 0.7349 | test_loss: 0.9721 | test_acc: 0.6602 | 
Epoch: 13 | train_loss: 0.5602 | train_acc: 0.7974 | test_loss: 1.0335 | test_acc: 0.6719 | 
Epoch: 14 | train_loss: 0.6363 | train_acc: 0.7511 | test_loss: 0.9749 | test_acc: 0.6250 | 
Epoch: 15 | train_loss: 0.5820 | train_acc: 0.7586 | test_loss: 0.7825 | test_acc: 0.6875 | 
Epoch: 16 | train_loss: 0.4809 | train_acc: 0.8028 | test_loss: 0.9139 | test_acc: 0.6914 | 
Epoch: 17 | train_loss: 0.5329 | train_acc: 0.8039 | test_loss: 0.8207 | test_acc: 0.7031 | 
Epoch: 18 | train_loss: 0.4660 | train_acc: 0.8265 | test_loss: 0.8692 | test_acc: 0.6836 | 
Epoch: 19 | train_loss: 0.5628 | train_acc: 0.7920 | test_loss: 0.8452 | test_acc: 0.6758 | 
Epoch: 20 | train_loss: 0.4539 | train_acc: 0.8200 | test_loss: 0.7887 | test_acc: 0.7227 | 
Epoch: 21 | train_loss: 0.4780 | train_acc: 0.8168 | test_loss: 0.7183 | test_acc: 0.7617 | 
Epoch: 22 | train_loss: 0.4635 | train_acc: 0.8330 | test_loss: 0.8037 | test_acc: 0.7227 | 
Epoch: 23 | train_loss: 0.3791 | train_acc: 0.8362 | test_loss: 0.7345 | test_acc: 0.7500 | 
Epoch: 24 | train_loss: 0.3928 | train_acc: 0.8567 | test_loss: 0.8694 | test_acc: 0.7500 | 
Epoch: 25 | train_loss: 0.3979 | train_acc: 0.8578 | test_loss: 0.8409 | test_acc: 0.7109 | 
Epoch: 26 | train_loss: 0.4522 | train_acc: 0.8427 | test_loss: 0.7085 | test_acc: 0.7188 | 
Epoch: 27 | train_loss: 0.3633 | train_acc: 0.8438 | test_loss: 0.7271 | test_acc: 0.7109 | 
Epoch: 28 | train_loss: 0.3729 | train_acc: 0.8534 | test_loss: 0.6813 | test_acc: 0.7422 | 
Epoch: 29 | train_loss: 0.3503 | train_acc: 0.8631 | test_loss: 0.6348 | test_acc: 0.7969 | 
Epoch: 30 | train_loss: 0.2800 | train_acc: 0.8858 | test_loss: 0.8040 | test_acc: 0.7266 | 
Epoch: 31 | train_loss: 0.3880 | train_acc: 0.8685 | test_loss: 0.7194 | test_acc: 0.7695 | 
Epoch: 32 | train_loss: 0.3036 | train_acc: 0.8761 | test_loss: 0.6957 | test_acc: 0.7422 | 
Epoch: 33 | train_loss: 0.2541 | train_acc: 0.9278 | test_loss: 0.8307 | test_acc: 0.7422 | 
Epoch: 34 | train_loss: 0.3649 | train_acc: 0.8922 | test_loss: 0.7658 | test_acc: 0.7695 | 
Epoch: 35 | train_loss: 0.3266 | train_acc: 0.8675 | test_loss: 0.6684 | test_acc: 0.7930 | 
Epoch: 36 | train_loss: 0.2597 | train_acc: 0.8847 | test_loss: 0.6840 | test_acc: 0.7578 | 
Epoch: 37 | train_loss: 0.3037 | train_acc: 0.8675 | test_loss: 0.8129 | test_acc: 0.7500 | 
Epoch: 38 | train_loss: 0.2844 | train_acc: 0.8901 | test_loss: 0.7065 | test_acc: 0.7578 | 
Epoch: 39 | train_loss: 0.2476 | train_acc: 0.9203 | test_loss: 0.6838 | test_acc: 0.7578 | 
Epoch: 40 | train_loss: 0.2838 | train_acc: 0.9084 | test_loss: 0.7305 | test_acc: 0.7969 | 
Epoch: 41 | train_loss: 0.2274 | train_acc: 0.9246 | test_loss: 0.8582 | test_acc: 0.7461 | 
Epoch: 42 | train_loss: 0.2747 | train_acc: 0.8998 | test_loss: 0.7399 | test_acc: 0.7539 | 
Epoch: 43 | train_loss: 0.2193 | train_acc: 0.9149 | test_loss: 0.7048 | test_acc: 0.7812 | 
Epoch: 44 | train_loss: 0.2474 | train_acc: 0.8976 | test_loss: 0.7903 | test_acc: 0.7695 | 
Epoch: 45 | train_loss: 0.2188 | train_acc: 0.9224 | test_loss: 0.7785 | test_acc: 0.8008 | 
Epoch: 46 | train_loss: 0.1655 | train_acc: 0.9450 | test_loss: 0.7999 | test_acc: 0.7891 | 
Epoch: 47 | train_loss: 0.2060 | train_acc: 0.9332 | test_loss: 0.8773 | test_acc: 0.7539 | 
Epoch: 48 | train_loss: 0.1986 | train_acc: 0.9461 | test_loss: 0.8232 | test_acc: 0.7695 | 
Epoch: 49 | train_loss: 0.2622 | train_acc: 0.9149 | test_loss: 0.7906 | test_acc: 0.7852 | 
Epoch: 50 | train_loss: 0.2895 | train_acc: 0.8966 | test_loss: 0.7137 | test_acc: 0.7695 | 
⏱️ Total training time: 83.745 seconds
📊 Bands [114, 208, 161] -> Fitness: 0.7695
Dataset initialized with pre-loaded data. Total samples: 897
Band indices for training dataloader: [192, 219, 120]
Dataset initialized with pre-loaded data. Total samples: 226
Band indices for test dataloader: [192, 219, 120]
🔍 Starting evaluation of individual [192, 219, 120]
Epoch: 1 | train_loss: 1.3550 | train_acc: 0.3481 | test_loss: 1.3930 | test_acc: 0.3438 | 
Epoch: 2 | train_loss: 1.1979 | train_acc: 0.4806 | test_loss: 1.3459 | test_acc: 0.3828 | 
Epoch: 3 | train_loss: 1.1581 | train_acc: 0.4817 | test_loss: 1.2017 | test_acc: 0.4766 | 
Epoch: 4 | train_loss: 1.0306 | train_acc: 0.5765 | test_loss: 1.1871 | test_acc: 0.4883 | 
Epoch: 5 | train_loss: 0.9410 | train_acc: 0.6034 | test_loss: 1.0406 | test_acc: 0.5586 | 
Epoch: 6 | train_loss: 0.9094 | train_acc: 0.6099 | test_loss: 1.1016 | test_acc: 0.5781 | 
Epoch: 7 | train_loss: 0.8378 | train_acc: 0.6670 | test_loss: 1.2570 | test_acc: 0.5664 | 
Epoch: 8 | train_loss: 0.7726 | train_acc: 0.7015 | test_loss: 1.1306 | test_acc: 0.5898 | 
Epoch: 9 | train_loss: 0.7721 | train_acc: 0.6832 | test_loss: 1.0102 | test_acc: 0.5781 | 
Epoch: 10 | train_loss: 0.6155 | train_acc: 0.7791 | test_loss: 0.8690 | test_acc: 0.7109 | 
Epoch: 11 | train_loss: 0.6403 | train_acc: 0.7629 | test_loss: 0.9804 | test_acc: 0.6719 | 
Epoch: 12 | train_loss: 0.5667 | train_acc: 0.7834 | test_loss: 0.9699 | test_acc: 0.6094 | 
Epoch: 13 | train_loss: 0.5614 | train_acc: 0.7759 | test_loss: 1.0878 | test_acc: 0.6094 | 
Epoch: 14 | train_loss: 0.5422 | train_acc: 0.8125 | test_loss: 0.9855 | test_acc: 0.6289 | 
Epoch: 15 | train_loss: 0.5698 | train_acc: 0.7877 | test_loss: 1.1223 | test_acc: 0.6016 | 
Epoch: 16 | train_loss: 0.4870 | train_acc: 0.8265 | test_loss: 0.8878 | test_acc: 0.5977 | 
Epoch: 17 | train_loss: 0.4658 | train_acc: 0.8006 | test_loss: 0.9171 | test_acc: 0.6992 | 
Epoch: 18 | train_loss: 0.4647 | train_acc: 0.8017 | test_loss: 1.0194 | test_acc: 0.6602 | 
Epoch: 19 | train_loss: 0.5389 | train_acc: 0.8028 | test_loss: 0.9545 | test_acc: 0.6758 | 
Epoch: 20 | train_loss: 0.4426 | train_acc: 0.8394 | test_loss: 0.8285 | test_acc: 0.6992 | 
Epoch: 21 | train_loss: 0.3912 | train_acc: 0.8621 | test_loss: 0.8768 | test_acc: 0.7031 | 
Epoch: 22 | train_loss: 0.4068 | train_acc: 0.8599 | test_loss: 0.8846 | test_acc: 0.7070 | 
Epoch: 23 | train_loss: 0.3539 | train_acc: 0.8793 | test_loss: 0.8360 | test_acc: 0.7109 | 
Epoch: 24 | train_loss: 0.3416 | train_acc: 0.8728 | test_loss: 0.8485 | test_acc: 0.7305 | 
Epoch: 25 | train_loss: 0.2947 | train_acc: 0.8772 | test_loss: 0.9576 | test_acc: 0.6953 | 
Epoch: 26 | train_loss: 0.3342 | train_acc: 0.8858 | test_loss: 0.9070 | test_acc: 0.7188 | 
Epoch: 27 | train_loss: 0.3024 | train_acc: 0.8825 | test_loss: 0.8457 | test_acc: 0.7148 | 
Epoch: 28 | train_loss: 0.3663 | train_acc: 0.8728 | test_loss: 0.8126 | test_acc: 0.7578 | 
Epoch: 29 | train_loss: 0.3681 | train_acc: 0.8502 | test_loss: 0.8534 | test_acc: 0.7070 | 
Epoch: 30 | train_loss: 0.2765 | train_acc: 0.9030 | test_loss: 0.8619 | test_acc: 0.7383 | 
Epoch: 31 | train_loss: 0.2445 | train_acc: 0.9213 | test_loss: 0.8948 | test_acc: 0.6836 | 
Epoch: 32 | train_loss: 0.2686 | train_acc: 0.8912 | test_loss: 1.0131 | test_acc: 0.7344 | 
Epoch: 33 | train_loss: 0.3810 | train_acc: 0.8588 | test_loss: 0.9529 | test_acc: 0.7344 | 
Epoch: 34 | train_loss: 0.2655 | train_acc: 0.9127 | test_loss: 1.0729 | test_acc: 0.6484 | 
Epoch: 35 | train_loss: 0.3400 | train_acc: 0.8955 | test_loss: 0.8826 | test_acc: 0.7500 | 
Epoch: 36 | train_loss: 0.2735 | train_acc: 0.8869 | test_loss: 0.9617 | test_acc: 0.7383 | 
Epoch: 37 | train_loss: 0.3202 | train_acc: 0.8890 | test_loss: 0.9922 | test_acc: 0.6914 | 
Epoch: 38 | train_loss: 0.2567 | train_acc: 0.9203 | test_loss: 0.8816 | test_acc: 0.7148 | 
Epoch: 39 | train_loss: 0.2255 | train_acc: 0.9300 | test_loss: 0.8472 | test_acc: 0.7227 | 
Epoch: 40 | train_loss: 0.2269 | train_acc: 0.9256 | test_loss: 0.8116 | test_acc: 0.7461 | 
Epoch: 41 | train_loss: 0.1926 | train_acc: 0.9310 | test_loss: 0.9774 | test_acc: 0.7109 | 
Epoch: 42 | train_loss: 0.2930 | train_acc: 0.9192 | test_loss: 0.8285 | test_acc: 0.7422 | 
Epoch: 43 | train_loss: 0.2633 | train_acc: 0.8922 | test_loss: 0.8666 | test_acc: 0.7109 | 
Epoch: 44 | train_loss: 0.2172 | train_acc: 0.9019 | test_loss: 0.9643 | test_acc: 0.7305 | 
Epoch: 45 | train_loss: 0.1645 | train_acc: 0.9397 | test_loss: 0.9405 | test_acc: 0.6992 | 
Epoch: 46 | train_loss: 0.1637 | train_acc: 0.9494 | test_loss: 0.9408 | test_acc: 0.7344 | 
Epoch: 47 | train_loss: 0.2416 | train_acc: 0.9116 | test_loss: 0.8698 | test_acc: 0.7266 | 
Epoch: 48 | train_loss: 0.2271 | train_acc: 0.9149 | test_loss: 0.9240 | test_acc: 0.7031 | 
Epoch: 49 | train_loss: 0.2031 | train_acc: 0.9440 | test_loss: 0.7849 | test_acc: 0.7578 | 
Epoch: 50 | train_loss: 0.1827 | train_acc: 0.9515 | test_loss: 0.8949 | test_acc: 0.7344 | 
⏱️ Total training time: 82.515 seconds
📊 Bands [192, 219, 120] -> Fitness: 0.7344
Dataset initialized with pre-loaded data. Total samples: 897
Band indices for training dataloader: [241, 147, 123]
Dataset initialized with pre-loaded data. Total samples: 226
Band indices for test dataloader: [241, 147, 123]
🔍 Starting evaluation of individual [241, 147, 123]
Epoch: 1 | train_loss: 1.3618 | train_acc: 0.3491 | test_loss: 1.3860 | test_acc: 0.2773 | 
Epoch: 2 | train_loss: 1.2505 | train_acc: 0.4224 | test_loss: 1.2076 | test_acc: 0.5234 | 
Epoch: 3 | train_loss: 1.1207 | train_acc: 0.4817 | test_loss: 1.2179 | test_acc: 0.4961 | 
Epoch: 4 | train_loss: 1.0900 | train_acc: 0.5323 | test_loss: 1.1880 | test_acc: 0.5117 | 
Epoch: 5 | train_loss: 0.9822 | train_acc: 0.5873 | test_loss: 1.1248 | test_acc: 0.5859 | 
Epoch: 6 | train_loss: 0.9618 | train_acc: 0.6250 | test_loss: 1.1150 | test_acc: 0.5703 | 
Epoch: 7 | train_loss: 0.8832 | train_acc: 0.6444 | test_loss: 1.3011 | test_acc: 0.5781 | 
Epoch: 8 | train_loss: 0.8260 | train_acc: 0.6584 | test_loss: 1.1040 | test_acc: 0.5664 | 
Epoch: 9 | train_loss: 0.7843 | train_acc: 0.6994 | test_loss: 0.9524 | test_acc: 0.6484 | 
Epoch: 10 | train_loss: 0.7061 | train_acc: 0.7058 | test_loss: 0.9702 | test_acc: 0.6367 | 
Epoch: 11 | train_loss: 0.6557 | train_acc: 0.7392 | test_loss: 1.1129 | test_acc: 0.6055 | 
Epoch: 12 | train_loss: 0.6898 | train_acc: 0.7468 | test_loss: 1.0837 | test_acc: 0.6211 | 
Epoch: 13 | train_loss: 0.7207 | train_acc: 0.7080 | test_loss: 0.9121 | test_acc: 0.7227 | 
Epoch: 14 | train_loss: 0.6174 | train_acc: 0.7565 | test_loss: 1.0231 | test_acc: 0.6914 | 
Epoch: 15 | train_loss: 0.5856 | train_acc: 0.7608 | test_loss: 0.8766 | test_acc: 0.6992 | 
Epoch: 16 | train_loss: 0.5974 | train_acc: 0.7759 | test_loss: 0.9700 | test_acc: 0.6406 | 
Epoch: 17 | train_loss: 0.4934 | train_acc: 0.8254 | test_loss: 0.9477 | test_acc: 0.6836 | 
Epoch: 18 | train_loss: 0.5017 | train_acc: 0.8028 | test_loss: 0.9852 | test_acc: 0.6250 | 
Epoch: 19 | train_loss: 0.4228 | train_acc: 0.8534 | test_loss: 1.1375 | test_acc: 0.6016 | 
Epoch: 20 | train_loss: 0.6016 | train_acc: 0.8114 | test_loss: 0.9671 | test_acc: 0.7109 | 
Epoch: 21 | train_loss: 0.5288 | train_acc: 0.8125 | test_loss: 0.9580 | test_acc: 0.7070 | 
Epoch: 22 | train_loss: 0.4438 | train_acc: 0.8341 | test_loss: 0.8850 | test_acc: 0.7148 | 
Epoch: 23 | train_loss: 0.5047 | train_acc: 0.8244 | test_loss: 0.9989 | test_acc: 0.7461 | 
Epoch: 24 | train_loss: 0.3877 | train_acc: 0.8308 | test_loss: 0.8940 | test_acc: 0.6992 | 
Epoch: 25 | train_loss: 0.4203 | train_acc: 0.8405 | test_loss: 0.8507 | test_acc: 0.7539 | 
Epoch: 26 | train_loss: 0.3994 | train_acc: 0.8297 | test_loss: 0.9806 | test_acc: 0.7148 | 
Epoch: 27 | train_loss: 0.3363 | train_acc: 0.8556 | test_loss: 0.9818 | test_acc: 0.6367 | 
Epoch: 28 | train_loss: 0.4182 | train_acc: 0.8394 | test_loss: 0.9428 | test_acc: 0.7422 | 
Epoch: 29 | train_loss: 0.3399 | train_acc: 0.8664 | test_loss: 0.9303 | test_acc: 0.7305 | 
Epoch: 30 | train_loss: 0.2882 | train_acc: 0.8976 | test_loss: 0.9703 | test_acc: 0.6758 | 
Epoch: 31 | train_loss: 0.3127 | train_acc: 0.8621 | test_loss: 1.0361 | test_acc: 0.6992 | 
Epoch: 32 | train_loss: 0.3314 | train_acc: 0.8890 | test_loss: 0.8904 | test_acc: 0.7266 | 
Epoch: 33 | train_loss: 0.3287 | train_acc: 0.8545 | test_loss: 0.8519 | test_acc: 0.7539 | 
Epoch: 34 | train_loss: 0.4131 | train_acc: 0.8481 | test_loss: 0.9103 | test_acc: 0.6914 | 
Epoch: 35 | train_loss: 0.2885 | train_acc: 0.9084 | test_loss: 0.9130 | test_acc: 0.7031 | 
Epoch: 36 | train_loss: 0.3291 | train_acc: 0.8782 | test_loss: 0.8881 | test_acc: 0.7461 | 
Epoch: 37 | train_loss: 0.2475 | train_acc: 0.9170 | test_loss: 0.8121 | test_acc: 0.7773 | 
Epoch: 38 | train_loss: 0.2550 | train_acc: 0.8879 | test_loss: 0.8330 | test_acc: 0.7734 | 
Epoch: 39 | train_loss: 0.2685 | train_acc: 0.8782 | test_loss: 0.8760 | test_acc: 0.7812 | 
Epoch: 40 | train_loss: 0.3541 | train_acc: 0.8836 | test_loss: 0.8963 | test_acc: 0.7109 | 
Epoch: 41 | train_loss: 0.3175 | train_acc: 0.8621 | test_loss: 0.9501 | test_acc: 0.7578 | 
Epoch: 42 | train_loss: 0.2214 | train_acc: 0.9224 | test_loss: 0.9248 | test_acc: 0.7578 | 
Epoch: 43 | train_loss: 0.2824 | train_acc: 0.8944 | test_loss: 0.9229 | test_acc: 0.7461 | 
Epoch: 44 | train_loss: 0.2133 | train_acc: 0.9364 | test_loss: 0.8195 | test_acc: 0.7773 | 
Epoch: 45 | train_loss: 0.1863 | train_acc: 0.9343 | test_loss: 0.9390 | test_acc: 0.7617 | 
Epoch: 46 | train_loss: 0.3309 | train_acc: 0.8944 | test_loss: 0.8072 | test_acc: 0.7617 | 
Epoch: 47 | train_loss: 0.2453 | train_acc: 0.9267 | test_loss: 0.8106 | test_acc: 0.6953 | 
Epoch: 48 | train_loss: 0.2347 | train_acc: 0.9073 | test_loss: 0.9180 | test_acc: 0.7539 | 
Epoch: 49 | train_loss: 0.1814 | train_acc: 0.9407 | test_loss: 0.8947 | test_acc: 0.7500 | 
Epoch: 50 | train_loss: 0.1810 | train_acc: 0.9407 | test_loss: 0.9952 | test_acc: 0.7188 | 
⏱️ Total training time: 84.930 seconds
📊 Bands [241, 147, 123] -> Fitness: 0.7188
Dataset initialized with pre-loaded data. Total samples: 897
Band indices for training dataloader: [175, 201, 214]
Dataset initialized with pre-loaded data. Total samples: 226
Band indices for test dataloader: [175, 201, 214]
🔍 Starting evaluation of individual [175, 201, 214]
Epoch: 1 | train_loss: 1.3658 | train_acc: 0.2909 | test_loss: 1.3322 | test_acc: 0.3477 | 
Epoch: 2 | train_loss: 1.2188 | train_acc: 0.4580 | test_loss: 1.2043 | test_acc: 0.4648 | 
Epoch: 3 | train_loss: 1.1431 | train_acc: 0.5345 | test_loss: 1.2565 | test_acc: 0.5039 | 
Epoch: 4 | train_loss: 1.0962 | train_acc: 0.5269 | test_loss: 1.1658 | test_acc: 0.4961 | 
Epoch: 5 | train_loss: 1.0092 | train_acc: 0.5927 | test_loss: 1.0895 | test_acc: 0.5820 | 
Epoch: 6 | train_loss: 0.9564 | train_acc: 0.5862 | test_loss: 1.1546 | test_acc: 0.5391 | 
Epoch: 7 | train_loss: 0.8895 | train_acc: 0.6131 | test_loss: 1.1362 | test_acc: 0.5352 | 
Epoch: 8 | train_loss: 0.8452 | train_acc: 0.6379 | test_loss: 1.1064 | test_acc: 0.5273 | 
Epoch: 9 | train_loss: 0.7459 | train_acc: 0.6972 | test_loss: 1.0319 | test_acc: 0.6133 | 
Epoch: 10 | train_loss: 0.7336 | train_acc: 0.7317 | test_loss: 1.0339 | test_acc: 0.6562 | 
Epoch: 11 | train_loss: 0.7241 | train_acc: 0.7263 | test_loss: 1.2121 | test_acc: 0.6094 | 
Epoch: 12 | train_loss: 0.6600 | train_acc: 0.7317 | test_loss: 0.9077 | test_acc: 0.6602 | 
Epoch: 13 | train_loss: 0.6015 | train_acc: 0.7360 | test_loss: 1.0248 | test_acc: 0.6406 | 
Epoch: 14 | train_loss: 0.5298 | train_acc: 0.8136 | test_loss: 1.1211 | test_acc: 0.5898 | 
Epoch: 15 | train_loss: 0.5750 | train_acc: 0.7737 | test_loss: 1.1630 | test_acc: 0.6406 | 
Epoch: 16 | train_loss: 0.5617 | train_acc: 0.7759 | test_loss: 1.0517 | test_acc: 0.6094 | 
Epoch: 17 | train_loss: 0.5358 | train_acc: 0.8168 | test_loss: 1.0132 | test_acc: 0.6914 | 
Epoch: 18 | train_loss: 0.4979 | train_acc: 0.8006 | test_loss: 0.9450 | test_acc: 0.7148 | 
Epoch: 19 | train_loss: 0.4203 | train_acc: 0.8534 | test_loss: 0.8724 | test_acc: 0.7461 | 
Epoch: 20 | train_loss: 0.5369 | train_acc: 0.8017 | test_loss: 0.9045 | test_acc: 0.7031 | 
Epoch: 21 | train_loss: 0.4678 | train_acc: 0.8287 | test_loss: 0.8309 | test_acc: 0.7188 | 
Epoch: 22 | train_loss: 0.4222 | train_acc: 0.8254 | test_loss: 0.9121 | test_acc: 0.7070 | 
Epoch: 23 | train_loss: 0.4339 | train_acc: 0.8448 | test_loss: 0.8781 | test_acc: 0.7344 | 
Epoch: 24 | train_loss: 0.4274 | train_acc: 0.8491 | test_loss: 1.0507 | test_acc: 0.6797 | 
Epoch: 25 | train_loss: 0.4219 | train_acc: 0.8384 | test_loss: 0.7812 | test_acc: 0.7695 | 
Epoch: 26 | train_loss: 0.3856 | train_acc: 0.8599 | test_loss: 0.9117 | test_acc: 0.7344 | 
Epoch: 27 | train_loss: 0.3793 | train_acc: 0.8578 | test_loss: 0.8593 | test_acc: 0.6562 | 
Epoch: 28 | train_loss: 0.3627 | train_acc: 0.8567 | test_loss: 0.9698 | test_acc: 0.6445 | 
Epoch: 29 | train_loss: 0.3500 | train_acc: 0.8696 | test_loss: 0.8832 | test_acc: 0.7344 | 
Epoch: 30 | train_loss: 0.3166 | train_acc: 0.8642 | test_loss: 0.9410 | test_acc: 0.7188 | 
Epoch: 31 | train_loss: 0.3355 | train_acc: 0.8772 | test_loss: 1.1122 | test_acc: 0.7148 | 
Epoch: 32 | train_loss: 0.3006 | train_acc: 0.8901 | test_loss: 0.9307 | test_acc: 0.7383 | 
Epoch: 33 | train_loss: 0.3498 | train_acc: 0.8534 | test_loss: 1.0074 | test_acc: 0.7344 | 
Epoch: 34 | train_loss: 0.2891 | train_acc: 0.8728 | test_loss: 0.8656 | test_acc: 0.7656 | 
Epoch: 35 | train_loss: 0.2676 | train_acc: 0.9159 | test_loss: 0.9675 | test_acc: 0.6680 | 
Epoch: 36 | train_loss: 0.2905 | train_acc: 0.8804 | test_loss: 0.9368 | test_acc: 0.7227 | 
Epoch: 37 | train_loss: 0.2292 | train_acc: 0.9181 | test_loss: 0.9292 | test_acc: 0.7539 | 
Epoch: 38 | train_loss: 0.2846 | train_acc: 0.8912 | test_loss: 1.0928 | test_acc: 0.7500 | 
Epoch: 39 | train_loss: 0.3034 | train_acc: 0.8761 | test_loss: 0.8912 | test_acc: 0.7383 | 
Epoch: 40 | train_loss: 0.2010 | train_acc: 0.9375 | test_loss: 0.9219 | test_acc: 0.7578 | 
Epoch: 41 | train_loss: 0.2690 | train_acc: 0.8912 | test_loss: 1.0432 | test_acc: 0.7305 | 
Epoch: 42 | train_loss: 0.2832 | train_acc: 0.9030 | test_loss: 0.9760 | test_acc: 0.7500 | 
Epoch: 43 | train_loss: 0.2322 | train_acc: 0.9278 | test_loss: 0.9542 | test_acc: 0.7344 | 
Epoch: 44 | train_loss: 0.2068 | train_acc: 0.9364 | test_loss: 0.9844 | test_acc: 0.7539 | 
Epoch: 45 | train_loss: 0.2237 | train_acc: 0.9256 | test_loss: 0.9831 | test_acc: 0.7344 | 
Epoch: 46 | train_loss: 0.2281 | train_acc: 0.9030 | test_loss: 0.8568 | test_acc: 0.7734 | 
Epoch: 47 | train_loss: 0.2641 | train_acc: 0.8987 | test_loss: 0.9678 | test_acc: 0.7422 | 
Epoch: 48 | train_loss: 0.2427 | train_acc: 0.9278 | test_loss: 0.9297 | test_acc: 0.7539 | 
Epoch: 49 | train_loss: 0.2199 | train_acc: 0.9418 | test_loss: 0.8271 | test_acc: 0.7695 | 
Epoch: 50 | train_loss: 0.2832 | train_acc: 0.9149 | test_loss: 0.9328 | test_acc: 0.7422 | 
⏱️ Total training time: 100.353 seconds
📊 Bands [175, 201, 214] -> Fitness: 0.7422
Dataset initialized with pre-loaded data. Total samples: 897
Band indices for training dataloader: [259, 221, 132]
Dataset initialized with pre-loaded data. Total samples: 226
Band indices for test dataloader: [259, 221, 132]
🔍 Starting evaluation of individual [259, 221, 132]
Epoch: 1 | train_loss: 1.3675 | train_acc: 0.3179 | test_loss: 1.3080 | test_acc: 0.4375 | 
Epoch: 2 | train_loss: 1.2472 | train_acc: 0.4246 | test_loss: 1.2765 | test_acc: 0.4258 | 
Epoch: 3 | train_loss: 1.1347 | train_acc: 0.5356 | test_loss: 1.4744 | test_acc: 0.4609 | 
Epoch: 4 | train_loss: 1.0504 | train_acc: 0.5528 | test_loss: 1.1161 | test_acc: 0.5664 | 
Epoch: 5 | train_loss: 0.9511 | train_acc: 0.5851 | test_loss: 1.5045 | test_acc: 0.4570 | 
Epoch: 6 | train_loss: 0.8979 | train_acc: 0.6476 | test_loss: 1.1449 | test_acc: 0.5781 | 
Epoch: 7 | train_loss: 0.8841 | train_acc: 0.6616 | test_loss: 1.1137 | test_acc: 0.6172 | 
Epoch: 8 | train_loss: 0.8223 | train_acc: 0.6530 | test_loss: 1.0215 | test_acc: 0.6602 | 
Epoch: 9 | train_loss: 0.7037 | train_acc: 0.6994 | test_loss: 1.1058 | test_acc: 0.5938 | 
Epoch: 10 | train_loss: 0.6518 | train_acc: 0.7629 | test_loss: 0.9372 | test_acc: 0.6523 | 
Epoch: 11 | train_loss: 0.6268 | train_acc: 0.7554 | test_loss: 1.1024 | test_acc: 0.6641 | 
Epoch: 12 | train_loss: 0.7060 | train_acc: 0.7241 | test_loss: 0.9738 | test_acc: 0.6484 | 
Epoch: 13 | train_loss: 0.5737 | train_acc: 0.7597 | test_loss: 1.0455 | test_acc: 0.6172 | 
Epoch: 14 | train_loss: 0.5341 | train_acc: 0.7683 | test_loss: 0.9549 | test_acc: 0.6641 | 
Epoch: 15 | train_loss: 0.5629 | train_acc: 0.7845 | test_loss: 1.1025 | test_acc: 0.6719 | 
Epoch: 16 | train_loss: 0.4879 | train_acc: 0.8308 | test_loss: 1.0869 | test_acc: 0.6602 | 
Epoch: 17 | train_loss: 0.5687 | train_acc: 0.7899 | test_loss: 0.9759 | test_acc: 0.6328 | 
Epoch: 18 | train_loss: 0.4811 | train_acc: 0.8244 | test_loss: 1.1481 | test_acc: 0.5664 | 
Epoch: 19 | train_loss: 0.4444 | train_acc: 0.8179 | test_loss: 1.0079 | test_acc: 0.6406 | 
Epoch: 20 | train_loss: 0.4548 | train_acc: 0.8179 | test_loss: 0.9635 | test_acc: 0.7109 | 
Epoch: 21 | train_loss: 0.4678 | train_acc: 0.8157 | test_loss: 0.9242 | test_acc: 0.7031 | 
Epoch: 22 | train_loss: 0.4059 | train_acc: 0.8448 | test_loss: 0.9887 | test_acc: 0.6328 | 
Epoch: 23 | train_loss: 0.4640 | train_acc: 0.8222 | test_loss: 0.9409 | test_acc: 0.6953 | 
Epoch: 24 | train_loss: 0.3396 | train_acc: 0.8804 | test_loss: 1.0428 | test_acc: 0.6953 | 
Epoch: 25 | train_loss: 0.4488 | train_acc: 0.8362 | test_loss: 1.0019 | test_acc: 0.7070 | 
Epoch: 26 | train_loss: 0.3802 | train_acc: 0.8481 | test_loss: 0.8852 | test_acc: 0.7148 | 
Epoch: 27 | train_loss: 0.3591 | train_acc: 0.8685 | test_loss: 0.9615 | test_acc: 0.7070 | 
Epoch: 28 | train_loss: 0.3900 | train_acc: 0.8524 | test_loss: 1.1117 | test_acc: 0.6797 | 
Epoch: 29 | train_loss: 0.3380 | train_acc: 0.8825 | test_loss: 1.0010 | test_acc: 0.6250 | 
Epoch: 30 | train_loss: 0.3891 | train_acc: 0.8524 | test_loss: 1.1539 | test_acc: 0.6953 | 
Epoch: 31 | train_loss: 0.3494 | train_acc: 0.8513 | test_loss: 0.9396 | test_acc: 0.7031 | 
Epoch: 32 | train_loss: 0.2664 | train_acc: 0.9127 | test_loss: 1.0053 | test_acc: 0.7188 | 
Epoch: 33 | train_loss: 0.2686 | train_acc: 0.9181 | test_loss: 0.9957 | test_acc: 0.7344 | 
Epoch: 34 | train_loss: 0.2977 | train_acc: 0.8869 | test_loss: 0.8520 | test_acc: 0.7656 | 
Epoch: 35 | train_loss: 0.2674 | train_acc: 0.9127 | test_loss: 1.0533 | test_acc: 0.7148 | 
Epoch: 36 | train_loss: 0.2605 | train_acc: 0.9159 | test_loss: 1.1131 | test_acc: 0.7422 | 
Epoch: 37 | train_loss: 0.2187 | train_acc: 0.9332 | test_loss: 0.9029 | test_acc: 0.7266 | 
Epoch: 38 | train_loss: 0.2100 | train_acc: 0.9267 | test_loss: 0.8116 | test_acc: 0.7656 | 
Epoch: 39 | train_loss: 0.2061 | train_acc: 0.9310 | test_loss: 0.8993 | test_acc: 0.7344 | 
Epoch: 40 | train_loss: 0.2495 | train_acc: 0.8944 | test_loss: 0.9320 | test_acc: 0.7344 | 
Epoch: 41 | train_loss: 0.2240 | train_acc: 0.9106 | test_loss: 1.0214 | test_acc: 0.6953 | 
Epoch: 42 | train_loss: 0.2548 | train_acc: 0.8955 | test_loss: 0.9617 | test_acc: 0.7070 | 
Epoch: 43 | train_loss: 0.2554 | train_acc: 0.8879 | test_loss: 0.9354 | test_acc: 0.7148 | 
Epoch: 44 | train_loss: 0.2957 | train_acc: 0.9159 | test_loss: 0.9730 | test_acc: 0.6680 | 
Epoch: 45 | train_loss: 0.2908 | train_acc: 0.8879 | test_loss: 0.8241 | test_acc: 0.7500 | 
Epoch: 46 | train_loss: 0.2751 | train_acc: 0.8901 | test_loss: 1.0014 | test_acc: 0.6836 | 
Epoch: 47 | train_loss: 0.2630 | train_acc: 0.9213 | test_loss: 0.9561 | test_acc: 0.7383 | 
Epoch: 48 | train_loss: 0.2334 | train_acc: 0.9300 | test_loss: 1.0233 | test_acc: 0.6641 | 
Epoch: 49 | train_loss: 0.2490 | train_acc: 0.8922 | test_loss: 0.9503 | test_acc: 0.7461 | 
Epoch: 50 | train_loss: 0.3019 | train_acc: 0.9041 | test_loss: 1.2499 | test_acc: 0.5703 | 
⏱️ Total training time: 89.076 seconds
📊 Bands [259, 221, 132] -> Fitness: 0.5703
Bands [152, 158, 224] found in history. Returning cached fitness.
Bands [152, 158, 224] found in history. Returning cached fitness.
4  	14    	0.749609	0.0529711	0.570312	0.824219	Individual('h', [110, 97, 172]) 
Dataset initialized with pre-loaded data. Total samples: 897
Band indices for training dataloader: [113, 100, 152]
Dataset initialized with pre-loaded data. Total samples: 226
Band indices for test dataloader: [113, 100, 152]
🔍 Starting evaluation of individual [113, 100, 152]
Epoch: 1 | train_loss: 1.3686 | train_acc: 0.3384 | test_loss: 1.3368 | test_acc: 0.3203 | 
Epoch: 2 | train_loss: 1.2346 | train_acc: 0.4300 | test_loss: 1.2540 | test_acc: 0.4609 | 
Epoch: 3 | train_loss: 1.1514 | train_acc: 0.4925 | test_loss: 1.2491 | test_acc: 0.4570 | 
Epoch: 4 | train_loss: 1.0150 | train_acc: 0.5517 | test_loss: 1.1091 | test_acc: 0.5625 | 
Epoch: 5 | train_loss: 0.9520 | train_acc: 0.6282 | test_loss: 1.3267 | test_acc: 0.4766 | 
Epoch: 6 | train_loss: 0.8641 | train_acc: 0.6433 | test_loss: 1.0226 | test_acc: 0.6016 | 
Epoch: 7 | train_loss: 0.8282 | train_acc: 0.6390 | test_loss: 1.0902 | test_acc: 0.5781 | 
Epoch: 8 | train_loss: 0.7650 | train_acc: 0.6692 | test_loss: 1.0696 | test_acc: 0.6016 | 
Epoch: 9 | train_loss: 0.6974 | train_acc: 0.7026 | test_loss: 0.9810 | test_acc: 0.6172 | 
Epoch: 10 | train_loss: 0.6775 | train_acc: 0.7166 | test_loss: 0.9892 | test_acc: 0.6523 | 
Epoch: 11 | train_loss: 0.5888 | train_acc: 0.7920 | test_loss: 0.8753 | test_acc: 0.7109 | 
Epoch: 12 | train_loss: 0.5588 | train_acc: 0.7651 | test_loss: 1.0923 | test_acc: 0.6289 | 
Epoch: 13 | train_loss: 0.5453 | train_acc: 0.7888 | test_loss: 1.2925 | test_acc: 0.5430 | 
Epoch: 14 | train_loss: 0.5184 | train_acc: 0.8168 | test_loss: 0.8342 | test_acc: 0.7188 | 
Epoch: 15 | train_loss: 0.5868 | train_acc: 0.7920 | test_loss: 0.8451 | test_acc: 0.7188 | 
Epoch: 16 | train_loss: 0.4440 | train_acc: 0.8276 | test_loss: 0.8465 | test_acc: 0.6992 | 
Epoch: 17 | train_loss: 0.4950 | train_acc: 0.8190 | test_loss: 0.7969 | test_acc: 0.6992 | 
Epoch: 18 | train_loss: 0.4160 | train_acc: 0.8244 | test_loss: 0.8308 | test_acc: 0.6992 | 
Epoch: 19 | train_loss: 0.3951 | train_acc: 0.8675 | test_loss: 0.8894 | test_acc: 0.7148 | 
Epoch: 20 | train_loss: 0.4076 | train_acc: 0.8588 | test_loss: 0.8362 | test_acc: 0.7305 | 
Epoch: 21 | train_loss: 0.4231 | train_acc: 0.8254 | test_loss: 0.8108 | test_acc: 0.7500 | 
Epoch: 22 | train_loss: 0.4117 | train_acc: 0.8330 | test_loss: 0.8515 | test_acc: 0.6562 | 
Epoch: 23 | train_loss: 0.3662 | train_acc: 0.8610 | test_loss: 0.9796 | test_acc: 0.7031 | 
Epoch: 24 | train_loss: 0.3897 | train_acc: 0.8718 | test_loss: 0.8020 | test_acc: 0.7305 | 
Epoch: 25 | train_loss: 0.4021 | train_acc: 0.8470 | test_loss: 0.8211 | test_acc: 0.7344 | 
Epoch: 26 | train_loss: 0.4090 | train_acc: 0.8384 | test_loss: 0.6911 | test_acc: 0.7305 | 
Epoch: 27 | train_loss: 0.3325 | train_acc: 0.8782 | test_loss: 0.8126 | test_acc: 0.7461 | 
Epoch: 28 | train_loss: 0.3882 | train_acc: 0.8416 | test_loss: 0.9469 | test_acc: 0.6055 | 
Epoch: 29 | train_loss: 0.3908 | train_acc: 0.8578 | test_loss: 0.8135 | test_acc: 0.7305 | 
Epoch: 30 | train_loss: 0.3411 | train_acc: 0.8685 | test_loss: 0.8861 | test_acc: 0.6758 | 
Epoch: 31 | train_loss: 0.3151 | train_acc: 0.9009 | test_loss: 0.8921 | test_acc: 0.7422 | 
Epoch: 32 | train_loss: 0.3142 | train_acc: 0.8793 | test_loss: 0.8878 | test_acc: 0.7344 | 
Epoch: 33 | train_loss: 0.2653 | train_acc: 0.8869 | test_loss: 0.8192 | test_acc: 0.6953 | 
Epoch: 34 | train_loss: 0.2611 | train_acc: 0.9084 | test_loss: 0.9093 | test_acc: 0.7305 | 
Epoch: 35 | train_loss: 0.3134 | train_acc: 0.8869 | test_loss: 0.7494 | test_acc: 0.7695 | 
Epoch: 36 | train_loss: 0.2982 | train_acc: 0.9149 | test_loss: 0.9040 | test_acc: 0.7188 | 
Epoch: 37 | train_loss: 0.2886 | train_acc: 0.8718 | test_loss: 0.7181 | test_acc: 0.7852 | 
Epoch: 38 | train_loss: 0.2366 | train_acc: 0.8933 | test_loss: 0.8013 | test_acc: 0.7695 | 
Epoch: 39 | train_loss: 0.3330 | train_acc: 0.8707 | test_loss: 0.7429 | test_acc: 0.7695 | 
Epoch: 40 | train_loss: 0.2461 | train_acc: 0.9170 | test_loss: 0.7752 | test_acc: 0.7617 | 
Epoch: 41 | train_loss: 0.3935 | train_acc: 0.8815 | test_loss: 0.8251 | test_acc: 0.7148 | 
Epoch: 42 | train_loss: 0.2549 | train_acc: 0.8825 | test_loss: 0.6637 | test_acc: 0.7812 | 
Epoch: 43 | train_loss: 0.2445 | train_acc: 0.9289 | test_loss: 0.7105 | test_acc: 0.7656 | 
Epoch: 44 | train_loss: 0.2335 | train_acc: 0.9009 | test_loss: 0.6551 | test_acc: 0.7891 | 
Epoch: 45 | train_loss: 0.2577 | train_acc: 0.8955 | test_loss: 0.7096 | test_acc: 0.7930 | 
Epoch: 46 | train_loss: 0.2771 | train_acc: 0.8955 | test_loss: 0.6690 | test_acc: 0.8008 | 
Epoch: 47 | train_loss: 0.2177 | train_acc: 0.9353 | test_loss: 0.6993 | test_acc: 0.7617 | 
Epoch: 48 | train_loss: 0.2858 | train_acc: 0.9106 | test_loss: 0.7083 | test_acc: 0.8008 | 
Epoch: 49 | train_loss: 0.2376 | train_acc: 0.9019 | test_loss: 0.6601 | test_acc: 0.7852 | 
Epoch: 50 | train_loss: 0.1711 | train_acc: 0.9364 | test_loss: 0.7413 | test_acc: 0.7734 | 
⏱️ Total training time: 88.555 seconds
📊 Bands [113, 100, 152] -> Fitness: 0.7734
Dataset initialized with pre-loaded data. Total samples: 897
Band indices for training dataloader: [147, 98, 140]
Dataset initialized with pre-loaded data. Total samples: 226
Band indices for test dataloader: [147, 98, 140]
🔍 Starting evaluation of individual [147, 98, 140]
Epoch: 1 | train_loss: 1.3883 | train_acc: 0.2575 | test_loss: 1.2759 | test_acc: 0.4766 | 
Epoch: 2 | train_loss: 1.2743 | train_acc: 0.4483 | test_loss: 1.1812 | test_acc: 0.5234 | 
Epoch: 3 | train_loss: 1.1645 | train_acc: 0.4677 | test_loss: 1.2993 | test_acc: 0.3750 | 
Epoch: 4 | train_loss: 1.1441 | train_acc: 0.4838 | test_loss: 1.2074 | test_acc: 0.5117 | 
Epoch: 5 | train_loss: 1.0249 | train_acc: 0.5657 | test_loss: 1.0128 | test_acc: 0.5898 | 
Epoch: 6 | train_loss: 0.9598 | train_acc: 0.5862 | test_loss: 1.0398 | test_acc: 0.5820 | 
Epoch: 7 | train_loss: 0.9436 | train_acc: 0.6024 | test_loss: 1.2208 | test_acc: 0.5234 | 
Epoch: 8 | train_loss: 0.8418 | train_acc: 0.6541 | test_loss: 1.0194 | test_acc: 0.5938 | 
Epoch: 9 | train_loss: 0.7961 | train_acc: 0.6843 | test_loss: 0.9537 | test_acc: 0.6328 | 
Epoch: 10 | train_loss: 0.7121 | train_acc: 0.7457 | test_loss: 1.0929 | test_acc: 0.5781 | 
Epoch: 11 | train_loss: 0.6677 | train_acc: 0.7619 | test_loss: 1.1838 | test_acc: 0.5898 | 
Epoch: 12 | train_loss: 0.7154 | train_acc: 0.7188 | test_loss: 0.9693 | test_acc: 0.6367 | 
Epoch: 13 | train_loss: 0.6571 | train_acc: 0.7522 | test_loss: 0.9567 | test_acc: 0.6367 | 
Epoch: 14 | train_loss: 0.6597 | train_acc: 0.7371 | test_loss: 1.0373 | test_acc: 0.6211 | 
Epoch: 15 | train_loss: 0.5717 | train_acc: 0.7856 | test_loss: 0.9447 | test_acc: 0.6484 | 
Epoch: 16 | train_loss: 0.5578 | train_acc: 0.7683 | test_loss: 0.9864 | test_acc: 0.6289 | 
Epoch: 17 | train_loss: 0.5776 | train_acc: 0.7737 | test_loss: 0.8238 | test_acc: 0.6758 | 
Epoch: 18 | train_loss: 0.4932 | train_acc: 0.8006 | test_loss: 0.9984 | test_acc: 0.5859 | 
Epoch: 19 | train_loss: 0.5593 | train_acc: 0.7748 | test_loss: 0.9633 | test_acc: 0.6602 | 
Epoch: 20 | train_loss: 0.5096 | train_acc: 0.8017 | test_loss: 0.7819 | test_acc: 0.7422 | 
Epoch: 21 | train_loss: 0.4239 | train_acc: 0.8211 | test_loss: 1.1933 | test_acc: 0.6484 | 
Epoch: 22 | train_loss: 0.4031 | train_acc: 0.8545 | test_loss: 0.8872 | test_acc: 0.6523 | 
Epoch: 23 | train_loss: 0.3750 | train_acc: 0.8621 | test_loss: 1.0137 | test_acc: 0.6250 | 
Epoch: 24 | train_loss: 0.4487 | train_acc: 0.8351 | test_loss: 0.9335 | test_acc: 0.6523 | 
Epoch: 25 | train_loss: 0.4232 | train_acc: 0.8287 | test_loss: 0.8123 | test_acc: 0.6758 | 
Epoch: 26 | train_loss: 0.4014 | train_acc: 0.8427 | test_loss: 1.0261 | test_acc: 0.6367 | 
Epoch: 27 | train_loss: 0.3824 | train_acc: 0.8631 | test_loss: 1.0571 | test_acc: 0.6484 | 
Epoch: 28 | train_loss: 0.3893 | train_acc: 0.8524 | test_loss: 1.1202 | test_acc: 0.6602 | 
Epoch: 29 | train_loss: 0.3948 | train_acc: 0.8319 | test_loss: 1.0857 | test_acc: 0.6797 | 
Epoch: 30 | train_loss: 0.3784 | train_acc: 0.8362 | test_loss: 1.0872 | test_acc: 0.6875 | 
Epoch: 31 | train_loss: 0.4175 | train_acc: 0.8438 | test_loss: 1.0195 | test_acc: 0.6992 | 
Epoch: 32 | train_loss: 0.3171 | train_acc: 0.8685 | test_loss: 1.0940 | test_acc: 0.6953 | 
Epoch: 33 | train_loss: 0.4343 | train_acc: 0.8653 | test_loss: 1.0238 | test_acc: 0.6680 | 
Epoch: 34 | train_loss: 0.3414 | train_acc: 0.8847 | test_loss: 0.8912 | test_acc: 0.6523 | 
Epoch: 35 | train_loss: 0.3374 | train_acc: 0.8545 | test_loss: 0.9438 | test_acc: 0.6914 | 
Epoch: 36 | train_loss: 0.3135 | train_acc: 0.8912 | test_loss: 0.8402 | test_acc: 0.7539 | 
Epoch: 37 | train_loss: 0.3753 | train_acc: 0.8825 | test_loss: 0.7199 | test_acc: 0.7109 | 
Epoch: 38 | train_loss: 0.3300 | train_acc: 0.8933 | test_loss: 0.8517 | test_acc: 0.6758 | 
Epoch: 39 | train_loss: 0.3452 | train_acc: 0.8836 | test_loss: 0.9499 | test_acc: 0.6875 | 
Epoch: 40 | train_loss: 0.2667 | train_acc: 0.9095 | test_loss: 1.0766 | test_acc: 0.7148 | 
Epoch: 41 | train_loss: 0.2816 | train_acc: 0.8955 | test_loss: 0.8287 | test_acc: 0.7578 | 
Epoch: 42 | train_loss: 0.2955 | train_acc: 0.8987 | test_loss: 0.8043 | test_acc: 0.6992 | 
Epoch: 43 | train_loss: 0.2682 | train_acc: 0.9138 | test_loss: 0.8477 | test_acc: 0.6992 | 
Epoch: 44 | train_loss: 0.2402 | train_acc: 0.8976 | test_loss: 0.7839 | test_acc: 0.7695 | 
Epoch: 45 | train_loss: 0.3049 | train_acc: 0.8933 | test_loss: 1.1401 | test_acc: 0.6758 | 
Epoch: 46 | train_loss: 0.3080 | train_acc: 0.8933 | test_loss: 0.8459 | test_acc: 0.6797 | 
Epoch: 47 | train_loss: 0.2226 | train_acc: 0.9267 | test_loss: 0.7901 | test_acc: 0.6797 | 
Epoch: 48 | train_loss: 0.3626 | train_acc: 0.8858 | test_loss: 0.9468 | test_acc: 0.6758 | 
Epoch: 49 | train_loss: 0.2481 | train_acc: 0.9030 | test_loss: 0.8333 | test_acc: 0.7656 | 
Epoch: 50 | train_loss: 0.2755 | train_acc: 0.8879 | test_loss: 0.8861 | test_acc: 0.6953 | 
⏱️ Total training time: 101.275 seconds
📊 Bands [147, 98, 140] -> Fitness: 0.6953
Dataset initialized with pre-loaded data. Total samples: 897
Band indices for training dataloader: [139, 228, 139]
Dataset initialized with pre-loaded data. Total samples: 226
Band indices for test dataloader: [139, 228, 139]
🔍 Starting evaluation of individual [139, 228, 139]
Epoch: 1 | train_loss: 1.3758 | train_acc: 0.3093 | test_loss: 1.3775 | test_acc: 0.3750 | 
Epoch: 2 | train_loss: 1.2685 | train_acc: 0.4127 | test_loss: 1.2585 | test_acc: 0.4648 | 
Epoch: 3 | train_loss: 1.2009 | train_acc: 0.4558 | test_loss: 1.3224 | test_acc: 0.4492 | 
Epoch: 4 | train_loss: 1.1414 | train_acc: 0.4828 | test_loss: 1.2697 | test_acc: 0.4570 | 
Epoch: 5 | train_loss: 1.0593 | train_acc: 0.5539 | test_loss: 1.1488 | test_acc: 0.5312 | 
Epoch: 6 | train_loss: 0.9639 | train_acc: 0.5959 | test_loss: 1.1474 | test_acc: 0.5938 | 
Epoch: 7 | train_loss: 0.9350 | train_acc: 0.5981 | test_loss: 1.0392 | test_acc: 0.6016 | 
Epoch: 8 | train_loss: 0.8866 | train_acc: 0.6293 | test_loss: 1.0554 | test_acc: 0.6055 | 
Epoch: 9 | train_loss: 0.8273 | train_acc: 0.6627 | test_loss: 0.9097 | test_acc: 0.6641 | 
Epoch: 10 | train_loss: 0.7189 | train_acc: 0.7381 | test_loss: 1.0984 | test_acc: 0.6328 | 
Epoch: 11 | train_loss: 0.7043 | train_acc: 0.7134 | test_loss: 0.9036 | test_acc: 0.6641 | 
Epoch: 12 | train_loss: 0.7780 | train_acc: 0.6994 | test_loss: 0.9437 | test_acc: 0.6094 | 
Epoch: 13 | train_loss: 0.6404 | train_acc: 0.7489 | test_loss: 1.0081 | test_acc: 0.6641 | 
Epoch: 14 | train_loss: 0.5956 | train_acc: 0.7619 | test_loss: 0.9386 | test_acc: 0.6602 | 
Epoch: 15 | train_loss: 0.5743 | train_acc: 0.7640 | test_loss: 0.9787 | test_acc: 0.6641 | 
Epoch: 16 | train_loss: 0.5496 | train_acc: 0.7672 | test_loss: 0.9404 | test_acc: 0.6992 | 
Epoch: 17 | train_loss: 0.5432 | train_acc: 0.7791 | test_loss: 0.9182 | test_acc: 0.6250 | 
Epoch: 18 | train_loss: 0.5596 | train_acc: 0.7931 | test_loss: 0.9521 | test_acc: 0.6719 | 
Epoch: 19 | train_loss: 0.4645 | train_acc: 0.8071 | test_loss: 0.9704 | test_acc: 0.6953 | 
Epoch: 20 | train_loss: 0.4648 | train_acc: 0.8190 | test_loss: 0.9741 | test_acc: 0.6914 | 
Epoch: 21 | train_loss: 0.4156 | train_acc: 0.8265 | test_loss: 0.9792 | test_acc: 0.5938 | 
Epoch: 22 | train_loss: 0.4615 | train_acc: 0.8222 | test_loss: 0.9676 | test_acc: 0.7188 | 
Epoch: 23 | train_loss: 0.4579 | train_acc: 0.8147 | test_loss: 1.0131 | test_acc: 0.6602 | 
Epoch: 24 | train_loss: 0.3903 | train_acc: 0.8653 | test_loss: 1.0003 | test_acc: 0.6875 | 
Epoch: 25 | train_loss: 0.3800 | train_acc: 0.8664 | test_loss: 0.9457 | test_acc: 0.7188 | 
Epoch: 26 | train_loss: 0.3408 | train_acc: 0.8739 | test_loss: 1.0058 | test_acc: 0.6914 | 
Epoch: 27 | train_loss: 0.5593 | train_acc: 0.8405 | test_loss: 0.8442 | test_acc: 0.7383 | 
Epoch: 28 | train_loss: 0.4337 | train_acc: 0.8297 | test_loss: 0.8575 | test_acc: 0.7109 | 
Epoch: 29 | train_loss: 0.3752 | train_acc: 0.8481 | test_loss: 0.9839 | test_acc: 0.6953 | 
Epoch: 30 | train_loss: 0.3562 | train_acc: 0.8685 | test_loss: 1.0478 | test_acc: 0.6289 | 
Epoch: 31 | train_loss: 0.4347 | train_acc: 0.8556 | test_loss: 0.9840 | test_acc: 0.7070 | 
Epoch: 32 | train_loss: 0.4044 | train_acc: 0.8578 | test_loss: 0.9062 | test_acc: 0.6992 | 
Epoch: 33 | train_loss: 0.3553 | train_acc: 0.8653 | test_loss: 0.9068 | test_acc: 0.7383 | 
Epoch: 34 | train_loss: 0.3056 | train_acc: 0.9095 | test_loss: 0.7837 | test_acc: 0.7461 | 
Epoch: 35 | train_loss: 0.3239 | train_acc: 0.8825 | test_loss: 0.9131 | test_acc: 0.7305 | 
Epoch: 36 | train_loss: 0.3170 | train_acc: 0.8772 | test_loss: 0.8483 | test_acc: 0.7695 | 
Epoch: 37 | train_loss: 0.2960 | train_acc: 0.8944 | test_loss: 1.0096 | test_acc: 0.6641 | 
Epoch: 38 | train_loss: 0.2518 | train_acc: 0.8998 | test_loss: 0.8828 | test_acc: 0.7578 | 
Epoch: 39 | train_loss: 0.2475 | train_acc: 0.8879 | test_loss: 0.9007 | test_acc: 0.7383 | 
Epoch: 40 | train_loss: 0.2331 | train_acc: 0.9203 | test_loss: 0.9707 | test_acc: 0.6523 | 
Epoch: 41 | train_loss: 0.2157 | train_acc: 0.9321 | test_loss: 1.0280 | test_acc: 0.7539 | 
Epoch: 42 | train_loss: 0.2158 | train_acc: 0.9256 | test_loss: 1.1283 | test_acc: 0.6836 | 
Epoch: 43 | train_loss: 0.3850 | train_acc: 0.8933 | test_loss: 0.9664 | test_acc: 0.6992 | 
Epoch: 44 | train_loss: 0.2896 | train_acc: 0.8825 | test_loss: 0.9407 | test_acc: 0.6992 | 
Epoch: 45 | train_loss: 0.2877 | train_acc: 0.8922 | test_loss: 0.8416 | test_acc: 0.7070 | 
Epoch: 46 | train_loss: 0.2304 | train_acc: 0.9095 | test_loss: 1.0710 | test_acc: 0.6289 | 
Epoch: 47 | train_loss: 0.2828 | train_acc: 0.8901 | test_loss: 1.0488 | test_acc: 0.7227 | 
Epoch: 48 | train_loss: 0.2229 | train_acc: 0.9321 | test_loss: 0.9441 | test_acc: 0.7383 | 
Epoch: 49 | train_loss: 0.2187 | train_acc: 0.9138 | test_loss: 1.0132 | test_acc: 0.7500 | 
Epoch: 50 | train_loss: 0.3142 | train_acc: 0.9041 | test_loss: 0.8744 | test_acc: 0.7461 | 
⏱️ Total training time: 96.619 seconds
📊 Bands [139, 228, 139] -> Fitness: 0.7461
Dataset initialized with pre-loaded data. Total samples: 897
Band indices for training dataloader: [162, 83, 255]
Dataset initialized with pre-loaded data. Total samples: 226
Band indices for test dataloader: [162, 83, 255]
🔍 Starting evaluation of individual [162, 83, 255]
Epoch: 1 | train_loss: 1.3771 | train_acc: 0.3147 | test_loss: 1.3549 | test_acc: 0.3281 | 
Epoch: 2 | train_loss: 1.2457 | train_acc: 0.4440 | test_loss: 1.1407 | test_acc: 0.5234 | 
Epoch: 3 | train_loss: 1.1267 | train_acc: 0.4968 | test_loss: 1.1959 | test_acc: 0.5234 | 
Epoch: 4 | train_loss: 1.0373 | train_acc: 0.5679 | test_loss: 1.0783 | test_acc: 0.5430 | 
Epoch: 5 | train_loss: 0.9592 | train_acc: 0.5905 | test_loss: 1.0622 | test_acc: 0.5820 | 
Epoch: 6 | train_loss: 0.9059 | train_acc: 0.6315 | test_loss: 1.0075 | test_acc: 0.6367 | 
Epoch: 7 | train_loss: 0.8517 | train_acc: 0.6519 | test_loss: 0.9899 | test_acc: 0.6172 | 
Epoch: 8 | train_loss: 0.8174 | train_acc: 0.6573 | test_loss: 1.0151 | test_acc: 0.5586 | 
Epoch: 9 | train_loss: 0.7283 | train_acc: 0.7015 | test_loss: 1.2210 | test_acc: 0.5586 | 
Epoch: 10 | train_loss: 0.6922 | train_acc: 0.7338 | test_loss: 0.9260 | test_acc: 0.6914 | 
Epoch: 11 | train_loss: 0.6541 | train_acc: 0.7446 | test_loss: 0.9530 | test_acc: 0.5977 | 
Epoch: 12 | train_loss: 0.6931 | train_acc: 0.7478 | test_loss: 0.8867 | test_acc: 0.6758 | 
Epoch: 13 | train_loss: 0.6239 | train_acc: 0.7554 | test_loss: 0.8911 | test_acc: 0.6914 | 
Epoch: 14 | train_loss: 0.5779 | train_acc: 0.7823 | test_loss: 0.8200 | test_acc: 0.7070 | 
Epoch: 15 | train_loss: 0.5339 | train_acc: 0.7823 | test_loss: 0.8841 | test_acc: 0.7031 | 
Epoch: 16 | train_loss: 0.5129 | train_acc: 0.7888 | test_loss: 0.9394 | test_acc: 0.6445 | 
Epoch: 17 | train_loss: 0.5258 | train_acc: 0.7812 | test_loss: 0.9574 | test_acc: 0.6602 | 
Epoch: 18 | train_loss: 0.4682 | train_acc: 0.8351 | test_loss: 0.8880 | test_acc: 0.7227 | 
Epoch: 19 | train_loss: 0.5503 | train_acc: 0.7909 | test_loss: 0.8685 | test_acc: 0.6602 | 
Epoch: 20 | train_loss: 0.4914 | train_acc: 0.8006 | test_loss: 0.9824 | test_acc: 0.6406 | 
Epoch: 21 | train_loss: 0.4852 | train_acc: 0.8114 | test_loss: 0.7268 | test_acc: 0.7344 | 
Epoch: 22 | train_loss: 0.3985 | train_acc: 0.8588 | test_loss: 0.8571 | test_acc: 0.6914 | 
Epoch: 23 | train_loss: 0.4268 | train_acc: 0.8254 | test_loss: 0.7799 | test_acc: 0.7734 | 
Epoch: 24 | train_loss: 0.3635 | train_acc: 0.8815 | test_loss: 1.1112 | test_acc: 0.6055 | 
Epoch: 25 | train_loss: 0.3618 | train_acc: 0.8567 | test_loss: 0.8460 | test_acc: 0.7031 | 
Epoch: 26 | train_loss: 0.3466 | train_acc: 0.8653 | test_loss: 0.8385 | test_acc: 0.7539 | 
Epoch: 27 | train_loss: 0.3082 | train_acc: 0.8825 | test_loss: 0.7873 | test_acc: 0.7617 | 
Epoch: 28 | train_loss: 0.3814 | train_acc: 0.8502 | test_loss: 1.0042 | test_acc: 0.6641 | 
Epoch: 29 | train_loss: 0.4010 | train_acc: 0.8481 | test_loss: 0.7892 | test_acc: 0.7305 | 
Epoch: 30 | train_loss: 0.3312 | train_acc: 0.8728 | test_loss: 0.8936 | test_acc: 0.6992 | 
Epoch: 31 | train_loss: 0.3770 | train_acc: 0.8642 | test_loss: 0.9185 | test_acc: 0.7148 | 
Epoch: 32 | train_loss: 0.3915 | train_acc: 0.8502 | test_loss: 0.7662 | test_acc: 0.7539 | 
Epoch: 33 | train_loss: 0.3634 | train_acc: 0.8578 | test_loss: 0.7723 | test_acc: 0.7773 | 
Epoch: 34 | train_loss: 0.3015 | train_acc: 0.8944 | test_loss: 0.8088 | test_acc: 0.7461 | 
Epoch: 35 | train_loss: 0.3204 | train_acc: 0.8815 | test_loss: 0.8768 | test_acc: 0.7266 | 
Epoch: 36 | train_loss: 0.3209 | train_acc: 0.8998 | test_loss: 0.7047 | test_acc: 0.7734 | 
Epoch: 37 | train_loss: 0.3093 | train_acc: 0.8782 | test_loss: 0.7468 | test_acc: 0.7578 | 
Epoch: 38 | train_loss: 0.3115 | train_acc: 0.8966 | test_loss: 0.8020 | test_acc: 0.7031 | 
Epoch: 39 | train_loss: 0.2606 | train_acc: 0.9084 | test_loss: 0.7356 | test_acc: 0.7852 | 
Epoch: 40 | train_loss: 0.2414 | train_acc: 0.8933 | test_loss: 0.7073 | test_acc: 0.7812 | 
Epoch: 41 | train_loss: 0.2019 | train_acc: 0.9256 | test_loss: 0.7908 | test_acc: 0.7188 | 
Epoch: 42 | train_loss: 0.2947 | train_acc: 0.8750 | test_loss: 0.6485 | test_acc: 0.8164 | 
Epoch: 43 | train_loss: 0.2234 | train_acc: 0.9332 | test_loss: 0.7323 | test_acc: 0.7617 | 
Epoch: 44 | train_loss: 0.3145 | train_acc: 0.8836 | test_loss: 0.9222 | test_acc: 0.7383 | 
Epoch: 45 | train_loss: 0.2731 | train_acc: 0.8815 | test_loss: 0.8207 | test_acc: 0.7070 | 
Epoch: 46 | train_loss: 0.2693 | train_acc: 0.8890 | test_loss: 0.7134 | test_acc: 0.8047 | 
Epoch: 47 | train_loss: 0.2179 | train_acc: 0.9030 | test_loss: 0.7560 | test_acc: 0.7969 | 
Epoch: 48 | train_loss: 0.2841 | train_acc: 0.9106 | test_loss: 0.8113 | test_acc: 0.7344 | 
Epoch: 49 | train_loss: 0.2457 | train_acc: 0.9041 | test_loss: 0.7354 | test_acc: 0.7773 | 
Epoch: 50 | train_loss: 0.2427 | train_acc: 0.9127 | test_loss: 0.7745 | test_acc: 0.7852 | 
⏱️ Total training time: 88.219 seconds
📊 Bands [162, 83, 255] -> Fitness: 0.7852
Dataset initialized with pre-loaded data. Total samples: 897
Band indices for training dataloader: [94, 85, 175]
Dataset initialized with pre-loaded data. Total samples: 226
Band indices for test dataloader: [94, 85, 175]
🔍 Starting evaluation of individual [94, 85, 175]
Epoch: 1 | train_loss: 1.3678 | train_acc: 0.2985 | test_loss: 1.2891 | test_acc: 0.3359 | 
Epoch: 2 | train_loss: 1.2688 | train_acc: 0.4343 | test_loss: 1.1549 | test_acc: 0.5352 | 
Epoch: 3 | train_loss: 1.1255 | train_acc: 0.5108 | test_loss: 1.1334 | test_acc: 0.5469 | 
Epoch: 4 | train_loss: 1.0400 | train_acc: 0.5377 | test_loss: 1.0036 | test_acc: 0.6289 | 
Epoch: 5 | train_loss: 0.9071 | train_acc: 0.6315 | test_loss: 0.9941 | test_acc: 0.5938 | 
Epoch: 6 | train_loss: 0.8488 | train_acc: 0.6681 | test_loss: 1.1348 | test_acc: 0.5586 | 
Epoch: 7 | train_loss: 0.8025 | train_acc: 0.6692 | test_loss: 1.0152 | test_acc: 0.6367 | 
Epoch: 8 | train_loss: 0.7960 | train_acc: 0.6821 | test_loss: 0.9162 | test_acc: 0.6445 | 
Epoch: 9 | train_loss: 0.6195 | train_acc: 0.7586 | test_loss: 0.8912 | test_acc: 0.6797 | 
Epoch: 10 | train_loss: 0.6888 | train_acc: 0.7338 | test_loss: 0.8471 | test_acc: 0.7109 | 
Epoch: 11 | train_loss: 0.5983 | train_acc: 0.7672 | test_loss: 0.8260 | test_acc: 0.6914 | 
Epoch: 12 | train_loss: 0.5810 | train_acc: 0.7500 | test_loss: 0.8501 | test_acc: 0.7305 | 
Epoch: 13 | train_loss: 0.6351 | train_acc: 0.7856 | test_loss: 0.7988 | test_acc: 0.7070 | 
Epoch: 14 | train_loss: 0.5607 | train_acc: 0.7640 | test_loss: 0.7165 | test_acc: 0.7539 | 
Epoch: 15 | train_loss: 0.4356 | train_acc: 0.8545 | test_loss: 0.8034 | test_acc: 0.7266 | 
Epoch: 16 | train_loss: 0.4223 | train_acc: 0.8567 | test_loss: 0.9322 | test_acc: 0.6211 | 
Epoch: 17 | train_loss: 0.4237 | train_acc: 0.8136 | test_loss: 0.7286 | test_acc: 0.7500 | 
Epoch: 18 | train_loss: 0.4469 | train_acc: 0.8373 | test_loss: 0.6753 | test_acc: 0.7656 | 
Epoch: 19 | train_loss: 0.4249 | train_acc: 0.8610 | test_loss: 0.6805 | test_acc: 0.7617 | 
Epoch: 20 | train_loss: 0.4040 | train_acc: 0.8491 | test_loss: 0.7046 | test_acc: 0.7930 | 
Epoch: 21 | train_loss: 0.3427 | train_acc: 0.8599 | test_loss: 0.7731 | test_acc: 0.7188 | 
Epoch: 22 | train_loss: 0.3416 | train_acc: 0.8890 | test_loss: 0.7466 | test_acc: 0.7422 | 
Epoch: 23 | train_loss: 0.2861 | train_acc: 0.9030 | test_loss: 0.8777 | test_acc: 0.7422 | 
Epoch: 24 | train_loss: 0.3470 | train_acc: 0.8912 | test_loss: 0.8758 | test_acc: 0.7422 | 
Epoch: 25 | train_loss: 0.3579 | train_acc: 0.8718 | test_loss: 0.8909 | test_acc: 0.6836 | 
Epoch: 26 | train_loss: 0.3070 | train_acc: 0.8987 | test_loss: 0.8366 | test_acc: 0.7344 | 
Epoch: 27 | train_loss: 0.2902 | train_acc: 0.8966 | test_loss: 0.9943 | test_acc: 0.7188 | 
Epoch: 28 | train_loss: 0.3326 | train_acc: 0.8750 | test_loss: 0.9553 | test_acc: 0.7188 | 
Epoch: 29 | train_loss: 0.2655 | train_acc: 0.9203 | test_loss: 0.8402 | test_acc: 0.7422 | 
Epoch: 30 | train_loss: 0.3177 | train_acc: 0.8815 | test_loss: 0.8007 | test_acc: 0.7578 | 
Epoch: 31 | train_loss: 0.3000 | train_acc: 0.8815 | test_loss: 0.8424 | test_acc: 0.7656 | 
Epoch: 32 | train_loss: 0.3114 | train_acc: 0.9116 | test_loss: 0.9937 | test_acc: 0.6719 | 
Epoch: 33 | train_loss: 0.3656 | train_acc: 0.8847 | test_loss: 0.9370 | test_acc: 0.6797 | 
Epoch: 34 | train_loss: 0.2757 | train_acc: 0.8847 | test_loss: 0.8522 | test_acc: 0.6914 | 
Epoch: 35 | train_loss: 0.2410 | train_acc: 0.9310 | test_loss: 0.8090 | test_acc: 0.7617 | 
Epoch: 36 | train_loss: 0.2211 | train_acc: 0.9343 | test_loss: 0.8500 | test_acc: 0.6875 | 
Epoch: 37 | train_loss: 0.2814 | train_acc: 0.8976 | test_loss: 0.9762 | test_acc: 0.7148 | 
Epoch: 38 | train_loss: 0.3326 | train_acc: 0.8750 | test_loss: 0.8953 | test_acc: 0.6875 | 
Epoch: 39 | train_loss: 0.2352 | train_acc: 0.8944 | test_loss: 0.8036 | test_acc: 0.7109 | 
Epoch: 40 | train_loss: 0.2229 | train_acc: 0.9353 | test_loss: 0.7282 | test_acc: 0.7773 | 
Epoch: 41 | train_loss: 0.1938 | train_acc: 0.9386 | test_loss: 0.7575 | test_acc: 0.7188 | 
Epoch: 42 | train_loss: 0.1751 | train_acc: 0.9450 | test_loss: 0.7836 | test_acc: 0.7461 | 
Epoch: 43 | train_loss: 0.2368 | train_acc: 0.9138 | test_loss: 0.8204 | test_acc: 0.7422 | 
Epoch: 44 | train_loss: 0.1897 | train_acc: 0.9418 | test_loss: 0.8099 | test_acc: 0.7344 | 
Epoch: 45 | train_loss: 0.2108 | train_acc: 0.9138 | test_loss: 0.8736 | test_acc: 0.7109 | 
Epoch: 46 | train_loss: 0.1811 | train_acc: 0.9332 | test_loss: 0.8604 | test_acc: 0.7148 | 
Epoch: 47 | train_loss: 0.2721 | train_acc: 0.9235 | test_loss: 0.7892 | test_acc: 0.7227 | 
Epoch: 48 | train_loss: 0.2541 | train_acc: 0.9052 | test_loss: 0.8306 | test_acc: 0.7773 | 
Epoch: 49 | train_loss: 0.2176 | train_acc: 0.9138 | test_loss: 0.7744 | test_acc: 0.7734 | 
Epoch: 50 | train_loss: 0.2137 | train_acc: 0.9343 | test_loss: 0.6778 | test_acc: 0.7930 | 
⏱️ Total training time: 87.841 seconds
📊 Bands [94, 85, 175] -> Fitness: 0.7930
Dataset initialized with pre-loaded data. Total samples: 897
Band indices for training dataloader: [167, 169, 220]
Dataset initialized with pre-loaded data. Total samples: 226
Band indices for test dataloader: [167, 169, 220]
🔍 Starting evaluation of individual [167, 169, 220]
Epoch: 1 | train_loss: 1.3557 | train_acc: 0.3039 | test_loss: 1.3864 | test_acc: 0.3398 | 
Epoch: 2 | train_loss: 1.2644 | train_acc: 0.4235 | test_loss: 1.2496 | test_acc: 0.3984 | 
Epoch: 3 | train_loss: 1.1250 | train_acc: 0.5269 | test_loss: 1.2926 | test_acc: 0.4492 | 
Epoch: 4 | train_loss: 1.1011 | train_acc: 0.5312 | test_loss: 1.1700 | test_acc: 0.5508 | 
Epoch: 5 | train_loss: 0.9836 | train_acc: 0.6045 | test_loss: 1.2580 | test_acc: 0.4688 | 
Epoch: 6 | train_loss: 0.9864 | train_acc: 0.5797 | test_loss: 1.1760 | test_acc: 0.5234 | 
Epoch: 7 | train_loss: 0.8780 | train_acc: 0.6476 | test_loss: 1.0613 | test_acc: 0.5430 | 
Epoch: 8 | train_loss: 0.8076 | train_acc: 0.6562 | test_loss: 1.1281 | test_acc: 0.6250 | 
Epoch: 9 | train_loss: 0.7988 | train_acc: 0.6713 | test_loss: 1.1010 | test_acc: 0.5469 | 
Epoch: 10 | train_loss: 0.7523 | train_acc: 0.6746 | test_loss: 0.9453 | test_acc: 0.6562 | 
Epoch: 11 | train_loss: 0.6560 | train_acc: 0.7500 | test_loss: 1.0586 | test_acc: 0.6680 | 
Epoch: 12 | train_loss: 0.6804 | train_acc: 0.7381 | test_loss: 0.9278 | test_acc: 0.6484 | 
Epoch: 13 | train_loss: 0.6031 | train_acc: 0.7769 | test_loss: 1.2432 | test_acc: 0.5820 | 
Epoch: 14 | train_loss: 0.6070 | train_acc: 0.7683 | test_loss: 0.8500 | test_acc: 0.6758 | 
Epoch: 15 | train_loss: 0.5657 | train_acc: 0.7931 | test_loss: 0.9318 | test_acc: 0.6992 | 
Epoch: 16 | train_loss: 0.5846 | train_acc: 0.7554 | test_loss: 0.9054 | test_acc: 0.6680 | 
Epoch: 17 | train_loss: 0.5046 | train_acc: 0.8297 | test_loss: 1.0252 | test_acc: 0.6445 | 
Epoch: 18 | train_loss: 0.4921 | train_acc: 0.8254 | test_loss: 1.0134 | test_acc: 0.6836 | 
Epoch: 19 | train_loss: 0.4345 | train_acc: 0.8448 | test_loss: 0.9380 | test_acc: 0.7070 | 
Epoch: 20 | train_loss: 0.4262 | train_acc: 0.8093 | test_loss: 1.0430 | test_acc: 0.7109 | 
Epoch: 21 | train_loss: 0.4752 | train_acc: 0.8190 | test_loss: 0.8632 | test_acc: 0.7148 | 
Epoch: 22 | train_loss: 0.4930 | train_acc: 0.7974 | test_loss: 1.0812 | test_acc: 0.5547 | 
Epoch: 23 | train_loss: 0.4767 | train_acc: 0.8254 | test_loss: 1.0604 | test_acc: 0.6484 | 
Epoch: 24 | train_loss: 0.4554 | train_acc: 0.8341 | test_loss: 0.9996 | test_acc: 0.6719 | 
Epoch: 25 | train_loss: 0.4147 | train_acc: 0.8761 | test_loss: 1.2226 | test_acc: 0.5039 | 
Epoch: 26 | train_loss: 0.4563 | train_acc: 0.8125 | test_loss: 1.0574 | test_acc: 0.6211 | 
Epoch: 27 | train_loss: 0.3786 | train_acc: 0.8513 | test_loss: 1.0162 | test_acc: 0.6836 | 
Epoch: 28 | train_loss: 0.3553 | train_acc: 0.8707 | test_loss: 1.0924 | test_acc: 0.7227 | 
Epoch: 29 | train_loss: 0.3758 | train_acc: 0.8567 | test_loss: 0.8709 | test_acc: 0.7422 | 
Epoch: 30 | train_loss: 0.3615 | train_acc: 0.8588 | test_loss: 1.0324 | test_acc: 0.6523 | 
Epoch: 31 | train_loss: 0.3334 | train_acc: 0.8879 | test_loss: 1.1199 | test_acc: 0.6094 | 
Epoch: 32 | train_loss: 0.3322 | train_acc: 0.8922 | test_loss: 0.8489 | test_acc: 0.7383 | 
Epoch: 33 | train_loss: 0.3809 | train_acc: 0.8664 | test_loss: 0.9926 | test_acc: 0.6719 | 
Epoch: 34 | train_loss: 0.2861 | train_acc: 0.9084 | test_loss: 0.8335 | test_acc: 0.7109 | 
Epoch: 35 | train_loss: 0.2420 | train_acc: 0.8890 | test_loss: 0.8784 | test_acc: 0.6602 | 
Epoch: 36 | train_loss: 0.3473 | train_acc: 0.8707 | test_loss: 0.8920 | test_acc: 0.7617 | 
Epoch: 37 | train_loss: 0.2952 | train_acc: 0.8879 | test_loss: 0.8041 | test_acc: 0.7539 | 
Epoch: 38 | train_loss: 0.2533 | train_acc: 0.9127 | test_loss: 0.9924 | test_acc: 0.7578 | 
Epoch: 39 | train_loss: 0.3132 | train_acc: 0.8901 | test_loss: 0.9544 | test_acc: 0.7148 | 
Epoch: 40 | train_loss: 0.3077 | train_acc: 0.8966 | test_loss: 0.9780 | test_acc: 0.7031 | 
Epoch: 41 | train_loss: 0.2385 | train_acc: 0.9213 | test_loss: 1.2576 | test_acc: 0.7227 | 
Epoch: 42 | train_loss: 0.2429 | train_acc: 0.8944 | test_loss: 0.9268 | test_acc: 0.7148 | 
Epoch: 43 | train_loss: 0.2643 | train_acc: 0.8987 | test_loss: 0.9326 | test_acc: 0.7500 | 
Epoch: 44 | train_loss: 0.2946 | train_acc: 0.8847 | test_loss: 0.8469 | test_acc: 0.7812 | 
Epoch: 45 | train_loss: 0.3484 | train_acc: 0.8912 | test_loss: 0.9365 | test_acc: 0.7266 | 
Epoch: 46 | train_loss: 0.2084 | train_acc: 0.9310 | test_loss: 0.9489 | test_acc: 0.7500 | 
Epoch: 47 | train_loss: 0.2934 | train_acc: 0.8890 | test_loss: 0.8482 | test_acc: 0.7539 | 
Epoch: 48 | train_loss: 0.2281 | train_acc: 0.9127 | test_loss: 0.9455 | test_acc: 0.7188 | 
Epoch: 49 | train_loss: 0.3096 | train_acc: 0.9030 | test_loss: 0.8463 | test_acc: 0.7500 | 
Epoch: 50 | train_loss: 0.2817 | train_acc: 0.8976 | test_loss: 0.9103 | test_acc: 0.7422 | 
⏱️ Total training time: 81.904 seconds
📊 Bands [167, 169, 220] -> Fitness: 0.7422
Dataset initialized with pre-loaded data. Total samples: 897
Band indices for training dataloader: [105, 89, 233]
Dataset initialized with pre-loaded data. Total samples: 226
Band indices for test dataloader: [105, 89, 233]
🔍 Starting evaluation of individual [105, 89, 233]
Epoch: 1 | train_loss: 1.3813 | train_acc: 0.2996 | test_loss: 1.2725 | test_acc: 0.4609 | 
Epoch: 2 | train_loss: 1.2366 | train_acc: 0.4267 | test_loss: 1.1969 | test_acc: 0.5078 | 
Epoch: 3 | train_loss: 1.1807 | train_acc: 0.4741 | test_loss: 1.0543 | test_acc: 0.6328 | 
Epoch: 4 | train_loss: 1.0348 | train_acc: 0.5797 | test_loss: 1.0673 | test_acc: 0.6406 | 
Epoch: 5 | train_loss: 1.0120 | train_acc: 0.5851 | test_loss: 1.0100 | test_acc: 0.6406 | 
Epoch: 6 | train_loss: 0.9540 | train_acc: 0.6185 | test_loss: 1.0530 | test_acc: 0.6406 | 
Epoch: 7 | train_loss: 0.8727 | train_acc: 0.6336 | test_loss: 0.9487 | test_acc: 0.6641 | 
Epoch: 8 | train_loss: 0.7864 | train_acc: 0.6724 | test_loss: 0.9688 | test_acc: 0.6133 | 
Epoch: 9 | train_loss: 0.6626 | train_acc: 0.7446 | test_loss: 1.0107 | test_acc: 0.6484 | 
Epoch: 10 | train_loss: 0.6579 | train_acc: 0.7317 | test_loss: 0.8708 | test_acc: 0.7109 | 
Epoch: 11 | train_loss: 0.6395 | train_acc: 0.7651 | test_loss: 1.0906 | test_acc: 0.5703 | 
Epoch: 12 | train_loss: 0.7229 | train_acc: 0.7209 | test_loss: 1.0005 | test_acc: 0.6172 | 
Epoch: 13 | train_loss: 0.6085 | train_acc: 0.7522 | test_loss: 0.8904 | test_acc: 0.6953 | 
Epoch: 14 | train_loss: 0.5920 | train_acc: 0.7834 | test_loss: 0.7584 | test_acc: 0.7344 | 
Epoch: 15 | train_loss: 0.4972 | train_acc: 0.8179 | test_loss: 0.9330 | test_acc: 0.7109 | 
Epoch: 16 | train_loss: 0.6563 | train_acc: 0.7812 | test_loss: 0.7610 | test_acc: 0.7227 | 
Epoch: 17 | train_loss: 0.5510 | train_acc: 0.8071 | test_loss: 0.9867 | test_acc: 0.6836 | 
Epoch: 18 | train_loss: 0.4366 | train_acc: 0.8491 | test_loss: 0.7351 | test_acc: 0.7695 | 
Epoch: 19 | train_loss: 0.3559 | train_acc: 0.8750 | test_loss: 0.8934 | test_acc: 0.7461 | 
Epoch: 20 | train_loss: 0.4953 | train_acc: 0.8265 | test_loss: 0.7863 | test_acc: 0.7617 | 
Epoch: 21 | train_loss: 0.4518 | train_acc: 0.8610 | test_loss: 0.8253 | test_acc: 0.7188 | 
Epoch: 22 | train_loss: 0.4260 | train_acc: 0.8330 | test_loss: 0.7693 | test_acc: 0.7500 | 
Epoch: 23 | train_loss: 0.3939 | train_acc: 0.8448 | test_loss: 0.8213 | test_acc: 0.7227 | 
Epoch: 24 | train_loss: 0.3195 | train_acc: 0.8922 | test_loss: 0.7501 | test_acc: 0.7617 | 
Epoch: 25 | train_loss: 0.3612 | train_acc: 0.8642 | test_loss: 0.7757 | test_acc: 0.7812 | 
Epoch: 26 | train_loss: 0.3904 | train_acc: 0.8804 | test_loss: 0.7553 | test_acc: 0.7617 | 
Epoch: 27 | train_loss: 0.3630 | train_acc: 0.8621 | test_loss: 0.8968 | test_acc: 0.7148 | 
Epoch: 28 | train_loss: 0.3174 | train_acc: 0.8966 | test_loss: 0.6863 | test_acc: 0.7734 | 
Epoch: 29 | train_loss: 0.3519 | train_acc: 0.8653 | test_loss: 0.8933 | test_acc: 0.7344 | 
Epoch: 30 | train_loss: 0.4520 | train_acc: 0.8448 | test_loss: 0.8577 | test_acc: 0.6680 | 
Epoch: 31 | train_loss: 0.3479 | train_acc: 0.8707 | test_loss: 0.6717 | test_acc: 0.7891 | 
Epoch: 32 | train_loss: 0.2575 | train_acc: 0.9149 | test_loss: 0.6744 | test_acc: 0.7891 | 
Epoch: 33 | train_loss: 0.2764 | train_acc: 0.8922 | test_loss: 0.8023 | test_acc: 0.7656 | 
Epoch: 34 | train_loss: 0.2449 | train_acc: 0.9052 | test_loss: 0.7886 | test_acc: 0.7695 | 
Epoch: 35 | train_loss: 0.2964 | train_acc: 0.8869 | test_loss: 0.8098 | test_acc: 0.7656 | 
Epoch: 36 | train_loss: 0.3377 | train_acc: 0.8879 | test_loss: 0.9967 | test_acc: 0.7109 | 
Epoch: 37 | train_loss: 0.2444 | train_acc: 0.8944 | test_loss: 0.7242 | test_acc: 0.7852 | 
Epoch: 38 | train_loss: 0.2817 | train_acc: 0.9019 | test_loss: 0.9274 | test_acc: 0.7617 | 
Epoch: 39 | train_loss: 0.2865 | train_acc: 0.8836 | test_loss: 0.7483 | test_acc: 0.7734 | 
Epoch: 40 | train_loss: 0.1936 | train_acc: 0.9375 | test_loss: 0.8385 | test_acc: 0.7656 | 
Epoch: 41 | train_loss: 0.2947 | train_acc: 0.9052 | test_loss: 0.8899 | test_acc: 0.7500 | 
Epoch: 42 | train_loss: 0.2590 | train_acc: 0.8966 | test_loss: 0.9177 | test_acc: 0.7539 | 
Epoch: 43 | train_loss: 0.1995 | train_acc: 0.9450 | test_loss: 0.9911 | test_acc: 0.7695 | 
Epoch: 44 | train_loss: 0.2651 | train_acc: 0.9213 | test_loss: 0.8331 | test_acc: 0.7617 | 
Epoch: 45 | train_loss: 0.1684 | train_acc: 0.9483 | test_loss: 0.7172 | test_acc: 0.7930 | 
Epoch: 46 | train_loss: 0.2229 | train_acc: 0.9149 | test_loss: 0.8062 | test_acc: 0.7773 | 
Epoch: 47 | train_loss: 0.2473 | train_acc: 0.9009 | test_loss: 0.8260 | test_acc: 0.7812 | 
Epoch: 48 | train_loss: 0.2283 | train_acc: 0.9278 | test_loss: 0.7398 | test_acc: 0.7930 | 
Epoch: 49 | train_loss: 0.1575 | train_acc: 0.9472 | test_loss: 0.8324 | test_acc: 0.7969 | 
Epoch: 50 | train_loss: 0.1408 | train_acc: 0.9612 | test_loss: 0.9236 | test_acc: 0.7891 | 
⏱️ Total training time: 90.541 seconds
📊 Bands [105, 89, 233] -> Fitness: 0.7891
Dataset initialized with pre-loaded data. Total samples: 897
Band indices for training dataloader: [99, 91, 166]
Dataset initialized with pre-loaded data. Total samples: 226
Band indices for test dataloader: [99, 91, 166]
🔍 Starting evaluation of individual [99, 91, 166]
Epoch: 1 | train_loss: 1.3803 | train_acc: 0.3060 | test_loss: 1.3272 | test_acc: 0.3125 | 
Epoch: 2 | train_loss: 1.2614 | train_acc: 0.4278 | test_loss: 1.1524 | test_acc: 0.5000 | 
Epoch: 3 | train_loss: 1.1458 | train_acc: 0.4871 | test_loss: 1.2491 | test_acc: 0.4375 | 
Epoch: 4 | train_loss: 1.0198 | train_acc: 0.5463 | test_loss: 1.0181 | test_acc: 0.6016 | 
Epoch: 5 | train_loss: 0.9625 | train_acc: 0.6228 | test_loss: 0.9592 | test_acc: 0.6172 | 
Epoch: 6 | train_loss: 0.8699 | train_acc: 0.6649 | test_loss: 1.0426 | test_acc: 0.6016 | 
Epoch: 7 | train_loss: 0.8320 | train_acc: 0.6616 | test_loss: 0.9188 | test_acc: 0.6562 | 
Epoch: 8 | train_loss: 0.8067 | train_acc: 0.6810 | test_loss: 1.0059 | test_acc: 0.5859 | 
Epoch: 9 | train_loss: 0.6643 | train_acc: 0.7381 | test_loss: 0.8600 | test_acc: 0.7031 | 
Epoch: 10 | train_loss: 0.6785 | train_acc: 0.7705 | test_loss: 0.9105 | test_acc: 0.6875 | 
Epoch: 11 | train_loss: 0.5849 | train_acc: 0.7845 | test_loss: 0.7983 | test_acc: 0.7031 | 
Epoch: 12 | train_loss: 0.6284 | train_acc: 0.7489 | test_loss: 0.8863 | test_acc: 0.6797 | 
Epoch: 13 | train_loss: 0.5542 | train_acc: 0.7985 | test_loss: 0.7908 | test_acc: 0.7188 | 
Epoch: 14 | train_loss: 0.5166 | train_acc: 0.8222 | test_loss: 0.8059 | test_acc: 0.6719 | 
Epoch: 15 | train_loss: 0.5554 | train_acc: 0.7953 | test_loss: 0.7845 | test_acc: 0.7070 | 
Epoch: 16 | train_loss: 0.4487 | train_acc: 0.8394 | test_loss: 0.8887 | test_acc: 0.6641 | 
Epoch: 17 | train_loss: 0.4478 | train_acc: 0.8265 | test_loss: 0.6371 | test_acc: 0.7617 | 
Epoch: 18 | train_loss: 0.4275 | train_acc: 0.8233 | test_loss: 0.6725 | test_acc: 0.7461 | 
Epoch: 19 | train_loss: 0.4029 | train_acc: 0.8631 | test_loss: 0.6250 | test_acc: 0.7734 | 
Epoch: 20 | train_loss: 0.4689 | train_acc: 0.8438 | test_loss: 0.6925 | test_acc: 0.7578 | 
Epoch: 21 | train_loss: 0.4440 | train_acc: 0.8297 | test_loss: 0.9149 | test_acc: 0.6953 | 
Epoch: 22 | train_loss: 0.3462 | train_acc: 0.8879 | test_loss: 0.8563 | test_acc: 0.6992 | 
Epoch: 23 | train_loss: 0.3853 | train_acc: 0.8491 | test_loss: 1.1084 | test_acc: 0.5742 | 
Epoch: 24 | train_loss: 0.4295 | train_acc: 0.8341 | test_loss: 0.5988 | test_acc: 0.7930 | 
Epoch: 25 | train_loss: 0.2928 | train_acc: 0.9084 | test_loss: 0.7296 | test_acc: 0.6250 | 
Epoch: 26 | train_loss: 0.4389 | train_acc: 0.8653 | test_loss: 0.7452 | test_acc: 0.7461 | 
Epoch: 27 | train_loss: 0.3876 | train_acc: 0.8384 | test_loss: 0.7704 | test_acc: 0.7266 | 
Epoch: 28 | train_loss: 0.3416 | train_acc: 0.8578 | test_loss: 0.6993 | test_acc: 0.7578 | 
Epoch: 29 | train_loss: 0.3007 | train_acc: 0.8836 | test_loss: 0.6596 | test_acc: 0.7656 | 
Epoch: 30 | train_loss: 0.2310 | train_acc: 0.9149 | test_loss: 0.6701 | test_acc: 0.7656 | 
Epoch: 31 | train_loss: 0.3338 | train_acc: 0.8901 | test_loss: 0.7152 | test_acc: 0.7773 | 
Epoch: 32 | train_loss: 0.2643 | train_acc: 0.9203 | test_loss: 0.8499 | test_acc: 0.7109 | 
Epoch: 33 | train_loss: 0.2837 | train_acc: 0.8858 | test_loss: 0.6975 | test_acc: 0.7695 | 
Epoch: 34 | train_loss: 0.2267 | train_acc: 0.9256 | test_loss: 0.7280 | test_acc: 0.7734 | 
Epoch: 35 | train_loss: 0.2521 | train_acc: 0.9073 | test_loss: 0.9548 | test_acc: 0.6719 | 
Epoch: 36 | train_loss: 0.2436 | train_acc: 0.9052 | test_loss: 0.7307 | test_acc: 0.7422 | 
Epoch: 37 | train_loss: 0.2722 | train_acc: 0.8879 | test_loss: 0.7318 | test_acc: 0.7500 | 
Epoch: 38 | train_loss: 0.3046 | train_acc: 0.9041 | test_loss: 0.7561 | test_acc: 0.7539 | 
Epoch: 39 | train_loss: 0.2756 | train_acc: 0.9019 | test_loss: 0.6946 | test_acc: 0.7812 | 
Epoch: 40 | train_loss: 0.1731 | train_acc: 0.9203 | test_loss: 0.7539 | test_acc: 0.7773 | 
Epoch: 41 | train_loss: 0.1990 | train_acc: 0.9170 | test_loss: 0.7620 | test_acc: 0.7656 | 
Epoch: 42 | train_loss: 0.1882 | train_acc: 0.9332 | test_loss: 0.8344 | test_acc: 0.7656 | 
Epoch: 43 | train_loss: 0.1766 | train_acc: 0.9429 | test_loss: 0.6985 | test_acc: 0.7734 | 
Epoch: 44 | train_loss: 0.1414 | train_acc: 0.9569 | test_loss: 0.6786 | test_acc: 0.7695 | 
Epoch: 45 | train_loss: 0.2653 | train_acc: 0.9127 | test_loss: 0.7167 | test_acc: 0.7852 | 
Epoch: 46 | train_loss: 0.2263 | train_acc: 0.9127 | test_loss: 0.7104 | test_acc: 0.7695 | 
Epoch: 47 | train_loss: 0.2060 | train_acc: 0.9127 | test_loss: 0.7156 | test_acc: 0.7734 | 
Epoch: 48 | train_loss: 0.1539 | train_acc: 0.9558 | test_loss: 0.7448 | test_acc: 0.7891 | 
Epoch: 49 | train_loss: 0.1954 | train_acc: 0.9267 | test_loss: 0.6785 | test_acc: 0.8047 | 
Epoch: 50 | train_loss: 0.2453 | train_acc: 0.9106 | test_loss: 0.7700 | test_acc: 0.7891 | 
⏱️ Total training time: 95.103 seconds
📊 Bands [99, 91, 166] -> Fitness: 0.7891
Bands [106, 71, 43] found in history. Returning cached fitness.
Dataset initialized with pre-loaded data. Total samples: 897
Band indices for training dataloader: [162, 106, 227]
Dataset initialized with pre-loaded data. Total samples: 226
Band indices for test dataloader: [162, 106, 227]
🔍 Starting evaluation of individual [162, 106, 227]
Epoch: 1 | train_loss: 1.3624 | train_acc: 0.3200 | test_loss: 1.2403 | test_acc: 0.4844 | 
Epoch: 2 | train_loss: 1.2444 | train_acc: 0.4407 | test_loss: 1.1874 | test_acc: 0.4688 | 
Epoch: 3 | train_loss: 1.0858 | train_acc: 0.5323 | test_loss: 1.2133 | test_acc: 0.5117 | 
Epoch: 4 | train_loss: 0.9804 | train_acc: 0.5905 | test_loss: 1.0773 | test_acc: 0.5625 | 
Epoch: 5 | train_loss: 0.9745 | train_acc: 0.6175 | test_loss: 0.9455 | test_acc: 0.6250 | 
Epoch: 6 | train_loss: 0.8916 | train_acc: 0.6412 | test_loss: 1.3922 | test_acc: 0.5352 | 
Epoch: 7 | train_loss: 0.8648 | train_acc: 0.6724 | test_loss: 0.9607 | test_acc: 0.6406 | 
Epoch: 8 | train_loss: 0.7921 | train_acc: 0.6638 | test_loss: 1.0094 | test_acc: 0.6445 | 
Epoch: 9 | train_loss: 0.6899 | train_acc: 0.7155 | test_loss: 0.9814 | test_acc: 0.6172 | 
Epoch: 10 | train_loss: 0.7107 | train_acc: 0.7403 | test_loss: 0.9956 | test_acc: 0.6094 | 
Epoch: 11 | train_loss: 0.5871 | train_acc: 0.7877 | test_loss: 0.9264 | test_acc: 0.6836 | 
Epoch: 12 | train_loss: 0.5455 | train_acc: 0.8060 | test_loss: 0.9440 | test_acc: 0.6602 | 
Epoch: 13 | train_loss: 0.5885 | train_acc: 0.7705 | test_loss: 1.0102 | test_acc: 0.6562 | 
Epoch: 14 | train_loss: 0.4820 | train_acc: 0.8405 | test_loss: 0.8854 | test_acc: 0.6953 | 
Epoch: 15 | train_loss: 0.5213 | train_acc: 0.7963 | test_loss: 0.8656 | test_acc: 0.6953 | 
Epoch: 16 | train_loss: 0.4567 | train_acc: 0.8394 | test_loss: 0.9528 | test_acc: 0.6562 | 
Epoch: 17 | train_loss: 0.5148 | train_acc: 0.7920 | test_loss: 0.9143 | test_acc: 0.6914 | 
Epoch: 18 | train_loss: 0.4931 | train_acc: 0.8103 | test_loss: 0.9440 | test_acc: 0.7109 | 
Epoch: 19 | train_loss: 0.3930 | train_acc: 0.8610 | test_loss: 0.8115 | test_acc: 0.7266 | 
Epoch: 20 | train_loss: 0.4778 | train_acc: 0.8222 | test_loss: 0.9225 | test_acc: 0.6641 | 
Epoch: 21 | train_loss: 0.4042 | train_acc: 0.8287 | test_loss: 0.8122 | test_acc: 0.7227 | 
Epoch: 22 | train_loss: 0.3450 | train_acc: 0.8631 | test_loss: 0.8292 | test_acc: 0.7539 | 
Epoch: 23 | train_loss: 0.3993 | train_acc: 0.8351 | test_loss: 0.7712 | test_acc: 0.7305 | 
Epoch: 24 | train_loss: 0.3334 | train_acc: 0.8922 | test_loss: 0.8324 | test_acc: 0.6953 | 
Epoch: 25 | train_loss: 0.3153 | train_acc: 0.9009 | test_loss: 0.8796 | test_acc: 0.7305 | 
Epoch: 26 | train_loss: 0.3684 | train_acc: 0.8653 | test_loss: 0.8426 | test_acc: 0.7500 | 
Epoch: 27 | train_loss: 0.3847 | train_acc: 0.8513 | test_loss: 0.8365 | test_acc: 0.7344 | 
Epoch: 28 | train_loss: 0.2978 | train_acc: 0.9073 | test_loss: 0.7645 | test_acc: 0.7617 | 
Epoch: 29 | train_loss: 0.2802 | train_acc: 0.8890 | test_loss: 0.7573 | test_acc: 0.7695 | 
Epoch: 30 | train_loss: 0.2882 | train_acc: 0.8966 | test_loss: 0.8730 | test_acc: 0.7109 | 
Epoch: 31 | train_loss: 0.3328 | train_acc: 0.8621 | test_loss: 0.8967 | test_acc: 0.7344 | 
Epoch: 32 | train_loss: 0.3654 | train_acc: 0.8448 | test_loss: 0.8031 | test_acc: 0.7266 | 
Epoch: 33 | train_loss: 0.2778 | train_acc: 0.8879 | test_loss: 0.7444 | test_acc: 0.7539 | 
Epoch: 34 | train_loss: 0.3321 | train_acc: 0.8610 | test_loss: 0.7854 | test_acc: 0.7422 | 
Epoch: 35 | train_loss: 0.3076 | train_acc: 0.8879 | test_loss: 0.8128 | test_acc: 0.7383 | 
Epoch: 36 | train_loss: 0.3592 | train_acc: 0.8653 | test_loss: 0.7238 | test_acc: 0.7617 | 
Epoch: 37 | train_loss: 0.2733 | train_acc: 0.9246 | test_loss: 0.7307 | test_acc: 0.7578 | 
Epoch: 38 | train_loss: 0.2711 | train_acc: 0.8922 | test_loss: 0.8429 | test_acc: 0.7422 | 
Epoch: 39 | train_loss: 0.3158 | train_acc: 0.8793 | test_loss: 0.8564 | test_acc: 0.7617 | 
Epoch: 40 | train_loss: 0.2478 | train_acc: 0.8976 | test_loss: 0.7534 | test_acc: 0.7539 | 
Epoch: 41 | train_loss: 0.2481 | train_acc: 0.8976 | test_loss: 0.8300 | test_acc: 0.7461 | 
Epoch: 42 | train_loss: 0.2420 | train_acc: 0.9332 | test_loss: 0.9164 | test_acc: 0.7461 | 
Epoch: 43 | train_loss: 0.2583 | train_acc: 0.9095 | test_loss: 0.9669 | test_acc: 0.7305 | 
Epoch: 44 | train_loss: 0.2843 | train_acc: 0.8750 | test_loss: 0.8701 | test_acc: 0.7578 | 
Epoch: 45 | train_loss: 0.2875 | train_acc: 0.8869 | test_loss: 0.8944 | test_acc: 0.7656 | 
Epoch: 46 | train_loss: 0.2462 | train_acc: 0.9192 | test_loss: 0.9666 | test_acc: 0.7344 | 
Epoch: 47 | train_loss: 0.2489 | train_acc: 0.9062 | test_loss: 0.9948 | test_acc: 0.7539 | 
Epoch: 48 | train_loss: 0.2194 | train_acc: 0.9332 | test_loss: 0.7374 | test_acc: 0.7812 | 
Epoch: 49 | train_loss: 0.2034 | train_acc: 0.9224 | test_loss: 0.7618 | test_acc: 0.7773 | 
Epoch: 50 | train_loss: 0.2767 | train_acc: 0.8955 | test_loss: 0.8794 | test_acc: 0.7695 | 
⏱️ Total training time: 90.127 seconds
📊 Bands [162, 106, 227] -> Fitness: 0.7695
Dataset initialized with pre-loaded data. Total samples: 897
Band indices for training dataloader: [135, 94, 178]
Dataset initialized with pre-loaded data. Total samples: 226
Band indices for test dataloader: [135, 94, 178]
🔍 Starting evaluation of individual [135, 94, 178]
Epoch: 1 | train_loss: 1.3571 | train_acc: 0.3265 | test_loss: 1.3120 | test_acc: 0.3516 | 
Epoch: 2 | train_loss: 1.2464 | train_acc: 0.4450 | test_loss: 1.1699 | test_acc: 0.5625 | 
Epoch: 3 | train_loss: 1.1623 | train_acc: 0.4925 | test_loss: 1.1523 | test_acc: 0.5078 | 
Epoch: 4 | train_loss: 1.0375 | train_acc: 0.5463 | test_loss: 1.0706 | test_acc: 0.5352 | 
Epoch: 5 | train_loss: 0.9221 | train_acc: 0.6078 | test_loss: 1.1240 | test_acc: 0.5234 | 
Epoch: 6 | train_loss: 0.9332 | train_acc: 0.6185 | test_loss: 1.0897 | test_acc: 0.5742 | 
Epoch: 7 | train_loss: 0.8216 | train_acc: 0.6455 | test_loss: 0.9505 | test_acc: 0.6641 | 
Epoch: 8 | train_loss: 0.7464 | train_acc: 0.6972 | test_loss: 0.9226 | test_acc: 0.6289 | 
Epoch: 9 | train_loss: 0.7102 | train_acc: 0.7371 | test_loss: 0.9400 | test_acc: 0.5938 | 
Epoch: 10 | train_loss: 0.6968 | train_acc: 0.7220 | test_loss: 0.8818 | test_acc: 0.7188 | 
Epoch: 11 | train_loss: 0.5723 | train_acc: 0.7877 | test_loss: 0.9370 | test_acc: 0.6797 | 
Epoch: 12 | train_loss: 0.5651 | train_acc: 0.7597 | test_loss: 1.0980 | test_acc: 0.6133 | 
Epoch: 13 | train_loss: 0.6291 | train_acc: 0.7640 | test_loss: 0.9437 | test_acc: 0.6758 | 
Epoch: 14 | train_loss: 0.4643 | train_acc: 0.8384 | test_loss: 0.8359 | test_acc: 0.7109 | 
Epoch: 15 | train_loss: 0.5297 | train_acc: 0.7845 | test_loss: 0.8067 | test_acc: 0.7109 | 
Epoch: 16 | train_loss: 0.4687 | train_acc: 0.8222 | test_loss: 0.8851 | test_acc: 0.7266 | 
Epoch: 17 | train_loss: 0.4084 | train_acc: 0.8351 | test_loss: 0.8041 | test_acc: 0.7539 | 
Epoch: 18 | train_loss: 0.4591 | train_acc: 0.8147 | test_loss: 0.9897 | test_acc: 0.7227 | 
Epoch: 19 | train_loss: 0.4486 | train_acc: 0.8394 | test_loss: 0.7046 | test_acc: 0.7734 | 
Epoch: 20 | train_loss: 0.3653 | train_acc: 0.8599 | test_loss: 0.7318 | test_acc: 0.7461 | 
Epoch: 21 | train_loss: 0.4201 | train_acc: 0.8534 | test_loss: 0.7554 | test_acc: 0.7344 | 
Epoch: 22 | train_loss: 0.3413 | train_acc: 0.8761 | test_loss: 0.7539 | test_acc: 0.7383 | 
Epoch: 23 | train_loss: 0.3261 | train_acc: 0.8739 | test_loss: 0.8008 | test_acc: 0.7109 | 
Epoch: 24 | train_loss: 0.3682 | train_acc: 0.8394 | test_loss: 0.7809 | test_acc: 0.7539 | 
Epoch: 25 | train_loss: 0.2956 | train_acc: 0.9009 | test_loss: 0.8228 | test_acc: 0.7227 | 
Epoch: 26 | train_loss: 0.3541 | train_acc: 0.8836 | test_loss: 0.7689 | test_acc: 0.6875 | 
Epoch: 27 | train_loss: 0.2917 | train_acc: 0.8761 | test_loss: 0.7259 | test_acc: 0.7500 | 
Epoch: 28 | train_loss: 0.3423 | train_acc: 0.8578 | test_loss: 0.7498 | test_acc: 0.6914 | 
Epoch: 29 | train_loss: 0.3867 | train_acc: 0.8696 | test_loss: 0.7829 | test_acc: 0.6953 | 
Epoch: 30 | train_loss: 0.2913 | train_acc: 0.8869 | test_loss: 0.8026 | test_acc: 0.7852 | 
Epoch: 31 | train_loss: 0.3064 | train_acc: 0.8728 | test_loss: 0.9297 | test_acc: 0.6758 | 
Epoch: 32 | train_loss: 0.3128 | train_acc: 0.9019 | test_loss: 0.7469 | test_acc: 0.7539 | 
Epoch: 33 | train_loss: 0.2948 | train_acc: 0.8869 | test_loss: 0.7875 | test_acc: 0.7227 | 
Epoch: 34 | train_loss: 0.2671 | train_acc: 0.9138 | test_loss: 0.9202 | test_acc: 0.7656 | 
Epoch: 35 | train_loss: 0.2717 | train_acc: 0.8901 | test_loss: 0.9815 | test_acc: 0.7305 | 
Epoch: 36 | train_loss: 0.2460 | train_acc: 0.8944 | test_loss: 0.9114 | test_acc: 0.7148 | 
Epoch: 37 | train_loss: 0.2941 | train_acc: 0.8890 | test_loss: 0.8244 | test_acc: 0.7734 | 
Epoch: 38 | train_loss: 0.2392 | train_acc: 0.9256 | test_loss: 0.8825 | test_acc: 0.7305 | 
Epoch: 39 | train_loss: 0.1933 | train_acc: 0.9343 | test_loss: 0.7074 | test_acc: 0.7422 | 
Epoch: 40 | train_loss: 0.2193 | train_acc: 0.9084 | test_loss: 0.6436 | test_acc: 0.8086 | 
Epoch: 41 | train_loss: 0.2313 | train_acc: 0.9300 | test_loss: 0.6984 | test_acc: 0.7188 | 
Epoch: 42 | train_loss: 0.2711 | train_acc: 0.9030 | test_loss: 0.8923 | test_acc: 0.7266 | 
Epoch: 43 | train_loss: 0.3120 | train_acc: 0.8718 | test_loss: 0.6797 | test_acc: 0.7148 | 
Epoch: 44 | train_loss: 0.2839 | train_acc: 0.9052 | test_loss: 0.7378 | test_acc: 0.7422 | 
Epoch: 45 | train_loss: 0.3238 | train_acc: 0.8966 | test_loss: 0.7762 | test_acc: 0.7422 | 
Epoch: 46 | train_loss: 0.2997 | train_acc: 0.8933 | test_loss: 0.7750 | test_acc: 0.7148 | 
Epoch: 47 | train_loss: 0.2602 | train_acc: 0.9052 | test_loss: 0.9842 | test_acc: 0.6406 | 
Epoch: 48 | train_loss: 0.2043 | train_acc: 0.9203 | test_loss: 0.5829 | test_acc: 0.7930 | 
Epoch: 49 | train_loss: 0.1986 | train_acc: 0.9364 | test_loss: 0.6102 | test_acc: 0.7227 | 
Epoch: 50 | train_loss: 0.2076 | train_acc: 0.9170 | test_loss: 0.7504 | test_acc: 0.7148 | 
⏱️ Total training time: 90.094 seconds
📊 Bands [135, 94, 178] -> Fitness: 0.7148
Dataset initialized with pre-loaded data. Total samples: 897
Band indices for training dataloader: [179, 243, 120]
Dataset initialized with pre-loaded data. Total samples: 226
Band indices for test dataloader: [179, 243, 120]
🔍 Starting evaluation of individual [179, 243, 120]
Epoch: 1 | train_loss: 1.3538 | train_acc: 0.3642 | test_loss: 1.3093 | test_acc: 0.4297 | 
Epoch: 2 | train_loss: 1.2037 | train_acc: 0.4935 | test_loss: 1.1632 | test_acc: 0.5352 | 
Epoch: 3 | train_loss: 1.1415 | train_acc: 0.5032 | test_loss: 1.2741 | test_acc: 0.4648 | 
Epoch: 4 | train_loss: 1.1029 | train_acc: 0.5280 | test_loss: 1.3289 | test_acc: 0.4531 | 
Epoch: 5 | train_loss: 0.9772 | train_acc: 0.5841 | test_loss: 1.2078 | test_acc: 0.4961 | 
Epoch: 6 | train_loss: 0.9051 | train_acc: 0.6487 | test_loss: 1.2495 | test_acc: 0.5312 | 
Epoch: 7 | train_loss: 0.8196 | train_acc: 0.6940 | test_loss: 1.0466 | test_acc: 0.5859 | 
Epoch: 8 | train_loss: 0.8069 | train_acc: 0.6703 | test_loss: 1.0460 | test_acc: 0.6367 | 
Epoch: 9 | train_loss: 0.7972 | train_acc: 0.6810 | test_loss: 0.9127 | test_acc: 0.6953 | 
Epoch: 10 | train_loss: 0.7496 | train_acc: 0.7080 | test_loss: 1.1971 | test_acc: 0.6211 | 
Epoch: 11 | train_loss: 0.6819 | train_acc: 0.7619 | test_loss: 0.9763 | test_acc: 0.6758 | 
Epoch: 12 | train_loss: 0.6498 | train_acc: 0.7575 | test_loss: 1.6129 | test_acc: 0.5469 | 
Epoch: 13 | train_loss: 0.5853 | train_acc: 0.7877 | test_loss: 0.9303 | test_acc: 0.6602 | 
Epoch: 14 | train_loss: 0.6074 | train_acc: 0.7489 | test_loss: 1.0467 | test_acc: 0.5977 | 
Epoch: 15 | train_loss: 0.5417 | train_acc: 0.8028 | test_loss: 0.8513 | test_acc: 0.7266 | 
Epoch: 16 | train_loss: 0.4744 | train_acc: 0.8200 | test_loss: 1.0090 | test_acc: 0.6367 | 
Epoch: 17 | train_loss: 0.4459 | train_acc: 0.8222 | test_loss: 0.8291 | test_acc: 0.7148 | 
Epoch: 18 | train_loss: 0.5169 | train_acc: 0.8039 | test_loss: 0.8962 | test_acc: 0.7109 | 
Epoch: 19 | train_loss: 0.4617 | train_acc: 0.8416 | test_loss: 0.7949 | test_acc: 0.7383 | 
Epoch: 20 | train_loss: 0.4824 | train_acc: 0.8200 | test_loss: 0.8876 | test_acc: 0.6602 | 
Epoch: 21 | train_loss: 0.4688 | train_acc: 0.8297 | test_loss: 0.7434 | test_acc: 0.7578 | 
Epoch: 22 | train_loss: 0.4175 | train_acc: 0.8362 | test_loss: 1.0087 | test_acc: 0.6719 | 
Epoch: 23 | train_loss: 0.4037 | train_acc: 0.8491 | test_loss: 0.8965 | test_acc: 0.7070 | 
Epoch: 24 | train_loss: 0.4094 | train_acc: 0.8351 | test_loss: 1.0491 | test_acc: 0.6367 | 
Epoch: 25 | train_loss: 0.3694 | train_acc: 0.8728 | test_loss: 0.9962 | test_acc: 0.7070 | 
Epoch: 26 | train_loss: 0.3703 | train_acc: 0.8631 | test_loss: 0.8346 | test_acc: 0.7344 | 
Epoch: 27 | train_loss: 0.3702 | train_acc: 0.8642 | test_loss: 0.8500 | test_acc: 0.7305 | 
Epoch: 28 | train_loss: 0.4158 | train_acc: 0.8513 | test_loss: 0.8653 | test_acc: 0.7227 | 
Epoch: 29 | train_loss: 0.3549 | train_acc: 0.8815 | test_loss: 0.8404 | test_acc: 0.7305 | 
Epoch: 30 | train_loss: 0.3255 | train_acc: 0.8664 | test_loss: 0.7604 | test_acc: 0.7422 | 
Epoch: 31 | train_loss: 0.2970 | train_acc: 0.9084 | test_loss: 0.9080 | test_acc: 0.7383 | 
Epoch: 32 | train_loss: 0.3353 | train_acc: 0.8675 | test_loss: 0.8738 | test_acc: 0.7188 | 
Epoch: 33 | train_loss: 0.3346 | train_acc: 0.8588 | test_loss: 1.0486 | test_acc: 0.6328 | 
Epoch: 34 | train_loss: 0.3720 | train_acc: 0.8610 | test_loss: 0.8462 | test_acc: 0.7461 | 
Epoch: 35 | train_loss: 0.3760 | train_acc: 0.8793 | test_loss: 0.7821 | test_acc: 0.7461 | 
Epoch: 36 | train_loss: 0.2919 | train_acc: 0.8922 | test_loss: 0.9482 | test_acc: 0.7109 | 
Epoch: 37 | train_loss: 0.3321 | train_acc: 0.8578 | test_loss: 0.7580 | test_acc: 0.7695 | 
Epoch: 38 | train_loss: 0.2578 | train_acc: 0.9106 | test_loss: 0.8218 | test_acc: 0.7422 | 
Epoch: 39 | train_loss: 0.3057 | train_acc: 0.8901 | test_loss: 0.8048 | test_acc: 0.7695 | 
Epoch: 40 | train_loss: 0.2877 | train_acc: 0.9213 | test_loss: 0.9821 | test_acc: 0.7305 | 
Epoch: 41 | train_loss: 0.2594 | train_acc: 0.8944 | test_loss: 0.9204 | test_acc: 0.7383 | 
Epoch: 42 | train_loss: 0.2665 | train_acc: 0.8825 | test_loss: 0.8608 | test_acc: 0.7500 | 
Epoch: 43 | train_loss: 0.2484 | train_acc: 0.9213 | test_loss: 0.7668 | test_acc: 0.7773 | 
Epoch: 44 | train_loss: 0.2074 | train_acc: 0.9450 | test_loss: 0.8898 | test_acc: 0.7578 | 
Epoch: 45 | train_loss: 0.2553 | train_acc: 0.9278 | test_loss: 0.8378 | test_acc: 0.7734 | 
Epoch: 46 | train_loss: 0.3323 | train_acc: 0.8869 | test_loss: 0.8901 | test_acc: 0.7461 | 
Epoch: 47 | train_loss: 0.2507 | train_acc: 0.8987 | test_loss: 0.8282 | test_acc: 0.7617 | 
Epoch: 48 | train_loss: 0.2238 | train_acc: 0.9321 | test_loss: 1.0154 | test_acc: 0.7188 | 
Epoch: 49 | train_loss: 0.2111 | train_acc: 0.9332 | test_loss: 1.0091 | test_acc: 0.7344 | 
Epoch: 50 | train_loss: 0.3560 | train_acc: 0.8944 | test_loss: 0.9074 | test_acc: 0.7539 | 
⏱️ Total training time: 97.609 seconds
📊 Bands [179, 243, 120] -> Fitness: 0.7539
Dataset initialized with pre-loaded data. Total samples: 897
Band indices for training dataloader: [155, 76, 114]
Dataset initialized with pre-loaded data. Total samples: 226
Band indices for test dataloader: [155, 76, 114]
🔍 Starting evaluation of individual [155, 76, 114]
Epoch: 1 | train_loss: 1.3515 | train_acc: 0.3308 | test_loss: 1.3542 | test_acc: 0.3203 | 
Epoch: 2 | train_loss: 1.2533 | train_acc: 0.4203 | test_loss: 1.2124 | test_acc: 0.5039 | 
Epoch: 3 | train_loss: 1.1785 | train_acc: 0.4849 | test_loss: 1.3918 | test_acc: 0.3477 | 
Epoch: 4 | train_loss: 1.0605 | train_acc: 0.5550 | test_loss: 1.0971 | test_acc: 0.5625 | 
Epoch: 5 | train_loss: 0.9553 | train_acc: 0.6088 | test_loss: 1.2320 | test_acc: 0.5234 | 
Epoch: 6 | train_loss: 0.9058 | train_acc: 0.6282 | test_loss: 0.9760 | test_acc: 0.6719 | 
Epoch: 7 | train_loss: 0.8414 | train_acc: 0.6390 | test_loss: 0.9211 | test_acc: 0.6602 | 
Epoch: 8 | train_loss: 0.7916 | train_acc: 0.6972 | test_loss: 0.9968 | test_acc: 0.6406 | 
Epoch: 9 | train_loss: 0.8190 | train_acc: 0.6746 | test_loss: 1.0311 | test_acc: 0.6289 | 
Epoch: 10 | train_loss: 0.7171 | train_acc: 0.7037 | test_loss: 0.9410 | test_acc: 0.6445 | 
Epoch: 11 | train_loss: 0.6876 | train_acc: 0.7252 | test_loss: 1.1138 | test_acc: 0.6055 | 
Epoch: 12 | train_loss: 0.6881 | train_acc: 0.7220 | test_loss: 0.8803 | test_acc: 0.7031 | 
Epoch: 13 | train_loss: 0.5666 | train_acc: 0.7748 | test_loss: 0.8953 | test_acc: 0.6836 | 
Epoch: 14 | train_loss: 0.5979 | train_acc: 0.7683 | test_loss: 0.9377 | test_acc: 0.6836 | 
Epoch: 15 | train_loss: 0.5505 | train_acc: 0.8168 | test_loss: 0.7934 | test_acc: 0.7148 | 
Epoch: 16 | train_loss: 0.5392 | train_acc: 0.7672 | test_loss: 0.7806 | test_acc: 0.7148 | 
Epoch: 17 | train_loss: 0.5056 | train_acc: 0.8039 | test_loss: 0.7469 | test_acc: 0.7461 | 
Epoch: 18 | train_loss: 0.4672 | train_acc: 0.8567 | test_loss: 0.7529 | test_acc: 0.7305 | 
Epoch: 19 | train_loss: 0.4443 | train_acc: 0.8556 | test_loss: 0.8783 | test_acc: 0.7188 | 
Epoch: 20 | train_loss: 0.4731 | train_acc: 0.8427 | test_loss: 0.8233 | test_acc: 0.7070 | 
Epoch: 21 | train_loss: 0.3801 | train_acc: 0.8825 | test_loss: 0.8649 | test_acc: 0.7109 | 
Epoch: 22 | train_loss: 0.3623 | train_acc: 0.8491 | test_loss: 0.7757 | test_acc: 0.7656 | 
Epoch: 23 | train_loss: 0.3502 | train_acc: 0.8750 | test_loss: 0.8137 | test_acc: 0.7109 | 
Epoch: 24 | train_loss: 0.3533 | train_acc: 0.8696 | test_loss: 0.8036 | test_acc: 0.7461 | 
Epoch: 25 | train_loss: 0.3321 | train_acc: 0.8524 | test_loss: 0.7392 | test_acc: 0.7539 | 
Epoch: 26 | train_loss: 0.3082 | train_acc: 0.9073 | test_loss: 0.7958 | test_acc: 0.7266 | 
Epoch: 27 | train_loss: 0.4016 | train_acc: 0.8438 | test_loss: 0.8273 | test_acc: 0.7266 | 
Epoch: 28 | train_loss: 0.3764 | train_acc: 0.8675 | test_loss: 0.7353 | test_acc: 0.7734 | 
Epoch: 29 | train_loss: 0.2992 | train_acc: 0.8966 | test_loss: 0.8307 | test_acc: 0.7617 | 
Epoch: 30 | train_loss: 0.3122 | train_acc: 0.8696 | test_loss: 0.7645 | test_acc: 0.7891 | 
Epoch: 31 | train_loss: 0.3483 | train_acc: 0.8772 | test_loss: 0.7642 | test_acc: 0.7578 | 
Epoch: 32 | train_loss: 0.3246 | train_acc: 0.8793 | test_loss: 0.7432 | test_acc: 0.7539 | 
Epoch: 33 | train_loss: 0.2726 | train_acc: 0.9159 | test_loss: 0.8854 | test_acc: 0.7188 | 
Epoch: 34 | train_loss: 0.2785 | train_acc: 0.9224 | test_loss: 0.6626 | test_acc: 0.7773 | 
Epoch: 35 | train_loss: 0.3206 | train_acc: 0.8890 | test_loss: 0.8214 | test_acc: 0.7461 | 
Epoch: 36 | train_loss: 0.3176 | train_acc: 0.8588 | test_loss: 0.7841 | test_acc: 0.7578 | 
Epoch: 37 | train_loss: 0.2573 | train_acc: 0.8890 | test_loss: 0.9366 | test_acc: 0.6992 | 
Epoch: 38 | train_loss: 0.2322 | train_acc: 0.9213 | test_loss: 0.9057 | test_acc: 0.7344 | 
Epoch: 39 | train_loss: 0.2757 | train_acc: 0.8901 | test_loss: 0.8200 | test_acc: 0.7148 | 
Epoch: 40 | train_loss: 0.2536 | train_acc: 0.9019 | test_loss: 0.8372 | test_acc: 0.6953 | 
Epoch: 41 | train_loss: 0.2552 | train_acc: 0.8847 | test_loss: 0.7895 | test_acc: 0.7578 | 
Epoch: 42 | train_loss: 0.3185 | train_acc: 0.8696 | test_loss: 1.0047 | test_acc: 0.7109 | 
Epoch: 43 | train_loss: 0.2595 | train_acc: 0.9030 | test_loss: 0.8840 | test_acc: 0.6992 | 
Epoch: 44 | train_loss: 0.2962 | train_acc: 0.8912 | test_loss: 0.9161 | test_acc: 0.7344 | 
Epoch: 45 | train_loss: 0.2686 | train_acc: 0.8879 | test_loss: 0.7322 | test_acc: 0.7773 | 
Epoch: 46 | train_loss: 0.2452 | train_acc: 0.9062 | test_loss: 0.6954 | test_acc: 0.7812 | 
Epoch: 47 | train_loss: 0.2154 | train_acc: 0.9009 | test_loss: 0.8524 | test_acc: 0.7695 | 
Epoch: 48 | train_loss: 0.2603 | train_acc: 0.9062 | test_loss: 0.9847 | test_acc: 0.7383 | 
Epoch: 49 | train_loss: 0.3260 | train_acc: 0.8836 | test_loss: 0.7995 | test_acc: 0.8086 | 
Epoch: 50 | train_loss: 0.2452 | train_acc: 0.9310 | test_loss: 0.8011 | test_acc: 0.7695 | 
⏱️ Total training time: 99.527 seconds
📊 Bands [155, 76, 114] -> Fitness: 0.7695
5  	13    	0.777734	0.0339844	0.695312	0.824219	Individual('h', [110, 97, 172]) 
Bands [110, 97, 172] found in history. Returning cached fitness.
Bands [110, 97, 172] found in history. Returning cached fitness.
Bands [110, 97, 172] found in history. Returning cached fitness.
Bands [110, 97, 172] found in history. Returning cached fitness.
Bands [110, 97, 172] found in history. Returning cached fitness.
Bands [110, 97, 172] found in history. Returning cached fitness.
Dataset initialized with pre-loaded data. Total samples: 897
Band indices for training dataloader: [197, 104, 275]
Dataset initialized with pre-loaded data. Total samples: 226
Band indices for test dataloader: [197, 104, 275]
🔍 Starting evaluation of individual [197, 104, 275]
Epoch: 1 | train_loss: 1.3639 | train_acc: 0.3103 | test_loss: 1.4510 | test_acc: 0.3867 | 
Epoch: 2 | train_loss: 1.2617 | train_acc: 0.4256 | test_loss: 1.2668 | test_acc: 0.4180 | 
Epoch: 3 | train_loss: 1.1602 | train_acc: 0.4914 | test_loss: 1.4159 | test_acc: 0.5078 | 
Epoch: 4 | train_loss: 1.0939 | train_acc: 0.5377 | test_loss: 1.1305 | test_acc: 0.5703 | 
Epoch: 5 | train_loss: 0.9622 | train_acc: 0.5970 | test_loss: 1.3323 | test_acc: 0.4414 | 
Epoch: 6 | train_loss: 0.9332 | train_acc: 0.6293 | test_loss: 1.0416 | test_acc: 0.5312 | 
Epoch: 7 | train_loss: 0.8424 | train_acc: 0.6412 | test_loss: 1.0380 | test_acc: 0.5859 | 
Epoch: 8 | train_loss: 0.8133 | train_acc: 0.6713 | test_loss: 1.0643 | test_acc: 0.5195 | 
Epoch: 9 | train_loss: 0.8360 | train_acc: 0.6659 | test_loss: 0.9011 | test_acc: 0.6836 | 
Epoch: 10 | train_loss: 0.7155 | train_acc: 0.7295 | test_loss: 0.9869 | test_acc: 0.6133 | 
Epoch: 11 | train_loss: 0.7374 | train_acc: 0.7263 | test_loss: 1.1296 | test_acc: 0.6133 | 
Epoch: 12 | train_loss: 0.6740 | train_acc: 0.7284 | test_loss: 0.9178 | test_acc: 0.6914 | 
Epoch: 13 | train_loss: 0.5750 | train_acc: 0.7812 | test_loss: 0.9888 | test_acc: 0.6133 | 
Epoch: 14 | train_loss: 0.6484 | train_acc: 0.7769 | test_loss: 0.8550 | test_acc: 0.6797 | 
Epoch: 15 | train_loss: 0.5239 | train_acc: 0.8136 | test_loss: 0.8716 | test_acc: 0.6875 | 
Epoch: 16 | train_loss: 0.5368 | train_acc: 0.7920 | test_loss: 0.9699 | test_acc: 0.6992 | 
Epoch: 17 | train_loss: 0.5202 | train_acc: 0.8103 | test_loss: 0.9474 | test_acc: 0.6562 | 
Epoch: 18 | train_loss: 0.5472 | train_acc: 0.7888 | test_loss: 1.0301 | test_acc: 0.6367 | 
Epoch: 19 | train_loss: 0.5499 | train_acc: 0.7834 | test_loss: 0.8891 | test_acc: 0.7383 | 
Epoch: 20 | train_loss: 0.4979 | train_acc: 0.8147 | test_loss: 0.8720 | test_acc: 0.7578 | 
Epoch: 21 | train_loss: 0.4539 | train_acc: 0.8125 | test_loss: 1.0166 | test_acc: 0.6953 | 
Epoch: 22 | train_loss: 0.4149 | train_acc: 0.8341 | test_loss: 1.0193 | test_acc: 0.7109 | 
Epoch: 23 | train_loss: 0.4102 | train_acc: 0.8502 | test_loss: 0.9476 | test_acc: 0.7344 | 
Epoch: 24 | train_loss: 0.3746 | train_acc: 0.8707 | test_loss: 0.9163 | test_acc: 0.7227 | 
Epoch: 25 | train_loss: 0.3684 | train_acc: 0.8653 | test_loss: 0.9823 | test_acc: 0.7266 | 
Epoch: 26 | train_loss: 0.3314 | train_acc: 0.8664 | test_loss: 0.9099 | test_acc: 0.7422 | 
Epoch: 27 | train_loss: 0.4214 | train_acc: 0.8254 | test_loss: 0.9100 | test_acc: 0.6953 | 
Epoch: 28 | train_loss: 0.3401 | train_acc: 0.8728 | test_loss: 1.0231 | test_acc: 0.6641 | 
Epoch: 29 | train_loss: 0.4031 | train_acc: 0.8502 | test_loss: 1.0631 | test_acc: 0.6445 | 
Epoch: 30 | train_loss: 0.3245 | train_acc: 0.8987 | test_loss: 0.9531 | test_acc: 0.7422 | 
Epoch: 31 | train_loss: 0.3425 | train_acc: 0.8879 | test_loss: 0.8998 | test_acc: 0.7383 | 
Epoch: 32 | train_loss: 0.3378 | train_acc: 0.8772 | test_loss: 0.7534 | test_acc: 0.7656 | 
Epoch: 33 | train_loss: 0.3081 | train_acc: 0.8599 | test_loss: 0.8042 | test_acc: 0.7734 | 
Epoch: 34 | train_loss: 0.2996 | train_acc: 0.8933 | test_loss: 0.7556 | test_acc: 0.7695 | 
Epoch: 35 | train_loss: 0.3235 | train_acc: 0.8696 | test_loss: 0.9378 | test_acc: 0.7383 | 
Epoch: 36 | train_loss: 0.2510 | train_acc: 0.9192 | test_loss: 0.9971 | test_acc: 0.7695 | 
Epoch: 37 | train_loss: 0.2578 | train_acc: 0.9095 | test_loss: 0.9223 | test_acc: 0.7305 | 
Epoch: 38 | train_loss: 0.2700 | train_acc: 0.9116 | test_loss: 0.9309 | test_acc: 0.7500 | 
Epoch: 39 | train_loss: 0.2395 | train_acc: 0.9203 | test_loss: 1.0398 | test_acc: 0.7227 | 
Epoch: 40 | train_loss: 0.2352 | train_acc: 0.9181 | test_loss: 0.8701 | test_acc: 0.7656 | 
Epoch: 41 | train_loss: 0.2106 | train_acc: 0.9407 | test_loss: 0.9563 | test_acc: 0.7344 | 
Epoch: 42 | train_loss: 0.2876 | train_acc: 0.8890 | test_loss: 0.9711 | test_acc: 0.7344 | 
Epoch: 43 | train_loss: 0.2256 | train_acc: 0.9289 | test_loss: 0.9039 | test_acc: 0.7305 | 
Epoch: 44 | train_loss: 0.2541 | train_acc: 0.8890 | test_loss: 0.8566 | test_acc: 0.7617 | 
Epoch: 45 | train_loss: 0.2532 | train_acc: 0.8966 | test_loss: 1.0229 | test_acc: 0.7188 | 
Epoch: 46 | train_loss: 0.3654 | train_acc: 0.8901 | test_loss: 1.0759 | test_acc: 0.7031 | 
Epoch: 47 | train_loss: 0.2232 | train_acc: 0.9095 | test_loss: 0.9193 | test_acc: 0.7578 | 
Epoch: 48 | train_loss: 0.2618 | train_acc: 0.9030 | test_loss: 0.9813 | test_acc: 0.7578 | 
Epoch: 49 | train_loss: 0.2765 | train_acc: 0.8912 | test_loss: 0.9932 | test_acc: 0.7344 | 
Epoch: 50 | train_loss: 0.2531 | train_acc: 0.9149 | test_loss: 1.0553 | test_acc: 0.7422 | 
⏱️ Total training time: 85.973 seconds
📊 Bands [197, 104, 275] -> Fitness: 0.7422
Dataset initialized with pre-loaded data. Total samples: 897
Band indices for training dataloader: [96, 70, 1]
Dataset initialized with pre-loaded data. Total samples: 226
Band indices for test dataloader: [96, 70, 1]
🔍 Starting evaluation of individual [96, 70, 1]
Epoch: 1 | train_loss: 1.3858 | train_acc: 0.3050 | test_loss: 1.2826 | test_acc: 0.4531 | 
Epoch: 2 | train_loss: 1.2781 | train_acc: 0.3922 | test_loss: 1.3056 | test_acc: 0.4609 | 
Epoch: 3 | train_loss: 1.1967 | train_acc: 0.4537 | test_loss: 1.3585 | test_acc: 0.3945 | 
Epoch: 4 | train_loss: 1.1341 | train_acc: 0.4989 | test_loss: 1.2383 | test_acc: 0.5000 | 
Epoch: 5 | train_loss: 1.0912 | train_acc: 0.5022 | test_loss: 1.2065 | test_acc: 0.4805 | 
Epoch: 6 | train_loss: 1.0013 | train_acc: 0.5582 | test_loss: 1.1672 | test_acc: 0.4766 | 
Epoch: 7 | train_loss: 0.9840 | train_acc: 0.5700 | test_loss: 1.1430 | test_acc: 0.6055 | 
Epoch: 8 | train_loss: 0.9767 | train_acc: 0.5938 | test_loss: 1.1271 | test_acc: 0.5312 | 
Epoch: 9 | train_loss: 0.8825 | train_acc: 0.6272 | test_loss: 1.2649 | test_acc: 0.5000 | 
Epoch: 10 | train_loss: 0.7945 | train_acc: 0.6681 | test_loss: 1.2275 | test_acc: 0.5352 | 
Epoch: 11 | train_loss: 0.8448 | train_acc: 0.6476 | test_loss: 1.1579 | test_acc: 0.5234 | 
Epoch: 12 | train_loss: 0.7726 | train_acc: 0.6724 | test_loss: 1.0158 | test_acc: 0.6289 | 
Epoch: 13 | train_loss: 0.7426 | train_acc: 0.7112 | test_loss: 1.0379 | test_acc: 0.6211 | 
Epoch: 14 | train_loss: 0.7490 | train_acc: 0.6972 | test_loss: 1.0085 | test_acc: 0.5625 | 
Epoch: 15 | train_loss: 0.6746 | train_acc: 0.7144 | test_loss: 1.1452 | test_acc: 0.5547 | 
Epoch: 16 | train_loss: 0.6690 | train_acc: 0.7360 | test_loss: 1.0359 | test_acc: 0.5664 | 
Epoch: 17 | train_loss: 0.6406 | train_acc: 0.7392 | test_loss: 1.2595 | test_acc: 0.5391 | 
Epoch: 18 | train_loss: 0.5926 | train_acc: 0.7759 | test_loss: 1.0604 | test_acc: 0.6289 | 
Epoch: 19 | train_loss: 0.5277 | train_acc: 0.8060 | test_loss: 1.4065 | test_acc: 0.4961 | 
Epoch: 20 | train_loss: 0.5612 | train_acc: 0.7759 | test_loss: 1.3491 | test_acc: 0.5508 | 
Epoch: 21 | train_loss: 0.5044 | train_acc: 0.8287 | test_loss: 1.1640 | test_acc: 0.5625 | 
Epoch: 22 | train_loss: 0.4983 | train_acc: 0.8060 | test_loss: 1.1517 | test_acc: 0.6211 | 
Epoch: 23 | train_loss: 0.4774 | train_acc: 0.7974 | test_loss: 1.1015 | test_acc: 0.6836 | 
Epoch: 24 | train_loss: 0.5123 | train_acc: 0.8017 | test_loss: 1.2553 | test_acc: 0.5781 | 
Epoch: 25 | train_loss: 0.5141 | train_acc: 0.8244 | test_loss: 1.2499 | test_acc: 0.5664 | 
Epoch: 26 | train_loss: 0.4584 | train_acc: 0.8351 | test_loss: 1.0522 | test_acc: 0.6562 | 
Epoch: 27 | train_loss: 0.4573 | train_acc: 0.8416 | test_loss: 1.1466 | test_acc: 0.6172 | 
Epoch: 28 | train_loss: 0.4129 | train_acc: 0.8491 | test_loss: 0.9704 | test_acc: 0.7031 | 
Epoch: 29 | train_loss: 0.4194 | train_acc: 0.8416 | test_loss: 1.3071 | test_acc: 0.6016 | 
Epoch: 30 | train_loss: 0.4364 | train_acc: 0.8534 | test_loss: 1.3214 | test_acc: 0.5820 | 
Epoch: 31 | train_loss: 0.4454 | train_acc: 0.8265 | test_loss: 1.1098 | test_acc: 0.6406 | 
Epoch: 32 | train_loss: 0.4164 | train_acc: 0.8308 | test_loss: 1.1342 | test_acc: 0.6562 | 
Epoch: 33 | train_loss: 0.4551 | train_acc: 0.8297 | test_loss: 1.1734 | test_acc: 0.6172 | 
Epoch: 34 | train_loss: 0.3571 | train_acc: 0.8308 | test_loss: 1.0167 | test_acc: 0.6758 | 
Epoch: 35 | train_loss: 0.4173 | train_acc: 0.8341 | test_loss: 1.1993 | test_acc: 0.5703 | 
Epoch: 36 | train_loss: 0.3648 | train_acc: 0.8599 | test_loss: 1.0805 | test_acc: 0.6797 | 
Epoch: 37 | train_loss: 0.3781 | train_acc: 0.8642 | test_loss: 1.3762 | test_acc: 0.6016 | 
Epoch: 38 | train_loss: 0.3241 | train_acc: 0.8750 | test_loss: 1.1674 | test_acc: 0.6680 | 
Epoch: 39 | train_loss: 0.3111 | train_acc: 0.9073 | test_loss: 1.0060 | test_acc: 0.6914 | 
Epoch: 40 | train_loss: 0.3281 | train_acc: 0.8653 | test_loss: 1.0546 | test_acc: 0.6250 | 
Epoch: 41 | train_loss: 0.3375 | train_acc: 0.8847 | test_loss: 1.0419 | test_acc: 0.6914 | 
Epoch: 42 | train_loss: 0.3362 | train_acc: 0.8685 | test_loss: 1.0920 | test_acc: 0.6133 | 
Epoch: 43 | train_loss: 0.3664 | train_acc: 0.8491 | test_loss: 1.2465 | test_acc: 0.6250 | 
Epoch: 44 | train_loss: 0.3560 | train_acc: 0.8750 | test_loss: 1.2006 | test_acc: 0.6406 | 
Epoch: 45 | train_loss: 0.2465 | train_acc: 0.9149 | test_loss: 1.1432 | test_acc: 0.6211 | 
Epoch: 46 | train_loss: 0.2313 | train_acc: 0.9149 | test_loss: 1.4977 | test_acc: 0.5430 | 
Epoch: 47 | train_loss: 0.2375 | train_acc: 0.9181 | test_loss: 1.1432 | test_acc: 0.6367 | 
Epoch: 48 | train_loss: 0.2636 | train_acc: 0.8998 | test_loss: 1.0398 | test_acc: 0.7109 | 
Epoch: 49 | train_loss: 0.2940 | train_acc: 0.8933 | test_loss: 1.0915 | test_acc: 0.7070 | 
Epoch: 50 | train_loss: 0.3317 | train_acc: 0.8825 | test_loss: 1.1804 | test_acc: 0.6133 | 
⏱️ Total training time: 83.355 seconds
📊 Bands [96, 70, 1] -> Fitness: 0.6133
Dataset initialized with pre-loaded data. Total samples: 897
Band indices for training dataloader: [181, 92, 142]
Dataset initialized with pre-loaded data. Total samples: 226
Band indices for test dataloader: [181, 92, 142]
🔍 Starting evaluation of individual [181, 92, 142]
Epoch: 1 | train_loss: 1.3757 | train_acc: 0.2845 | test_loss: 1.2196 | test_acc: 0.5234 | 
Epoch: 2 | train_loss: 1.2704 | train_acc: 0.4289 | test_loss: 1.2017 | test_acc: 0.4922 | 
Epoch: 3 | train_loss: 1.1720 | train_acc: 0.4601 | test_loss: 1.1722 | test_acc: 0.5625 | 
Epoch: 4 | train_loss: 1.0908 | train_acc: 0.5237 | test_loss: 1.1631 | test_acc: 0.4180 | 
Epoch: 5 | train_loss: 0.9874 | train_acc: 0.5711 | test_loss: 1.1561 | test_acc: 0.5352 | 
Epoch: 6 | train_loss: 0.9249 | train_acc: 0.6261 | test_loss: 1.1187 | test_acc: 0.5117 | 
Epoch: 7 | train_loss: 0.9525 | train_acc: 0.6142 | test_loss: 0.9524 | test_acc: 0.6562 | 
Epoch: 8 | train_loss: 0.8131 | train_acc: 0.6606 | test_loss: 0.9105 | test_acc: 0.6641 | 
Epoch: 9 | train_loss: 0.7798 | train_acc: 0.6886 | test_loss: 1.0373 | test_acc: 0.6172 | 
Epoch: 10 | train_loss: 0.7418 | train_acc: 0.6940 | test_loss: 1.0447 | test_acc: 0.6445 | 
Epoch: 11 | train_loss: 0.6576 | train_acc: 0.7317 | test_loss: 0.9100 | test_acc: 0.6172 | 
Epoch: 12 | train_loss: 0.6818 | train_acc: 0.7371 | test_loss: 1.0347 | test_acc: 0.6055 | 
Epoch: 13 | train_loss: 0.6123 | train_acc: 0.7888 | test_loss: 0.9503 | test_acc: 0.5977 | 
Epoch: 14 | train_loss: 0.5495 | train_acc: 0.7985 | test_loss: 1.0020 | test_acc: 0.5898 | 
Epoch: 15 | train_loss: 0.4896 | train_acc: 0.8222 | test_loss: 1.1046 | test_acc: 0.6055 | 
Epoch: 16 | train_loss: 0.4959 | train_acc: 0.8028 | test_loss: 0.9967 | test_acc: 0.6445 | 
Epoch: 17 | train_loss: 0.5283 | train_acc: 0.7920 | test_loss: 0.9028 | test_acc: 0.6367 | 
Epoch: 18 | train_loss: 0.5740 | train_acc: 0.7931 | test_loss: 0.8511 | test_acc: 0.6602 | 
Epoch: 19 | train_loss: 0.4778 | train_acc: 0.8394 | test_loss: 0.9387 | test_acc: 0.6719 | 
Epoch: 20 | train_loss: 0.4156 | train_acc: 0.8319 | test_loss: 1.1614 | test_acc: 0.6055 | 
Epoch: 21 | train_loss: 0.4647 | train_acc: 0.8050 | test_loss: 1.1250 | test_acc: 0.6250 | 
Epoch: 22 | train_loss: 0.3996 | train_acc: 0.8524 | test_loss: 0.9468 | test_acc: 0.6719 | 
Epoch: 23 | train_loss: 0.4527 | train_acc: 0.8427 | test_loss: 0.9281 | test_acc: 0.6758 | 
Epoch: 24 | train_loss: 0.4465 | train_acc: 0.8276 | test_loss: 1.0051 | test_acc: 0.6484 | 
Epoch: 25 | train_loss: 0.3784 | train_acc: 0.8502 | test_loss: 1.1862 | test_acc: 0.6523 | 
Epoch: 26 | train_loss: 0.3778 | train_acc: 0.8556 | test_loss: 0.9956 | test_acc: 0.6328 | 
Epoch: 27 | train_loss: 0.3256 | train_acc: 0.8621 | test_loss: 0.9822 | test_acc: 0.6797 | 
Epoch: 28 | train_loss: 0.3468 | train_acc: 0.8588 | test_loss: 1.0229 | test_acc: 0.6445 | 
Epoch: 29 | train_loss: 0.3372 | train_acc: 0.8631 | test_loss: 0.8560 | test_acc: 0.6680 | 
Epoch: 30 | train_loss: 0.3126 | train_acc: 0.8998 | test_loss: 0.8222 | test_acc: 0.7656 | 
Epoch: 31 | train_loss: 0.3696 | train_acc: 0.8793 | test_loss: 0.9138 | test_acc: 0.6758 | 
Epoch: 32 | train_loss: 0.3841 | train_acc: 0.8631 | test_loss: 0.7725 | test_acc: 0.7773 | 
Epoch: 33 | train_loss: 0.3736 | train_acc: 0.8642 | test_loss: 0.8535 | test_acc: 0.6875 | 
Epoch: 34 | train_loss: 0.3057 | train_acc: 0.8782 | test_loss: 0.8583 | test_acc: 0.7617 | 
Epoch: 35 | train_loss: 0.4018 | train_acc: 0.8438 | test_loss: 0.8690 | test_acc: 0.7188 | 
Epoch: 36 | train_loss: 0.2905 | train_acc: 0.8879 | test_loss: 0.7333 | test_acc: 0.7305 | 
Epoch: 37 | train_loss: 0.2241 | train_acc: 0.9407 | test_loss: 0.9774 | test_acc: 0.6719 | 
Epoch: 38 | train_loss: 0.2947 | train_acc: 0.8750 | test_loss: 0.8503 | test_acc: 0.7109 | 
Epoch: 39 | train_loss: 0.2695 | train_acc: 0.8836 | test_loss: 0.9310 | test_acc: 0.6875 | 
Epoch: 40 | train_loss: 0.3078 | train_acc: 0.8858 | test_loss: 0.7188 | test_acc: 0.7891 | 
Epoch: 41 | train_loss: 0.2658 | train_acc: 0.9192 | test_loss: 1.0108 | test_acc: 0.7266 | 
Epoch: 42 | train_loss: 0.2695 | train_acc: 0.9052 | test_loss: 0.8610 | test_acc: 0.7266 | 
Epoch: 43 | train_loss: 0.3222 | train_acc: 0.8631 | test_loss: 1.0361 | test_acc: 0.6992 | 
Epoch: 44 | train_loss: 0.2581 | train_acc: 0.8933 | test_loss: 0.8770 | test_acc: 0.7227 | 
Epoch: 45 | train_loss: 0.2396 | train_acc: 0.9041 | test_loss: 0.8264 | test_acc: 0.7383 | 
Epoch: 46 | train_loss: 0.2240 | train_acc: 0.9041 | test_loss: 0.9066 | test_acc: 0.7617 | 
Epoch: 47 | train_loss: 0.2964 | train_acc: 0.9009 | test_loss: 0.7220 | test_acc: 0.7969 | 
Epoch: 48 | train_loss: 0.1881 | train_acc: 0.9418 | test_loss: 0.9028 | test_acc: 0.7109 | 
Epoch: 49 | train_loss: 0.1830 | train_acc: 0.9310 | test_loss: 0.8644 | test_acc: 0.7109 | 
Epoch: 50 | train_loss: 0.1797 | train_acc: 0.9461 | test_loss: 0.9250 | test_acc: 0.7070 | 
⏱️ Total training time: 83.700 seconds
📊 Bands [181, 92, 142] -> Fitness: 0.7070
Dataset initialized with pre-loaded data. Total samples: 897
Band indices for training dataloader: [72, 74, 137]
Dataset initialized with pre-loaded data. Total samples: 226
Band indices for test dataloader: [72, 74, 137]
🔍 Starting evaluation of individual [72, 74, 137]
Epoch: 1 | train_loss: 1.3749 | train_acc: 0.3147 | test_loss: 1.3660 | test_acc: 0.3125 | 
Epoch: 2 | train_loss: 1.2687 | train_acc: 0.4062 | test_loss: 1.2881 | test_acc: 0.4102 | 
Epoch: 3 | train_loss: 1.2111 | train_acc: 0.4537 | test_loss: 1.1965 | test_acc: 0.4336 | 
Epoch: 4 | train_loss: 1.1091 | train_acc: 0.5334 | test_loss: 1.1946 | test_acc: 0.5391 | 
Epoch: 5 | train_loss: 1.0792 | train_acc: 0.5366 | test_loss: 1.1526 | test_acc: 0.5312 | 
Epoch: 6 | train_loss: 1.0016 | train_acc: 0.5550 | test_loss: 1.2215 | test_acc: 0.4570 | 
Epoch: 7 | train_loss: 0.9699 | train_acc: 0.6088 | test_loss: 1.1419 | test_acc: 0.5195 | 
Epoch: 8 | train_loss: 0.8930 | train_acc: 0.6422 | test_loss: 1.0660 | test_acc: 0.5391 | 
Epoch: 9 | train_loss: 0.8650 | train_acc: 0.6519 | test_loss: 0.9245 | test_acc: 0.6211 | 
Epoch: 10 | train_loss: 0.7909 | train_acc: 0.6778 | test_loss: 1.0055 | test_acc: 0.6172 | 
Epoch: 11 | train_loss: 0.8266 | train_acc: 0.6735 | test_loss: 1.0734 | test_acc: 0.5742 | 
Epoch: 12 | train_loss: 0.7641 | train_acc: 0.6735 | test_loss: 0.9474 | test_acc: 0.6406 | 
Epoch: 13 | train_loss: 0.7244 | train_acc: 0.7220 | test_loss: 0.8507 | test_acc: 0.6836 | 
Epoch: 14 | train_loss: 0.6515 | train_acc: 0.7349 | test_loss: 0.9339 | test_acc: 0.6328 | 
Epoch: 15 | train_loss: 0.6078 | train_acc: 0.7834 | test_loss: 0.9075 | test_acc: 0.6680 | 
Epoch: 16 | train_loss: 0.5670 | train_acc: 0.7888 | test_loss: 0.9454 | test_acc: 0.5820 | 
Epoch: 17 | train_loss: 0.5972 | train_acc: 0.7554 | test_loss: 1.0725 | test_acc: 0.6328 | 
Epoch: 18 | train_loss: 0.5266 | train_acc: 0.7920 | test_loss: 1.0197 | test_acc: 0.5781 | 
Epoch: 19 | train_loss: 0.5187 | train_acc: 0.8028 | test_loss: 0.9147 | test_acc: 0.6719 | 
Epoch: 20 | train_loss: 0.5454 | train_acc: 0.7888 | test_loss: 1.0499 | test_acc: 0.5391 | 
Epoch: 21 | train_loss: 0.4704 | train_acc: 0.8351 | test_loss: 0.9061 | test_acc: 0.6875 | 
Epoch: 22 | train_loss: 0.4775 | train_acc: 0.8244 | test_loss: 1.0877 | test_acc: 0.5586 | 
Epoch: 23 | train_loss: 0.4675 | train_acc: 0.8233 | test_loss: 1.1185 | test_acc: 0.5938 | 
Epoch: 24 | train_loss: 0.4475 | train_acc: 0.8524 | test_loss: 1.0215 | test_acc: 0.6875 | 
Epoch: 25 | train_loss: 0.4196 | train_acc: 0.8664 | test_loss: 1.1629 | test_acc: 0.5977 | 
Epoch: 26 | train_loss: 0.4007 | train_acc: 0.8448 | test_loss: 1.0058 | test_acc: 0.6602 | 
Epoch: 27 | train_loss: 0.4413 | train_acc: 0.8297 | test_loss: 1.0184 | test_acc: 0.6406 | 
Epoch: 28 | train_loss: 0.3580 | train_acc: 0.8761 | test_loss: 0.9347 | test_acc: 0.6562 | 
Epoch: 29 | train_loss: 0.3713 | train_acc: 0.8825 | test_loss: 1.1245 | test_acc: 0.6016 | 
Epoch: 30 | train_loss: 0.4271 | train_acc: 0.8330 | test_loss: 1.0111 | test_acc: 0.6992 | 
Epoch: 31 | train_loss: 0.4348 | train_acc: 0.8297 | test_loss: 1.0825 | test_acc: 0.6016 | 
Epoch: 32 | train_loss: 0.4179 | train_acc: 0.8384 | test_loss: 0.8044 | test_acc: 0.6641 | 
Epoch: 33 | train_loss: 0.3606 | train_acc: 0.8481 | test_loss: 0.9961 | test_acc: 0.6367 | 
Epoch: 34 | train_loss: 0.3174 | train_acc: 0.8707 | test_loss: 0.9162 | test_acc: 0.7148 | 
Epoch: 35 | train_loss: 0.3434 | train_acc: 0.8534 | test_loss: 1.0771 | test_acc: 0.7070 | 
Epoch: 36 | train_loss: 0.3358 | train_acc: 0.8922 | test_loss: 1.0200 | test_acc: 0.6602 | 
Epoch: 37 | train_loss: 0.3317 | train_acc: 0.8718 | test_loss: 1.1187 | test_acc: 0.6484 | 
Epoch: 38 | train_loss: 0.3289 | train_acc: 0.8879 | test_loss: 1.0075 | test_acc: 0.6953 | 
Epoch: 39 | train_loss: 0.3635 | train_acc: 0.8761 | test_loss: 1.1217 | test_acc: 0.6523 | 
Epoch: 40 | train_loss: 0.2785 | train_acc: 0.9106 | test_loss: 0.8765 | test_acc: 0.7344 | 
Epoch: 41 | train_loss: 0.3688 | train_acc: 0.8815 | test_loss: 0.9247 | test_acc: 0.7070 | 
Epoch: 42 | train_loss: 0.2963 | train_acc: 0.9041 | test_loss: 0.9199 | test_acc: 0.7305 | 
Epoch: 43 | train_loss: 0.2901 | train_acc: 0.8869 | test_loss: 0.8606 | test_acc: 0.7344 | 
Epoch: 44 | train_loss: 0.3277 | train_acc: 0.8847 | test_loss: 0.7828 | test_acc: 0.7617 | 
Epoch: 45 | train_loss: 0.2401 | train_acc: 0.9170 | test_loss: 0.9981 | test_acc: 0.7148 | 
Epoch: 46 | train_loss: 0.4022 | train_acc: 0.8739 | test_loss: 0.9148 | test_acc: 0.7305 | 
Epoch: 47 | train_loss: 0.3115 | train_acc: 0.8847 | test_loss: 1.0103 | test_acc: 0.6992 | 
Epoch: 48 | train_loss: 0.2961 | train_acc: 0.8793 | test_loss: 0.9212 | test_acc: 0.7461 | 
Epoch: 49 | train_loss: 0.2665 | train_acc: 0.8966 | test_loss: 0.8619 | test_acc: 0.7539 | 
Epoch: 50 | train_loss: 0.3427 | train_acc: 0.8793 | test_loss: 0.8156 | test_acc: 0.7461 | 
⏱️ Total training time: 87.519 seconds
📊 Bands [72, 74, 137] -> Fitness: 0.7461
Dataset initialized with pre-loaded data. Total samples: 897
Band indices for training dataloader: [90, 84, 258]
Dataset initialized with pre-loaded data. Total samples: 226
Band indices for test dataloader: [90, 84, 258]
🔍 Starting evaluation of individual [90, 84, 258]
Epoch: 1 | train_loss: 1.3717 | train_acc: 0.3168 | test_loss: 1.2989 | test_acc: 0.4414 | 
Epoch: 2 | train_loss: 1.2154 | train_acc: 0.4774 | test_loss: 1.2409 | test_acc: 0.4492 | 
Epoch: 3 | train_loss: 1.1674 | train_acc: 0.4817 | test_loss: 1.2947 | test_acc: 0.4102 | 
Epoch: 4 | train_loss: 1.1195 | train_acc: 0.5075 | test_loss: 1.1258 | test_acc: 0.5586 | 
Epoch: 5 | train_loss: 1.0117 | train_acc: 0.5970 | test_loss: 1.1445 | test_acc: 0.5039 | 
Epoch: 6 | train_loss: 0.9181 | train_acc: 0.6153 | test_loss: 1.0380 | test_acc: 0.6328 | 
Epoch: 7 | train_loss: 0.8585 | train_acc: 0.6767 | test_loss: 1.1544 | test_acc: 0.5391 | 
Epoch: 8 | train_loss: 0.8503 | train_acc: 0.6703 | test_loss: 0.9566 | test_acc: 0.6367 | 
Epoch: 9 | train_loss: 0.7913 | train_acc: 0.6821 | test_loss: 0.8652 | test_acc: 0.6836 | 
Epoch: 10 | train_loss: 0.7143 | train_acc: 0.7198 | test_loss: 0.9871 | test_acc: 0.6758 | 
Epoch: 11 | train_loss: 0.6520 | train_acc: 0.7425 | test_loss: 1.0784 | test_acc: 0.5664 | 
Epoch: 12 | train_loss: 0.6278 | train_acc: 0.7511 | test_loss: 0.9620 | test_acc: 0.6523 | 
Epoch: 13 | train_loss: 0.5836 | train_acc: 0.7856 | test_loss: 0.9561 | test_acc: 0.6602 | 
Epoch: 14 | train_loss: 0.5815 | train_acc: 0.7856 | test_loss: 0.9359 | test_acc: 0.6641 | 
Epoch: 15 | train_loss: 0.5657 | train_acc: 0.7608 | test_loss: 0.8712 | test_acc: 0.7383 | 
Epoch: 16 | train_loss: 0.5373 | train_acc: 0.8082 | test_loss: 0.9363 | test_acc: 0.6367 | 
Epoch: 17 | train_loss: 0.5140 | train_acc: 0.8017 | test_loss: 0.7955 | test_acc: 0.7227 | 
Epoch: 18 | train_loss: 0.4940 | train_acc: 0.8319 | test_loss: 0.8686 | test_acc: 0.6367 | 
Epoch: 19 | train_loss: 0.5603 | train_acc: 0.8028 | test_loss: 0.8707 | test_acc: 0.6992 | 
Epoch: 20 | train_loss: 0.5676 | train_acc: 0.7737 | test_loss: 0.8138 | test_acc: 0.7031 | 
Epoch: 21 | train_loss: 0.4835 | train_acc: 0.8200 | test_loss: 0.8112 | test_acc: 0.7305 | 
Epoch: 22 | train_loss: 0.4252 | train_acc: 0.8330 | test_loss: 0.7659 | test_acc: 0.7344 | 
Epoch: 23 | train_loss: 0.3585 | train_acc: 0.8836 | test_loss: 0.9260 | test_acc: 0.6445 | 
Epoch: 24 | train_loss: 0.4661 | train_acc: 0.8050 | test_loss: 0.7748 | test_acc: 0.7383 | 
Epoch: 25 | train_loss: 0.4532 | train_acc: 0.8254 | test_loss: 0.9498 | test_acc: 0.6836 | 
Epoch: 26 | train_loss: 0.4882 | train_acc: 0.8147 | test_loss: 0.7107 | test_acc: 0.7578 | 
Epoch: 27 | train_loss: 0.3363 | train_acc: 0.8675 | test_loss: 0.7295 | test_acc: 0.7383 | 
Epoch: 28 | train_loss: 0.3865 | train_acc: 0.8534 | test_loss: 0.9196 | test_acc: 0.6602 | 
Epoch: 29 | train_loss: 0.3702 | train_acc: 0.8297 | test_loss: 0.8120 | test_acc: 0.6836 | 
Epoch: 30 | train_loss: 0.3826 | train_acc: 0.8427 | test_loss: 0.7859 | test_acc: 0.7578 | 
Epoch: 31 | train_loss: 0.4117 | train_acc: 0.8427 | test_loss: 0.7878 | test_acc: 0.7500 | 
Epoch: 32 | train_loss: 0.3355 | train_acc: 0.8664 | test_loss: 0.7936 | test_acc: 0.7500 | 
Epoch: 33 | train_loss: 0.3337 | train_acc: 0.8718 | test_loss: 0.8679 | test_acc: 0.7656 | 
Epoch: 34 | train_loss: 0.3687 | train_acc: 0.8578 | test_loss: 0.7650 | test_acc: 0.7578 | 
Epoch: 35 | train_loss: 0.2982 | train_acc: 0.8998 | test_loss: 0.6955 | test_acc: 0.7695 | 
Epoch: 36 | train_loss: 0.2900 | train_acc: 0.8998 | test_loss: 0.6801 | test_acc: 0.7773 | 
Epoch: 37 | train_loss: 0.2925 | train_acc: 0.8793 | test_loss: 0.8248 | test_acc: 0.7305 | 
Epoch: 38 | train_loss: 0.3114 | train_acc: 0.8879 | test_loss: 0.7596 | test_acc: 0.7578 | 
Epoch: 39 | train_loss: 0.3482 | train_acc: 0.8588 | test_loss: 0.8491 | test_acc: 0.7344 | 
Epoch: 40 | train_loss: 0.2820 | train_acc: 0.9019 | test_loss: 0.8660 | test_acc: 0.6680 | 
Epoch: 41 | train_loss: 0.3081 | train_acc: 0.8804 | test_loss: 0.9011 | test_acc: 0.6914 | 
Epoch: 42 | train_loss: 0.2569 | train_acc: 0.9084 | test_loss: 0.8284 | test_acc: 0.7578 | 
Epoch: 43 | train_loss: 0.2719 | train_acc: 0.8858 | test_loss: 0.8104 | test_acc: 0.7461 | 
Epoch: 44 | train_loss: 0.4009 | train_acc: 0.8879 | test_loss: 0.8935 | test_acc: 0.7461 | 
Epoch: 45 | train_loss: 0.3528 | train_acc: 0.8847 | test_loss: 0.9301 | test_acc: 0.7578 | 
Epoch: 46 | train_loss: 0.3014 | train_acc: 0.8675 | test_loss: 0.8381 | test_acc: 0.7617 | 
Epoch: 47 | train_loss: 0.2466 | train_acc: 0.8998 | test_loss: 0.8527 | test_acc: 0.7578 | 
Epoch: 48 | train_loss: 0.2618 | train_acc: 0.9009 | test_loss: 1.1855 | test_acc: 0.6406 | 
Epoch: 49 | train_loss: 0.3157 | train_acc: 0.8739 | test_loss: 0.8615 | test_acc: 0.7031 | 
Epoch: 50 | train_loss: 0.1834 | train_acc: 0.9332 | test_loss: 0.9968 | test_acc: 0.7109 | 
⏱️ Total training time: 87.008 seconds
📊 Bands [90, 84, 258] -> Fitness: 0.7109
Dataset initialized with pre-loaded data. Total samples: 897
Band indices for training dataloader: [108, 89, 149]
Dataset initialized with pre-loaded data. Total samples: 226
Band indices for test dataloader: [108, 89, 149]
🔍 Starting evaluation of individual [108, 89, 149]
Epoch: 1 | train_loss: 1.3552 | train_acc: 0.3524 | test_loss: 1.2613 | test_acc: 0.4336 | 
Epoch: 2 | train_loss: 1.2063 | train_acc: 0.4731 | test_loss: 1.3270 | test_acc: 0.3633 | 
Epoch: 3 | train_loss: 1.0992 | train_acc: 0.5550 | test_loss: 1.2307 | test_acc: 0.4570 | 
Epoch: 4 | train_loss: 1.0219 | train_acc: 0.5528 | test_loss: 1.1137 | test_acc: 0.5781 | 
Epoch: 5 | train_loss: 0.8929 | train_acc: 0.6358 | test_loss: 1.0906 | test_acc: 0.6172 | 
Epoch: 6 | train_loss: 0.8811 | train_acc: 0.6379 | test_loss: 0.9777 | test_acc: 0.6016 | 
Epoch: 7 | train_loss: 0.8786 | train_acc: 0.6304 | test_loss: 0.9441 | test_acc: 0.5703 | 
Epoch: 8 | train_loss: 0.7024 | train_acc: 0.7511 | test_loss: 0.8861 | test_acc: 0.6641 | 
Epoch: 9 | train_loss: 0.7155 | train_acc: 0.7263 | test_loss: 1.1979 | test_acc: 0.6016 | 
Epoch: 10 | train_loss: 0.6463 | train_acc: 0.7284 | test_loss: 1.0736 | test_acc: 0.6016 | 
Epoch: 11 | train_loss: 0.5969 | train_acc: 0.8071 | test_loss: 0.9068 | test_acc: 0.6758 | 
Epoch: 12 | train_loss: 0.5754 | train_acc: 0.7802 | test_loss: 0.7896 | test_acc: 0.7344 | 
Epoch: 13 | train_loss: 0.5737 | train_acc: 0.7629 | test_loss: 1.0190 | test_acc: 0.6172 | 
Epoch: 14 | train_loss: 0.5259 | train_acc: 0.8125 | test_loss: 0.8862 | test_acc: 0.6211 | 
Epoch: 15 | train_loss: 0.4746 | train_acc: 0.8244 | test_loss: 0.7624 | test_acc: 0.7188 | 
Epoch: 16 | train_loss: 0.4304 | train_acc: 0.8588 | test_loss: 0.8084 | test_acc: 0.7070 | 
Epoch: 17 | train_loss: 0.4922 | train_acc: 0.8017 | test_loss: 0.7909 | test_acc: 0.7500 | 
Epoch: 18 | train_loss: 0.4908 | train_acc: 0.8103 | test_loss: 0.8525 | test_acc: 0.6992 | 
Epoch: 19 | train_loss: 0.4222 | train_acc: 0.8556 | test_loss: 0.8020 | test_acc: 0.6992 | 
Epoch: 20 | train_loss: 0.4014 | train_acc: 0.8362 | test_loss: 0.7879 | test_acc: 0.7695 | 
Epoch: 21 | train_loss: 0.4173 | train_acc: 0.8459 | test_loss: 0.8360 | test_acc: 0.6914 | 
Epoch: 22 | train_loss: 0.4096 | train_acc: 0.8330 | test_loss: 0.8286 | test_acc: 0.7305 | 
Epoch: 23 | train_loss: 0.3737 | train_acc: 0.8728 | test_loss: 0.7838 | test_acc: 0.7031 | 
Epoch: 24 | train_loss: 0.3765 | train_acc: 0.8448 | test_loss: 0.7874 | test_acc: 0.6953 | 
Epoch: 25 | train_loss: 0.3464 | train_acc: 0.8728 | test_loss: 0.9523 | test_acc: 0.6914 | 
Epoch: 26 | train_loss: 0.3142 | train_acc: 0.8836 | test_loss: 0.7817 | test_acc: 0.7070 | 
Epoch: 27 | train_loss: 0.4334 | train_acc: 0.8685 | test_loss: 0.9311 | test_acc: 0.6953 | 
Epoch: 28 | train_loss: 0.2988 | train_acc: 0.9127 | test_loss: 1.0202 | test_acc: 0.6719 | 
Epoch: 29 | train_loss: 0.2480 | train_acc: 0.9149 | test_loss: 1.0209 | test_acc: 0.6992 | 
Epoch: 30 | train_loss: 0.2838 | train_acc: 0.9138 | test_loss: 0.9303 | test_acc: 0.7031 | 
Epoch: 31 | train_loss: 0.2974 | train_acc: 0.8782 | test_loss: 0.8997 | test_acc: 0.7109 | 
Epoch: 32 | train_loss: 0.3118 | train_acc: 0.9030 | test_loss: 0.9687 | test_acc: 0.6875 | 
Epoch: 33 | train_loss: 0.2833 | train_acc: 0.8933 | test_loss: 1.0327 | test_acc: 0.7188 | 
Epoch: 34 | train_loss: 0.3019 | train_acc: 0.8793 | test_loss: 1.0029 | test_acc: 0.7344 | 
Epoch: 35 | train_loss: 0.3165 | train_acc: 0.8567 | test_loss: 1.1291 | test_acc: 0.6328 | 
Epoch: 36 | train_loss: 0.3462 | train_acc: 0.8664 | test_loss: 0.7064 | test_acc: 0.7578 | 
Epoch: 37 | train_loss: 0.2202 | train_acc: 0.9321 | test_loss: 0.9050 | test_acc: 0.7188 | 
Epoch: 38 | train_loss: 0.1975 | train_acc: 0.9375 | test_loss: 1.0732 | test_acc: 0.7031 | 
Epoch: 39 | train_loss: 0.2565 | train_acc: 0.9278 | test_loss: 0.9813 | test_acc: 0.6367 | 
Epoch: 40 | train_loss: 0.2321 | train_acc: 0.9170 | test_loss: 0.8421 | test_acc: 0.6992 | 
Epoch: 41 | train_loss: 0.2702 | train_acc: 0.9095 | test_loss: 0.9415 | test_acc: 0.6758 | 
Epoch: 42 | train_loss: 0.2619 | train_acc: 0.8901 | test_loss: 0.8596 | test_acc: 0.7344 | 
Epoch: 43 | train_loss: 0.2533 | train_acc: 0.9084 | test_loss: 1.0621 | test_acc: 0.7031 | 
Epoch: 44 | train_loss: 0.2590 | train_acc: 0.8955 | test_loss: 0.7927 | test_acc: 0.7422 | 
Epoch: 45 | train_loss: 0.2008 | train_acc: 0.9332 | test_loss: 0.7661 | test_acc: 0.7930 | 
Epoch: 46 | train_loss: 0.1690 | train_acc: 0.9418 | test_loss: 1.0194 | test_acc: 0.7109 | 
Epoch: 47 | train_loss: 0.1662 | train_acc: 0.9450 | test_loss: 1.0930 | test_acc: 0.7383 | 
Epoch: 48 | train_loss: 0.1355 | train_acc: 0.9537 | test_loss: 0.7414 | test_acc: 0.7930 | 
Epoch: 49 | train_loss: 0.2147 | train_acc: 0.9052 | test_loss: 0.8665 | test_acc: 0.7383 | 
Epoch: 50 | train_loss: 0.1915 | train_acc: 0.9246 | test_loss: 0.7648 | test_acc: 0.7266 | 
⏱️ Total training time: 85.571 seconds
📊 Bands [108, 89, 149] -> Fitness: 0.7266
6  	12    	0.783203	0.0570032	0.613281	0.824219	Individual('h', [110, 97, 172]) 
Bands [110, 97, 172] found in history. Returning cached fitness.
Dataset initialized with pre-loaded data. Total samples: 897
Band indices for training dataloader: [110, 96, 172]
Dataset initialized with pre-loaded data. Total samples: 226
Band indices for test dataloader: [110, 96, 172]
🔍 Starting evaluation of individual [110, 96, 172]
Epoch: 1 | train_loss: 1.3621 | train_acc: 0.3136 | test_loss: 1.3787 | test_acc: 0.3086 | 
Epoch: 2 | train_loss: 1.2259 | train_acc: 0.4343 | test_loss: 1.2235 | test_acc: 0.4453 | 
Epoch: 3 | train_loss: 1.1531 | train_acc: 0.5075 | test_loss: 1.1733 | test_acc: 0.4453 | 
Epoch: 4 | train_loss: 1.0180 | train_acc: 0.5797 | test_loss: 1.1748 | test_acc: 0.4648 | 
Epoch: 5 | train_loss: 0.9067 | train_acc: 0.6153 | test_loss: 1.2583 | test_acc: 0.4805 | 
Epoch: 6 | train_loss: 0.8436 | train_acc: 0.6606 | test_loss: 1.1480 | test_acc: 0.5742 | 
Epoch: 7 | train_loss: 0.7979 | train_acc: 0.6735 | test_loss: 1.1238 | test_acc: 0.5781 | 
Epoch: 8 | train_loss: 0.7408 | train_acc: 0.7101 | test_loss: 1.2212 | test_acc: 0.5312 | 
Epoch: 9 | train_loss: 0.6688 | train_acc: 0.7360 | test_loss: 0.8910 | test_acc: 0.6797 | 
Epoch: 10 | train_loss: 0.6142 | train_acc: 0.7791 | test_loss: 0.8736 | test_acc: 0.7148 | 
Epoch: 11 | train_loss: 0.5999 | train_acc: 0.8039 | test_loss: 0.7888 | test_acc: 0.7070 | 
Epoch: 12 | train_loss: 0.5289 | train_acc: 0.8136 | test_loss: 0.9150 | test_acc: 0.6445 | 
Epoch: 13 | train_loss: 0.5414 | train_acc: 0.7834 | test_loss: 0.9911 | test_acc: 0.6406 | 
Epoch: 14 | train_loss: 0.5157 | train_acc: 0.8136 | test_loss: 0.7664 | test_acc: 0.7266 | 
Epoch: 15 | train_loss: 0.4969 | train_acc: 0.8114 | test_loss: 0.7821 | test_acc: 0.7422 | 
Epoch: 16 | train_loss: 0.4663 | train_acc: 0.8351 | test_loss: 0.8915 | test_acc: 0.7188 | 
Epoch: 17 | train_loss: 0.4339 | train_acc: 0.8599 | test_loss: 0.8045 | test_acc: 0.7305 | 
Epoch: 18 | train_loss: 0.4119 | train_acc: 0.8330 | test_loss: 0.8365 | test_acc: 0.6602 | 
Epoch: 19 | train_loss: 0.4251 | train_acc: 0.8675 | test_loss: 0.6207 | test_acc: 0.7656 | 
Epoch: 20 | train_loss: 0.3662 | train_acc: 0.8772 | test_loss: 0.7138 | test_acc: 0.7773 | 
Epoch: 21 | train_loss: 0.3827 | train_acc: 0.8427 | test_loss: 0.6729 | test_acc: 0.8164 | 
Epoch: 22 | train_loss: 0.3926 | train_acc: 0.8427 | test_loss: 0.6150 | test_acc: 0.7617 | 
Epoch: 23 | train_loss: 0.3113 | train_acc: 0.9009 | test_loss: 0.6838 | test_acc: 0.7305 | 
Epoch: 24 | train_loss: 0.3749 | train_acc: 0.8685 | test_loss: 0.7721 | test_acc: 0.7266 | 
Epoch: 25 | train_loss: 0.3332 | train_acc: 0.8901 | test_loss: 0.7264 | test_acc: 0.7500 | 
Epoch: 26 | train_loss: 0.3392 | train_acc: 0.8685 | test_loss: 0.7764 | test_acc: 0.7422 | 
Epoch: 27 | train_loss: 0.4002 | train_acc: 0.8567 | test_loss: 0.7700 | test_acc: 0.7383 | 
Epoch: 28 | train_loss: 0.3263 | train_acc: 0.8728 | test_loss: 0.8832 | test_acc: 0.7109 | 
Epoch: 29 | train_loss: 0.2546 | train_acc: 0.9116 | test_loss: 0.8355 | test_acc: 0.6953 | 
Epoch: 30 | train_loss: 0.2940 | train_acc: 0.8869 | test_loss: 0.7112 | test_acc: 0.7852 | 
Epoch: 31 | train_loss: 0.2763 | train_acc: 0.8825 | test_loss: 0.7127 | test_acc: 0.7070 | 
Epoch: 32 | train_loss: 0.2688 | train_acc: 0.8955 | test_loss: 0.6877 | test_acc: 0.7852 | 
Epoch: 33 | train_loss: 0.2251 | train_acc: 0.9256 | test_loss: 0.7261 | test_acc: 0.7461 | 
Epoch: 34 | train_loss: 0.2056 | train_acc: 0.9310 | test_loss: 0.8777 | test_acc: 0.7070 | 
Epoch: 35 | train_loss: 0.2556 | train_acc: 0.8836 | test_loss: 0.6646 | test_acc: 0.8164 | 
Epoch: 36 | train_loss: 0.2261 | train_acc: 0.9213 | test_loss: 0.6557 | test_acc: 0.7617 | 
Epoch: 37 | train_loss: 0.2986 | train_acc: 0.9149 | test_loss: 0.7310 | test_acc: 0.7812 | 
Epoch: 38 | train_loss: 0.2782 | train_acc: 0.9095 | test_loss: 0.8607 | test_acc: 0.6914 | 
Epoch: 39 | train_loss: 0.3755 | train_acc: 0.8912 | test_loss: 0.7960 | test_acc: 0.7266 | 
Epoch: 40 | train_loss: 0.2692 | train_acc: 0.8912 | test_loss: 0.6540 | test_acc: 0.7852 | 
Epoch: 41 | train_loss: 0.1746 | train_acc: 0.9526 | test_loss: 0.7693 | test_acc: 0.7148 | 
Epoch: 42 | train_loss: 0.2290 | train_acc: 0.9116 | test_loss: 0.6379 | test_acc: 0.7812 | 
Epoch: 43 | train_loss: 0.2509 | train_acc: 0.8922 | test_loss: 0.8677 | test_acc: 0.7617 | 
Epoch: 44 | train_loss: 0.2105 | train_acc: 0.9418 | test_loss: 0.6521 | test_acc: 0.7617 | 
Epoch: 45 | train_loss: 0.1441 | train_acc: 0.9569 | test_loss: 0.7214 | test_acc: 0.7773 | 
Epoch: 46 | train_loss: 0.1460 | train_acc: 0.9601 | test_loss: 0.9406 | test_acc: 0.7070 | 
Epoch: 47 | train_loss: 0.2063 | train_acc: 0.9343 | test_loss: 0.7326 | test_acc: 0.7539 | 
Epoch: 48 | train_loss: 0.2411 | train_acc: 0.9138 | test_loss: 0.7478 | test_acc: 0.7695 | 
Epoch: 49 | train_loss: 0.2465 | train_acc: 0.8922 | test_loss: 0.7570 | test_acc: 0.7656 | 
Epoch: 50 | train_loss: 0.1286 | train_acc: 0.9580 | test_loss: 0.6506 | test_acc: 0.7969 | 
⏱️ Total training time: 90.219 seconds
📊 Bands [110, 96, 172] -> Fitness: 0.7969
Bands [110, 96, 172] found in history. Returning cached fitness.
Bands [110, 97, 172] found in history. Returning cached fitness.
Bands [110, 97, 172] found in history. Returning cached fitness.
Bands [110, 97, 172] found in history. Returning cached fitness.
Bands [110, 97, 172] found in history. Returning cached fitness.
Dataset initialized with pre-loaded data. Total samples: 897
Band indices for training dataloader: [111, 92, 174]
Dataset initialized with pre-loaded data. Total samples: 226
Band indices for test dataloader: [111, 92, 174]
🔍 Starting evaluation of individual [111, 92, 174]
Epoch: 1 | train_loss: 1.3596 | train_acc: 0.3448 | test_loss: 1.2055 | test_acc: 0.5039 | 
Epoch: 2 | train_loss: 1.2417 | train_acc: 0.4397 | test_loss: 1.1405 | test_acc: 0.5273 | 
Epoch: 3 | train_loss: 1.1088 | train_acc: 0.5291 | test_loss: 1.0933 | test_acc: 0.5625 | 
Epoch: 4 | train_loss: 0.9545 | train_acc: 0.6282 | test_loss: 1.3686 | test_acc: 0.4648 | 
Epoch: 5 | train_loss: 0.9354 | train_acc: 0.6401 | test_loss: 1.1746 | test_acc: 0.5117 | 
Epoch: 6 | train_loss: 0.8665 | train_acc: 0.6336 | test_loss: 0.9368 | test_acc: 0.6523 | 
Epoch: 7 | train_loss: 0.7960 | train_acc: 0.6606 | test_loss: 1.1969 | test_acc: 0.5352 | 
Epoch: 8 | train_loss: 0.7312 | train_acc: 0.7047 | test_loss: 1.0591 | test_acc: 0.6016 | 
Epoch: 9 | train_loss: 0.6750 | train_acc: 0.7177 | test_loss: 1.0615 | test_acc: 0.6211 | 
Epoch: 10 | train_loss: 0.5936 | train_acc: 0.7931 | test_loss: 1.0549 | test_acc: 0.5977 | 
Epoch: 11 | train_loss: 0.5772 | train_acc: 0.7759 | test_loss: 0.9883 | test_acc: 0.6172 | 
Epoch: 12 | train_loss: 0.5117 | train_acc: 0.8147 | test_loss: 1.1372 | test_acc: 0.5938 | 
Epoch: 13 | train_loss: 0.5438 | train_acc: 0.8039 | test_loss: 1.1094 | test_acc: 0.6641 | 
Epoch: 14 | train_loss: 0.5145 | train_acc: 0.8265 | test_loss: 1.0539 | test_acc: 0.6719 | 
Epoch: 15 | train_loss: 0.5024 | train_acc: 0.8125 | test_loss: 0.8568 | test_acc: 0.6758 | 
Epoch: 16 | train_loss: 0.5179 | train_acc: 0.8244 | test_loss: 0.8582 | test_acc: 0.6836 | 
Epoch: 17 | train_loss: 0.4041 | train_acc: 0.8567 | test_loss: 0.8742 | test_acc: 0.7109 | 
Epoch: 18 | train_loss: 0.4334 | train_acc: 0.8093 | test_loss: 0.6785 | test_acc: 0.7773 | 
Epoch: 19 | train_loss: 0.4244 | train_acc: 0.8578 | test_loss: 0.8711 | test_acc: 0.6992 | 
Epoch: 20 | train_loss: 0.4425 | train_acc: 0.8276 | test_loss: 0.8078 | test_acc: 0.7656 | 
Epoch: 21 | train_loss: 0.3568 | train_acc: 0.8815 | test_loss: 0.6739 | test_acc: 0.8008 | 
Epoch: 22 | train_loss: 0.3742 | train_acc: 0.8685 | test_loss: 0.9776 | test_acc: 0.6953 | 
Epoch: 23 | train_loss: 0.3416 | train_acc: 0.8858 | test_loss: 0.8096 | test_acc: 0.7109 | 
Epoch: 24 | train_loss: 0.3642 | train_acc: 0.8653 | test_loss: 0.8618 | test_acc: 0.6992 | 
Epoch: 25 | train_loss: 0.3114 | train_acc: 0.8998 | test_loss: 0.7422 | test_acc: 0.6914 | 
Epoch: 26 | train_loss: 0.2747 | train_acc: 0.9116 | test_loss: 0.7626 | test_acc: 0.7422 | 
Epoch: 27 | train_loss: 0.2952 | train_acc: 0.8761 | test_loss: 0.8637 | test_acc: 0.7461 | 
Epoch: 28 | train_loss: 0.3958 | train_acc: 0.8502 | test_loss: 0.7142 | test_acc: 0.7656 | 
Epoch: 29 | train_loss: 0.3253 | train_acc: 0.8653 | test_loss: 0.7634 | test_acc: 0.7617 | 
Epoch: 30 | train_loss: 0.3166 | train_acc: 0.8739 | test_loss: 0.6962 | test_acc: 0.7852 | 
Epoch: 31 | train_loss: 0.2659 | train_acc: 0.8987 | test_loss: 0.7659 | test_acc: 0.7539 | 
Epoch: 32 | train_loss: 0.2393 | train_acc: 0.8987 | test_loss: 0.6666 | test_acc: 0.8203 | 
Epoch: 33 | train_loss: 0.2370 | train_acc: 0.9332 | test_loss: 1.0790 | test_acc: 0.7109 | 
Epoch: 34 | train_loss: 0.3812 | train_acc: 0.8631 | test_loss: 0.8598 | test_acc: 0.7227 | 
Epoch: 35 | train_loss: 0.2648 | train_acc: 0.8836 | test_loss: 0.9330 | test_acc: 0.6758 | 
Epoch: 36 | train_loss: 0.2471 | train_acc: 0.9267 | test_loss: 0.8083 | test_acc: 0.7227 | 
Epoch: 37 | train_loss: 0.2338 | train_acc: 0.9224 | test_loss: 0.8890 | test_acc: 0.6875 | 
Epoch: 38 | train_loss: 0.2744 | train_acc: 0.9106 | test_loss: 0.7436 | test_acc: 0.8125 | 
Epoch: 39 | train_loss: 0.2760 | train_acc: 0.8707 | test_loss: 0.7253 | test_acc: 0.7344 | 
Epoch: 40 | train_loss: 0.1991 | train_acc: 0.9289 | test_loss: 0.8666 | test_acc: 0.7383 | 
Epoch: 41 | train_loss: 0.2562 | train_acc: 0.9073 | test_loss: 0.9261 | test_acc: 0.7227 | 
Epoch: 42 | train_loss: 0.2248 | train_acc: 0.9062 | test_loss: 0.7712 | test_acc: 0.7578 | 
Epoch: 43 | train_loss: 0.1861 | train_acc: 0.9375 | test_loss: 0.7228 | test_acc: 0.7773 | 
Epoch: 44 | train_loss: 0.2262 | train_acc: 0.9073 | test_loss: 0.9201 | test_acc: 0.6914 | 
Epoch: 45 | train_loss: 0.2376 | train_acc: 0.9300 | test_loss: 0.8568 | test_acc: 0.7227 | 
Epoch: 46 | train_loss: 0.1740 | train_acc: 0.9192 | test_loss: 1.1484 | test_acc: 0.7070 | 
Epoch: 47 | train_loss: 0.1920 | train_acc: 0.9106 | test_loss: 0.9111 | test_acc: 0.6758 | 
Epoch: 48 | train_loss: 0.1803 | train_acc: 0.9440 | test_loss: 0.7041 | test_acc: 0.7773 | 
Epoch: 49 | train_loss: 0.2664 | train_acc: 0.9170 | test_loss: 0.7474 | test_acc: 0.7930 | 
Epoch: 50 | train_loss: 0.2285 | train_acc: 0.9073 | test_loss: 0.7967 | test_acc: 0.7344 | 
⏱️ Total training time: 94.112 seconds
📊 Bands [111, 92, 174] -> Fitness: 0.7344
Dataset initialized with pre-loaded data. Total samples: 897
Band indices for training dataloader: [92, 89, 172]
Dataset initialized with pre-loaded data. Total samples: 226
Band indices for test dataloader: [92, 89, 172]
🔍 Starting evaluation of individual [92, 89, 172]
Epoch: 1 | train_loss: 1.3797 | train_acc: 0.2856 | test_loss: 1.2789 | test_acc: 0.4531 | 
Epoch: 2 | train_loss: 1.2535 | train_acc: 0.4353 | test_loss: 1.1551 | test_acc: 0.4609 | 
Epoch: 3 | train_loss: 1.1622 | train_acc: 0.4795 | test_loss: 1.2878 | test_acc: 0.5273 | 
Epoch: 4 | train_loss: 1.0987 | train_acc: 0.5151 | test_loss: 1.0949 | test_acc: 0.5508 | 
Epoch: 5 | train_loss: 0.9594 | train_acc: 0.5894 | test_loss: 1.0650 | test_acc: 0.6055 | 
Epoch: 6 | train_loss: 0.9110 | train_acc: 0.6034 | test_loss: 1.0342 | test_acc: 0.5938 | 
Epoch: 7 | train_loss: 0.8190 | train_acc: 0.6261 | test_loss: 0.9980 | test_acc: 0.6055 | 
Epoch: 8 | train_loss: 0.7182 | train_acc: 0.7198 | test_loss: 0.9947 | test_acc: 0.6016 | 
Epoch: 9 | train_loss: 0.6782 | train_acc: 0.7608 | test_loss: 1.0483 | test_acc: 0.5938 | 
Epoch: 10 | train_loss: 0.7161 | train_acc: 0.7263 | test_loss: 0.9619 | test_acc: 0.5781 | 
Epoch: 11 | train_loss: 0.6673 | train_acc: 0.7274 | test_loss: 0.9050 | test_acc: 0.6406 | 
Epoch: 12 | train_loss: 0.5957 | train_acc: 0.7748 | test_loss: 1.0387 | test_acc: 0.6289 | 
Epoch: 13 | train_loss: 0.5353 | train_acc: 0.7834 | test_loss: 0.8937 | test_acc: 0.6602 | 
Epoch: 14 | train_loss: 0.6264 | train_acc: 0.7629 | test_loss: 0.9846 | test_acc: 0.6211 | 
Epoch: 15 | train_loss: 0.5385 | train_acc: 0.8136 | test_loss: 1.0201 | test_acc: 0.6406 | 
Epoch: 16 | train_loss: 0.5381 | train_acc: 0.7985 | test_loss: 0.7843 | test_acc: 0.7344 | 
Epoch: 17 | train_loss: 0.5014 | train_acc: 0.7909 | test_loss: 0.8460 | test_acc: 0.7148 | 
Epoch: 18 | train_loss: 0.3881 | train_acc: 0.8545 | test_loss: 0.8533 | test_acc: 0.7148 | 
Epoch: 19 | train_loss: 0.3999 | train_acc: 0.8297 | test_loss: 1.0442 | test_acc: 0.6875 | 
Epoch: 20 | train_loss: 0.4121 | train_acc: 0.8621 | test_loss: 0.9101 | test_acc: 0.7109 | 
Epoch: 21 | train_loss: 0.4394 | train_acc: 0.8319 | test_loss: 0.8692 | test_acc: 0.6484 | 
Epoch: 22 | train_loss: 0.3428 | train_acc: 0.8578 | test_loss: 0.7757 | test_acc: 0.7500 | 
Epoch: 23 | train_loss: 0.3354 | train_acc: 0.8804 | test_loss: 0.9643 | test_acc: 0.6836 | 
Epoch: 24 | train_loss: 0.3377 | train_acc: 0.8815 | test_loss: 0.7928 | test_acc: 0.7383 | 
Epoch: 25 | train_loss: 0.3996 | train_acc: 0.8631 | test_loss: 0.8587 | test_acc: 0.7500 | 
Epoch: 26 | train_loss: 0.3386 | train_acc: 0.8815 | test_loss: 0.8986 | test_acc: 0.6953 | 
Epoch: 27 | train_loss: 0.3755 | train_acc: 0.8685 | test_loss: 0.7808 | test_acc: 0.7617 | 
Epoch: 28 | train_loss: 0.3449 | train_acc: 0.8922 | test_loss: 0.9122 | test_acc: 0.6875 | 
Epoch: 29 | train_loss: 0.3091 | train_acc: 0.8825 | test_loss: 0.7879 | test_acc: 0.6914 | 
Epoch: 30 | train_loss: 0.2695 | train_acc: 0.9095 | test_loss: 0.8969 | test_acc: 0.6992 | 
Epoch: 31 | train_loss: 0.2274 | train_acc: 0.9170 | test_loss: 1.0201 | test_acc: 0.6758 | 
Epoch: 32 | train_loss: 0.3280 | train_acc: 0.8912 | test_loss: 0.7634 | test_acc: 0.6953 | 
Epoch: 33 | train_loss: 0.3025 | train_acc: 0.8815 | test_loss: 0.7453 | test_acc: 0.6914 | 
Epoch: 34 | train_loss: 0.3487 | train_acc: 0.8599 | test_loss: 0.8716 | test_acc: 0.7461 | 
Epoch: 35 | train_loss: 0.3654 | train_acc: 0.8728 | test_loss: 0.8289 | test_acc: 0.6953 | 
Epoch: 36 | train_loss: 0.3047 | train_acc: 0.8750 | test_loss: 0.8840 | test_acc: 0.6875 | 
Epoch: 37 | train_loss: 0.2601 | train_acc: 0.8933 | test_loss: 1.0319 | test_acc: 0.7070 | 
Epoch: 38 | train_loss: 0.2358 | train_acc: 0.8922 | test_loss: 0.8292 | test_acc: 0.7070 | 
Epoch: 39 | train_loss: 0.2522 | train_acc: 0.8998 | test_loss: 0.8104 | test_acc: 0.6992 | 
Epoch: 40 | train_loss: 0.2702 | train_acc: 0.9073 | test_loss: 0.8234 | test_acc: 0.7656 | 
Epoch: 41 | train_loss: 0.2102 | train_acc: 0.9267 | test_loss: 0.8534 | test_acc: 0.7383 | 
Epoch: 42 | train_loss: 0.2528 | train_acc: 0.9052 | test_loss: 0.8455 | test_acc: 0.7266 | 
Epoch: 43 | train_loss: 0.2080 | train_acc: 0.9332 | test_loss: 0.8018 | test_acc: 0.6914 | 
Epoch: 44 | train_loss: 0.2760 | train_acc: 0.9073 | test_loss: 0.8059 | test_acc: 0.7656 | 
Epoch: 45 | train_loss: 0.2108 | train_acc: 0.9062 | test_loss: 0.7680 | test_acc: 0.7695 | 
Epoch: 46 | train_loss: 0.2325 | train_acc: 0.8976 | test_loss: 0.7084 | test_acc: 0.7773 | 
Epoch: 47 | train_loss: 0.2113 | train_acc: 0.9095 | test_loss: 0.7870 | test_acc: 0.7656 | 
Epoch: 48 | train_loss: 0.1995 | train_acc: 0.9278 | test_loss: 0.8769 | test_acc: 0.6719 | 
Epoch: 49 | train_loss: 0.2535 | train_acc: 0.9073 | test_loss: 0.7251 | test_acc: 0.7773 | 
Epoch: 50 | train_loss: 0.2327 | train_acc: 0.9267 | test_loss: 0.8391 | test_acc: 0.7656 | 
⏱️ Total training time: 93.215 seconds
📊 Bands [92, 89, 172] -> Fitness: 0.7656
Bands [110, 97, 172] found in history. Returning cached fitness.
Bands [110, 97, 172] found in history. Returning cached fitness.
Bands [110, 97, 172] found in history. Returning cached fitness.
Bands [110, 97, 172] found in history. Returning cached fitness.
Bands [110, 97, 172] found in history. Returning cached fitness.
Bands [110, 97, 172] found in history. Returning cached fitness.
Dataset initialized with pre-loaded data. Total samples: 897
Band indices for training dataloader: [63, 77, 171]
Dataset initialized with pre-loaded data. Total samples: 226
Band indices for test dataloader: [63, 77, 171]
🔍 Starting evaluation of individual [63, 77, 171]
Epoch: 1 | train_loss: 1.3540 | train_acc: 0.3362 | test_loss: 1.3231 | test_acc: 0.3203 | 
Epoch: 2 | train_loss: 1.2728 | train_acc: 0.4159 | test_loss: 1.2475 | test_acc: 0.4062 | 
Epoch: 3 | train_loss: 1.1899 | train_acc: 0.4752 | test_loss: 1.1776 | test_acc: 0.4805 | 
Epoch: 4 | train_loss: 1.0993 | train_acc: 0.4925 | test_loss: 1.3811 | test_acc: 0.4102 | 
Epoch: 5 | train_loss: 1.0112 | train_acc: 0.5700 | test_loss: 1.0826 | test_acc: 0.5781 | 
Epoch: 6 | train_loss: 0.9676 | train_acc: 0.5981 | test_loss: 1.2643 | test_acc: 0.5312 | 
Epoch: 7 | train_loss: 0.8999 | train_acc: 0.6239 | test_loss: 1.1161 | test_acc: 0.5547 | 
Epoch: 8 | train_loss: 0.8288 | train_acc: 0.6562 | test_loss: 1.0654 | test_acc: 0.5469 | 
Epoch: 9 | train_loss: 0.8030 | train_acc: 0.6616 | test_loss: 1.0801 | test_acc: 0.5117 | 
Epoch: 10 | train_loss: 0.7717 | train_acc: 0.6778 | test_loss: 1.2557 | test_acc: 0.5234 | 
Epoch: 11 | train_loss: 0.6972 | train_acc: 0.7381 | test_loss: 1.1443 | test_acc: 0.5391 | 
Epoch: 12 | train_loss: 0.7453 | train_acc: 0.7166 | test_loss: 1.0689 | test_acc: 0.5820 | 
Epoch: 13 | train_loss: 0.6952 | train_acc: 0.7112 | test_loss: 1.1644 | test_acc: 0.5469 | 
Epoch: 14 | train_loss: 0.6324 | train_acc: 0.7392 | test_loss: 0.9115 | test_acc: 0.6797 | 
Epoch: 15 | train_loss: 0.5601 | train_acc: 0.7662 | test_loss: 0.9664 | test_acc: 0.5938 | 
Epoch: 16 | train_loss: 0.5534 | train_acc: 0.7640 | test_loss: 1.0214 | test_acc: 0.5898 | 
Epoch: 17 | train_loss: 0.5107 | train_acc: 0.7942 | test_loss: 1.0148 | test_acc: 0.6523 | 
Epoch: 18 | train_loss: 0.4625 | train_acc: 0.7996 | test_loss: 1.0119 | test_acc: 0.6289 | 
Epoch: 19 | train_loss: 0.5419 | train_acc: 0.7759 | test_loss: 1.0034 | test_acc: 0.5938 | 
Epoch: 20 | train_loss: 0.5475 | train_acc: 0.7920 | test_loss: 1.0091 | test_acc: 0.6602 | 
Epoch: 21 | train_loss: 0.5441 | train_acc: 0.7845 | test_loss: 0.9487 | test_acc: 0.7070 | 
Epoch: 22 | train_loss: 0.4215 | train_acc: 0.8438 | test_loss: 1.0268 | test_acc: 0.6289 | 
Epoch: 23 | train_loss: 0.4329 | train_acc: 0.8470 | test_loss: 0.8761 | test_acc: 0.6836 | 
Epoch: 24 | train_loss: 0.4435 | train_acc: 0.8362 | test_loss: 0.9848 | test_acc: 0.6523 | 
Epoch: 25 | train_loss: 0.4253 | train_acc: 0.8384 | test_loss: 0.8582 | test_acc: 0.7461 | 
Epoch: 26 | train_loss: 0.4013 | train_acc: 0.8351 | test_loss: 0.7775 | test_acc: 0.7383 | 
Epoch: 27 | train_loss: 0.4877 | train_acc: 0.8394 | test_loss: 0.9235 | test_acc: 0.6562 | 
Epoch: 28 | train_loss: 0.3526 | train_acc: 0.8750 | test_loss: 0.8313 | test_acc: 0.6641 | 
Epoch: 29 | train_loss: 0.3598 | train_acc: 0.8599 | test_loss: 0.7712 | test_acc: 0.7695 | 
Epoch: 30 | train_loss: 0.3010 | train_acc: 0.9019 | test_loss: 1.1031 | test_acc: 0.6641 | 
Epoch: 31 | train_loss: 0.2916 | train_acc: 0.9138 | test_loss: 0.8897 | test_acc: 0.7148 | 
Epoch: 32 | train_loss: 0.3458 | train_acc: 0.8513 | test_loss: 0.8066 | test_acc: 0.7422 | 
Epoch: 33 | train_loss: 0.3301 | train_acc: 0.8761 | test_loss: 0.8142 | test_acc: 0.7422 | 
Epoch: 34 | train_loss: 0.3539 | train_acc: 0.8696 | test_loss: 0.8033 | test_acc: 0.7383 | 
Epoch: 35 | train_loss: 0.3080 | train_acc: 0.8955 | test_loss: 0.8272 | test_acc: 0.7422 | 
Epoch: 36 | train_loss: 0.2910 | train_acc: 0.9030 | test_loss: 0.8731 | test_acc: 0.7148 | 
Epoch: 37 | train_loss: 0.3371 | train_acc: 0.8858 | test_loss: 1.0247 | test_acc: 0.6719 | 
Epoch: 38 | train_loss: 0.2699 | train_acc: 0.8836 | test_loss: 0.9488 | test_acc: 0.7422 | 
Epoch: 39 | train_loss: 0.3101 | train_acc: 0.8901 | test_loss: 0.7771 | test_acc: 0.7617 | 
Epoch: 40 | train_loss: 0.2205 | train_acc: 0.9181 | test_loss: 1.0609 | test_acc: 0.6758 | 
Epoch: 41 | train_loss: 0.1934 | train_acc: 0.9332 | test_loss: 0.8645 | test_acc: 0.6914 | 
Epoch: 42 | train_loss: 0.2538 | train_acc: 0.8987 | test_loss: 0.9973 | test_acc: 0.6797 | 
Epoch: 43 | train_loss: 0.3138 | train_acc: 0.8933 | test_loss: 0.8255 | test_acc: 0.6914 | 
Epoch: 44 | train_loss: 0.2179 | train_acc: 0.9321 | test_loss: 0.9511 | test_acc: 0.7539 | 
Epoch: 45 | train_loss: 0.3773 | train_acc: 0.8998 | test_loss: 0.8017 | test_acc: 0.7500 | 
Epoch: 46 | train_loss: 0.2279 | train_acc: 0.9321 | test_loss: 0.9524 | test_acc: 0.6680 | 
Epoch: 47 | train_loss: 0.2199 | train_acc: 0.9062 | test_loss: 0.8283 | test_acc: 0.7383 | 
Epoch: 48 | train_loss: 0.2819 | train_acc: 0.8847 | test_loss: 1.0789 | test_acc: 0.6641 | 
Epoch: 49 | train_loss: 0.2935 | train_acc: 0.8739 | test_loss: 0.8442 | test_acc: 0.7812 | 
Epoch: 50 | train_loss: 0.3236 | train_acc: 0.8793 | test_loss: 0.8350 | test_acc: 0.7539 | 
⏱️ Total training time: 105.963 seconds
📊 Bands [63, 77, 171] -> Fitness: 0.7539
Dataset initialized with pre-loaded data. Total samples: 897
Band indices for training dataloader: [107, 87, 131]
Dataset initialized with pre-loaded data. Total samples: 226
Band indices for test dataloader: [107, 87, 131]
🔍 Starting evaluation of individual [107, 87, 131]
Epoch: 1 | train_loss: 1.3650 | train_acc: 0.3330 | test_loss: 1.4476 | test_acc: 0.3555 | 
Epoch: 2 | train_loss: 1.2485 | train_acc: 0.4698 | test_loss: 1.2058 | test_acc: 0.5039 | 
Epoch: 3 | train_loss: 1.1745 | train_acc: 0.4946 | test_loss: 1.2405 | test_acc: 0.4922 | 
Epoch: 4 | train_loss: 1.0262 | train_acc: 0.5959 | test_loss: 1.1959 | test_acc: 0.4883 | 
Epoch: 5 | train_loss: 0.9499 | train_acc: 0.6099 | test_loss: 1.2612 | test_acc: 0.4609 | 
Epoch: 6 | train_loss: 0.8800 | train_acc: 0.6455 | test_loss: 1.1874 | test_acc: 0.4961 | 
Epoch: 7 | train_loss: 0.8343 | train_acc: 0.6509 | test_loss: 1.1826 | test_acc: 0.4766 | 
Epoch: 8 | train_loss: 0.8052 | train_acc: 0.6659 | test_loss: 1.0809 | test_acc: 0.5781 | 
Epoch: 9 | train_loss: 0.7565 | train_acc: 0.6864 | test_loss: 0.9524 | test_acc: 0.6641 | 
Epoch: 10 | train_loss: 0.7192 | train_acc: 0.7241 | test_loss: 1.0021 | test_acc: 0.6172 | 
Epoch: 11 | train_loss: 0.6737 | train_acc: 0.7392 | test_loss: 1.3199 | test_acc: 0.5391 | 
Epoch: 12 | train_loss: 0.6661 | train_acc: 0.7274 | test_loss: 1.1255 | test_acc: 0.5859 | 
Epoch: 13 | train_loss: 0.5706 | train_acc: 0.7759 | test_loss: 1.1140 | test_acc: 0.6055 | 
Epoch: 14 | train_loss: 0.5343 | train_acc: 0.7888 | test_loss: 1.0157 | test_acc: 0.6133 | 
Epoch: 15 | train_loss: 0.4814 | train_acc: 0.8254 | test_loss: 0.8690 | test_acc: 0.6758 | 
Epoch: 16 | train_loss: 0.4766 | train_acc: 0.8147 | test_loss: 0.8261 | test_acc: 0.6797 | 
Epoch: 17 | train_loss: 0.4566 | train_acc: 0.8060 | test_loss: 0.7950 | test_acc: 0.6797 | 
Epoch: 18 | train_loss: 0.4679 | train_acc: 0.8147 | test_loss: 0.7800 | test_acc: 0.7383 | 
Epoch: 19 | train_loss: 0.3909 | train_acc: 0.8696 | test_loss: 0.9966 | test_acc: 0.6836 | 
Epoch: 20 | train_loss: 0.3803 | train_acc: 0.8653 | test_loss: 0.8835 | test_acc: 0.7188 | 
Epoch: 21 | train_loss: 0.4826 | train_acc: 0.8481 | test_loss: 0.8416 | test_acc: 0.6797 | 
Epoch: 22 | train_loss: 0.4069 | train_acc: 0.8513 | test_loss: 0.9075 | test_acc: 0.6875 | 
Epoch: 23 | train_loss: 0.3610 | train_acc: 0.8750 | test_loss: 1.1374 | test_acc: 0.6523 | 
Epoch: 24 | train_loss: 0.3488 | train_acc: 0.8599 | test_loss: 0.7239 | test_acc: 0.7695 | 
Epoch: 25 | train_loss: 0.3691 | train_acc: 0.8534 | test_loss: 1.0993 | test_acc: 0.6719 | 
Epoch: 26 | train_loss: 0.3679 | train_acc: 0.8631 | test_loss: 0.8447 | test_acc: 0.6875 | 
Epoch: 27 | train_loss: 0.3923 | train_acc: 0.8481 | test_loss: 0.9574 | test_acc: 0.6992 | 
Epoch: 28 | train_loss: 0.3240 | train_acc: 0.8653 | test_loss: 1.0895 | test_acc: 0.7070 | 
Epoch: 29 | train_loss: 0.3303 | train_acc: 0.8685 | test_loss: 0.8819 | test_acc: 0.7617 | 
Epoch: 30 | train_loss: 0.2624 | train_acc: 0.9127 | test_loss: 0.9362 | test_acc: 0.7305 | 
Epoch: 31 | train_loss: 0.2945 | train_acc: 0.8869 | test_loss: 0.7770 | test_acc: 0.7773 | 
Epoch: 32 | train_loss: 0.4241 | train_acc: 0.8696 | test_loss: 0.9742 | test_acc: 0.6953 | 
Epoch: 33 | train_loss: 0.3127 | train_acc: 0.9052 | test_loss: 0.9131 | test_acc: 0.6953 | 
Epoch: 34 | train_loss: 0.3523 | train_acc: 0.8685 | test_loss: 0.7569 | test_acc: 0.7891 | 
Epoch: 35 | train_loss: 0.3214 | train_acc: 0.8836 | test_loss: 0.8960 | test_acc: 0.7031 | 
Epoch: 36 | train_loss: 0.2821 | train_acc: 0.8782 | test_loss: 0.7885 | test_acc: 0.7773 | 
Epoch: 37 | train_loss: 0.2509 | train_acc: 0.9256 | test_loss: 0.7923 | test_acc: 0.7852 | 
Epoch: 38 | train_loss: 0.3437 | train_acc: 0.9019 | test_loss: 0.8246 | test_acc: 0.7734 | 
Epoch: 39 | train_loss: 0.2456 | train_acc: 0.9267 | test_loss: 0.7998 | test_acc: 0.8008 | 
Epoch: 40 | train_loss: 0.2039 | train_acc: 0.9310 | test_loss: 0.8509 | test_acc: 0.7539 | 
Epoch: 41 | train_loss: 0.2242 | train_acc: 0.9321 | test_loss: 0.8239 | test_acc: 0.7734 | 
Epoch: 42 | train_loss: 0.1886 | train_acc: 0.9375 | test_loss: 0.7416 | test_acc: 0.7695 | 
Epoch: 43 | train_loss: 0.2321 | train_acc: 0.9106 | test_loss: 0.7662 | test_acc: 0.7773 | 
Epoch: 44 | train_loss: 0.2697 | train_acc: 0.9159 | test_loss: 0.8324 | test_acc: 0.7031 | 
Epoch: 45 | train_loss: 0.2505 | train_acc: 0.8987 | test_loss: 0.7746 | test_acc: 0.7617 | 
Epoch: 46 | train_loss: 0.1910 | train_acc: 0.9397 | test_loss: 0.8326 | test_acc: 0.7734 | 
Epoch: 47 | train_loss: 0.3788 | train_acc: 0.9106 | test_loss: 0.9363 | test_acc: 0.7383 | 
Epoch: 48 | train_loss: 0.2139 | train_acc: 0.9300 | test_loss: 0.7740 | test_acc: 0.7734 | 
Epoch: 49 | train_loss: 0.1935 | train_acc: 0.9461 | test_loss: 0.8153 | test_acc: 0.7891 | 
Epoch: 50 | train_loss: 0.1879 | train_acc: 0.9526 | test_loss: 0.8971 | test_acc: 0.7773 | 
⏱️ Total training time: 108.206 seconds
📊 Bands [107, 87, 131] -> Fitness: 0.7773
7  	17    	0.805469	0.0283735	0.734375	0.824219	Individual('h', [110, 97, 172]) 
Bands [110, 97, 172] found in history. Returning cached fitness.
Bands [110, 97, 172] found in history. Returning cached fitness.
Bands [110, 97, 172] found in history. Returning cached fitness.
Bands [110, 97, 172] found in history. Returning cached fitness.
Bands [110, 97, 172] found in history. Returning cached fitness.
Bands [110, 97, 172] found in history. Returning cached fitness.
Bands [110, 97, 172] found in history. Returning cached fitness.
Bands [110, 97, 172] found in history. Returning cached fitness.
Bands [110, 97, 172] found in history. Returning cached fitness.
Bands [110, 97, 172] found in history. Returning cached fitness.
Bands [110, 97, 172] found in history. Returning cached fitness.
Bands [110, 97, 172] found in history. Returning cached fitness.
Dataset initialized with pre-loaded data. Total samples: 897
Band indices for training dataloader: [109, 97, 172]
Dataset initialized with pre-loaded data. Total samples: 226
Band indices for test dataloader: [109, 97, 172]
🔍 Starting evaluation of individual [109, 97, 172]
Epoch: 1 | train_loss: 1.3813 | train_acc: 0.3060 | test_loss: 1.2482 | test_acc: 0.4609 | 
Epoch: 2 | train_loss: 1.1950 | train_acc: 0.4935 | test_loss: 1.1867 | test_acc: 0.5312 | 
Epoch: 3 | train_loss: 1.1459 | train_acc: 0.5205 | test_loss: 1.4591 | test_acc: 0.3984 | 
Epoch: 4 | train_loss: 1.0161 | train_acc: 0.5722 | test_loss: 1.1381 | test_acc: 0.5469 | 
Epoch: 5 | train_loss: 0.9619 | train_acc: 0.5981 | test_loss: 0.9780 | test_acc: 0.6133 | 
Epoch: 6 | train_loss: 0.8690 | train_acc: 0.6347 | test_loss: 1.0194 | test_acc: 0.6289 | 
Epoch: 7 | train_loss: 0.8658 | train_acc: 0.6422 | test_loss: 1.0242 | test_acc: 0.5586 | 
Epoch: 8 | train_loss: 0.7937 | train_acc: 0.6713 | test_loss: 0.8714 | test_acc: 0.6797 | 
Epoch: 9 | train_loss: 0.6975 | train_acc: 0.7177 | test_loss: 1.0807 | test_acc: 0.6211 | 
Epoch: 10 | train_loss: 0.7128 | train_acc: 0.7177 | test_loss: 0.9311 | test_acc: 0.6250 | 
Epoch: 11 | train_loss: 0.6201 | train_acc: 0.8017 | test_loss: 0.8616 | test_acc: 0.6836 | 
Epoch: 12 | train_loss: 0.5766 | train_acc: 0.8050 | test_loss: 0.8789 | test_acc: 0.6953 | 
Epoch: 13 | train_loss: 0.5948 | train_acc: 0.7662 | test_loss: 0.8068 | test_acc: 0.7227 | 
Epoch: 14 | train_loss: 0.5428 | train_acc: 0.7931 | test_loss: 0.9350 | test_acc: 0.6211 | 
Epoch: 15 | train_loss: 0.4959 | train_acc: 0.8006 | test_loss: 0.9839 | test_acc: 0.6367 | 
Epoch: 16 | train_loss: 0.4293 | train_acc: 0.8179 | test_loss: 0.9299 | test_acc: 0.6641 | 
Epoch: 17 | train_loss: 0.3689 | train_acc: 0.8815 | test_loss: 0.9479 | test_acc: 0.7344 | 
Epoch: 18 | train_loss: 0.4315 | train_acc: 0.8308 | test_loss: 0.7364 | test_acc: 0.7461 | 
Epoch: 19 | train_loss: 0.3714 | train_acc: 0.8707 | test_loss: 0.8891 | test_acc: 0.7070 | 
Epoch: 20 | train_loss: 0.4725 | train_acc: 0.8276 | test_loss: 0.8993 | test_acc: 0.6602 | 
Epoch: 21 | train_loss: 0.4822 | train_acc: 0.8211 | test_loss: 0.8166 | test_acc: 0.6641 | 
Epoch: 22 | train_loss: 0.3743 | train_acc: 0.8750 | test_loss: 0.7348 | test_acc: 0.7344 | 
Epoch: 23 | train_loss: 0.3973 | train_acc: 0.8438 | test_loss: 0.6625 | test_acc: 0.7539 | 
Epoch: 24 | train_loss: 0.3355 | train_acc: 0.8653 | test_loss: 0.7437 | test_acc: 0.7578 | 
Epoch: 25 | train_loss: 0.3309 | train_acc: 0.8675 | test_loss: 0.8121 | test_acc: 0.7461 | 
Epoch: 26 | train_loss: 0.2859 | train_acc: 0.9095 | test_loss: 0.9548 | test_acc: 0.6602 | 
Epoch: 27 | train_loss: 0.3616 | train_acc: 0.8804 | test_loss: 0.7379 | test_acc: 0.7812 | 
Epoch: 28 | train_loss: 0.2697 | train_acc: 0.8912 | test_loss: 0.8674 | test_acc: 0.6914 | 
Epoch: 29 | train_loss: 0.3565 | train_acc: 0.8750 | test_loss: 0.8271 | test_acc: 0.7188 | 
Epoch: 30 | train_loss: 0.2771 | train_acc: 0.8912 | test_loss: 0.8937 | test_acc: 0.6758 | 
Epoch: 31 | train_loss: 0.3251 | train_acc: 0.8631 | test_loss: 0.9261 | test_acc: 0.6992 | 
Epoch: 32 | train_loss: 0.2322 | train_acc: 0.9289 | test_loss: 0.9337 | test_acc: 0.7188 | 
Epoch: 33 | train_loss: 0.2582 | train_acc: 0.9041 | test_loss: 0.7614 | test_acc: 0.7227 | 
Epoch: 34 | train_loss: 0.3202 | train_acc: 0.8815 | test_loss: 0.8058 | test_acc: 0.6719 | 
Epoch: 35 | train_loss: 0.2893 | train_acc: 0.9084 | test_loss: 0.9521 | test_acc: 0.7344 | 
Epoch: 36 | train_loss: 0.3464 | train_acc: 0.8642 | test_loss: 1.2017 | test_acc: 0.6719 | 
Epoch: 37 | train_loss: 0.2804 | train_acc: 0.8869 | test_loss: 0.7058 | test_acc: 0.7422 | 
Epoch: 38 | train_loss: 0.3849 | train_acc: 0.8621 | test_loss: 0.8565 | test_acc: 0.6875 | 
Epoch: 39 | train_loss: 0.2634 | train_acc: 0.9192 | test_loss: 0.8659 | test_acc: 0.7227 | 
Epoch: 40 | train_loss: 0.2464 | train_acc: 0.9041 | test_loss: 0.7362 | test_acc: 0.7461 | 
Epoch: 41 | train_loss: 0.2194 | train_acc: 0.9310 | test_loss: 0.7203 | test_acc: 0.7812 | 
Epoch: 42 | train_loss: 0.2638 | train_acc: 0.9062 | test_loss: 0.5973 | test_acc: 0.7969 | 
Epoch: 43 | train_loss: 0.1816 | train_acc: 0.9440 | test_loss: 0.6197 | test_acc: 0.7969 | 
Epoch: 44 | train_loss: 0.3623 | train_acc: 0.9030 | test_loss: 0.6237 | test_acc: 0.7891 | 
Epoch: 45 | train_loss: 0.2330 | train_acc: 0.9278 | test_loss: 0.8050 | test_acc: 0.7930 | 
Epoch: 46 | train_loss: 0.2930 | train_acc: 0.9138 | test_loss: 0.7606 | test_acc: 0.8242 | 
Epoch: 47 | train_loss: 0.2885 | train_acc: 0.8987 | test_loss: 0.7337 | test_acc: 0.7930 | 
Epoch: 48 | train_loss: 0.2584 | train_acc: 0.9181 | test_loss: 0.7076 | test_acc: 0.7930 | 
Epoch: 49 | train_loss: 0.2717 | train_acc: 0.9019 | test_loss: 0.8976 | test_acc: 0.7773 | 
Epoch: 50 | train_loss: 0.2696 | train_acc: 0.9127 | test_loss: 0.7011 | test_acc: 0.7812 | 
⏱️ Total training time: 106.883 seconds
📊 Bands [109, 97, 172] -> Fitness: 0.7812
Bands [109, 97, 172] found in history. Returning cached fitness.
Bands [110, 97, 172] found in history. Returning cached fitness.
Bands [110, 97, 172] found in history. Returning cached fitness.
Bands [110, 97, 172] found in history. Returning cached fitness.
Bands [110, 97, 172] found in history. Returning cached fitness.
Bands [110, 97, 172] found in history. Returning cached fitness.
Bands [110, 97, 172] found in history. Returning cached fitness.
8  	20    	0.819922	0.0128906	0.78125 	0.824219	Individual('h', [110, 97, 172]) 
Bands [110, 97, 172] found in history. Returning cached fitness.
Bands [110, 97, 172] found in history. Returning cached fitness.
Bands [110, 97, 172] found in history. Returning cached fitness.
Bands [110, 97, 172] found in history. Returning cached fitness.
Bands [110, 97, 172] found in history. Returning cached fitness.
Bands [110, 97, 172] found in history. Returning cached fitness.
Bands [110, 97, 172] found in history. Returning cached fitness.
Bands [110, 97, 172] found in history. Returning cached fitness.
Bands [110, 97, 172] found in history. Returning cached fitness.
Bands [110, 97, 172] found in history. Returning cached fitness.
Bands [110, 97, 172] found in history. Returning cached fitness.
Bands [110, 97, 172] found in history. Returning cached fitness.
Bands [110, 97, 172] found in history. Returning cached fitness.
Bands [110, 97, 172] found in history. Returning cached fitness.
Bands [109, 97, 172] found in history. Returning cached fitness.
Bands [109, 97, 172] found in history. Returning cached fitness.
Bands [110, 97, 172] found in history. Returning cached fitness.
Bands [110, 97, 172] found in history. Returning cached fitness.
9  	18    	0.819922	0.0128906	0.78125 	0.824219	Individual('h', [110, 97, 172]) 
Bands [110, 97, 172] found in history. Returning cached fitness.
Bands [110, 97, 172] found in history. Returning cached fitness.
Bands [110, 97, 172] found in history. Returning cached fitness.
Bands [110, 97, 172] found in history. Returning cached fitness.
Bands [110, 97, 172] found in history. Returning cached fitness.
Bands [110, 97, 172] found in history. Returning cached fitness.
Bands [110, 97, 172] found in history. Returning cached fitness.
Bands [110, 97, 172] found in history. Returning cached fitness.
Bands [110, 97, 172] found in history. Returning cached fitness.
Bands [110, 97, 172] found in history. Returning cached fitness.
Bands [110, 97, 172] found in history. Returning cached fitness.
Bands [110, 97, 172] found in history. Returning cached fitness.
Bands [110, 97, 172] found in history. Returning cached fitness.
Bands [110, 97, 172] found in history. Returning cached fitness.
10 	14    	0.824219	0        	0.824219	0.824219	Individual('h', [110, 97, 172]) 
Bands [110, 97, 172] found in history. Returning cached fitness.
Bands [110, 97, 172] found in history. Returning cached fitness.
Bands [110, 97, 172] found in history. Returning cached fitness.
Bands [110, 97, 172] found in history. Returning cached fitness.
Bands [110, 97, 172] found in history. Returning cached fitness.
Bands [110, 97, 172] found in history. Returning cached fitness.
Bands [110, 97, 172] found in history. Returning cached fitness.
Bands [110, 97, 172] found in history. Returning cached fitness.
Bands [110, 97, 172] found in history. Returning cached fitness.
Bands [109, 97, 172] found in history. Returning cached fitness.
Bands [109, 97, 172] found in history. Returning cached fitness.
Bands [110, 97, 172] found in history. Returning cached fitness.
Bands [110, 97, 172] found in history. Returning cached fitness.
Bands [110, 97, 172] found in history. Returning cached fitness.
Bands [110, 97, 172] found in history. Returning cached fitness.
Bands [110, 97, 172] found in history. Returning cached fitness.
Bands [110, 97, 172] found in history. Returning cached fitness.
Dataset initialized with pre-loaded data. Total samples: 897
Band indices for training dataloader: [110, 97, 171]
Dataset initialized with pre-loaded data. Total samples: 226
Band indices for test dataloader: [110, 97, 171]
🔍 Starting evaluation of individual [110, 97, 171]
Epoch: 1 | train_loss: 1.3422 | train_acc: 0.3384 | test_loss: 1.2885 | test_acc: 0.4492 | 
Epoch: 2 | train_loss: 1.2262 | train_acc: 0.4418 | test_loss: 1.2199 | test_acc: 0.3984 | 
Epoch: 3 | train_loss: 1.1035 | train_acc: 0.5129 | test_loss: 1.2432 | test_acc: 0.4805 | 
Epoch: 4 | train_loss: 1.0085 | train_acc: 0.5657 | test_loss: 1.0818 | test_acc: 0.5625 | 
Epoch: 5 | train_loss: 0.9034 | train_acc: 0.6218 | test_loss: 1.0458 | test_acc: 0.5664 | 
Epoch: 6 | train_loss: 0.8337 | train_acc: 0.6929 | test_loss: 1.0975 | test_acc: 0.5078 | 
Epoch: 7 | train_loss: 0.7370 | train_acc: 0.7004 | test_loss: 1.0764 | test_acc: 0.6133 | 
Epoch: 8 | train_loss: 0.7551 | train_acc: 0.6832 | test_loss: 1.0210 | test_acc: 0.5977 | 
Epoch: 9 | train_loss: 0.6672 | train_acc: 0.7263 | test_loss: 1.1188 | test_acc: 0.5977 | 
Epoch: 10 | train_loss: 0.6347 | train_acc: 0.7769 | test_loss: 1.1487 | test_acc: 0.6094 | 
Epoch: 11 | train_loss: 0.6066 | train_acc: 0.7435 | test_loss: 0.8793 | test_acc: 0.7109 | 
Epoch: 12 | train_loss: 0.5846 | train_acc: 0.7662 | test_loss: 0.8857 | test_acc: 0.6641 | 
Epoch: 13 | train_loss: 0.5540 | train_acc: 0.7942 | test_loss: 0.8902 | test_acc: 0.6875 | 
Epoch: 14 | train_loss: 0.4994 | train_acc: 0.8190 | test_loss: 0.8080 | test_acc: 0.7266 | 
Epoch: 15 | train_loss: 0.3795 | train_acc: 0.8545 | test_loss: 1.1084 | test_acc: 0.5938 | 
Epoch: 16 | train_loss: 0.4432 | train_acc: 0.8362 | test_loss: 0.8766 | test_acc: 0.6602 | 
Epoch: 17 | train_loss: 0.4521 | train_acc: 0.8200 | test_loss: 0.9072 | test_acc: 0.6680 | 
Epoch: 18 | train_loss: 0.4744 | train_acc: 0.8179 | test_loss: 1.0938 | test_acc: 0.6133 | 
Epoch: 19 | train_loss: 0.4106 | train_acc: 0.8427 | test_loss: 0.9688 | test_acc: 0.6797 | 
Epoch: 20 | train_loss: 0.3422 | train_acc: 0.8933 | test_loss: 0.9439 | test_acc: 0.6211 | 
Epoch: 21 | train_loss: 0.4215 | train_acc: 0.8481 | test_loss: 0.8808 | test_acc: 0.6758 | 
Epoch: 22 | train_loss: 0.4051 | train_acc: 0.8190 | test_loss: 0.7542 | test_acc: 0.7695 | 
Epoch: 23 | train_loss: 0.3172 | train_acc: 0.8631 | test_loss: 0.8234 | test_acc: 0.7227 | 
Epoch: 24 | train_loss: 0.2937 | train_acc: 0.9052 | test_loss: 0.7948 | test_acc: 0.6953 | 
Epoch: 25 | train_loss: 0.3317 | train_acc: 0.8642 | test_loss: 0.7711 | test_acc: 0.7578 | 
Epoch: 26 | train_loss: 0.3519 | train_acc: 0.8545 | test_loss: 0.7213 | test_acc: 0.7617 | 
Epoch: 27 | train_loss: 0.3209 | train_acc: 0.8804 | test_loss: 0.7547 | test_acc: 0.7695 | 
Epoch: 28 | train_loss: 0.3387 | train_acc: 0.8534 | test_loss: 0.7458 | test_acc: 0.7656 | 
Epoch: 29 | train_loss: 0.2623 | train_acc: 0.9181 | test_loss: 0.6698 | test_acc: 0.7812 | 
Epoch: 30 | train_loss: 0.4038 | train_acc: 0.8879 | test_loss: 0.7620 | test_acc: 0.7578 | 
Epoch: 31 | train_loss: 0.3456 | train_acc: 0.8912 | test_loss: 0.7397 | test_acc: 0.7617 | 
Epoch: 32 | train_loss: 0.2437 | train_acc: 0.9170 | test_loss: 0.7295 | test_acc: 0.7539 | 
Epoch: 33 | train_loss: 0.2576 | train_acc: 0.8966 | test_loss: 0.7771 | test_acc: 0.7930 | 
Epoch: 34 | train_loss: 0.2655 | train_acc: 0.8976 | test_loss: 0.6174 | test_acc: 0.7812 | 
Epoch: 35 | train_loss: 0.2616 | train_acc: 0.8912 | test_loss: 0.7174 | test_acc: 0.7656 | 
Epoch: 36 | train_loss: 0.2740 | train_acc: 0.9009 | test_loss: 0.9592 | test_acc: 0.6484 | 
Epoch: 37 | train_loss: 0.2370 | train_acc: 0.9019 | test_loss: 0.7208 | test_acc: 0.7734 | 
Epoch: 38 | train_loss: 0.2611 | train_acc: 0.8987 | test_loss: 0.8333 | test_acc: 0.7773 | 
Epoch: 39 | train_loss: 0.2456 | train_acc: 0.8976 | test_loss: 0.6827 | test_acc: 0.7734 | 
Epoch: 40 | train_loss: 0.2357 | train_acc: 0.9041 | test_loss: 0.7998 | test_acc: 0.7383 | 
Epoch: 41 | train_loss: 0.2205 | train_acc: 0.9289 | test_loss: 0.9272 | test_acc: 0.7266 | 
Epoch: 42 | train_loss: 0.2246 | train_acc: 0.9353 | test_loss: 0.7186 | test_acc: 0.7734 | 
Epoch: 43 | train_loss: 0.1601 | train_acc: 0.9407 | test_loss: 0.7433 | test_acc: 0.7539 | 
Epoch: 44 | train_loss: 0.1617 | train_acc: 0.9472 | test_loss: 0.7378 | test_acc: 0.7734 | 
Epoch: 45 | train_loss: 0.1784 | train_acc: 0.9407 | test_loss: 0.6155 | test_acc: 0.7930 | 
Epoch: 46 | train_loss: 0.2140 | train_acc: 0.9192 | test_loss: 0.6439 | test_acc: 0.7695 | 
Epoch: 47 | train_loss: 0.1736 | train_acc: 0.9494 | test_loss: 0.6960 | test_acc: 0.7852 | 
Epoch: 48 | train_loss: 0.1479 | train_acc: 0.9461 | test_loss: 0.5916 | test_acc: 0.8203 | 
Epoch: 49 | train_loss: 0.3036 | train_acc: 0.9127 | test_loss: 0.6535 | test_acc: 0.7891 | 
Epoch: 50 | train_loss: 0.2718 | train_acc: 0.8966 | test_loss: 0.6761 | test_acc: 0.7969 | 
⏱️ Total training time: 103.378 seconds
📊 Bands [110, 97, 171] -> Fitness: 0.7969
Bands [110, 97, 171] found in history. Returning cached fitness.
11 	19    	0.817187	0.01449  	0.78125 	0.824219	Individual('h', [110, 97, 172]) 
Bands [110, 97, 172] found in history. Returning cached fitness.
Bands [110, 97, 172] found in history. Returning cached fitness.
Bands [110, 97, 172] found in history. Returning cached fitness.
Bands [110, 97, 172] found in history. Returning cached fitness.
Bands [110, 97, 172] found in history. Returning cached fitness.
Bands [110, 97, 172] found in history. Returning cached fitness.
Bands [110, 97, 172] found in history. Returning cached fitness.
Bands [110, 97, 172] found in history. Returning cached fitness.
Bands [110, 97, 172] found in history. Returning cached fitness.
Bands [110, 97, 172] found in history. Returning cached fitness.
Bands [110, 97, 172] found in history. Returning cached fitness.
Bands [110, 97, 172] found in history. Returning cached fitness.
Bands [110, 97, 172] found in history. Returning cached fitness.
Bands [110, 97, 172] found in history. Returning cached fitness.
12 	14    	0.824219	0        	0.824219	0.824219	Individual('h', [110, 97, 172]) 
Bands [110, 97, 172] found in history. Returning cached fitness.
Bands [110, 97, 172] found in history. Returning cached fitness.
Bands [110, 97, 172] found in history. Returning cached fitness.
Bands [110, 97, 172] found in history. Returning cached fitness.
Bands [110, 97, 172] found in history. Returning cached fitness.
Bands [110, 97, 172] found in history. Returning cached fitness.
Bands [110, 97, 172] found in history. Returning cached fitness.
Bands [110, 97, 172] found in history. Returning cached fitness.
Bands [110, 97, 172] found in history. Returning cached fitness.
Bands [110, 97, 172] found in history. Returning cached fitness.
Bands [110, 97, 172] found in history. Returning cached fitness.
Bands [110, 97, 172] found in history. Returning cached fitness.
Bands [110, 97, 172] found in history. Returning cached fitness.
Bands [110, 97, 172] found in history. Returning cached fitness.
Bands [110, 97, 172] found in history. Returning cached fitness.
Bands [110, 97, 172] found in history. Returning cached fitness.
Bands [110, 97, 172] found in history. Returning cached fitness.
Bands [110, 97, 172] found in history. Returning cached fitness.
13 	18    	0.824219	0        	0.824219	0.824219	Individual('h', [110, 97, 172]) 
Bands [110, 97, 172] found in history. Returning cached fitness.
Bands [110, 97, 172] found in history. Returning cached fitness.
Bands [110, 97, 172] found in history. Returning cached fitness.
Bands [110, 97, 172] found in history. Returning cached fitness.
Bands [110, 97, 172] found in history. Returning cached fitness.
Bands [110, 97, 172] found in history. Returning cached fitness.
Bands [110, 97, 172] found in history. Returning cached fitness.
Bands [110, 97, 172] found in history. Returning cached fitness.
Bands [110, 97, 172] found in history. Returning cached fitness.
Bands [110, 97, 172] found in history. Returning cached fitness.
Bands [110, 97, 172] found in history. Returning cached fitness.
Bands [110, 97, 172] found in history. Returning cached fitness.
Bands [110, 97, 172] found in history. Returning cached fitness.
Bands [110, 97, 172] found in history. Returning cached fitness.
Bands [110, 97, 172] found in history. Returning cached fitness.
14 	15    	0.824219	0        	0.824219	0.824219	Individual('h', [110, 97, 172]) 
Bands [110, 97, 172] found in history. Returning cached fitness.
Bands [110, 97, 172] found in history. Returning cached fitness.
Bands [110, 97, 172] found in history. Returning cached fitness.
Bands [110, 97, 172] found in history. Returning cached fitness.
Bands [110, 97, 172] found in history. Returning cached fitness.
Bands [110, 97, 172] found in history. Returning cached fitness.
Bands [110, 97, 172] found in history. Returning cached fitness.
Bands [110, 97, 172] found in history. Returning cached fitness.
Bands [110, 97, 172] found in history. Returning cached fitness.
Bands [110, 97, 172] found in history. Returning cached fitness.
Bands [110, 97, 172] found in history. Returning cached fitness.
Bands [110, 97, 172] found in history. Returning cached fitness.
Bands [110, 97, 172] found in history. Returning cached fitness.
Bands [110, 97, 172] found in history. Returning cached fitness.
Bands [110, 97, 172] found in history. Returning cached fitness.
Bands [110, 97, 172] found in history. Returning cached fitness.
Bands [110, 97, 172] found in history. Returning cached fitness.
Bands [110, 97, 172] found in history. Returning cached fitness.
15 	18    	0.824219	0        	0.824219	0.824219	Individual('h', [110, 97, 172]) 
Bands [110, 97, 172] found in history. Returning cached fitness.
Bands [110, 97, 172] found in history. Returning cached fitness.
Bands [110, 97, 172] found in history. Returning cached fitness.
Bands [110, 97, 172] found in history. Returning cached fitness.
Bands [110, 96, 172] found in history. Returning cached fitness.
Bands [110, 96, 172] found in history. Returning cached fitness.
Bands [110, 97, 172] found in history. Returning cached fitness.
Bands [110, 97, 172] found in history. Returning cached fitness.
Bands [110, 97, 172] found in history. Returning cached fitness.
Bands [110, 97, 172] found in history. Returning cached fitness.
Bands [110, 97, 172] found in history. Returning cached fitness.
Bands [110, 97, 172] found in history. Returning cached fitness.
Bands [110, 97, 172] found in history. Returning cached fitness.
Bands [110, 97, 172] found in history. Returning cached fitness.
16 	14    	0.821484	0.00820312	0.796875	0.824219	Individual('h', [110, 97, 172]) 
Bands [110, 97, 172] found in history. Returning cached fitness.
Bands [110, 97, 172] found in history. Returning cached fitness.
Bands [110, 97, 172] found in history. Returning cached fitness.
Bands [110, 97, 172] found in history. Returning cached fitness.
Bands [110, 97, 172] found in history. Returning cached fitness.
Bands [110, 97, 172] found in history. Returning cached fitness.
Bands [110, 97, 172] found in history. Returning cached fitness.
Bands [110, 97, 172] found in history. Returning cached fitness.
Bands [110, 97, 172] found in history. Returning cached fitness.
Bands [110, 97, 172] found in history. Returning cached fitness.
Bands [110, 97, 172] found in history. Returning cached fitness.
Bands [110, 97, 172] found in history. Returning cached fitness.
Bands [110, 97, 172] found in history. Returning cached fitness.
Bands [110, 97, 172] found in history. Returning cached fitness.
Bands [110, 96, 172] found in history. Returning cached fitness.
Bands [110, 96, 172] found in history. Returning cached fitness.
Bands [110, 97, 172] found in history. Returning cached fitness.
Bands [110, 97, 172] found in history. Returning cached fitness.
17 	18    	0.821484	0.00820312	0.796875	0.824219	Individual('h', [110, 97, 172]) 
Bands [110, 96, 172] found in history. Returning cached fitness.
Bands [110, 96, 172] found in history. Returning cached fitness.
Bands [110, 97, 172] found in history. Returning cached fitness.
Bands [110, 97, 172] found in history. Returning cached fitness.
Bands [110, 97, 172] found in history. Returning cached fitness.
Bands [110, 97, 172] found in history. Returning cached fitness.
Bands [110, 97, 172] found in history. Returning cached fitness.
Bands [110, 97, 172] found in history. Returning cached fitness.
Bands [110, 97, 172] found in history. Returning cached fitness.
Bands [110, 97, 172] found in history. Returning cached fitness.
Bands [110, 97, 172] found in history. Returning cached fitness.
Dataset initialized with pre-loaded data. Total samples: 897
Band indices for training dataloader: [110, 98, 172]
Dataset initialized with pre-loaded data. Total samples: 226
Band indices for test dataloader: [110, 98, 172]
🔍 Starting evaluation of individual [110, 98, 172]
Epoch: 1 | train_loss: 1.3580 | train_acc: 0.3157 | test_loss: 1.2708 | test_acc: 0.4023 | 
Epoch: 2 | train_loss: 1.2358 | train_acc: 0.4116 | test_loss: 1.1970 | test_acc: 0.4648 | 
Epoch: 3 | train_loss: 1.1151 | train_acc: 0.5000 | test_loss: 1.1887 | test_acc: 0.4844 | 
Epoch: 4 | train_loss: 1.0178 | train_acc: 0.5722 | test_loss: 1.1463 | test_acc: 0.5859 | 
Epoch: 5 | train_loss: 0.9942 | train_acc: 0.5948 | test_loss: 1.0684 | test_acc: 0.5508 | 
Epoch: 6 | train_loss: 0.8761 | train_acc: 0.6476 | test_loss: 1.0495 | test_acc: 0.6016 | 
Epoch: 7 | train_loss: 0.7915 | train_acc: 0.6670 | test_loss: 0.9674 | test_acc: 0.6211 | 
Epoch: 8 | train_loss: 0.7490 | train_acc: 0.7015 | test_loss: 0.9299 | test_acc: 0.6445 | 
Epoch: 9 | train_loss: 0.6985 | train_acc: 0.7446 | test_loss: 0.8494 | test_acc: 0.6602 | 
Epoch: 10 | train_loss: 0.6863 | train_acc: 0.7338 | test_loss: 0.8489 | test_acc: 0.6680 | 
Epoch: 11 | train_loss: 0.6095 | train_acc: 0.7769 | test_loss: 0.9987 | test_acc: 0.6797 | 
Epoch: 12 | train_loss: 0.5160 | train_acc: 0.8136 | test_loss: 0.8194 | test_acc: 0.6953 | 
Epoch: 13 | train_loss: 0.5216 | train_acc: 0.8179 | test_loss: 0.8375 | test_acc: 0.6914 | 
Epoch: 14 | train_loss: 0.5146 | train_acc: 0.7899 | test_loss: 0.8166 | test_acc: 0.7227 | 
Epoch: 15 | train_loss: 0.4402 | train_acc: 0.8567 | test_loss: 0.7786 | test_acc: 0.7188 | 
Epoch: 16 | train_loss: 0.4210 | train_acc: 0.8319 | test_loss: 0.8273 | test_acc: 0.7344 | 
Epoch: 17 | train_loss: 0.4353 | train_acc: 0.8211 | test_loss: 0.8174 | test_acc: 0.7578 | 
Epoch: 18 | train_loss: 0.4859 | train_acc: 0.8222 | test_loss: 0.8178 | test_acc: 0.7305 | 
Epoch: 19 | train_loss: 0.4624 | train_acc: 0.8093 | test_loss: 0.9379 | test_acc: 0.6797 | 
Epoch: 20 | train_loss: 0.3761 | train_acc: 0.8642 | test_loss: 1.1088 | test_acc: 0.6914 | 
Epoch: 21 | train_loss: 0.4428 | train_acc: 0.8405 | test_loss: 0.8368 | test_acc: 0.7227 | 
Epoch: 22 | train_loss: 0.3734 | train_acc: 0.8341 | test_loss: 0.8869 | test_acc: 0.6992 | 
Epoch: 23 | train_loss: 0.3925 | train_acc: 0.8502 | test_loss: 0.9245 | test_acc: 0.6992 | 
Epoch: 24 | train_loss: 0.3751 | train_acc: 0.8534 | test_loss: 0.8975 | test_acc: 0.6836 | 
Epoch: 25 | train_loss: 0.3819 | train_acc: 0.8631 | test_loss: 0.8030 | test_acc: 0.7188 | 
Epoch: 26 | train_loss: 0.3515 | train_acc: 0.8847 | test_loss: 0.7769 | test_acc: 0.7305 | 
Epoch: 27 | train_loss: 0.3491 | train_acc: 0.8610 | test_loss: 0.8906 | test_acc: 0.6836 | 
Epoch: 28 | train_loss: 0.2543 | train_acc: 0.9203 | test_loss: 0.8867 | test_acc: 0.6797 | 
Epoch: 29 | train_loss: 0.2711 | train_acc: 0.8879 | test_loss: 0.9739 | test_acc: 0.7656 | 
Epoch: 30 | train_loss: 0.3017 | train_acc: 0.8782 | test_loss: 0.9934 | test_acc: 0.7031 | 
Epoch: 31 | train_loss: 0.2784 | train_acc: 0.8825 | test_loss: 0.9471 | test_acc: 0.6992 | 
Epoch: 32 | train_loss: 0.2660 | train_acc: 0.9009 | test_loss: 0.7579 | test_acc: 0.7578 | 
Epoch: 33 | train_loss: 0.1830 | train_acc: 0.9332 | test_loss: 0.8424 | test_acc: 0.7734 | 
Epoch: 34 | train_loss: 0.2603 | train_acc: 0.8998 | test_loss: 1.0498 | test_acc: 0.7617 | 
Epoch: 35 | train_loss: 0.3175 | train_acc: 0.8782 | test_loss: 0.8902 | test_acc: 0.7500 | 
Epoch: 36 | train_loss: 0.2763 | train_acc: 0.8782 | test_loss: 0.9487 | test_acc: 0.7422 | 
Epoch: 37 | train_loss: 0.2336 | train_acc: 0.9256 | test_loss: 0.8152 | test_acc: 0.7617 | 
Epoch: 38 | train_loss: 0.2074 | train_acc: 0.9041 | test_loss: 0.8712 | test_acc: 0.7383 | 
Epoch: 39 | train_loss: 0.2383 | train_acc: 0.9159 | test_loss: 0.9684 | test_acc: 0.7344 | 
Epoch: 40 | train_loss: 0.2638 | train_acc: 0.9052 | test_loss: 0.8511 | test_acc: 0.7422 | 
Epoch: 41 | train_loss: 0.3543 | train_acc: 0.8890 | test_loss: 1.0297 | test_acc: 0.7188 | 
Epoch: 42 | train_loss: 0.3043 | train_acc: 0.8847 | test_loss: 0.7721 | test_acc: 0.7539 | 
Epoch: 43 | train_loss: 0.2393 | train_acc: 0.9041 | test_loss: 0.7269 | test_acc: 0.8047 | 
Epoch: 44 | train_loss: 0.2401 | train_acc: 0.9073 | test_loss: 0.7837 | test_acc: 0.7617 | 
Epoch: 45 | train_loss: 0.3474 | train_acc: 0.8685 | test_loss: 1.0335 | test_acc: 0.6758 | 
Epoch: 46 | train_loss: 0.2875 | train_acc: 0.8976 | test_loss: 0.8217 | test_acc: 0.7852 | 
Epoch: 47 | train_loss: 0.2468 | train_acc: 0.9159 | test_loss: 0.7641 | test_acc: 0.7578 | 
Epoch: 48 | train_loss: 0.1679 | train_acc: 0.9386 | test_loss: 0.8255 | test_acc: 0.7852 | 
Epoch: 49 | train_loss: 0.2268 | train_acc: 0.9159 | test_loss: 0.7482 | test_acc: 0.7930 | 
Epoch: 50 | train_loss: 0.2135 | train_acc: 0.9235 | test_loss: 0.7633 | test_acc: 0.7656 | 
⏱️ Total training time: 103.065 seconds
📊 Bands [110, 98, 172] -> Fitness: 0.7656
Bands [110, 97, 172] found in history. Returning cached fitness.
Bands [110, 97, 172] found in history. Returning cached fitness.
18 	14    	0.818555	0.0146406 	0.765625	0.824219	Individual('h', [110, 97, 172]) 
Bands [110, 97, 172] found in history. Returning cached fitness.
Bands [110, 97, 172] found in history. Returning cached fitness.
Bands [110, 97, 172] found in history. Returning cached fitness.
Bands [110, 97, 172] found in history. Returning cached fitness.
Bands [110, 97, 172] found in history. Returning cached fitness.
Bands [110, 97, 172] found in history. Returning cached fitness.
Bands [109, 97, 172] found in history. Returning cached fitness.
Bands [109, 97, 172] found in history. Returning cached fitness.
Bands [110, 97, 172] found in history. Returning cached fitness.
Bands [110, 97, 172] found in history. Returning cached fitness.
Bands [110, 97, 172] found in history. Returning cached fitness.
Bands [110, 97, 172] found in history. Returning cached fitness.
Bands [110, 97, 172] found in history. Returning cached fitness.
Bands [110, 97, 172] found in history. Returning cached fitness.
Bands [110, 97, 172] found in history. Returning cached fitness.
Bands [110, 97, 172] found in history. Returning cached fitness.
Bands [110, 97, 172] found in history. Returning cached fitness.
Bands [110, 97, 172] found in history. Returning cached fitness.
19 	18    	0.819922	0.0128906 	0.78125 	0.824219	Individual('h', [110, 97, 172]) 
Bands [110, 97, 172] found in history. Returning cached fitness.
Bands [110, 97, 172] found in history. Returning cached fitness.
Bands [110, 97, 172] found in history. Returning cached fitness.
Bands [110, 97, 172] found in history. Returning cached fitness.
Bands [110, 97, 172] found in history. Returning cached fitness.
Bands [110, 97, 172] found in history. Returning cached fitness.
Bands [110, 97, 172] found in history. Returning cached fitness.
Bands [110, 97, 172] found in history. Returning cached fitness.
Bands [110, 97, 172] found in history. Returning cached fitness.
Bands [110, 97, 172] found in history. Returning cached fitness.
Bands [110, 97, 172] found in history. Returning cached fitness.
Bands [110, 97, 172] found in history. Returning cached fitness.
Bands [110, 97, 172] found in history. Returning cached fitness.
Bands [110, 97, 172] found in history. Returning cached fitness.
Bands [110, 97, 172] found in history. Returning cached fitness.
Bands [110, 97, 172] found in history. Returning cached fitness.
Bands [110, 97, 172] found in history. Returning cached fitness.
Bands [110, 97, 172] found in history. Returning cached fitness.
Bands [110, 97, 172] found in history. Returning cached fitness.
Bands [110, 97, 172] found in history. Returning cached fitness.
20 	20    	0.824219	0         	0.824219	0.824219	Individual('h', [110, 97, 172]) 
Bands [110, 97, 172] found in history. Returning cached fitness.
Bands [110, 97, 172] found in history. Returning cached fitness.
Bands [110, 97, 172] found in history. Returning cached fitness.
Bands [110, 97, 172] found in history. Returning cached fitness.
Bands [110, 97, 172] found in history. Returning cached fitness.
Bands [110, 97, 172] found in history. Returning cached fitness.
Bands [110, 97, 172] found in history. Returning cached fitness.
Bands [110, 97, 172] found in history. Returning cached fitness.
Bands [110, 97, 172] found in history. Returning cached fitness.
Bands [110, 97, 172] found in history. Returning cached fitness.
Bands [110, 97, 172] found in history. Returning cached fitness.
Bands [110, 97, 172] found in history. Returning cached fitness.
Bands [110, 97, 172] found in history. Returning cached fitness.
Bands [110, 97, 172] found in history. Returning cached fitness.
21 	14    	0.824219	0         	0.824219	0.824219	Individual('h', [110, 97, 172]) 
Bands [110, 97, 172] found in history. Returning cached fitness.
Bands [110, 97, 172] found in history. Returning cached fitness.
Bands [110, 97, 172] found in history. Returning cached fitness.
Bands [110, 97, 172] found in history. Returning cached fitness.
Bands [110, 97, 172] found in history. Returning cached fitness.
Bands [110, 97, 172] found in history. Returning cached fitness.
Bands [110, 97, 172] found in history. Returning cached fitness.
Bands [110, 97, 172] found in history. Returning cached fitness.
Bands [110, 97, 172] found in history. Returning cached fitness.
Bands [110, 97, 172] found in history. Returning cached fitness.
Bands [110, 97, 172] found in history. Returning cached fitness.
Bands [110, 97, 172] found in history. Returning cached fitness.
Bands [110, 97, 172] found in history. Returning cached fitness.
Bands [110, 97, 172] found in history. Returning cached fitness.
Bands [110, 97, 172] found in history. Returning cached fitness.
Bands [110, 97, 172] found in history. Returning cached fitness.
22 	16    	0.824219	0         	0.824219	0.824219	Individual('h', [110, 97, 172]) 
Bands [110, 97, 172] found in history. Returning cached fitness.
Bands [110, 97, 172] found in history. Returning cached fitness.
Bands [110, 97, 172] found in history. Returning cached fitness.
Bands [110, 97, 172] found in history. Returning cached fitness.
Bands [110, 97, 172] found in history. Returning cached fitness.
Bands [110, 97, 172] found in history. Returning cached fitness.
Bands [110, 96, 172] found in history. Returning cached fitness.
Bands [110, 96, 172] found in history. Returning cached fitness.
Bands [110, 97, 172] found in history. Returning cached fitness.
Bands [110, 97, 172] found in history. Returning cached fitness.
Bands [110, 97, 172] found in history. Returning cached fitness.
Bands [110, 97, 172] found in history. Returning cached fitness.
Bands [110, 97, 172] found in history. Returning cached fitness.
Bands [110, 97, 172] found in history. Returning cached fitness.
Bands [110, 97, 172] found in history. Returning cached fitness.
Bands [110, 97, 172] found in history. Returning cached fitness.
23 	16    	0.821484	0.00820312	0.796875	0.824219	Individual('h', [110, 97, 172]) 
Bands [109, 97, 172] found in history. Returning cached fitness.
Bands [109, 97, 172] found in history. Returning cached fitness.
Bands [110, 97, 172] found in history. Returning cached fitness.
Bands [110, 97, 172] found in history. Returning cached fitness.
Bands [110, 97, 172] found in history. Returning cached fitness.
Bands [110, 97, 172] found in history. Returning cached fitness.
Bands [110, 97, 172] found in history. Returning cached fitness.
Bands [110, 97, 172] found in history. Returning cached fitness.
Bands [110, 97, 172] found in history. Returning cached fitness.
Bands [110, 97, 172] found in history. Returning cached fitness.
Bands [110, 97, 172] found in history. Returning cached fitness.
Bands [110, 97, 172] found in history. Returning cached fitness.
Bands [110, 97, 172] found in history. Returning cached fitness.
Bands [110, 97, 172] found in history. Returning cached fitness.
24 	14    	0.819922	0.0128906 	0.78125 	0.824219	Individual('h', [110, 97, 172]) 
Bands [110, 97, 172] found in history. Returning cached fitness.
Bands [110, 97, 172] found in history. Returning cached fitness.
Bands [110, 97, 172] found in history. Returning cached fitness.
Bands [110, 97, 172] found in history. Returning cached fitness.
Bands [110, 97, 172] found in history. Returning cached fitness.
Bands [110, 97, 172] found in history. Returning cached fitness.
Bands [110, 97, 172] found in history. Returning cached fitness.
Bands [110, 97, 172] found in history. Returning cached fitness.
Bands [110, 97, 172] found in history. Returning cached fitness.
Bands [110, 97, 172] found in history. Returning cached fitness.
Bands [110, 97, 172] found in history. Returning cached fitness.
Bands [110, 97, 172] found in history. Returning cached fitness.
Bands [110, 97, 172] found in history. Returning cached fitness.
Bands [110, 97, 172] found in history. Returning cached fitness.
Bands [110, 97, 172] found in history. Returning cached fitness.
Bands [110, 97, 172] found in history. Returning cached fitness.
Bands [110, 97, 172] found in history. Returning cached fitness.
Bands [110, 97, 172] found in history. Returning cached fitness.
25 	18    	0.824219	0         	0.824219	0.824219	Individual('h', [110, 97, 172]) 
Bands [110, 97, 172] found in history. Returning cached fitness.
Bands [110, 97, 172] found in history. Returning cached fitness.
Bands [110, 97, 172] found in history. Returning cached fitness.
Bands [110, 97, 172] found in history. Returning cached fitness.
Bands [110, 97, 172] found in history. Returning cached fitness.
Bands [110, 97, 172] found in history. Returning cached fitness.
Bands [110, 97, 172] found in history. Returning cached fitness.
Bands [110, 97, 172] found in history. Returning cached fitness.
Bands [110, 97, 172] found in history. Returning cached fitness.
Bands [110, 97, 172] found in history. Returning cached fitness.
Bands [110, 97, 172] found in history. Returning cached fitness.
Bands [110, 97, 172] found in history. Returning cached fitness.
Bands [110, 97, 172] found in history. Returning cached fitness.
Bands [110, 97, 172] found in history. Returning cached fitness.
Bands [110, 97, 172] found in history. Returning cached fitness.
Bands [110, 97, 172] found in history. Returning cached fitness.
26 	16    	0.824219	0         	0.824219	0.824219	Individual('h', [110, 97, 172]) 
Bands [110, 97, 172] found in history. Returning cached fitness.
Bands [110, 97, 172] found in history. Returning cached fitness.
Bands [110, 97, 172] found in history. Returning cached fitness.
Bands [110, 97, 172] found in history. Returning cached fitness.
Bands [110, 97, 172] found in history. Returning cached fitness.
Bands [110, 97, 172] found in history. Returning cached fitness.
Bands [110, 97, 172] found in history. Returning cached fitness.
Bands [110, 97, 172] found in history. Returning cached fitness.
Bands [110, 97, 172] found in history. Returning cached fitness.
Bands [110, 97, 172] found in history. Returning cached fitness.
Bands [110, 97, 172] found in history. Returning cached fitness.
Bands [110, 97, 172] found in history. Returning cached fitness.
Bands [109, 97, 172] found in history. Returning cached fitness.
Bands [109, 97, 172] found in history. Returning cached fitness.
Bands [110, 97, 172] found in history. Returning cached fitness.
Bands [110, 97, 172] found in history. Returning cached fitness.
Bands [110, 97, 172] found in history. Returning cached fitness.
Bands [110, 97, 172] found in history. Returning cached fitness.
27 	18    	0.819922	0.0128906 	0.78125 	0.824219	Individual('h', [110, 97, 172]) 
Bands [110, 97, 172] found in history. Returning cached fitness.
Bands [110, 97, 172] found in history. Returning cached fitness.
Bands [110, 97, 172] found in history. Returning cached fitness.
Bands [110, 97, 172] found in history. Returning cached fitness.
Bands [110, 97, 172] found in history. Returning cached fitness.
Bands [110, 97, 172] found in history. Returning cached fitness.
Bands [110, 97, 172] found in history. Returning cached fitness.
Bands [110, 97, 172] found in history. Returning cached fitness.
Bands [110, 97, 172] found in history. Returning cached fitness.
Bands [110, 97, 172] found in history. Returning cached fitness.
Bands [109, 97, 172] found in history. Returning cached fitness.
Bands [109, 97, 172] found in history. Returning cached fitness.
Bands [110, 97, 172] found in history. Returning cached fitness.
Bands [110, 97, 172] found in history. Returning cached fitness.
Bands [110, 97, 172] found in history. Returning cached fitness.
Bands [110, 97, 172] found in history. Returning cached fitness.
Bands [110, 97, 172] found in history. Returning cached fitness.
Bands [110, 97, 172] found in history. Returning cached fitness.
28 	18    	0.819922	0.0128906 	0.78125 	0.824219	Individual('h', [110, 97, 172]) 
Bands [109, 97, 172] found in history. Returning cached fitness.
Bands [109, 97, 172] found in history. Returning cached fitness.
Bands [110, 97, 172] found in history. Returning cached fitness.
Bands [110, 97, 172] found in history. Returning cached fitness.
Bands [110, 97, 172] found in history. Returning cached fitness.
Bands [110, 97, 172] found in history. Returning cached fitness.
Bands [110, 97, 172] found in history. Returning cached fitness.
Bands [110, 97, 172] found in history. Returning cached fitness.
Bands [110, 97, 172] found in history. Returning cached fitness.
Bands [110, 97, 172] found in history. Returning cached fitness.
Bands [110, 97, 172] found in history. Returning cached fitness.
Bands [110, 97, 172] found in history. Returning cached fitness.
Bands [109, 97, 172] found in history. Returning cached fitness.
Bands [109, 97, 172] found in history. Returning cached fitness.
Bands [110, 97, 172] found in history. Returning cached fitness.
Bands [110, 97, 172] found in history. Returning cached fitness.
29 	16    	0.815625	0.0171875 	0.78125 	0.824219	Individual('h', [110, 97, 172]) 
Bands [110, 97, 172] found in history. Returning cached fitness.
Bands [110, 97, 172] found in history. Returning cached fitness.
Bands [110, 97, 172] found in history. Returning cached fitness.
Bands [110, 97, 172] found in history. Returning cached fitness.
Bands [110, 97, 172] found in history. Returning cached fitness.
Bands [110, 97, 172] found in history. Returning cached fitness.
Bands [110, 97, 172] found in history. Returning cached fitness.
Bands [110, 97, 172] found in history. Returning cached fitness.
Bands [110, 97, 172] found in history. Returning cached fitness.
Bands [110, 97, 172] found in history. Returning cached fitness.
Bands [110, 97, 172] found in history. Returning cached fitness.
Bands [110, 97, 172] found in history. Returning cached fitness.
30 	12    	0.824219	0         	0.824219	0.824219	Individual('h', [110, 97, 172]) 
Bands [110, 97, 172] found in history. Returning cached fitness.
Bands [110, 97, 172] found in history. Returning cached fitness.
Bands [110, 97, 172] found in history. Returning cached fitness.
Bands [110, 97, 172] found in history. Returning cached fitness.
Bands [110, 97, 172] found in history. Returning cached fitness.
Bands [110, 97, 172] found in history. Returning cached fitness.
Bands [110, 97, 172] found in history. Returning cached fitness.
Bands [110, 97, 172] found in history. Returning cached fitness.
Bands [110, 97, 172] found in history. Returning cached fitness.
Bands [110, 97, 172] found in history. Returning cached fitness.
Bands [110, 97, 172] found in history. Returning cached fitness.
Bands [110, 97, 172] found in history. Returning cached fitness.
Bands [110, 97, 172] found in history. Returning cached fitness.
Bands [110, 97, 172] found in history. Returning cached fitness.
Bands [110, 97, 172] found in history. Returning cached fitness.
Bands [110, 97, 172] found in history. Returning cached fitness.
Bands [110, 97, 172] found in history. Returning cached fitness.
Bands [110, 97, 172] found in history. Returning cached fitness.
31 	18    	0.824219	0         	0.824219	0.824219	Individual('h', [110, 97, 172]) 
Bands [110, 97, 172] found in history. Returning cached fitness.
Bands [110, 97, 172] found in history. Returning cached fitness.
Bands [110, 97, 172] found in history. Returning cached fitness.
Bands [110, 97, 172] found in history. Returning cached fitness.
Bands [110, 97, 172] found in history. Returning cached fitness.
Bands [110, 97, 172] found in history. Returning cached fitness.
Bands [110, 97, 172] found in history. Returning cached fitness.
Bands [110, 97, 172] found in history. Returning cached fitness.
Bands [110, 97, 172] found in history. Returning cached fitness.
Bands [110, 97, 172] found in history. Returning cached fitness.
Bands [110, 97, 172] found in history. Returning cached fitness.
Bands [110, 97, 172] found in history. Returning cached fitness.
Bands [110, 97, 172] found in history. Returning cached fitness.
Bands [110, 97, 172] found in history. Returning cached fitness.
Bands [110, 97, 172] found in history. Returning cached fitness.
Bands [110, 97, 172] found in history. Returning cached fitness.
Bands [110, 97, 172] found in history. Returning cached fitness.
Bands [110, 97, 172] found in history. Returning cached fitness.
32 	18    	0.824219	0         	0.824219	0.824219	Individual('h', [110, 97, 172]) 
Bands [110, 97, 172] found in history. Returning cached fitness.
Bands [110, 97, 172] found in history. Returning cached fitness.
Bands [110, 97, 172] found in history. Returning cached fitness.
Bands [110, 97, 172] found in history. Returning cached fitness.
Bands [110, 97, 172] found in history. Returning cached fitness.
Bands [110, 97, 172] found in history. Returning cached fitness.
Bands [110, 97, 172] found in history. Returning cached fitness.
Bands [110, 97, 172] found in history. Returning cached fitness.
Bands [109, 97, 172] found in history. Returning cached fitness.
Bands [109, 97, 172] found in history. Returning cached fitness.
Bands [109, 97, 172] found in history. Returning cached fitness.
Bands [109, 97, 172] found in history. Returning cached fitness.
Bands [110, 97, 172] found in history. Returning cached fitness.
Bands [110, 97, 172] found in history. Returning cached fitness.
Bands [110, 97, 172] found in history. Returning cached fitness.
Bands [110, 97, 172] found in history. Returning cached fitness.
Bands [110, 97, 172] found in history. Returning cached fitness.
Bands [110, 97, 172] found in history. Returning cached fitness.
33 	18    	0.815625	0.0171875 	0.78125 	0.824219	Individual('h', [110, 97, 172]) 
Bands [110, 97, 172] found in history. Returning cached fitness.
Bands [110, 97, 172] found in history. Returning cached fitness.
Bands [110, 97, 172] found in history. Returning cached fitness.
Bands [110, 97, 172] found in history. Returning cached fitness.
Bands [110, 97, 172] found in history. Returning cached fitness.
Bands [110, 97, 172] found in history. Returning cached fitness.
Bands [110, 97, 172] found in history. Returning cached fitness.
Bands [110, 97, 172] found in history. Returning cached fitness.
Bands [109, 97, 172] found in history. Returning cached fitness.
Bands [109, 97, 172] found in history. Returning cached fitness.
Bands [110, 97, 172] found in history. Returning cached fitness.
Bands [110, 97, 172] found in history. Returning cached fitness.
34 	12    	0.819922	0.0128906 	0.78125 	0.824219	Individual('h', [110, 97, 172]) 
Bands [110, 97, 172] found in history. Returning cached fitness.
Bands [110, 97, 172] found in history. Returning cached fitness.
Bands [110, 97, 172] found in history. Returning cached fitness.
Bands [110, 97, 172] found in history. Returning cached fitness.
Bands [110, 97, 172] found in history. Returning cached fitness.
Bands [110, 97, 172] found in history. Returning cached fitness.
Bands [110, 97, 172] found in history. Returning cached fitness.
Bands [110, 97, 172] found in history. Returning cached fitness.
Bands [110, 97, 172] found in history. Returning cached fitness.
Bands [110, 97, 172] found in history. Returning cached fitness.
Bands [110, 97, 172] found in history. Returning cached fitness.
Bands [110, 97, 172] found in history. Returning cached fitness.
Bands [110, 97, 172] found in history. Returning cached fitness.
Bands [110, 97, 172] found in history. Returning cached fitness.
35 	14    	0.824219	0         	0.824219	0.824219	Individual('h', [110, 97, 172]) 
Bands [110, 97, 172] found in history. Returning cached fitness.
Bands [110, 97, 172] found in history. Returning cached fitness.
Bands [109, 97, 172] found in history. Returning cached fitness.
Bands [109, 97, 172] found in history. Returning cached fitness.
Bands [110, 97, 172] found in history. Returning cached fitness.
Bands [110, 97, 172] found in history. Returning cached fitness.
Bands [110, 97, 172] found in history. Returning cached fitness.
Bands [110, 97, 172] found in history. Returning cached fitness.
Bands [110, 97, 172] found in history. Returning cached fitness.
Bands [110, 97, 172] found in history. Returning cached fitness.
Bands [110, 97, 172] found in history. Returning cached fitness.
Bands [110, 97, 172] found in history. Returning cached fitness.
Bands [110, 97, 172] found in history. Returning cached fitness.
Bands [110, 97, 172] found in history. Returning cached fitness.
Bands [110, 97, 172] found in history. Returning cached fitness.
36 	15    	0.819922	0.0128906 	0.78125 	0.824219	Individual('h', [110, 97, 172]) 
Bands [110, 97, 172] found in history. Returning cached fitness.
Bands [110, 97, 172] found in history. Returning cached fitness.
Bands [110, 97, 172] found in history. Returning cached fitness.
Bands [110, 97, 172] found in history. Returning cached fitness.
Bands [110, 97, 172] found in history. Returning cached fitness.
Bands [110, 97, 172] found in history. Returning cached fitness.
Bands [110, 97, 172] found in history. Returning cached fitness.
Bands [110, 97, 172] found in history. Returning cached fitness.
Bands [110, 97, 172] found in history. Returning cached fitness.
Bands [110, 97, 172] found in history. Returning cached fitness.
Bands [110, 97, 172] found in history. Returning cached fitness.
Bands [110, 97, 172] found in history. Returning cached fitness.
Bands [110, 97, 172] found in history. Returning cached fitness.
Bands [110, 97, 172] found in history. Returning cached fitness.
Bands [110, 97, 172] found in history. Returning cached fitness.
Bands [110, 97, 172] found in history. Returning cached fitness.
Bands [110, 97, 172] found in history. Returning cached fitness.
Bands [110, 97, 172] found in history. Returning cached fitness.
37 	18    	0.824219	0         	0.824219	0.824219	Individual('h', [110, 97, 172]) 
Bands [110, 97, 172] found in history. Returning cached fitness.
Bands [110, 97, 172] found in history. Returning cached fitness.
Bands [110, 97, 172] found in history. Returning cached fitness.
Bands [110, 97, 172] found in history. Returning cached fitness.
Bands [110, 97, 172] found in history. Returning cached fitness.
Bands [110, 96, 172] found in history. Returning cached fitness.
Bands [110, 97, 172] found in history. Returning cached fitness.
Bands [110, 97, 172] found in history. Returning cached fitness.
Bands [110, 97, 172] found in history. Returning cached fitness.
Bands [110, 97, 172] found in history. Returning cached fitness.
Bands [110, 97, 172] found in history. Returning cached fitness.
Bands [110, 97, 172] found in history. Returning cached fitness.
Bands [110, 97, 172] found in history. Returning cached fitness.
Bands [110, 97, 172] found in history. Returning cached fitness.
Bands [109, 97, 172] found in history. Returning cached fitness.
Bands [109, 97, 172] found in history. Returning cached fitness.
38 	16    	0.818555	0.0137816 	0.78125 	0.824219	Individual('h', [110, 97, 172]) 
Bands [110, 97, 172] found in history. Returning cached fitness.
Bands [110, 97, 172] found in history. Returning cached fitness.
Bands [110, 97, 172] found in history. Returning cached fitness.
Bands [110, 97, 172] found in history. Returning cached fitness.
Bands [110, 97, 172] found in history. Returning cached fitness.
Bands [110, 97, 172] found in history. Returning cached fitness.
Bands [110, 97, 172] found in history. Returning cached fitness.
Bands [110, 97, 172] found in history. Returning cached fitness.
Bands [110, 97, 172] found in history. Returning cached fitness.
Bands [110, 97, 172] found in history. Returning cached fitness.
Bands [110, 97, 172] found in history. Returning cached fitness.
Bands [110, 97, 172] found in history. Returning cached fitness.
Bands [110, 97, 172] found in history. Returning cached fitness.
Bands [110, 97, 172] found in history. Returning cached fitness.
Bands [110, 97, 172] found in history. Returning cached fitness.
Dataset initialized with pre-loaded data. Total samples: 897
Band indices for training dataloader: [110, 95, 172]
Dataset initialized with pre-loaded data. Total samples: 226
Band indices for test dataloader: [110, 95, 172]
🔍 Starting evaluation of individual [110, 95, 172]
Epoch: 1 | train_loss: 1.3582 | train_acc: 0.3114 | test_loss: 1.3188 | test_acc: 0.4297 | 
Epoch: 2 | train_loss: 1.2492 | train_acc: 0.4698 | test_loss: 1.1565 | test_acc: 0.4961 | 
Epoch: 3 | train_loss: 1.1276 | train_acc: 0.5086 | test_loss: 1.0644 | test_acc: 0.6055 | 
Epoch: 4 | train_loss: 0.9903 | train_acc: 0.5765 | test_loss: 1.0588 | test_acc: 0.6211 | 
Epoch: 5 | train_loss: 0.9107 | train_acc: 0.6218 | test_loss: 0.9489 | test_acc: 0.6562 | 
Epoch: 6 | train_loss: 0.8886 | train_acc: 0.6153 | test_loss: 0.9523 | test_acc: 0.6562 | 
Epoch: 7 | train_loss: 0.7260 | train_acc: 0.7166 | test_loss: 0.9549 | test_acc: 0.6523 | 
Epoch: 8 | train_loss: 0.7234 | train_acc: 0.7338 | test_loss: 0.9012 | test_acc: 0.6641 | 
Epoch: 9 | train_loss: 0.7225 | train_acc: 0.7306 | test_loss: 0.8128 | test_acc: 0.7148 | 
Epoch: 10 | train_loss: 0.6189 | train_acc: 0.7662 | test_loss: 0.8246 | test_acc: 0.7031 | 
Epoch: 11 | train_loss: 0.6173 | train_acc: 0.7543 | test_loss: 0.8505 | test_acc: 0.7070 | 
Epoch: 12 | train_loss: 0.5960 | train_acc: 0.7565 | test_loss: 0.8030 | test_acc: 0.7148 | 
Epoch: 13 | train_loss: 0.5789 | train_acc: 0.7759 | test_loss: 0.9501 | test_acc: 0.7109 | 
Epoch: 14 | train_loss: 0.5551 | train_acc: 0.7780 | test_loss: 0.8732 | test_acc: 0.6719 | 
Epoch: 15 | train_loss: 0.5093 | train_acc: 0.7985 | test_loss: 0.7971 | test_acc: 0.7305 | 
Epoch: 16 | train_loss: 0.5153 | train_acc: 0.8114 | test_loss: 0.8310 | test_acc: 0.7188 | 
Epoch: 17 | train_loss: 0.4816 | train_acc: 0.8168 | test_loss: 0.7126 | test_acc: 0.7070 | 
Epoch: 18 | train_loss: 0.4346 | train_acc: 0.8351 | test_loss: 0.7791 | test_acc: 0.7578 | 
Epoch: 19 | train_loss: 0.4061 | train_acc: 0.8405 | test_loss: 0.7648 | test_acc: 0.7227 | 
Epoch: 20 | train_loss: 0.3715 | train_acc: 0.8631 | test_loss: 0.6422 | test_acc: 0.8086 | 
Epoch: 21 | train_loss: 0.3361 | train_acc: 0.8944 | test_loss: 0.6830 | test_acc: 0.7812 | 
Epoch: 22 | train_loss: 0.3187 | train_acc: 0.8955 | test_loss: 0.7731 | test_acc: 0.7500 | 
Epoch: 23 | train_loss: 0.3635 | train_acc: 0.8696 | test_loss: 0.7831 | test_acc: 0.7578 | 
Epoch: 24 | train_loss: 0.4404 | train_acc: 0.8524 | test_loss: 0.7816 | test_acc: 0.7422 | 
Epoch: 25 | train_loss: 0.3335 | train_acc: 0.8696 | test_loss: 0.7575 | test_acc: 0.7734 | 
Epoch: 26 | train_loss: 0.3454 | train_acc: 0.8782 | test_loss: 0.8031 | test_acc: 0.7617 | 
Epoch: 27 | train_loss: 0.3020 | train_acc: 0.8728 | test_loss: 0.7300 | test_acc: 0.7930 | 
Epoch: 28 | train_loss: 0.3299 | train_acc: 0.8761 | test_loss: 0.7573 | test_acc: 0.7656 | 
Epoch: 29 | train_loss: 0.3099 | train_acc: 0.8761 | test_loss: 0.7657 | test_acc: 0.7617 | 
Epoch: 30 | train_loss: 0.3345 | train_acc: 0.8847 | test_loss: 0.6953 | test_acc: 0.8008 | 
Epoch: 31 | train_loss: 0.3008 | train_acc: 0.9019 | test_loss: 0.6712 | test_acc: 0.7734 | 
Epoch: 32 | train_loss: 0.2192 | train_acc: 0.9310 | test_loss: 0.6803 | test_acc: 0.7852 | 
Epoch: 33 | train_loss: 0.2990 | train_acc: 0.8987 | test_loss: 0.6355 | test_acc: 0.7812 | 
Epoch: 34 | train_loss: 0.2550 | train_acc: 0.8998 | test_loss: 0.7053 | test_acc: 0.7852 | 
Epoch: 35 | train_loss: 0.2545 | train_acc: 0.8966 | test_loss: 0.6817 | test_acc: 0.7695 | 
Epoch: 36 | train_loss: 0.2239 | train_acc: 0.8998 | test_loss: 0.7311 | test_acc: 0.7773 | 
Epoch: 37 | train_loss: 0.2166 | train_acc: 0.9267 | test_loss: 0.7002 | test_acc: 0.7930 | 
Epoch: 38 | train_loss: 0.2714 | train_acc: 0.9062 | test_loss: 0.7841 | test_acc: 0.7695 | 
Epoch: 39 | train_loss: 0.2463 | train_acc: 0.8922 | test_loss: 0.8082 | test_acc: 0.7773 | 
Epoch: 40 | train_loss: 0.2378 | train_acc: 0.9300 | test_loss: 0.8585 | test_acc: 0.7383 | 
Epoch: 41 | train_loss: 0.2629 | train_acc: 0.8858 | test_loss: 0.7216 | test_acc: 0.7656 | 
Epoch: 42 | train_loss: 0.3018 | train_acc: 0.8987 | test_loss: 0.7109 | test_acc: 0.7891 | 
Epoch: 43 | train_loss: 0.2444 | train_acc: 0.8966 | test_loss: 0.6802 | test_acc: 0.7969 | 
Epoch: 44 | train_loss: 0.2129 | train_acc: 0.9127 | test_loss: 0.6533 | test_acc: 0.7734 | 
Epoch: 45 | train_loss: 0.2102 | train_acc: 0.9052 | test_loss: 0.7639 | test_acc: 0.7773 | 
Epoch: 46 | train_loss: 0.2929 | train_acc: 0.9138 | test_loss: 0.7264 | test_acc: 0.7852 | 
Epoch: 47 | train_loss: 0.2125 | train_acc: 0.9353 | test_loss: 0.7219 | test_acc: 0.7891 | 
Epoch: 48 | train_loss: 0.2052 | train_acc: 0.9138 | test_loss: 0.6866 | test_acc: 0.7969 | 
Epoch: 49 | train_loss: 0.1818 | train_acc: 0.9515 | test_loss: 0.8050 | test_acc: 0.7930 | 
Epoch: 50 | train_loss: 0.1636 | train_acc: 0.9526 | test_loss: 0.7413 | test_acc: 0.8086 | 
⏱️ Total training time: 101.440 seconds
📊 Bands [110, 95, 172] -> Fitness: 0.8086
39 	16    	0.823438	0.00340539	0.808594	0.824219	Individual('h', [110, 97, 172]) 
Bands [110, 97, 172] found in history. Returning cached fitness.
Bands [110, 97, 172] found in history. Returning cached fitness.
Bands [110, 97, 172] found in history. Returning cached fitness.
Bands [110, 97, 172] found in history. Returning cached fitness.
Bands [110, 97, 172] found in history. Returning cached fitness.
Bands [110, 97, 172] found in history. Returning cached fitness.
Bands [110, 97, 172] found in history. Returning cached fitness.
Bands [110, 97, 172] found in history. Returning cached fitness.
Bands [110, 97, 172] found in history. Returning cached fitness.
Bands [110, 97, 172] found in history. Returning cached fitness.
Bands [110, 97, 172] found in history. Returning cached fitness.
Bands [110, 97, 172] found in history. Returning cached fitness.
Bands [110, 97, 172] found in history. Returning cached fitness.
Bands [110, 97, 172] found in history. Returning cached fitness.
40 	14    	0.824219	0         	0.824219	0.824219	Individual('h', [110, 97, 172]) 
Bands [110, 97, 172] found in history. Returning cached fitness.
Bands [110, 97, 172] found in history. Returning cached fitness.
Bands [110, 97, 172] found in history. Returning cached fitness.
Bands [110, 97, 172] found in history. Returning cached fitness.
Bands [110, 97, 172] found in history. Returning cached fitness.
Bands [110, 97, 172] found in history. Returning cached fitness.
Bands [110, 97, 172] found in history. Returning cached fitness.
Bands [110, 97, 172] found in history. Returning cached fitness.
Bands [110, 97, 172] found in history. Returning cached fitness.
Bands [110, 97, 172] found in history. Returning cached fitness.
Bands [109, 97, 172] found in history. Returning cached fitness.
Bands [109, 97, 172] found in history. Returning cached fitness.
Bands [110, 97, 172] found in history. Returning cached fitness.
Bands [110, 97, 172] found in history. Returning cached fitness.
Bands [110, 97, 172] found in history. Returning cached fitness.
Bands [110, 97, 172] found in history. Returning cached fitness.
41 	16    	0.819922	0.0128906 	0.78125 	0.824219	Individual('h', [110, 97, 172]) 
Bands [110, 97, 172] found in history. Returning cached fitness.
Bands [110, 97, 172] found in history. Returning cached fitness.
Bands [110, 97, 172] found in history. Returning cached fitness.
Bands [110, 97, 172] found in history. Returning cached fitness.
Bands [110, 97, 172] found in history. Returning cached fitness.
Bands [110, 97, 172] found in history. Returning cached fitness.
Bands [110, 97, 172] found in history. Returning cached fitness.
Bands [110, 97, 172] found in history. Returning cached fitness.
Bands [110, 96, 172] found in history. Returning cached fitness.
Bands [110, 96, 172] found in history. Returning cached fitness.
Bands [110, 97, 172] found in history. Returning cached fitness.
Bands [110, 97, 172] found in history. Returning cached fitness.
42 	12    	0.821484	0.00820312	0.796875	0.824219	Individual('h', [110, 97, 172]) 
Bands [110, 97, 172] found in history. Returning cached fitness.
Bands [110, 97, 172] found in history. Returning cached fitness.
Bands [110, 97, 172] found in history. Returning cached fitness.
Bands [110, 97, 172] found in history. Returning cached fitness.
Bands [110, 97, 171] found in history. Returning cached fitness.
Dataset initialized with pre-loaded data. Total samples: 897
Band indices for training dataloader: [110, 95, 171]
Dataset initialized with pre-loaded data. Total samples: 226
Band indices for test dataloader: [110, 95, 171]
🔍 Starting evaluation of individual [110, 95, 171]
Epoch: 1 | train_loss: 1.3606 | train_acc: 0.3200 | test_loss: 1.2926 | test_acc: 0.3359 | 
Epoch: 2 | train_loss: 1.2201 | train_acc: 0.4774 | test_loss: 1.2326 | test_acc: 0.5547 | 
Epoch: 3 | train_loss: 1.1110 | train_acc: 0.5237 | test_loss: 1.0842 | test_acc: 0.5508 | 
Epoch: 4 | train_loss: 1.0020 | train_acc: 0.5884 | test_loss: 1.1201 | test_acc: 0.6250 | 
Epoch: 5 | train_loss: 0.9725 | train_acc: 0.5970 | test_loss: 0.9682 | test_acc: 0.5781 | 
Epoch: 6 | train_loss: 0.8171 | train_acc: 0.6552 | test_loss: 1.0948 | test_acc: 0.5117 | 
Epoch: 7 | train_loss: 0.7831 | train_acc: 0.7058 | test_loss: 1.0188 | test_acc: 0.5664 | 
Epoch: 8 | train_loss: 0.7123 | train_acc: 0.7069 | test_loss: 0.8945 | test_acc: 0.6992 | 
Epoch: 9 | train_loss: 0.6826 | train_acc: 0.7284 | test_loss: 1.0136 | test_acc: 0.5352 | 
Epoch: 10 | train_loss: 0.6402 | train_acc: 0.7446 | test_loss: 1.0205 | test_acc: 0.6172 | 
Epoch: 11 | train_loss: 0.6036 | train_acc: 0.7403 | test_loss: 0.8682 | test_acc: 0.6055 | 
Epoch: 12 | train_loss: 0.5828 | train_acc: 0.7802 | test_loss: 0.9446 | test_acc: 0.6328 | 
Epoch: 13 | train_loss: 0.5510 | train_acc: 0.8017 | test_loss: 0.8561 | test_acc: 0.7188 | 
Epoch: 14 | train_loss: 0.4989 | train_acc: 0.8082 | test_loss: 0.9074 | test_acc: 0.6875 | 
Epoch: 15 | train_loss: 0.5297 | train_acc: 0.7812 | test_loss: 0.7722 | test_acc: 0.6992 | 
Epoch: 16 | train_loss: 0.3781 | train_acc: 0.8567 | test_loss: 1.0721 | test_acc: 0.6953 | 
Epoch: 17 | train_loss: 0.4736 | train_acc: 0.8211 | test_loss: 0.8853 | test_acc: 0.6992 | 
Epoch: 18 | train_loss: 0.4108 | train_acc: 0.8491 | test_loss: 0.9153 | test_acc: 0.6797 | 
Epoch: 19 | train_loss: 0.3823 | train_acc: 0.8524 | test_loss: 0.8373 | test_acc: 0.6758 | 
Epoch: 20 | train_loss: 0.3773 | train_acc: 0.8427 | test_loss: 0.9224 | test_acc: 0.7266 | 
Epoch: 21 | train_loss: 0.4294 | train_acc: 0.8330 | test_loss: 0.8442 | test_acc: 0.7227 | 
Epoch: 22 | train_loss: 0.3345 | train_acc: 0.8847 | test_loss: 0.7792 | test_acc: 0.7695 | 
Epoch: 23 | train_loss: 0.3250 | train_acc: 0.8707 | test_loss: 0.7864 | test_acc: 0.7227 | 
Epoch: 24 | train_loss: 0.3429 | train_acc: 0.8545 | test_loss: 0.8670 | test_acc: 0.7148 | 
Epoch: 25 | train_loss: 0.3222 | train_acc: 0.8761 | test_loss: 0.8868 | test_acc: 0.7148 | 
Epoch: 26 | train_loss: 0.3405 | train_acc: 0.8761 | test_loss: 0.8656 | test_acc: 0.6992 | 
Epoch: 27 | train_loss: 0.2815 | train_acc: 0.9116 | test_loss: 0.7488 | test_acc: 0.7539 | 
Epoch: 28 | train_loss: 0.3714 | train_acc: 0.8869 | test_loss: 0.7518 | test_acc: 0.7617 | 
Epoch: 29 | train_loss: 0.3550 | train_acc: 0.8696 | test_loss: 0.9759 | test_acc: 0.6914 | 
Epoch: 30 | train_loss: 0.2658 | train_acc: 0.9106 | test_loss: 0.7432 | test_acc: 0.7656 | 
Epoch: 31 | train_loss: 0.2474 | train_acc: 0.9019 | test_loss: 0.6969 | test_acc: 0.7812 | 
Epoch: 32 | train_loss: 0.3429 | train_acc: 0.8782 | test_loss: 0.8543 | test_acc: 0.7422 | 
Epoch: 33 | train_loss: 0.2493 | train_acc: 0.8847 | test_loss: 0.8178 | test_acc: 0.7617 | 
Epoch: 34 | train_loss: 0.2991 | train_acc: 0.9052 | test_loss: 0.7152 | test_acc: 0.7578 | 
Epoch: 35 | train_loss: 0.2494 | train_acc: 0.9052 | test_loss: 0.7341 | test_acc: 0.7695 | 
Epoch: 36 | train_loss: 0.2361 | train_acc: 0.8901 | test_loss: 0.7073 | test_acc: 0.8008 | 
Epoch: 37 | train_loss: 0.2938 | train_acc: 0.9052 | test_loss: 0.8197 | test_acc: 0.6953 | 
Epoch: 38 | train_loss: 0.2060 | train_acc: 0.9364 | test_loss: 0.6816 | test_acc: 0.7852 | 
Epoch: 39 | train_loss: 0.2008 | train_acc: 0.9450 | test_loss: 0.8271 | test_acc: 0.7188 | 
Epoch: 40 | train_loss: 0.1611 | train_acc: 0.9472 | test_loss: 0.8100 | test_acc: 0.7695 | 
Epoch: 41 | train_loss: 0.2818 | train_acc: 0.9224 | test_loss: 0.7674 | test_acc: 0.7812 | 
Epoch: 42 | train_loss: 0.2656 | train_acc: 0.9181 | test_loss: 0.7362 | test_acc: 0.7930 | 
Epoch: 43 | train_loss: 0.1755 | train_acc: 0.9461 | test_loss: 0.7251 | test_acc: 0.7695 | 
Epoch: 44 | train_loss: 0.1992 | train_acc: 0.9170 | test_loss: 0.7648 | test_acc: 0.7812 | 
Epoch: 45 | train_loss: 0.1901 | train_acc: 0.9106 | test_loss: 0.7544 | test_acc: 0.7695 | 
Epoch: 46 | train_loss: 0.1830 | train_acc: 0.9375 | test_loss: 0.8295 | test_acc: 0.7500 | 
Epoch: 47 | train_loss: 0.1464 | train_acc: 0.9472 | test_loss: 0.6900 | test_acc: 0.7773 | 
Epoch: 48 | train_loss: 0.2831 | train_acc: 0.9095 | test_loss: 0.6815 | test_acc: 0.8164 | 
Epoch: 49 | train_loss: 0.2615 | train_acc: 0.9116 | test_loss: 0.6115 | test_acc: 0.8008 | 
Epoch: 50 | train_loss: 0.2235 | train_acc: 0.9062 | test_loss: 0.7071 | test_acc: 0.8008 | 
⏱️ Total training time: 101.577 seconds
📊 Bands [110, 95, 171] -> Fitness: 0.8008
Bands [110, 97, 172] found in history. Returning cached fitness.
Bands [110, 97, 172] found in history. Returning cached fitness.
Bands [110, 97, 172] found in history. Returning cached fitness.
Bands [110, 97, 172] found in history. Returning cached fitness.
Bands [110, 97, 172] found in history. Returning cached fitness.
Bands [110, 97, 172] found in history. Returning cached fitness.
Bands [110, 97, 172] found in history. Returning cached fitness.
Bands [110, 97, 172] found in history. Returning cached fitness.
Bands [110, 97, 172] found in history. Returning cached fitness.
Bands [110, 97, 172] found in history. Returning cached fitness.
43 	16    	0.82168 	0.00764219	0.796875	0.824219	Individual('h', [110, 97, 172]) 
Bands [110, 97, 172] found in history. Returning cached fitness.
Bands [110, 97, 172] found in history. Returning cached fitness.
Bands [110, 97, 172] found in history. Returning cached fitness.
Bands [110, 97, 172] found in history. Returning cached fitness.
Bands [109, 97, 172] found in history. Returning cached fitness.
Bands [109, 97, 172] found in history. Returning cached fitness.
Bands [110, 97, 172] found in history. Returning cached fitness.
Bands [110, 97, 172] found in history. Returning cached fitness.
Bands [110, 97, 172] found in history. Returning cached fitness.
Bands [110, 97, 172] found in history. Returning cached fitness.
Bands [110, 97, 172] found in history. Returning cached fitness.
Bands [110, 97, 172] found in history. Returning cached fitness.
Bands [110, 97, 172] found in history. Returning cached fitness.
Bands [110, 97, 172] found in history. Returning cached fitness.
44 	14    	0.819922	0.0128906 	0.78125 	0.824219	Individual('h', [110, 97, 172]) 
Bands [110, 97, 172] found in history. Returning cached fitness.
Bands [110, 97, 172] found in history. Returning cached fitness.
Bands [110, 97, 172] found in history. Returning cached fitness.
Bands [110, 97, 172] found in history. Returning cached fitness.
Bands [110, 97, 172] found in history. Returning cached fitness.
Bands [110, 97, 172] found in history. Returning cached fitness.
Bands [110, 97, 172] found in history. Returning cached fitness.
Bands [110, 97, 172] found in history. Returning cached fitness.
Bands [110, 97, 172] found in history. Returning cached fitness.
Bands [110, 97, 172] found in history. Returning cached fitness.
Bands [110, 96, 172] found in history. Returning cached fitness.
Bands [110, 96, 172] found in history. Returning cached fitness.
Bands [110, 97, 172] found in history. Returning cached fitness.
Bands [110, 97, 172] found in history. Returning cached fitness.
Bands [110, 97, 172] found in history. Returning cached fitness.
Bands [110, 97, 172] found in history. Returning cached fitness.
45 	16    	0.821484	0.00820312	0.796875	0.824219	Individual('h', [110, 97, 172]) 
Bands [110, 97, 172] found in history. Returning cached fitness.
Bands [110, 97, 172] found in history. Returning cached fitness.
Bands [110, 97, 172] found in history. Returning cached fitness.
Bands [110, 97, 172] found in history. Returning cached fitness.
Bands [110, 97, 172] found in history. Returning cached fitness.
Bands [110, 97, 172] found in history. Returning cached fitness.
Bands [110, 97, 172] found in history. Returning cached fitness.
Bands [110, 97, 172] found in history. Returning cached fitness.
Bands [110, 97, 172] found in history. Returning cached fitness.
Bands [110, 97, 172] found in history. Returning cached fitness.
Bands [110, 97, 172] found in history. Returning cached fitness.
Bands [110, 97, 172] found in history. Returning cached fitness.
Bands [110, 97, 172] found in history. Returning cached fitness.
Bands [110, 97, 172] found in history. Returning cached fitness.
Bands [110, 97, 172] found in history. Returning cached fitness.
Bands [110, 97, 172] found in history. Returning cached fitness.
Bands [110, 97, 172] found in history. Returning cached fitness.
Bands [110, 97, 172] found in history. Returning cached fitness.
Bands [110, 97, 172] found in history. Returning cached fitness.
46 	19    	0.824219	0         	0.824219	0.824219	Individual('h', [110, 97, 172]) 
Bands [110, 97, 172] found in history. Returning cached fitness.
Bands [110, 97, 172] found in history. Returning cached fitness.
Bands [110, 97, 172] found in history. Returning cached fitness.
Bands [110, 97, 172] found in history. Returning cached fitness.
Bands [110, 97, 172] found in history. Returning cached fitness.
Bands [110, 97, 172] found in history. Returning cached fitness.
Bands [110, 97, 172] found in history. Returning cached fitness.
Bands [110, 97, 172] found in history. Returning cached fitness.
Bands [110, 97, 172] found in history. Returning cached fitness.
Bands [110, 97, 172] found in history. Returning cached fitness.
Bands [110, 97, 172] found in history. Returning cached fitness.
Bands [110, 97, 172] found in history. Returning cached fitness.
Bands [110, 97, 172] found in history. Returning cached fitness.
Bands [110, 97, 172] found in history. Returning cached fitness.
Bands [110, 97, 172] found in history. Returning cached fitness.
Bands [110, 97, 172] found in history. Returning cached fitness.
47 	16    	0.824219	0         	0.824219	0.824219	Individual('h', [110, 97, 172]) 
Bands [110, 97, 172] found in history. Returning cached fitness.
Bands [110, 97, 172] found in history. Returning cached fitness.
Bands [110, 97, 172] found in history. Returning cached fitness.
Bands [110, 97, 172] found in history. Returning cached fitness.
Bands [110, 97, 172] found in history. Returning cached fitness.
Bands [110, 97, 172] found in history. Returning cached fitness.
Bands [110, 97, 172] found in history. Returning cached fitness.
Bands [110, 97, 172] found in history. Returning cached fitness.
Bands [110, 97, 172] found in history. Returning cached fitness.
Bands [110, 97, 172] found in history. Returning cached fitness.
Bands [110, 97, 172] found in history. Returning cached fitness.
Bands [110, 97, 172] found in history. Returning cached fitness.
Bands [110, 97, 172] found in history. Returning cached fitness.
Bands [110, 97, 172] found in history. Returning cached fitness.
Bands [110, 97, 172] found in history. Returning cached fitness.
Bands [110, 97, 172] found in history. Returning cached fitness.
Bands [110, 97, 172] found in history. Returning cached fitness.
Bands [110, 97, 172] found in history. Returning cached fitness.
Bands [110, 97, 172] found in history. Returning cached fitness.
Bands [110, 97, 172] found in history. Returning cached fitness.
48 	20    	0.824219	0         	0.824219	0.824219	Individual('h', [110, 97, 172]) 
Bands [110, 97, 172] found in history. Returning cached fitness.
Bands [110, 97, 172] found in history. Returning cached fitness.
Bands [110, 97, 172] found in history. Returning cached fitness.
Bands [110, 97, 172] found in history. Returning cached fitness.
Bands [110, 97, 172] found in history. Returning cached fitness.
Bands [110, 97, 172] found in history. Returning cached fitness.
Bands [110, 97, 172] found in history. Returning cached fitness.
Bands [110, 97, 172] found in history. Returning cached fitness.
Bands [110, 97, 172] found in history. Returning cached fitness.
Bands [110, 97, 172] found in history. Returning cached fitness.
Bands [109, 97, 172] found in history. Returning cached fitness.
Bands [109, 97, 172] found in history. Returning cached fitness.
Bands [110, 97, 172] found in history. Returning cached fitness.
Bands [110, 97, 172] found in history. Returning cached fitness.
Bands [110, 97, 172] found in history. Returning cached fitness.
Bands [110, 97, 172] found in history. Returning cached fitness.
Bands [110, 97, 172] found in history. Returning cached fitness.
Bands [110, 97, 172] found in history. Returning cached fitness.
Bands [110, 97, 172] found in history. Returning cached fitness.
Bands [110, 97, 172] found in history. Returning cached fitness.
49 	20    	0.819922	0.0128906 	0.78125 	0.824219	Individual('h', [110, 97, 172]) 
Bands [110, 97, 172] found in history. Returning cached fitness.
Bands [110, 97, 172] found in history. Returning cached fitness.
Bands [110, 97, 172] found in history. Returning cached fitness.
Bands [110, 97, 172] found in history. Returning cached fitness.
Bands [110, 97, 172] found in history. Returning cached fitness.
Bands [110, 97, 172] found in history. Returning cached fitness.
Bands [110, 97, 172] found in history. Returning cached fitness.
Bands [110, 97, 172] found in history. Returning cached fitness.
Bands [110, 97, 172] found in history. Returning cached fitness.
Bands [110, 97, 172] found in history. Returning cached fitness.
Bands [110, 97, 172] found in history. Returning cached fitness.
Bands [110, 97, 172] found in history. Returning cached fitness.
Bands [110, 97, 172] found in history. Returning cached fitness.
Bands [110, 97, 172] found in history. Returning cached fitness.
50 	14    	0.824219	0         	0.824219	0.824219	Individual('h', [110, 97, 172]) 
⏱️ Total runtime: 160.0 minutes (9601.1 seconds)
🏆 Best individual: Individual('h', [110, 97, 172]) -> Fitness: 0.82421875
📊 GA statistics saved to 'out/tables/exp_02_ga_stats.csv'
📈 CNN training results for best individual saved to 'out/tables/exp_02_cnn_results_110_97_172.csv'
📝 Classification report saved to 'out/tables/exp_02_classification_report_110_97_172.csv'
📋 Confusion matrix saved to 'out/tables/exp_02_confusion_matrix_110_97_172.csv'
🖼️ Confusion matrix plot saved to 'out/figures/exp_02_confusion_matrix_110_97_172.png'
📈 Loss curves plots for the best individual saved to 'out/figures/exp_02_cnn_results_110_97_172.png'
