🎯 Optimizing RGB band selection from 448 total bands
📊 Pre-loading hypercubes...
✅ All hypercubes loaded into memory!
Dataset initialized with pre-loaded data. Total samples: 897
Band indices for training dataloader: [438, 361, 74]
Dataset initialized with pre-loaded data. Total samples: 226
Band indices for test dataloader: [438, 361, 74]
🔍 Starting evaluation of individual [438, 361, 74]
Epoch: 1 | train_loss: 1.3812 | train_acc: 0.2942 | test_loss: 1.4356 | test_acc: 0.4414 | 
Epoch: 2 | train_loss: 1.3179 | train_acc: 0.3782 | test_loss: 1.1871 | test_acc: 0.4922 | 
Epoch: 3 | train_loss: 1.2392 | train_acc: 0.4138 | test_loss: 1.2434 | test_acc: 0.4648 | 
Epoch: 4 | train_loss: 1.1485 | train_acc: 0.5097 | test_loss: 1.3619 | test_acc: 0.4688 | 
Epoch: 5 | train_loss: 1.1309 | train_acc: 0.4935 | test_loss: 1.3229 | test_acc: 0.4023 | 
Epoch: 6 | train_loss: 1.0415 | train_acc: 0.5625 | test_loss: 1.2643 | test_acc: 0.5273 | 
Epoch: 7 | train_loss: 0.9998 | train_acc: 0.5797 | test_loss: 1.0634 | test_acc: 0.5898 | 
Epoch: 8 | train_loss: 0.9709 | train_acc: 0.5884 | test_loss: 1.0573 | test_acc: 0.6094 | 
Epoch: 9 | train_loss: 0.9192 | train_acc: 0.5959 | test_loss: 1.2948 | test_acc: 0.4453 | 
Epoch: 10 | train_loss: 0.8740 | train_acc: 0.6304 | test_loss: 1.0238 | test_acc: 0.6211 | 
Epoch: 11 | train_loss: 0.8371 | train_acc: 0.6886 | test_loss: 1.0728 | test_acc: 0.5859 | 
Epoch: 12 | train_loss: 0.7644 | train_acc: 0.6821 | test_loss: 0.9954 | test_acc: 0.6055 | 
Epoch: 13 | train_loss: 0.7207 | train_acc: 0.7155 | test_loss: 1.2394 | test_acc: 0.5547 | 
Epoch: 14 | train_loss: 0.7619 | train_acc: 0.7155 | test_loss: 1.1660 | test_acc: 0.6367 | 
Epoch: 15 | train_loss: 0.7359 | train_acc: 0.7284 | test_loss: 0.9490 | test_acc: 0.6328 | 
Epoch: 16 | train_loss: 0.6963 | train_acc: 0.7274 | test_loss: 1.0864 | test_acc: 0.5664 | 
Epoch: 17 | train_loss: 0.6957 | train_acc: 0.7004 | test_loss: 1.0481 | test_acc: 0.6289 | 
Epoch: 18 | train_loss: 0.6045 | train_acc: 0.7716 | test_loss: 0.9994 | test_acc: 0.6367 | 
Epoch: 19 | train_loss: 0.5862 | train_acc: 0.7856 | test_loss: 1.0777 | test_acc: 0.5938 | 
Epoch: 20 | train_loss: 0.6132 | train_acc: 0.7403 | test_loss: 1.2644 | test_acc: 0.5117 | 
Epoch: 21 | train_loss: 0.6010 | train_acc: 0.7543 | test_loss: 0.9882 | test_acc: 0.6562 | 
Epoch: 22 | train_loss: 0.6481 | train_acc: 0.7414 | test_loss: 1.0082 | test_acc: 0.5781 | 
Epoch: 23 | train_loss: 0.6005 | train_acc: 0.7748 | test_loss: 0.9726 | test_acc: 0.6758 | 
Epoch: 24 | train_loss: 0.5975 | train_acc: 0.7619 | test_loss: 1.0014 | test_acc: 0.5664 | 
Epoch: 25 | train_loss: 0.5268 | train_acc: 0.7802 | test_loss: 1.0303 | test_acc: 0.6211 | 
Epoch: 26 | train_loss: 0.4953 | train_acc: 0.8179 | test_loss: 0.9234 | test_acc: 0.6562 | 
Epoch: 27 | train_loss: 0.5290 | train_acc: 0.7909 | test_loss: 1.0154 | test_acc: 0.6641 | 
Epoch: 28 | train_loss: 0.4397 | train_acc: 0.8308 | test_loss: 0.9809 | test_acc: 0.6406 | 
Epoch: 29 | train_loss: 0.4001 | train_acc: 0.8545 | test_loss: 1.0454 | test_acc: 0.6719 | 
Epoch: 30 | train_loss: 0.3867 | train_acc: 0.8427 | test_loss: 0.9724 | test_acc: 0.6836 | 
Epoch: 31 | train_loss: 0.4703 | train_acc: 0.8297 | test_loss: 1.2493 | test_acc: 0.6328 | 
Epoch: 32 | train_loss: 0.4083 | train_acc: 0.8545 | test_loss: 1.0183 | test_acc: 0.5938 | 
Epoch: 33 | train_loss: 0.4130 | train_acc: 0.8513 | test_loss: 1.1915 | test_acc: 0.5703 | 
Epoch: 34 | train_loss: 0.4448 | train_acc: 0.8287 | test_loss: 1.1457 | test_acc: 0.5898 | 
Epoch: 35 | train_loss: 0.4498 | train_acc: 0.8168 | test_loss: 1.1188 | test_acc: 0.6172 | 
Epoch: 36 | train_loss: 0.4353 | train_acc: 0.8254 | test_loss: 1.1494 | test_acc: 0.6133 | 
Epoch: 37 | train_loss: 0.4089 | train_acc: 0.8405 | test_loss: 0.9812 | test_acc: 0.6680 | 
Epoch: 38 | train_loss: 0.4206 | train_acc: 0.8567 | test_loss: 1.1372 | test_acc: 0.5820 | 
Epoch: 39 | train_loss: 0.4334 | train_acc: 0.8362 | test_loss: 1.2041 | test_acc: 0.5586 | 
Epoch: 40 | train_loss: 0.3517 | train_acc: 0.8793 | test_loss: 0.9535 | test_acc: 0.7070 | 
Epoch: 41 | train_loss: 0.4553 | train_acc: 0.8373 | test_loss: 1.0094 | test_acc: 0.6367 | 
Epoch: 42 | train_loss: 0.3924 | train_acc: 0.8825 | test_loss: 1.0647 | test_acc: 0.5859 | 
Epoch: 43 | train_loss: 0.3822 | train_acc: 0.8513 | test_loss: 0.9819 | test_acc: 0.6875 | 
Epoch: 44 | train_loss: 0.3155 | train_acc: 0.8976 | test_loss: 1.2213 | test_acc: 0.5781 | 
Epoch: 45 | train_loss: 0.4161 | train_acc: 0.8470 | test_loss: 0.9384 | test_acc: 0.6992 | 
Epoch: 46 | train_loss: 0.4228 | train_acc: 0.8470 | test_loss: 1.1637 | test_acc: 0.6484 | 
Epoch: 47 | train_loss: 0.3564 | train_acc: 0.8534 | test_loss: 0.9344 | test_acc: 0.6875 | 
Epoch: 48 | train_loss: 0.2932 | train_acc: 0.9030 | test_loss: 1.0230 | test_acc: 0.7031 | 
Epoch: 49 | train_loss: 0.3323 | train_acc: 0.8815 | test_loss: 0.9382 | test_acc: 0.6836 | 
Epoch: 50 | train_loss: 0.3930 | train_acc: 0.8772 | test_loss: 0.9802 | test_acc: 0.6992 | 
⏱️ Total training time: 96.571 seconds
📊 Bands [438, 361, 74] -> Fitness: 0.6992
Dataset initialized with pre-loaded data. Total samples: 897
Band indices for training dataloader: [287, 152, 277]
Dataset initialized with pre-loaded data. Total samples: 226
Band indices for test dataloader: [287, 152, 277]
🔍 Starting evaluation of individual [287, 152, 277]
Epoch: 1 | train_loss: 1.3615 | train_acc: 0.3190 | test_loss: 1.2619 | test_acc: 0.4297 | 
Epoch: 2 | train_loss: 1.2399 | train_acc: 0.4537 | test_loss: 1.3958 | test_acc: 0.4375 | 
Epoch: 3 | train_loss: 1.1694 | train_acc: 0.4925 | test_loss: 1.2101 | test_acc: 0.4766 | 
Epoch: 4 | train_loss: 1.0897 | train_acc: 0.5280 | test_loss: 1.2711 | test_acc: 0.4922 | 
Epoch: 5 | train_loss: 1.0097 | train_acc: 0.5593 | test_loss: 1.4124 | test_acc: 0.4648 | 
Epoch: 6 | train_loss: 1.0106 | train_acc: 0.5560 | test_loss: 1.1348 | test_acc: 0.5508 | 
Epoch: 7 | train_loss: 0.9595 | train_acc: 0.6002 | test_loss: 0.9881 | test_acc: 0.6367 | 
Epoch: 8 | train_loss: 0.8521 | train_acc: 0.6369 | test_loss: 1.1707 | test_acc: 0.5352 | 
Epoch: 9 | train_loss: 0.8350 | train_acc: 0.6444 | test_loss: 1.2658 | test_acc: 0.4805 | 
Epoch: 10 | train_loss: 0.7853 | train_acc: 0.6778 | test_loss: 1.1382 | test_acc: 0.5273 | 
Epoch: 11 | train_loss: 0.7231 | train_acc: 0.7026 | test_loss: 1.1095 | test_acc: 0.6328 | 
Epoch: 12 | train_loss: 0.7034 | train_acc: 0.7101 | test_loss: 0.9606 | test_acc: 0.6289 | 
Epoch: 13 | train_loss: 0.7044 | train_acc: 0.7177 | test_loss: 1.5368 | test_acc: 0.5430 | 
Epoch: 14 | train_loss: 0.6624 | train_acc: 0.7274 | test_loss: 1.0835 | test_acc: 0.6211 | 
Epoch: 15 | train_loss: 0.6626 | train_acc: 0.7317 | test_loss: 0.9586 | test_acc: 0.6797 | 
Epoch: 16 | train_loss: 0.5860 | train_acc: 0.7812 | test_loss: 0.8960 | test_acc: 0.6523 | 
Epoch: 17 | train_loss: 0.5816 | train_acc: 0.7683 | test_loss: 0.8336 | test_acc: 0.7031 | 
Epoch: 18 | train_loss: 0.5902 | train_acc: 0.7953 | test_loss: 0.9837 | test_acc: 0.6367 | 
Epoch: 19 | train_loss: 0.4917 | train_acc: 0.8254 | test_loss: 0.9170 | test_acc: 0.6680 | 
Epoch: 20 | train_loss: 0.5169 | train_acc: 0.8103 | test_loss: 0.9301 | test_acc: 0.6367 | 
Epoch: 21 | train_loss: 0.5132 | train_acc: 0.7877 | test_loss: 0.8866 | test_acc: 0.7188 | 
Epoch: 22 | train_loss: 0.4675 | train_acc: 0.8222 | test_loss: 0.8724 | test_acc: 0.7148 | 
Epoch: 23 | train_loss: 0.5321 | train_acc: 0.7953 | test_loss: 0.8646 | test_acc: 0.7031 | 
Epoch: 24 | train_loss: 0.4681 | train_acc: 0.8502 | test_loss: 0.8232 | test_acc: 0.7070 | 
Epoch: 25 | train_loss: 0.4582 | train_acc: 0.8190 | test_loss: 0.8739 | test_acc: 0.7148 | 
Epoch: 26 | train_loss: 0.4070 | train_acc: 0.8362 | test_loss: 0.7872 | test_acc: 0.7500 | 
Epoch: 27 | train_loss: 0.4025 | train_acc: 0.8675 | test_loss: 0.8903 | test_acc: 0.7188 | 
Epoch: 28 | train_loss: 0.4491 | train_acc: 0.8233 | test_loss: 0.7759 | test_acc: 0.7500 | 
Epoch: 29 | train_loss: 0.4451 | train_acc: 0.8114 | test_loss: 0.8013 | test_acc: 0.7539 | 
Epoch: 30 | train_loss: 0.4006 | train_acc: 0.8416 | test_loss: 0.7767 | test_acc: 0.7148 | 
Epoch: 31 | train_loss: 0.3653 | train_acc: 0.8653 | test_loss: 1.2350 | test_acc: 0.6602 | 
Epoch: 32 | train_loss: 0.3995 | train_acc: 0.8524 | test_loss: 1.1111 | test_acc: 0.6875 | 
Epoch: 33 | train_loss: 0.3724 | train_acc: 0.8772 | test_loss: 0.7743 | test_acc: 0.7461 | 
Epoch: 34 | train_loss: 0.3503 | train_acc: 0.8588 | test_loss: 0.8644 | test_acc: 0.7031 | 
Epoch: 35 | train_loss: 0.4113 | train_acc: 0.8319 | test_loss: 0.9958 | test_acc: 0.6992 | 
Epoch: 36 | train_loss: 0.3634 | train_acc: 0.8642 | test_loss: 0.8888 | test_acc: 0.6914 | 
Epoch: 37 | train_loss: 0.3221 | train_acc: 0.8793 | test_loss: 0.8356 | test_acc: 0.7500 | 
Epoch: 38 | train_loss: 0.3489 | train_acc: 0.8588 | test_loss: 0.8438 | test_acc: 0.7031 | 
Epoch: 39 | train_loss: 0.3687 | train_acc: 0.8513 | test_loss: 0.8725 | test_acc: 0.7031 | 
Epoch: 40 | train_loss: 0.3897 | train_acc: 0.8578 | test_loss: 0.9266 | test_acc: 0.7227 | 
Epoch: 41 | train_loss: 0.2719 | train_acc: 0.9159 | test_loss: 0.9233 | test_acc: 0.7305 | 
Epoch: 42 | train_loss: 0.3162 | train_acc: 0.8631 | test_loss: 0.8700 | test_acc: 0.7188 | 
Epoch: 43 | train_loss: 0.4227 | train_acc: 0.8567 | test_loss: 1.1393 | test_acc: 0.7148 | 
Epoch: 44 | train_loss: 0.2739 | train_acc: 0.9095 | test_loss: 0.7998 | test_acc: 0.7305 | 
Epoch: 45 | train_loss: 0.2818 | train_acc: 0.8933 | test_loss: 0.8469 | test_acc: 0.7266 | 
Epoch: 46 | train_loss: 0.2560 | train_acc: 0.8966 | test_loss: 0.8844 | test_acc: 0.6914 | 
Epoch: 47 | train_loss: 0.2611 | train_acc: 0.9019 | test_loss: 0.8963 | test_acc: 0.7266 | 
Epoch: 48 | train_loss: 0.3593 | train_acc: 0.8836 | test_loss: 0.9790 | test_acc: 0.6641 | 
Epoch: 49 | train_loss: 0.2802 | train_acc: 0.8815 | test_loss: 0.9075 | test_acc: 0.7344 | 
Epoch: 50 | train_loss: 0.3106 | train_acc: 0.8922 | test_loss: 0.8436 | test_acc: 0.7422 | 
⏱️ Total training time: 91.483 seconds
📊 Bands [287, 152, 277] -> Fitness: 0.7422
Dataset initialized with pre-loaded data. Total samples: 897
Band indices for training dataloader: [303, 31, 146]
Dataset initialized with pre-loaded data. Total samples: 226
Band indices for test dataloader: [303, 31, 146]
🔍 Starting evaluation of individual [303, 31, 146]
Epoch: 1 | train_loss: 1.3575 | train_acc: 0.3459 | test_loss: 1.3091 | test_acc: 0.4023 | 
Epoch: 2 | train_loss: 1.2405 | train_acc: 0.4450 | test_loss: 1.2558 | test_acc: 0.4414 | 
Epoch: 3 | train_loss: 1.1712 | train_acc: 0.4871 | test_loss: 1.2453 | test_acc: 0.4062 | 
Epoch: 4 | train_loss: 1.0934 | train_acc: 0.5517 | test_loss: 1.1281 | test_acc: 0.4766 | 
Epoch: 5 | train_loss: 0.9685 | train_acc: 0.5851 | test_loss: 1.1254 | test_acc: 0.4922 | 
Epoch: 6 | train_loss: 0.9056 | train_acc: 0.6412 | test_loss: 1.0779 | test_acc: 0.5820 | 
Epoch: 7 | train_loss: 0.8149 | train_acc: 0.6649 | test_loss: 1.0570 | test_acc: 0.6094 | 
Epoch: 8 | train_loss: 0.8028 | train_acc: 0.6907 | test_loss: 0.9581 | test_acc: 0.5938 | 
Epoch: 9 | train_loss: 0.7600 | train_acc: 0.6983 | test_loss: 1.0414 | test_acc: 0.5625 | 
Epoch: 10 | train_loss: 0.7455 | train_acc: 0.6918 | test_loss: 1.2440 | test_acc: 0.4883 | 
Epoch: 11 | train_loss: 0.7063 | train_acc: 0.7371 | test_loss: 1.1230 | test_acc: 0.6523 | 
Epoch: 12 | train_loss: 0.6530 | train_acc: 0.7489 | test_loss: 0.8582 | test_acc: 0.6758 | 
Epoch: 13 | train_loss: 0.5749 | train_acc: 0.7888 | test_loss: 0.9168 | test_acc: 0.7031 | 
Epoch: 14 | train_loss: 0.5267 | train_acc: 0.7823 | test_loss: 0.9635 | test_acc: 0.6484 | 
Epoch: 15 | train_loss: 0.6041 | train_acc: 0.7812 | test_loss: 0.9115 | test_acc: 0.7031 | 
Epoch: 16 | train_loss: 0.5272 | train_acc: 0.7834 | test_loss: 1.0700 | test_acc: 0.6602 | 
Epoch: 17 | train_loss: 0.4670 | train_acc: 0.8147 | test_loss: 0.9466 | test_acc: 0.6875 | 
Epoch: 18 | train_loss: 0.4963 | train_acc: 0.8276 | test_loss: 1.2001 | test_acc: 0.5430 | 
Epoch: 19 | train_loss: 0.4304 | train_acc: 0.8502 | test_loss: 1.0437 | test_acc: 0.6250 | 
Epoch: 20 | train_loss: 0.3797 | train_acc: 0.8696 | test_loss: 0.8958 | test_acc: 0.7148 | 
Epoch: 21 | train_loss: 0.4250 | train_acc: 0.8394 | test_loss: 0.9622 | test_acc: 0.6953 | 
Epoch: 22 | train_loss: 0.4643 | train_acc: 0.8006 | test_loss: 0.9235 | test_acc: 0.6562 | 
Epoch: 23 | train_loss: 0.4812 | train_acc: 0.8276 | test_loss: 1.0062 | test_acc: 0.6914 | 
Epoch: 24 | train_loss: 0.4247 | train_acc: 0.8438 | test_loss: 0.8433 | test_acc: 0.7227 | 
Epoch: 25 | train_loss: 0.3351 | train_acc: 0.8631 | test_loss: 0.8716 | test_acc: 0.7227 | 
Epoch: 26 | train_loss: 0.4165 | train_acc: 0.8308 | test_loss: 0.8738 | test_acc: 0.7305 | 
Epoch: 27 | train_loss: 0.3585 | train_acc: 0.8534 | test_loss: 0.8600 | test_acc: 0.7070 | 
Epoch: 28 | train_loss: 0.3434 | train_acc: 0.8675 | test_loss: 0.8650 | test_acc: 0.7188 | 
Epoch: 29 | train_loss: 0.3490 | train_acc: 0.8836 | test_loss: 0.9048 | test_acc: 0.6875 | 
Epoch: 30 | train_loss: 0.2920 | train_acc: 0.8922 | test_loss: 0.9583 | test_acc: 0.7031 | 
Epoch: 31 | train_loss: 0.2712 | train_acc: 0.9073 | test_loss: 0.8984 | test_acc: 0.7109 | 
Epoch: 32 | train_loss: 0.3181 | train_acc: 0.8567 | test_loss: 0.9268 | test_acc: 0.7227 | 
Epoch: 33 | train_loss: 0.3960 | train_acc: 0.8502 | test_loss: 0.8371 | test_acc: 0.6562 | 
Epoch: 34 | train_loss: 0.3213 | train_acc: 0.8804 | test_loss: 0.7948 | test_acc: 0.7305 | 
Epoch: 35 | train_loss: 0.2838 | train_acc: 0.8707 | test_loss: 0.7514 | test_acc: 0.7188 | 
Epoch: 36 | train_loss: 0.2697 | train_acc: 0.9106 | test_loss: 0.8308 | test_acc: 0.7539 | 
Epoch: 37 | train_loss: 0.2975 | train_acc: 0.8847 | test_loss: 0.8297 | test_acc: 0.7422 | 
Epoch: 38 | train_loss: 0.3455 | train_acc: 0.8610 | test_loss: 0.8195 | test_acc: 0.7344 | 
Epoch: 39 | train_loss: 0.2428 | train_acc: 0.9203 | test_loss: 0.9433 | test_acc: 0.7148 | 
Epoch: 40 | train_loss: 0.2333 | train_acc: 0.9256 | test_loss: 0.8826 | test_acc: 0.7422 | 
Epoch: 41 | train_loss: 0.2192 | train_acc: 0.9246 | test_loss: 1.0247 | test_acc: 0.7305 | 
Epoch: 42 | train_loss: 0.2435 | train_acc: 0.9300 | test_loss: 0.8713 | test_acc: 0.7383 | 
Epoch: 43 | train_loss: 0.2834 | train_acc: 0.8847 | test_loss: 0.8761 | test_acc: 0.7500 | 
Epoch: 44 | train_loss: 0.2667 | train_acc: 0.8901 | test_loss: 0.8171 | test_acc: 0.7422 | 
Epoch: 45 | train_loss: 0.2126 | train_acc: 0.9343 | test_loss: 0.8100 | test_acc: 0.7539 | 
Epoch: 46 | train_loss: 0.2238 | train_acc: 0.9170 | test_loss: 0.8654 | test_acc: 0.7461 | 
Epoch: 47 | train_loss: 0.2355 | train_acc: 0.9289 | test_loss: 1.0073 | test_acc: 0.6797 | 
Epoch: 48 | train_loss: 0.1934 | train_acc: 0.9397 | test_loss: 0.9434 | test_acc: 0.7617 | 
Epoch: 49 | train_loss: 0.2303 | train_acc: 0.9095 | test_loss: 0.7648 | test_acc: 0.7500 | 
Epoch: 50 | train_loss: 0.2513 | train_acc: 0.8955 | test_loss: 1.0411 | test_acc: 0.7344 | 
⏱️ Total training time: 91.896 seconds
📊 Bands [303, 31, 146] -> Fitness: 0.7344
Dataset initialized with pre-loaded data. Total samples: 897
Band indices for training dataloader: [195, 336, 421]
Dataset initialized with pre-loaded data. Total samples: 226
Band indices for test dataloader: [195, 336, 421]
🔍 Starting evaluation of individual [195, 336, 421]
Epoch: 1 | train_loss: 1.3830 | train_acc: 0.2996 | test_loss: 1.3091 | test_acc: 0.3281 | 
Epoch: 2 | train_loss: 1.3186 | train_acc: 0.3750 | test_loss: 1.3136 | test_acc: 0.4492 | 
Epoch: 3 | train_loss: 1.2466 | train_acc: 0.4256 | test_loss: 1.2830 | test_acc: 0.4492 | 
Epoch: 4 | train_loss: 1.1541 | train_acc: 0.5108 | test_loss: 1.1374 | test_acc: 0.5586 | 
Epoch: 5 | train_loss: 1.0933 | train_acc: 0.5129 | test_loss: 1.1879 | test_acc: 0.4102 | 
Epoch: 6 | train_loss: 1.0431 | train_acc: 0.5636 | test_loss: 1.2660 | test_acc: 0.4609 | 
Epoch: 7 | train_loss: 0.9573 | train_acc: 0.6099 | test_loss: 1.2971 | test_acc: 0.4648 | 
Epoch: 8 | train_loss: 0.8994 | train_acc: 0.6541 | test_loss: 1.0667 | test_acc: 0.5938 | 
Epoch: 9 | train_loss: 0.8083 | train_acc: 0.6746 | test_loss: 1.2317 | test_acc: 0.5234 | 
Epoch: 10 | train_loss: 0.8351 | train_acc: 0.6595 | test_loss: 1.1036 | test_acc: 0.6445 | 
Epoch: 11 | train_loss: 0.8166 | train_acc: 0.6530 | test_loss: 1.0514 | test_acc: 0.5742 | 
Epoch: 12 | train_loss: 0.7555 | train_acc: 0.6929 | test_loss: 1.0937 | test_acc: 0.5820 | 
Epoch: 13 | train_loss: 0.7649 | train_acc: 0.7004 | test_loss: 1.0721 | test_acc: 0.5391 | 
Epoch: 14 | train_loss: 0.7217 | train_acc: 0.7069 | test_loss: 0.9286 | test_acc: 0.6797 | 
Epoch: 15 | train_loss: 0.6138 | train_acc: 0.7360 | test_loss: 0.9745 | test_acc: 0.5820 | 
Epoch: 16 | train_loss: 0.5943 | train_acc: 0.7640 | test_loss: 0.9979 | test_acc: 0.6055 | 
Epoch: 17 | train_loss: 0.6375 | train_acc: 0.7554 | test_loss: 1.1570 | test_acc: 0.6094 | 
Epoch: 18 | train_loss: 0.5646 | train_acc: 0.7651 | test_loss: 1.1311 | test_acc: 0.5742 | 
Epoch: 19 | train_loss: 0.5908 | train_acc: 0.7716 | test_loss: 1.0657 | test_acc: 0.6172 | 
Epoch: 20 | train_loss: 0.5530 | train_acc: 0.7672 | test_loss: 0.9892 | test_acc: 0.6406 | 
Epoch: 21 | train_loss: 0.5064 | train_acc: 0.8265 | test_loss: 1.1076 | test_acc: 0.6055 | 
Epoch: 22 | train_loss: 0.6097 | train_acc: 0.7791 | test_loss: 1.0448 | test_acc: 0.6680 | 
Epoch: 23 | train_loss: 0.5386 | train_acc: 0.7748 | test_loss: 0.9136 | test_acc: 0.7188 | 
Epoch: 24 | train_loss: 0.5632 | train_acc: 0.7608 | test_loss: 1.2364 | test_acc: 0.5977 | 
Epoch: 25 | train_loss: 0.5149 | train_acc: 0.8071 | test_loss: 1.2620 | test_acc: 0.5820 | 
Epoch: 26 | train_loss: 0.4865 | train_acc: 0.8287 | test_loss: 1.0907 | test_acc: 0.6211 | 
Epoch: 27 | train_loss: 0.5161 | train_acc: 0.8060 | test_loss: 0.8563 | test_acc: 0.6914 | 
Epoch: 28 | train_loss: 0.4918 | train_acc: 0.7974 | test_loss: 0.8460 | test_acc: 0.6797 | 
Epoch: 29 | train_loss: 0.4674 | train_acc: 0.8050 | test_loss: 0.8869 | test_acc: 0.6797 | 
Epoch: 30 | train_loss: 0.5062 | train_acc: 0.7953 | test_loss: 0.9788 | test_acc: 0.6992 | 
Epoch: 31 | train_loss: 0.4072 | train_acc: 0.8578 | test_loss: 1.0511 | test_acc: 0.6289 | 
Epoch: 32 | train_loss: 0.4572 | train_acc: 0.8362 | test_loss: 0.8919 | test_acc: 0.7109 | 
Epoch: 33 | train_loss: 0.4362 | train_acc: 0.8276 | test_loss: 1.1540 | test_acc: 0.6211 | 
Epoch: 34 | train_loss: 0.4262 | train_acc: 0.8308 | test_loss: 0.9485 | test_acc: 0.6914 | 
Epoch: 35 | train_loss: 0.3524 | train_acc: 0.8728 | test_loss: 0.9958 | test_acc: 0.6953 | 
Epoch: 36 | train_loss: 0.3921 | train_acc: 0.8416 | test_loss: 0.9872 | test_acc: 0.7070 | 
Epoch: 37 | train_loss: 0.3085 | train_acc: 0.8922 | test_loss: 1.0249 | test_acc: 0.6953 | 
Epoch: 38 | train_loss: 0.2957 | train_acc: 0.8804 | test_loss: 1.0616 | test_acc: 0.6836 | 
Epoch: 39 | train_loss: 0.3938 | train_acc: 0.8394 | test_loss: 0.8496 | test_acc: 0.7266 | 
Epoch: 40 | train_loss: 0.3568 | train_acc: 0.8470 | test_loss: 0.9591 | test_acc: 0.7109 | 
Epoch: 41 | train_loss: 0.3229 | train_acc: 0.8793 | test_loss: 0.8897 | test_acc: 0.7266 | 
Epoch: 42 | train_loss: 0.3077 | train_acc: 0.9009 | test_loss: 1.0971 | test_acc: 0.6250 | 
Epoch: 43 | train_loss: 0.2873 | train_acc: 0.8955 | test_loss: 0.9066 | test_acc: 0.7148 | 
Epoch: 44 | train_loss: 0.3997 | train_acc: 0.8696 | test_loss: 0.9359 | test_acc: 0.7148 | 
Epoch: 45 | train_loss: 0.3088 | train_acc: 0.9041 | test_loss: 0.9310 | test_acc: 0.7070 | 
Epoch: 46 | train_loss: 0.3237 | train_acc: 0.8804 | test_loss: 1.0087 | test_acc: 0.6758 | 
Epoch: 47 | train_loss: 0.3065 | train_acc: 0.8933 | test_loss: 1.2103 | test_acc: 0.6328 | 
Epoch: 48 | train_loss: 0.3911 | train_acc: 0.8804 | test_loss: 1.1457 | test_acc: 0.6641 | 
Epoch: 49 | train_loss: 0.2935 | train_acc: 0.9019 | test_loss: 0.9637 | test_acc: 0.6719 | 
Epoch: 50 | train_loss: 0.3121 | train_acc: 0.8869 | test_loss: 1.1691 | test_acc: 0.6875 | 
⏱️ Total training time: 95.672 seconds
📊 Bands [195, 336, 421] -> Fitness: 0.6875
Dataset initialized with pre-loaded data. Total samples: 897
Band indices for training dataloader: [336, 219, 308]
Dataset initialized with pre-loaded data. Total samples: 226
Band indices for test dataloader: [336, 219, 308]
🔍 Starting evaluation of individual [336, 219, 308]
Epoch: 1 | train_loss: 1.3856 | train_acc: 0.2909 | test_loss: 1.3646 | test_acc: 0.3594 | 
Epoch: 2 | train_loss: 1.3004 | train_acc: 0.3998 | test_loss: 1.2531 | test_acc: 0.4453 | 
Epoch: 3 | train_loss: 1.1716 | train_acc: 0.4591 | test_loss: 1.2509 | test_acc: 0.4297 | 
Epoch: 4 | train_loss: 1.1002 | train_acc: 0.5075 | test_loss: 1.2487 | test_acc: 0.5117 | 
Epoch: 5 | train_loss: 1.0773 | train_acc: 0.5420 | test_loss: 1.1474 | test_acc: 0.5039 | 
Epoch: 6 | train_loss: 0.9914 | train_acc: 0.5841 | test_loss: 1.3410 | test_acc: 0.4805 | 
Epoch: 7 | train_loss: 0.9741 | train_acc: 0.5830 | test_loss: 1.2671 | test_acc: 0.4844 | 
Epoch: 8 | train_loss: 0.8785 | train_acc: 0.6325 | test_loss: 1.0774 | test_acc: 0.5820 | 
Epoch: 9 | train_loss: 0.9080 | train_acc: 0.6325 | test_loss: 1.0484 | test_acc: 0.5508 | 
Epoch: 10 | train_loss: 0.7861 | train_acc: 0.6724 | test_loss: 1.1182 | test_acc: 0.5234 | 
Epoch: 11 | train_loss: 0.7486 | train_acc: 0.7069 | test_loss: 1.0846 | test_acc: 0.5234 | 
Epoch: 12 | train_loss: 0.6977 | train_acc: 0.7446 | test_loss: 1.6290 | test_acc: 0.4805 | 
Epoch: 13 | train_loss: 0.7212 | train_acc: 0.6994 | test_loss: 0.9709 | test_acc: 0.6328 | 
Epoch: 14 | train_loss: 0.7219 | train_acc: 0.7123 | test_loss: 1.2720 | test_acc: 0.5039 | 
Epoch: 15 | train_loss: 0.6961 | train_acc: 0.7144 | test_loss: 0.9948 | test_acc: 0.6211 | 
Epoch: 16 | train_loss: 0.6855 | train_acc: 0.7220 | test_loss: 0.9751 | test_acc: 0.6211 | 
Epoch: 17 | train_loss: 0.6277 | train_acc: 0.7489 | test_loss: 1.2035 | test_acc: 0.5469 | 
Epoch: 18 | train_loss: 0.6389 | train_acc: 0.7597 | test_loss: 1.1264 | test_acc: 0.5742 | 
Epoch: 19 | train_loss: 0.5373 | train_acc: 0.7974 | test_loss: 0.9110 | test_acc: 0.6758 | 
Epoch: 20 | train_loss: 0.5504 | train_acc: 0.8017 | test_loss: 1.0855 | test_acc: 0.5508 | 
Epoch: 21 | train_loss: 0.5379 | train_acc: 0.7705 | test_loss: 1.1403 | test_acc: 0.5977 | 
Epoch: 22 | train_loss: 0.5944 | train_acc: 0.7780 | test_loss: 0.9552 | test_acc: 0.5938 | 
Epoch: 23 | train_loss: 0.5567 | train_acc: 0.7812 | test_loss: 0.9097 | test_acc: 0.6758 | 
Epoch: 24 | train_loss: 0.5295 | train_acc: 0.8093 | test_loss: 1.0095 | test_acc: 0.6094 | 
Epoch: 25 | train_loss: 0.4894 | train_acc: 0.8093 | test_loss: 1.3759 | test_acc: 0.5391 | 
Epoch: 26 | train_loss: 0.5160 | train_acc: 0.7866 | test_loss: 1.0311 | test_acc: 0.6211 | 
Epoch: 27 | train_loss: 0.5052 | train_acc: 0.7985 | test_loss: 1.1386 | test_acc: 0.6406 | 
Epoch: 28 | train_loss: 0.5067 | train_acc: 0.7931 | test_loss: 0.9475 | test_acc: 0.6094 | 
Epoch: 29 | train_loss: 0.4261 | train_acc: 0.8556 | test_loss: 0.9040 | test_acc: 0.7031 | 
Epoch: 30 | train_loss: 0.5042 | train_acc: 0.8147 | test_loss: 1.0046 | test_acc: 0.6836 | 
Epoch: 31 | train_loss: 0.4743 | train_acc: 0.8125 | test_loss: 0.9367 | test_acc: 0.6055 | 
Epoch: 32 | train_loss: 0.4351 | train_acc: 0.8545 | test_loss: 0.8132 | test_acc: 0.7031 | 
Epoch: 33 | train_loss: 0.3934 | train_acc: 0.8675 | test_loss: 0.9424 | test_acc: 0.6758 | 
Epoch: 34 | train_loss: 0.3964 | train_acc: 0.8502 | test_loss: 1.0605 | test_acc: 0.6172 | 
Epoch: 35 | train_loss: 0.3984 | train_acc: 0.8427 | test_loss: 0.9579 | test_acc: 0.6914 | 
Epoch: 36 | train_loss: 0.3365 | train_acc: 0.8739 | test_loss: 1.0459 | test_acc: 0.5938 | 
Epoch: 37 | train_loss: 0.4222 | train_acc: 0.8524 | test_loss: 1.2807 | test_acc: 0.5859 | 
Epoch: 38 | train_loss: 0.3866 | train_acc: 0.8804 | test_loss: 0.9611 | test_acc: 0.7109 | 
Epoch: 39 | train_loss: 0.3609 | train_acc: 0.8869 | test_loss: 0.8380 | test_acc: 0.7227 | 
Epoch: 40 | train_loss: 0.3038 | train_acc: 0.8987 | test_loss: 1.0408 | test_acc: 0.6289 | 
Epoch: 41 | train_loss: 0.3621 | train_acc: 0.8578 | test_loss: 1.0265 | test_acc: 0.6680 | 
Epoch: 42 | train_loss: 0.3574 | train_acc: 0.8524 | test_loss: 0.9223 | test_acc: 0.6680 | 
Epoch: 43 | train_loss: 0.3290 | train_acc: 0.8728 | test_loss: 0.8633 | test_acc: 0.7070 | 
Epoch: 44 | train_loss: 0.3408 | train_acc: 0.8653 | test_loss: 0.9796 | test_acc: 0.6562 | 
Epoch: 45 | train_loss: 0.3914 | train_acc: 0.8631 | test_loss: 0.9099 | test_acc: 0.6602 | 
Epoch: 46 | train_loss: 0.3587 | train_acc: 0.8545 | test_loss: 0.8537 | test_acc: 0.7109 | 
Epoch: 47 | train_loss: 0.2883 | train_acc: 0.9073 | test_loss: 0.8514 | test_acc: 0.7227 | 
Epoch: 48 | train_loss: 0.2574 | train_acc: 0.9095 | test_loss: 0.9231 | test_acc: 0.7422 | 
Epoch: 49 | train_loss: 0.3001 | train_acc: 0.8793 | test_loss: 0.9820 | test_acc: 0.6562 | 
Epoch: 50 | train_loss: 0.3312 | train_acc: 0.8696 | test_loss: 1.2265 | test_acc: 0.6289 | 
⏱️ Total training time: 88.597 seconds
📊 Bands [336, 219, 308] -> Fitness: 0.6289
Dataset initialized with pre-loaded data. Total samples: 897
Band indices for training dataloader: [38, 419, 162]
Dataset initialized with pre-loaded data. Total samples: 226
Band indices for test dataloader: [38, 419, 162]
🔍 Starting evaluation of individual [38, 419, 162]
Epoch: 1 | train_loss: 1.3638 | train_acc: 0.3125 | test_loss: 1.4619 | test_acc: 0.2930 | 
Epoch: 2 | train_loss: 1.2856 | train_acc: 0.4138 | test_loss: 1.3376 | test_acc: 0.3594 | 
Epoch: 3 | train_loss: 1.1899 | train_acc: 0.4731 | test_loss: 1.4152 | test_acc: 0.3867 | 
Epoch: 4 | train_loss: 1.0850 | train_acc: 0.5442 | test_loss: 1.2531 | test_acc: 0.4258 | 
Epoch: 5 | train_loss: 1.0525 | train_acc: 0.5528 | test_loss: 1.1717 | test_acc: 0.5352 | 
Epoch: 6 | train_loss: 0.9612 | train_acc: 0.6067 | test_loss: 1.1708 | test_acc: 0.5391 | 
Epoch: 7 | train_loss: 0.9162 | train_acc: 0.6164 | test_loss: 1.1623 | test_acc: 0.4609 | 
Epoch: 8 | train_loss: 0.8200 | train_acc: 0.6918 | test_loss: 1.1758 | test_acc: 0.5391 | 
Epoch: 9 | train_loss: 0.8584 | train_acc: 0.6627 | test_loss: 1.0683 | test_acc: 0.5820 | 
Epoch: 10 | train_loss: 0.7594 | train_acc: 0.7112 | test_loss: 1.2057 | test_acc: 0.5273 | 
Epoch: 11 | train_loss: 0.7767 | train_acc: 0.6832 | test_loss: 1.0196 | test_acc: 0.6523 | 
Epoch: 12 | train_loss: 0.6550 | train_acc: 0.7522 | test_loss: 1.3400 | test_acc: 0.4961 | 
Epoch: 13 | train_loss: 0.6856 | train_acc: 0.7188 | test_loss: 0.9721 | test_acc: 0.6367 | 
Epoch: 14 | train_loss: 0.6328 | train_acc: 0.7683 | test_loss: 1.0248 | test_acc: 0.6875 | 
Epoch: 15 | train_loss: 0.6140 | train_acc: 0.7511 | test_loss: 1.0392 | test_acc: 0.6680 | 
Epoch: 16 | train_loss: 0.5550 | train_acc: 0.7823 | test_loss: 1.0917 | test_acc: 0.6133 | 
Epoch: 17 | train_loss: 0.6566 | train_acc: 0.7435 | test_loss: 0.9247 | test_acc: 0.6875 | 
Epoch: 18 | train_loss: 0.5313 | train_acc: 0.7931 | test_loss: 1.1358 | test_acc: 0.6133 | 
Epoch: 19 | train_loss: 0.5008 | train_acc: 0.8082 | test_loss: 1.0041 | test_acc: 0.7070 | 
Epoch: 20 | train_loss: 0.5170 | train_acc: 0.8028 | test_loss: 1.1306 | test_acc: 0.6328 | 
Epoch: 21 | train_loss: 0.5133 | train_acc: 0.8060 | test_loss: 0.9808 | test_acc: 0.6797 | 
Epoch: 22 | train_loss: 0.5340 | train_acc: 0.8147 | test_loss: 1.0563 | test_acc: 0.6406 | 
Epoch: 23 | train_loss: 0.4965 | train_acc: 0.8222 | test_loss: 1.0357 | test_acc: 0.6289 | 
Epoch: 24 | train_loss: 0.4246 | train_acc: 0.8190 | test_loss: 1.0478 | test_acc: 0.6094 | 
Epoch: 25 | train_loss: 0.4112 | train_acc: 0.8718 | test_loss: 0.8328 | test_acc: 0.7305 | 
Epoch: 26 | train_loss: 0.4791 | train_acc: 0.8244 | test_loss: 0.8582 | test_acc: 0.7227 | 
Epoch: 27 | train_loss: 0.3810 | train_acc: 0.8588 | test_loss: 0.9263 | test_acc: 0.7188 | 
Epoch: 28 | train_loss: 0.3485 | train_acc: 0.8890 | test_loss: 0.9359 | test_acc: 0.7422 | 
Epoch: 29 | train_loss: 0.4720 | train_acc: 0.8427 | test_loss: 0.8491 | test_acc: 0.7461 | 
Epoch: 30 | train_loss: 0.3770 | train_acc: 0.8416 | test_loss: 0.9870 | test_acc: 0.7266 | 
Epoch: 31 | train_loss: 0.4428 | train_acc: 0.8190 | test_loss: 0.8863 | test_acc: 0.7148 | 
Epoch: 32 | train_loss: 0.3510 | train_acc: 0.8836 | test_loss: 0.9042 | test_acc: 0.7148 | 
Epoch: 33 | train_loss: 0.3671 | train_acc: 0.8707 | test_loss: 0.8949 | test_acc: 0.7109 | 
Epoch: 34 | train_loss: 0.3371 | train_acc: 0.8825 | test_loss: 0.8932 | test_acc: 0.7188 | 
Epoch: 35 | train_loss: 0.2759 | train_acc: 0.8825 | test_loss: 0.8847 | test_acc: 0.7461 | 
Epoch: 36 | train_loss: 0.2688 | train_acc: 0.9170 | test_loss: 0.9015 | test_acc: 0.7227 | 
Epoch: 37 | train_loss: 0.2903 | train_acc: 0.8836 | test_loss: 0.9313 | test_acc: 0.7305 | 
Epoch: 38 | train_loss: 0.3482 | train_acc: 0.8513 | test_loss: 1.2379 | test_acc: 0.6719 | 
Epoch: 39 | train_loss: 0.2984 | train_acc: 0.9062 | test_loss: 0.9272 | test_acc: 0.7188 | 
Epoch: 40 | train_loss: 0.2978 | train_acc: 0.9149 | test_loss: 1.0249 | test_acc: 0.7188 | 
Epoch: 41 | train_loss: 0.3629 | train_acc: 0.8664 | test_loss: 0.8866 | test_acc: 0.7422 | 
Epoch: 42 | train_loss: 0.2506 | train_acc: 0.9192 | test_loss: 1.0466 | test_acc: 0.6953 | 
Epoch: 43 | train_loss: 0.2676 | train_acc: 0.8858 | test_loss: 0.9052 | test_acc: 0.7070 | 
Epoch: 44 | train_loss: 0.3267 | train_acc: 0.8707 | test_loss: 1.0803 | test_acc: 0.7031 | 
Epoch: 45 | train_loss: 0.3608 | train_acc: 0.8567 | test_loss: 1.0908 | test_acc: 0.7031 | 
Epoch: 46 | train_loss: 0.3434 | train_acc: 0.8739 | test_loss: 0.9006 | test_acc: 0.7266 | 
Epoch: 47 | train_loss: 0.3548 | train_acc: 0.8621 | test_loss: 1.0340 | test_acc: 0.6914 | 
Epoch: 48 | train_loss: 0.3360 | train_acc: 0.8879 | test_loss: 1.0394 | test_acc: 0.6758 | 
Epoch: 49 | train_loss: 0.3111 | train_acc: 0.8772 | test_loss: 0.9468 | test_acc: 0.7070 | 
Epoch: 50 | train_loss: 0.2645 | train_acc: 0.9138 | test_loss: 0.9355 | test_acc: 0.7305 | 
⏱️ Total training time: 89.878 seconds
📊 Bands [38, 419, 162] -> Fitness: 0.7305
Dataset initialized with pre-loaded data. Total samples: 897
Band indices for training dataloader: [151, 118, 87]
Dataset initialized with pre-loaded data. Total samples: 226
Band indices for test dataloader: [151, 118, 87]
🔍 Starting evaluation of individual [151, 118, 87]
Epoch: 1 | train_loss: 1.3627 | train_acc: 0.3114 | test_loss: 1.2558 | test_acc: 0.4805 | 
Epoch: 2 | train_loss: 1.2331 | train_acc: 0.4343 | test_loss: 1.2825 | test_acc: 0.4375 | 
Epoch: 3 | train_loss: 1.1096 | train_acc: 0.5151 | test_loss: 1.1988 | test_acc: 0.4883 | 
Epoch: 4 | train_loss: 1.0537 | train_acc: 0.5485 | test_loss: 1.1157 | test_acc: 0.5898 | 
Epoch: 5 | train_loss: 1.0025 | train_acc: 0.5991 | test_loss: 0.9970 | test_acc: 0.6367 | 
Epoch: 6 | train_loss: 0.9243 | train_acc: 0.5873 | test_loss: 1.0125 | test_acc: 0.5977 | 
Epoch: 7 | train_loss: 0.8286 | train_acc: 0.6509 | test_loss: 0.9452 | test_acc: 0.5508 | 
Epoch: 8 | train_loss: 0.7770 | train_acc: 0.6983 | test_loss: 1.0400 | test_acc: 0.5625 | 
Epoch: 9 | train_loss: 0.7209 | train_acc: 0.7306 | test_loss: 0.9279 | test_acc: 0.6211 | 
Epoch: 10 | train_loss: 0.7216 | train_acc: 0.7231 | test_loss: 0.9817 | test_acc: 0.6367 | 
Epoch: 11 | train_loss: 0.7915 | train_acc: 0.6907 | test_loss: 0.8325 | test_acc: 0.7031 | 
Epoch: 12 | train_loss: 0.6070 | train_acc: 0.7619 | test_loss: 0.9330 | test_acc: 0.6406 | 
Epoch: 13 | train_loss: 0.6112 | train_acc: 0.7812 | test_loss: 0.8463 | test_acc: 0.6992 | 
Epoch: 14 | train_loss: 0.6002 | train_acc: 0.7565 | test_loss: 0.8812 | test_acc: 0.5898 | 
Epoch: 15 | train_loss: 0.5207 | train_acc: 0.8071 | test_loss: 0.8861 | test_acc: 0.7070 | 
Epoch: 16 | train_loss: 0.5630 | train_acc: 0.7823 | test_loss: 0.8641 | test_acc: 0.6992 | 
Epoch: 17 | train_loss: 0.4756 | train_acc: 0.8384 | test_loss: 0.8194 | test_acc: 0.7188 | 
Epoch: 18 | train_loss: 0.4978 | train_acc: 0.7931 | test_loss: 1.0756 | test_acc: 0.5977 | 
Epoch: 19 | train_loss: 0.5072 | train_acc: 0.8103 | test_loss: 0.7487 | test_acc: 0.7539 | 
Epoch: 20 | train_loss: 0.3913 | train_acc: 0.8610 | test_loss: 0.7109 | test_acc: 0.7578 | 
Epoch: 21 | train_loss: 0.4312 | train_acc: 0.8308 | test_loss: 0.9770 | test_acc: 0.6250 | 
Epoch: 22 | train_loss: 0.3424 | train_acc: 0.8718 | test_loss: 0.7809 | test_acc: 0.7500 | 
Epoch: 23 | train_loss: 0.3581 | train_acc: 0.8890 | test_loss: 0.9012 | test_acc: 0.7422 | 
Epoch: 24 | train_loss: 0.3756 | train_acc: 0.8642 | test_loss: 0.8224 | test_acc: 0.6914 | 
Epoch: 25 | train_loss: 0.3431 | train_acc: 0.8772 | test_loss: 0.8118 | test_acc: 0.7461 | 
Epoch: 26 | train_loss: 0.3773 | train_acc: 0.8448 | test_loss: 0.9064 | test_acc: 0.7422 | 
Epoch: 27 | train_loss: 0.3972 | train_acc: 0.8491 | test_loss: 0.8176 | test_acc: 0.7344 | 
Epoch: 28 | train_loss: 0.3584 | train_acc: 0.8545 | test_loss: 0.7179 | test_acc: 0.7656 | 
Epoch: 29 | train_loss: 0.3956 | train_acc: 0.8578 | test_loss: 0.7643 | test_acc: 0.7539 | 
Epoch: 30 | train_loss: 0.2962 | train_acc: 0.9030 | test_loss: 0.8267 | test_acc: 0.7695 | 
Epoch: 31 | train_loss: 0.3351 | train_acc: 0.8631 | test_loss: 0.7630 | test_acc: 0.7266 | 
Epoch: 32 | train_loss: 0.2860 | train_acc: 0.9127 | test_loss: 0.7226 | test_acc: 0.7852 | 
Epoch: 33 | train_loss: 0.2974 | train_acc: 0.8675 | test_loss: 0.7208 | test_acc: 0.7773 | 
Epoch: 34 | train_loss: 0.3203 | train_acc: 0.8879 | test_loss: 0.7506 | test_acc: 0.7461 | 
Epoch: 35 | train_loss: 0.2506 | train_acc: 0.8901 | test_loss: 0.8311 | test_acc: 0.7773 | 
Epoch: 36 | train_loss: 0.2803 | train_acc: 0.8707 | test_loss: 0.6972 | test_acc: 0.7852 | 
Epoch: 37 | train_loss: 0.2486 | train_acc: 0.9170 | test_loss: 0.8693 | test_acc: 0.6953 | 
Epoch: 38 | train_loss: 0.2883 | train_acc: 0.8793 | test_loss: 0.9903 | test_acc: 0.6836 | 
Epoch: 39 | train_loss: 0.2340 | train_acc: 0.9246 | test_loss: 0.7738 | test_acc: 0.7930 | 
Epoch: 40 | train_loss: 0.2501 | train_acc: 0.9062 | test_loss: 0.7495 | test_acc: 0.7734 | 
Epoch: 41 | train_loss: 0.2596 | train_acc: 0.8793 | test_loss: 0.9490 | test_acc: 0.7500 | 
Epoch: 42 | train_loss: 0.2101 | train_acc: 0.9009 | test_loss: 0.6894 | test_acc: 0.8008 | 
Epoch: 43 | train_loss: 0.1675 | train_acc: 0.9418 | test_loss: 0.6416 | test_acc: 0.8203 | 
Epoch: 44 | train_loss: 0.2329 | train_acc: 0.9009 | test_loss: 0.6800 | test_acc: 0.8242 | 
Epoch: 45 | train_loss: 0.2701 | train_acc: 0.9138 | test_loss: 0.7755 | test_acc: 0.7773 | 
Epoch: 46 | train_loss: 0.2320 | train_acc: 0.8912 | test_loss: 0.9000 | test_acc: 0.7422 | 
Epoch: 47 | train_loss: 0.2206 | train_acc: 0.9095 | test_loss: 0.8676 | test_acc: 0.7422 | 
Epoch: 48 | train_loss: 0.2233 | train_acc: 0.9332 | test_loss: 0.9577 | test_acc: 0.7422 | 
Epoch: 49 | train_loss: 0.3003 | train_acc: 0.8933 | test_loss: 0.8157 | test_acc: 0.7773 | 
Epoch: 50 | train_loss: 0.2482 | train_acc: 0.8987 | test_loss: 0.6484 | test_acc: 0.7969 | 
⏱️ Total training time: 86.829 seconds
📊 Bands [151, 118, 87] -> Fitness: 0.7969
Dataset initialized with pre-loaded data. Total samples: 897
Band indices for training dataloader: [263, 148, 341]
Dataset initialized with pre-loaded data. Total samples: 226
Band indices for test dataloader: [263, 148, 341]
🔍 Starting evaluation of individual [263, 148, 341]
Epoch: 1 | train_loss: 1.3384 | train_acc: 0.3394 | test_loss: 1.3246 | test_acc: 0.4180 | 
Epoch: 2 | train_loss: 1.2351 | train_acc: 0.4364 | test_loss: 1.1072 | test_acc: 0.5508 | 
Epoch: 3 | train_loss: 1.1218 | train_acc: 0.5022 | test_loss: 1.1212 | test_acc: 0.4961 | 
Epoch: 4 | train_loss: 1.0986 | train_acc: 0.5216 | test_loss: 1.0677 | test_acc: 0.5820 | 
Epoch: 5 | train_loss: 0.9901 | train_acc: 0.5927 | test_loss: 1.0221 | test_acc: 0.6094 | 
Epoch: 6 | train_loss: 0.9136 | train_acc: 0.6315 | test_loss: 0.9588 | test_acc: 0.5547 | 
Epoch: 7 | train_loss: 0.8682 | train_acc: 0.6379 | test_loss: 1.0284 | test_acc: 0.6211 | 
Epoch: 8 | train_loss: 0.8113 | train_acc: 0.6584 | test_loss: 1.0663 | test_acc: 0.6094 | 
Epoch: 9 | train_loss: 0.8094 | train_acc: 0.6649 | test_loss: 1.0077 | test_acc: 0.6445 | 
Epoch: 10 | train_loss: 0.7929 | train_acc: 0.6746 | test_loss: 1.0212 | test_acc: 0.6055 | 
Epoch: 11 | train_loss: 0.7173 | train_acc: 0.7101 | test_loss: 1.0086 | test_acc: 0.6367 | 
Epoch: 12 | train_loss: 0.6730 | train_acc: 0.7338 | test_loss: 0.8997 | test_acc: 0.6914 | 
Epoch: 13 | train_loss: 0.6397 | train_acc: 0.7500 | test_loss: 0.9302 | test_acc: 0.6914 | 
Epoch: 14 | train_loss: 0.6584 | train_acc: 0.7500 | test_loss: 1.0848 | test_acc: 0.6484 | 
Epoch: 15 | train_loss: 0.6212 | train_acc: 0.7489 | test_loss: 0.8833 | test_acc: 0.6797 | 
Epoch: 16 | train_loss: 0.6267 | train_acc: 0.7672 | test_loss: 0.9291 | test_acc: 0.6875 | 
Epoch: 17 | train_loss: 0.6373 | train_acc: 0.7640 | test_loss: 0.8863 | test_acc: 0.6875 | 
Epoch: 18 | train_loss: 0.4752 | train_acc: 0.8351 | test_loss: 0.9283 | test_acc: 0.7109 | 
Epoch: 19 | train_loss: 0.4937 | train_acc: 0.8244 | test_loss: 1.0050 | test_acc: 0.7031 | 
Epoch: 20 | train_loss: 0.5824 | train_acc: 0.7845 | test_loss: 0.8518 | test_acc: 0.7383 | 
Epoch: 21 | train_loss: 0.5887 | train_acc: 0.7909 | test_loss: 0.8831 | test_acc: 0.6875 | 
Epoch: 22 | train_loss: 0.4768 | train_acc: 0.7899 | test_loss: 0.8381 | test_acc: 0.7383 | 
Epoch: 23 | train_loss: 0.4651 | train_acc: 0.8502 | test_loss: 0.9774 | test_acc: 0.7109 | 
Epoch: 24 | train_loss: 0.4202 | train_acc: 0.8588 | test_loss: 0.9287 | test_acc: 0.6523 | 
Epoch: 25 | train_loss: 0.3849 | train_acc: 0.8502 | test_loss: 0.9337 | test_acc: 0.6953 | 
Epoch: 26 | train_loss: 0.4467 | train_acc: 0.8373 | test_loss: 0.7999 | test_acc: 0.7148 | 
Epoch: 27 | train_loss: 0.3916 | train_acc: 0.8459 | test_loss: 0.7728 | test_acc: 0.7266 | 
Epoch: 28 | train_loss: 0.4122 | train_acc: 0.8513 | test_loss: 0.8129 | test_acc: 0.7383 | 
Epoch: 29 | train_loss: 0.3497 | train_acc: 0.8534 | test_loss: 0.8858 | test_acc: 0.7305 | 
Epoch: 30 | train_loss: 0.3777 | train_acc: 0.8556 | test_loss: 0.9205 | test_acc: 0.7109 | 
Epoch: 31 | train_loss: 0.4080 | train_acc: 0.8481 | test_loss: 1.1100 | test_acc: 0.6602 | 
Epoch: 32 | train_loss: 0.3930 | train_acc: 0.8556 | test_loss: 0.9572 | test_acc: 0.6875 | 
Epoch: 33 | train_loss: 0.4370 | train_acc: 0.8211 | test_loss: 0.8891 | test_acc: 0.7070 | 
Epoch: 34 | train_loss: 0.3729 | train_acc: 0.8534 | test_loss: 0.9598 | test_acc: 0.6719 | 
Epoch: 35 | train_loss: 0.3437 | train_acc: 0.8545 | test_loss: 0.8370 | test_acc: 0.6953 | 
Epoch: 36 | train_loss: 0.2776 | train_acc: 0.9019 | test_loss: 0.8915 | test_acc: 0.7266 | 
Epoch: 37 | train_loss: 0.3181 | train_acc: 0.8578 | test_loss: 0.8634 | test_acc: 0.7305 | 
Epoch: 38 | train_loss: 0.3337 | train_acc: 0.8599 | test_loss: 0.8836 | test_acc: 0.7227 | 
Epoch: 39 | train_loss: 0.3264 | train_acc: 0.8761 | test_loss: 0.8689 | test_acc: 0.7344 | 
Epoch: 40 | train_loss: 0.2955 | train_acc: 0.9019 | test_loss: 0.8286 | test_acc: 0.7422 | 
Epoch: 41 | train_loss: 0.3105 | train_acc: 0.8836 | test_loss: 0.9182 | test_acc: 0.7227 | 
Epoch: 42 | train_loss: 0.3527 | train_acc: 0.8599 | test_loss: 0.9111 | test_acc: 0.6484 | 
Epoch: 43 | train_loss: 0.2930 | train_acc: 0.8879 | test_loss: 0.9575 | test_acc: 0.6719 | 
Epoch: 44 | train_loss: 0.2953 | train_acc: 0.8793 | test_loss: 0.9216 | test_acc: 0.6758 | 
Epoch: 45 | train_loss: 0.3752 | train_acc: 0.8642 | test_loss: 0.8805 | test_acc: 0.6953 | 
Epoch: 46 | train_loss: 0.3102 | train_acc: 0.8901 | test_loss: 0.9754 | test_acc: 0.7031 | 
Epoch: 47 | train_loss: 0.3619 | train_acc: 0.8782 | test_loss: 0.7995 | test_acc: 0.7266 | 
Epoch: 48 | train_loss: 0.2297 | train_acc: 0.9192 | test_loss: 0.9316 | test_acc: 0.7031 | 
Epoch: 49 | train_loss: 0.2789 | train_acc: 0.9009 | test_loss: 0.7917 | test_acc: 0.7500 | 
Epoch: 50 | train_loss: 0.2693 | train_acc: 0.8847 | test_loss: 0.8940 | test_acc: 0.7109 | 
⏱️ Total training time: 90.856 seconds
📊 Bands [263, 148, 341] -> Fitness: 0.7109
Dataset initialized with pre-loaded data. Total samples: 897
Band indices for training dataloader: [361, 20, 282]
Dataset initialized with pre-loaded data. Total samples: 226
Band indices for test dataloader: [361, 20, 282]
🔍 Starting evaluation of individual [361, 20, 282]
Epoch: 1 | train_loss: 1.3890 | train_acc: 0.2759 | test_loss: 1.3431 | test_acc: 0.3164 | 
Epoch: 2 | train_loss: 1.3100 | train_acc: 0.3739 | test_loss: 1.3325 | test_acc: 0.3359 | 
Epoch: 3 | train_loss: 1.2266 | train_acc: 0.4386 | test_loss: 1.2435 | test_acc: 0.3867 | 
Epoch: 4 | train_loss: 1.1599 | train_acc: 0.4774 | test_loss: 1.0991 | test_acc: 0.5547 | 
Epoch: 5 | train_loss: 1.0820 | train_acc: 0.5065 | test_loss: 1.1886 | test_acc: 0.5547 | 
Epoch: 6 | train_loss: 1.0631 | train_acc: 0.5582 | test_loss: 1.1122 | test_acc: 0.4922 | 
Epoch: 7 | train_loss: 0.9810 | train_acc: 0.5862 | test_loss: 1.0883 | test_acc: 0.5820 | 
Epoch: 8 | train_loss: 0.9526 | train_acc: 0.6282 | test_loss: 1.2120 | test_acc: 0.4805 | 
Epoch: 9 | train_loss: 0.9234 | train_acc: 0.6218 | test_loss: 1.1633 | test_acc: 0.5039 | 
Epoch: 10 | train_loss: 0.8302 | train_acc: 0.6832 | test_loss: 1.1431 | test_acc: 0.5625 | 
Epoch: 11 | train_loss: 0.7861 | train_acc: 0.6789 | test_loss: 0.9771 | test_acc: 0.6602 | 
Epoch: 12 | train_loss: 0.8758 | train_acc: 0.6789 | test_loss: 0.9558 | test_acc: 0.6211 | 
Epoch: 13 | train_loss: 0.8153 | train_acc: 0.6875 | test_loss: 1.0473 | test_acc: 0.5273 | 
Epoch: 14 | train_loss: 0.7917 | train_acc: 0.6832 | test_loss: 0.9145 | test_acc: 0.6133 | 
Epoch: 15 | train_loss: 0.7067 | train_acc: 0.7284 | test_loss: 1.0124 | test_acc: 0.5820 | 
Epoch: 16 | train_loss: 0.7181 | train_acc: 0.7123 | test_loss: 1.0280 | test_acc: 0.5547 | 
Epoch: 17 | train_loss: 0.6485 | train_acc: 0.7414 | test_loss: 1.1329 | test_acc: 0.5469 | 
Epoch: 18 | train_loss: 0.6434 | train_acc: 0.7295 | test_loss: 0.9526 | test_acc: 0.6680 | 
Epoch: 19 | train_loss: 0.5969 | train_acc: 0.7489 | test_loss: 0.9418 | test_acc: 0.6523 | 
Epoch: 20 | train_loss: 0.5365 | train_acc: 0.8028 | test_loss: 1.0446 | test_acc: 0.6484 | 
Epoch: 21 | train_loss: 0.5708 | train_acc: 0.7662 | test_loss: 0.9460 | test_acc: 0.6953 | 
Epoch: 22 | train_loss: 0.5473 | train_acc: 0.7769 | test_loss: 1.0504 | test_acc: 0.5703 | 
Epoch: 23 | train_loss: 0.5435 | train_acc: 0.7856 | test_loss: 1.1628 | test_acc: 0.6094 | 
Epoch: 24 | train_loss: 0.4661 | train_acc: 0.8394 | test_loss: 0.9759 | test_acc: 0.6953 | 
Epoch: 25 | train_loss: 0.5886 | train_acc: 0.7716 | test_loss: 0.9083 | test_acc: 0.6562 | 
Epoch: 26 | train_loss: 0.5240 | train_acc: 0.7705 | test_loss: 1.0782 | test_acc: 0.6250 | 
Epoch: 27 | train_loss: 0.5370 | train_acc: 0.7931 | test_loss: 1.0571 | test_acc: 0.6250 | 
Epoch: 28 | train_loss: 0.4908 | train_acc: 0.8050 | test_loss: 0.8911 | test_acc: 0.7188 | 
Epoch: 29 | train_loss: 0.4948 | train_acc: 0.8125 | test_loss: 0.8330 | test_acc: 0.7109 | 
Epoch: 30 | train_loss: 0.4378 | train_acc: 0.8405 | test_loss: 1.0321 | test_acc: 0.6914 | 
Epoch: 31 | train_loss: 0.5300 | train_acc: 0.8103 | test_loss: 1.0396 | test_acc: 0.6094 | 
Epoch: 32 | train_loss: 0.5296 | train_acc: 0.7920 | test_loss: 0.9126 | test_acc: 0.6523 | 
Epoch: 33 | train_loss: 0.4603 | train_acc: 0.8168 | test_loss: 0.9412 | test_acc: 0.6211 | 
Epoch: 34 | train_loss: 0.4319 | train_acc: 0.8491 | test_loss: 0.9814 | test_acc: 0.6211 | 
Epoch: 35 | train_loss: 0.4513 | train_acc: 0.8362 | test_loss: 0.9001 | test_acc: 0.6797 | 
Epoch: 36 | train_loss: 0.3514 | train_acc: 0.8793 | test_loss: 1.1477 | test_acc: 0.6641 | 
Epoch: 37 | train_loss: 0.3860 | train_acc: 0.8653 | test_loss: 0.9080 | test_acc: 0.7148 | 
Epoch: 38 | train_loss: 0.4813 | train_acc: 0.8330 | test_loss: 0.8165 | test_acc: 0.7305 | 
Epoch: 39 | train_loss: 0.3711 | train_acc: 0.8793 | test_loss: 1.0499 | test_acc: 0.6367 | 
Epoch: 40 | train_loss: 0.3735 | train_acc: 0.8491 | test_loss: 0.9425 | test_acc: 0.6602 | 
Epoch: 41 | train_loss: 0.3746 | train_acc: 0.8448 | test_loss: 0.9611 | test_acc: 0.6445 | 
Epoch: 42 | train_loss: 0.3677 | train_acc: 0.8610 | test_loss: 0.9175 | test_acc: 0.6523 | 
Epoch: 43 | train_loss: 0.4025 | train_acc: 0.8384 | test_loss: 0.9333 | test_acc: 0.6484 | 
Epoch: 44 | train_loss: 0.3808 | train_acc: 0.8534 | test_loss: 0.8825 | test_acc: 0.6484 | 
Epoch: 45 | train_loss: 0.3065 | train_acc: 0.8998 | test_loss: 0.8502 | test_acc: 0.7344 | 
Epoch: 46 | train_loss: 0.2723 | train_acc: 0.9030 | test_loss: 0.8700 | test_acc: 0.7070 | 
Epoch: 47 | train_loss: 0.2885 | train_acc: 0.9062 | test_loss: 0.8081 | test_acc: 0.7227 | 
Epoch: 48 | train_loss: 0.2709 | train_acc: 0.9052 | test_loss: 0.9275 | test_acc: 0.7070 | 
Epoch: 49 | train_loss: 0.3823 | train_acc: 0.8804 | test_loss: 0.9083 | test_acc: 0.7383 | 
Epoch: 50 | train_loss: 0.3891 | train_acc: 0.8631 | test_loss: 0.9877 | test_acc: 0.6992 | 
⏱️ Total training time: 94.964 seconds
📊 Bands [361, 20, 282] -> Fitness: 0.6992
Dataset initialized with pre-loaded data. Total samples: 897
Band indices for training dataloader: [35, 440, 179]
Dataset initialized with pre-loaded data. Total samples: 226
Band indices for test dataloader: [35, 440, 179]
🔍 Starting evaluation of individual [35, 440, 179]
Epoch: 1 | train_loss: 1.3740 | train_acc: 0.2920 | test_loss: 1.2999 | test_acc: 0.3711 | 
Epoch: 2 | train_loss: 1.2652 | train_acc: 0.4138 | test_loss: 1.6412 | test_acc: 0.3164 | 
Epoch: 3 | train_loss: 1.1928 | train_acc: 0.4989 | test_loss: 1.5104 | test_acc: 0.3633 | 
Epoch: 4 | train_loss: 1.0952 | train_acc: 0.5442 | test_loss: 1.2251 | test_acc: 0.5078 | 
Epoch: 5 | train_loss: 1.0948 | train_acc: 0.5194 | test_loss: 1.1682 | test_acc: 0.5195 | 
Epoch: 6 | train_loss: 0.9781 | train_acc: 0.5884 | test_loss: 1.2757 | test_acc: 0.5000 | 
Epoch: 7 | train_loss: 0.8995 | train_acc: 0.6261 | test_loss: 1.0054 | test_acc: 0.5977 | 
Epoch: 8 | train_loss: 0.8979 | train_acc: 0.6261 | test_loss: 1.0187 | test_acc: 0.6094 | 
Epoch: 9 | train_loss: 0.8152 | train_acc: 0.6724 | test_loss: 1.1152 | test_acc: 0.5703 | 
Epoch: 10 | train_loss: 0.8205 | train_acc: 0.6724 | test_loss: 1.0242 | test_acc: 0.6094 | 
Epoch: 11 | train_loss: 0.7847 | train_acc: 0.7026 | test_loss: 1.1017 | test_acc: 0.5859 | 
Epoch: 12 | train_loss: 0.7395 | train_acc: 0.7069 | test_loss: 1.1073 | test_acc: 0.5625 | 
Epoch: 13 | train_loss: 0.6721 | train_acc: 0.7188 | test_loss: 0.9572 | test_acc: 0.6758 | 
Epoch: 14 | train_loss: 0.6927 | train_acc: 0.7252 | test_loss: 1.0159 | test_acc: 0.6172 | 
Epoch: 15 | train_loss: 0.6774 | train_acc: 0.7414 | test_loss: 0.9640 | test_acc: 0.5781 | 
Epoch: 16 | train_loss: 0.5968 | train_acc: 0.7759 | test_loss: 1.0502 | test_acc: 0.6250 | 
Epoch: 17 | train_loss: 0.6517 | train_acc: 0.7608 | test_loss: 0.8760 | test_acc: 0.6875 | 
Epoch: 18 | train_loss: 0.4922 | train_acc: 0.8244 | test_loss: 0.9273 | test_acc: 0.6992 | 
Epoch: 19 | train_loss: 0.6212 | train_acc: 0.7565 | test_loss: 0.9862 | test_acc: 0.6250 | 
Epoch: 20 | train_loss: 0.5365 | train_acc: 0.8114 | test_loss: 0.9331 | test_acc: 0.7109 | 
Epoch: 21 | train_loss: 0.4611 | train_acc: 0.8028 | test_loss: 0.9426 | test_acc: 0.7031 | 
Epoch: 22 | train_loss: 0.4647 | train_acc: 0.8050 | test_loss: 0.9016 | test_acc: 0.7148 | 
Epoch: 23 | train_loss: 0.5201 | train_acc: 0.8006 | test_loss: 0.8811 | test_acc: 0.7109 | 
Epoch: 24 | train_loss: 0.5002 | train_acc: 0.7759 | test_loss: 0.9321 | test_acc: 0.6797 | 
Epoch: 25 | train_loss: 0.4557 | train_acc: 0.8416 | test_loss: 0.9806 | test_acc: 0.6562 | 
Epoch: 26 | train_loss: 0.5169 | train_acc: 0.8211 | test_loss: 0.9090 | test_acc: 0.7031 | 
Epoch: 27 | train_loss: 0.4317 | train_acc: 0.8427 | test_loss: 0.8671 | test_acc: 0.6914 | 
Epoch: 28 | train_loss: 0.3899 | train_acc: 0.8427 | test_loss: 0.9010 | test_acc: 0.7227 | 
Epoch: 29 | train_loss: 0.3970 | train_acc: 0.8438 | test_loss: 1.0893 | test_acc: 0.6133 | 
Epoch: 30 | train_loss: 0.3733 | train_acc: 0.8610 | test_loss: 1.0221 | test_acc: 0.6445 | 
Epoch: 31 | train_loss: 0.3823 | train_acc: 0.8707 | test_loss: 1.0328 | test_acc: 0.6484 | 
Epoch: 32 | train_loss: 0.3726 | train_acc: 0.8890 | test_loss: 0.9300 | test_acc: 0.7070 | 
Epoch: 33 | train_loss: 0.4827 | train_acc: 0.8502 | test_loss: 0.9508 | test_acc: 0.7305 | 
Epoch: 34 | train_loss: 0.3461 | train_acc: 0.8491 | test_loss: 0.8371 | test_acc: 0.7422 | 
Epoch: 35 | train_loss: 0.3851 | train_acc: 0.8513 | test_loss: 0.8568 | test_acc: 0.7461 | 
Epoch: 36 | train_loss: 0.3154 | train_acc: 0.8944 | test_loss: 0.8923 | test_acc: 0.7305 | 
Epoch: 37 | train_loss: 0.2867 | train_acc: 0.8912 | test_loss: 0.8924 | test_acc: 0.7266 | 
Epoch: 38 | train_loss: 0.2833 | train_acc: 0.8782 | test_loss: 1.0637 | test_acc: 0.7109 | 
Epoch: 39 | train_loss: 0.3227 | train_acc: 0.8955 | test_loss: 0.8431 | test_acc: 0.7500 | 
Epoch: 40 | train_loss: 0.3511 | train_acc: 0.8664 | test_loss: 0.8934 | test_acc: 0.7383 | 
Epoch: 41 | train_loss: 0.3301 | train_acc: 0.8761 | test_loss: 0.9554 | test_acc: 0.7266 | 
Epoch: 42 | train_loss: 0.3171 | train_acc: 0.8718 | test_loss: 0.9558 | test_acc: 0.7148 | 
Epoch: 43 | train_loss: 0.3308 | train_acc: 0.8556 | test_loss: 0.8490 | test_acc: 0.7461 | 
Epoch: 44 | train_loss: 0.2303 | train_acc: 0.8976 | test_loss: 1.0055 | test_acc: 0.7305 | 
Epoch: 45 | train_loss: 0.3152 | train_acc: 0.8782 | test_loss: 1.0487 | test_acc: 0.7148 | 
Epoch: 46 | train_loss: 0.2722 | train_acc: 0.8793 | test_loss: 0.9825 | test_acc: 0.6602 | 
Epoch: 47 | train_loss: 0.2869 | train_acc: 0.8836 | test_loss: 0.8834 | test_acc: 0.7266 | 
Epoch: 48 | train_loss: 0.2367 | train_acc: 0.9267 | test_loss: 1.0247 | test_acc: 0.6445 | 
Epoch: 49 | train_loss: 0.2923 | train_acc: 0.8901 | test_loss: 0.9480 | test_acc: 0.7422 | 
Epoch: 50 | train_loss: 0.2838 | train_acc: 0.9181 | test_loss: 1.0105 | test_acc: 0.7344 | 
⏱️ Total training time: 91.811 seconds
📊 Bands [35, 440, 179] -> Fitness: 0.7344
Dataset initialized with pre-loaded data. Total samples: 897
Band indices for training dataloader: [241, 156, 430]
Dataset initialized with pre-loaded data. Total samples: 226
Band indices for test dataloader: [241, 156, 430]
🔍 Starting evaluation of individual [241, 156, 430]
Epoch: 1 | train_loss: 1.3721 | train_acc: 0.3093 | test_loss: 1.2714 | test_acc: 0.4492 | 
Epoch: 2 | train_loss: 1.1843 | train_acc: 0.5032 | test_loss: 1.7017 | test_acc: 0.4062 | 
Epoch: 3 | train_loss: 1.1691 | train_acc: 0.4968 | test_loss: 1.2258 | test_acc: 0.4531 | 
Epoch: 4 | train_loss: 1.0241 | train_acc: 0.5776 | test_loss: 1.0969 | test_acc: 0.5195 | 
Epoch: 5 | train_loss: 0.9805 | train_acc: 0.5916 | test_loss: 1.2515 | test_acc: 0.5195 | 
Epoch: 6 | train_loss: 0.8896 | train_acc: 0.6692 | test_loss: 1.0120 | test_acc: 0.6211 | 
Epoch: 7 | train_loss: 0.7675 | train_acc: 0.7026 | test_loss: 1.0993 | test_acc: 0.5664 | 
Epoch: 8 | train_loss: 0.7177 | train_acc: 0.7220 | test_loss: 1.0469 | test_acc: 0.6445 | 
Epoch: 9 | train_loss: 0.7471 | train_acc: 0.6950 | test_loss: 1.0198 | test_acc: 0.6484 | 
Epoch: 10 | train_loss: 0.6881 | train_acc: 0.7306 | test_loss: 0.9622 | test_acc: 0.6680 | 
Epoch: 11 | train_loss: 0.6730 | train_acc: 0.7360 | test_loss: 0.9424 | test_acc: 0.6445 | 
Epoch: 12 | train_loss: 0.6163 | train_acc: 0.7532 | test_loss: 1.0171 | test_acc: 0.6211 | 
Epoch: 13 | train_loss: 0.5501 | train_acc: 0.7963 | test_loss: 0.9719 | test_acc: 0.7070 | 
Epoch: 14 | train_loss: 0.5043 | train_acc: 0.8136 | test_loss: 0.9786 | test_acc: 0.5898 | 
Epoch: 15 | train_loss: 0.4772 | train_acc: 0.8351 | test_loss: 1.1593 | test_acc: 0.6055 | 
Epoch: 16 | train_loss: 0.4846 | train_acc: 0.8147 | test_loss: 0.9464 | test_acc: 0.7188 | 
Epoch: 17 | train_loss: 0.5529 | train_acc: 0.7716 | test_loss: 0.7886 | test_acc: 0.7109 | 
Epoch: 18 | train_loss: 0.4575 | train_acc: 0.8276 | test_loss: 0.8010 | test_acc: 0.7578 | 
Epoch: 19 | train_loss: 0.5257 | train_acc: 0.8050 | test_loss: 0.8812 | test_acc: 0.7070 | 
Epoch: 20 | train_loss: 0.4741 | train_acc: 0.8233 | test_loss: 0.8386 | test_acc: 0.7227 | 
Epoch: 21 | train_loss: 0.3681 | train_acc: 0.8750 | test_loss: 0.8387 | test_acc: 0.7461 | 
Epoch: 22 | train_loss: 0.3644 | train_acc: 0.8793 | test_loss: 0.9047 | test_acc: 0.7461 | 
Epoch: 23 | train_loss: 0.4096 | train_acc: 0.8578 | test_loss: 0.8200 | test_acc: 0.7539 | 
Epoch: 24 | train_loss: 0.3422 | train_acc: 0.8922 | test_loss: 1.1286 | test_acc: 0.7188 | 
Epoch: 25 | train_loss: 0.3699 | train_acc: 0.8470 | test_loss: 1.0366 | test_acc: 0.6992 | 
Epoch: 26 | train_loss: 0.2814 | train_acc: 0.9106 | test_loss: 0.9322 | test_acc: 0.7383 | 
Epoch: 27 | train_loss: 0.3990 | train_acc: 0.8653 | test_loss: 0.7720 | test_acc: 0.7891 | 
Epoch: 28 | train_loss: 0.3114 | train_acc: 0.8998 | test_loss: 0.7899 | test_acc: 0.7461 | 
Epoch: 29 | train_loss: 0.2594 | train_acc: 0.9149 | test_loss: 0.7804 | test_acc: 0.7734 | 
Epoch: 30 | train_loss: 0.2882 | train_acc: 0.8793 | test_loss: 0.8956 | test_acc: 0.7617 | 
Epoch: 31 | train_loss: 0.3776 | train_acc: 0.8675 | test_loss: 0.7603 | test_acc: 0.7383 | 
Epoch: 32 | train_loss: 0.3506 | train_acc: 0.8685 | test_loss: 0.8582 | test_acc: 0.7461 | 
Epoch: 33 | train_loss: 0.2599 | train_acc: 0.9116 | test_loss: 0.7628 | test_acc: 0.7891 | 
Epoch: 34 | train_loss: 0.3310 | train_acc: 0.8815 | test_loss: 0.9447 | test_acc: 0.7266 | 
Epoch: 35 | train_loss: 0.3793 | train_acc: 0.8545 | test_loss: 0.8264 | test_acc: 0.7734 | 
Epoch: 36 | train_loss: 0.2814 | train_acc: 0.8847 | test_loss: 0.8466 | test_acc: 0.7617 | 
Epoch: 37 | train_loss: 0.2980 | train_acc: 0.8804 | test_loss: 0.8696 | test_acc: 0.7344 | 
Epoch: 38 | train_loss: 0.2340 | train_acc: 0.9170 | test_loss: 0.8629 | test_acc: 0.7539 | 
Epoch: 39 | train_loss: 0.3926 | train_acc: 0.8912 | test_loss: 0.8110 | test_acc: 0.7578 | 
Epoch: 40 | train_loss: 0.2711 | train_acc: 0.8869 | test_loss: 0.8355 | test_acc: 0.7734 | 
Epoch: 41 | train_loss: 0.2019 | train_acc: 0.9321 | test_loss: 0.8430 | test_acc: 0.7734 | 
Epoch: 42 | train_loss: 0.2898 | train_acc: 0.9019 | test_loss: 1.0555 | test_acc: 0.7305 | 
Epoch: 43 | train_loss: 0.3253 | train_acc: 0.8847 | test_loss: 1.0015 | test_acc: 0.7266 | 
Epoch: 44 | train_loss: 0.2592 | train_acc: 0.8901 | test_loss: 0.9470 | test_acc: 0.7070 | 
Epoch: 45 | train_loss: 0.2292 | train_acc: 0.9041 | test_loss: 0.9784 | test_acc: 0.7070 | 
Epoch: 46 | train_loss: 0.1802 | train_acc: 0.9386 | test_loss: 0.8325 | test_acc: 0.7734 | 
Epoch: 47 | train_loss: 0.1764 | train_acc: 0.9494 | test_loss: 0.9714 | test_acc: 0.7617 | 
Epoch: 48 | train_loss: 0.1695 | train_acc: 0.9472 | test_loss: 0.7823 | test_acc: 0.7773 | 
Epoch: 49 | train_loss: 0.3886 | train_acc: 0.9246 | test_loss: 0.8665 | test_acc: 0.7930 | 
Epoch: 50 | train_loss: 0.2116 | train_acc: 0.9300 | test_loss: 1.0101 | test_acc: 0.7734 | 
⏱️ Total training time: 90.546 seconds
📊 Bands [241, 156, 430] -> Fitness: 0.7734
Dataset initialized with pre-loaded data. Total samples: 897
Band indices for training dataloader: [115, 361, 447]
Dataset initialized with pre-loaded data. Total samples: 226
Band indices for test dataloader: [115, 361, 447]
🔍 Starting evaluation of individual [115, 361, 447]
Epoch: 1 | train_loss: 1.3803 | train_acc: 0.2780 | test_loss: 1.2809 | test_acc: 0.4141 | 
Epoch: 2 | train_loss: 1.2727 | train_acc: 0.4084 | test_loss: 1.3025 | test_acc: 0.4062 | 
Epoch: 3 | train_loss: 1.1951 | train_acc: 0.4806 | test_loss: 1.1235 | test_acc: 0.5117 | 
Epoch: 4 | train_loss: 1.1205 | train_acc: 0.5280 | test_loss: 1.1298 | test_acc: 0.5391 | 
Epoch: 5 | train_loss: 1.0520 | train_acc: 0.5463 | test_loss: 1.1898 | test_acc: 0.5273 | 
Epoch: 6 | train_loss: 0.9409 | train_acc: 0.6024 | test_loss: 1.4086 | test_acc: 0.4336 | 
Epoch: 7 | train_loss: 0.9133 | train_acc: 0.6606 | test_loss: 1.0646 | test_acc: 0.5938 | 
Epoch: 8 | train_loss: 0.8839 | train_acc: 0.6121 | test_loss: 1.1509 | test_acc: 0.5586 | 
Epoch: 9 | train_loss: 0.8167 | train_acc: 0.6703 | test_loss: 1.1392 | test_acc: 0.5898 | 
Epoch: 10 | train_loss: 0.7985 | train_acc: 0.6735 | test_loss: 1.2045 | test_acc: 0.5430 | 
Epoch: 11 | train_loss: 0.7269 | train_acc: 0.7338 | test_loss: 0.9758 | test_acc: 0.6406 | 
Epoch: 12 | train_loss: 0.6755 | train_acc: 0.7166 | test_loss: 1.0427 | test_acc: 0.6133 | 
Epoch: 13 | train_loss: 0.6893 | train_acc: 0.7188 | test_loss: 0.9887 | test_acc: 0.6367 | 
Epoch: 14 | train_loss: 0.6072 | train_acc: 0.7823 | test_loss: 1.1240 | test_acc: 0.5703 | 
Epoch: 15 | train_loss: 0.5885 | train_acc: 0.7575 | test_loss: 0.9585 | test_acc: 0.6836 | 
Epoch: 16 | train_loss: 0.5952 | train_acc: 0.7619 | test_loss: 0.8955 | test_acc: 0.7109 | 
Epoch: 17 | train_loss: 0.6352 | train_acc: 0.7532 | test_loss: 0.9228 | test_acc: 0.6797 | 
Epoch: 18 | train_loss: 0.5191 | train_acc: 0.7963 | test_loss: 0.9132 | test_acc: 0.6875 | 
Epoch: 19 | train_loss: 0.4633 | train_acc: 0.8448 | test_loss: 1.0643 | test_acc: 0.6758 | 
Epoch: 20 | train_loss: 0.5128 | train_acc: 0.8039 | test_loss: 0.8997 | test_acc: 0.6914 | 
Epoch: 21 | train_loss: 0.4458 | train_acc: 0.8362 | test_loss: 0.7767 | test_acc: 0.7266 | 
Epoch: 22 | train_loss: 0.3933 | train_acc: 0.8556 | test_loss: 0.8565 | test_acc: 0.7109 | 
Epoch: 23 | train_loss: 0.4353 | train_acc: 0.8330 | test_loss: 0.8254 | test_acc: 0.7422 | 
Epoch: 24 | train_loss: 0.4909 | train_acc: 0.8017 | test_loss: 0.8918 | test_acc: 0.7266 | 
Epoch: 25 | train_loss: 0.4218 | train_acc: 0.8481 | test_loss: 0.8381 | test_acc: 0.7031 | 
Epoch: 26 | train_loss: 0.3386 | train_acc: 0.8922 | test_loss: 0.8407 | test_acc: 0.7305 | 
Epoch: 27 | train_loss: 0.4047 | train_acc: 0.8459 | test_loss: 0.8665 | test_acc: 0.7070 | 
Epoch: 28 | train_loss: 0.4064 | train_acc: 0.8319 | test_loss: 0.8380 | test_acc: 0.7461 | 
Epoch: 29 | train_loss: 0.4504 | train_acc: 0.8416 | test_loss: 0.9454 | test_acc: 0.7188 | 
Epoch: 30 | train_loss: 0.3879 | train_acc: 0.8750 | test_loss: 0.8853 | test_acc: 0.7266 | 
Epoch: 31 | train_loss: 0.3502 | train_acc: 0.8567 | test_loss: 1.1006 | test_acc: 0.6680 | 
Epoch: 32 | train_loss: 0.4068 | train_acc: 0.8384 | test_loss: 0.7723 | test_acc: 0.7695 | 
Epoch: 33 | train_loss: 0.3326 | train_acc: 0.8772 | test_loss: 0.8326 | test_acc: 0.7383 | 
Epoch: 34 | train_loss: 0.3110 | train_acc: 0.8879 | test_loss: 0.8781 | test_acc: 0.7422 | 
Epoch: 35 | train_loss: 0.3113 | train_acc: 0.8696 | test_loss: 0.8763 | test_acc: 0.7422 | 
Epoch: 36 | train_loss: 0.3269 | train_acc: 0.8664 | test_loss: 0.8626 | test_acc: 0.7383 | 
Epoch: 37 | train_loss: 0.3911 | train_acc: 0.8631 | test_loss: 0.9568 | test_acc: 0.7461 | 
Epoch: 38 | train_loss: 0.3357 | train_acc: 0.8578 | test_loss: 0.8348 | test_acc: 0.7422 | 
Epoch: 39 | train_loss: 0.3448 | train_acc: 0.8772 | test_loss: 0.8290 | test_acc: 0.7695 | 
Epoch: 40 | train_loss: 0.2764 | train_acc: 0.8782 | test_loss: 0.9737 | test_acc: 0.7148 | 
Epoch: 41 | train_loss: 0.2395 | train_acc: 0.9203 | test_loss: 0.8334 | test_acc: 0.7383 | 
Epoch: 42 | train_loss: 0.2179 | train_acc: 0.9203 | test_loss: 0.9155 | test_acc: 0.7539 | 
Epoch: 43 | train_loss: 0.2830 | train_acc: 0.9062 | test_loss: 1.0091 | test_acc: 0.7109 | 
Epoch: 44 | train_loss: 0.1789 | train_acc: 0.9397 | test_loss: 0.9160 | test_acc: 0.7422 | 
Epoch: 45 | train_loss: 0.3141 | train_acc: 0.8836 | test_loss: 0.8919 | test_acc: 0.7188 | 
Epoch: 46 | train_loss: 0.2749 | train_acc: 0.8836 | test_loss: 1.0458 | test_acc: 0.6953 | 
Epoch: 47 | train_loss: 0.3444 | train_acc: 0.8707 | test_loss: 1.1476 | test_acc: 0.6953 | 
Epoch: 48 | train_loss: 0.2452 | train_acc: 0.9256 | test_loss: 0.9955 | test_acc: 0.7188 | 
Epoch: 49 | train_loss: 0.2292 | train_acc: 0.9062 | test_loss: 0.8661 | test_acc: 0.7305 | 
Epoch: 50 | train_loss: 0.2376 | train_acc: 0.9181 | test_loss: 0.7968 | test_acc: 0.7891 | 
⏱️ Total training time: 92.773 seconds
📊 Bands [115, 361, 447] -> Fitness: 0.7891
Dataset initialized with pre-loaded data. Total samples: 897
Band indices for training dataloader: [151, 376, 442]
Dataset initialized with pre-loaded data. Total samples: 226
Band indices for test dataloader: [151, 376, 442]
🔍 Starting evaluation of individual [151, 376, 442]
Epoch: 1 | train_loss: 1.3673 | train_acc: 0.2920 | test_loss: 1.2727 | test_acc: 0.3945 | 
Epoch: 2 | train_loss: 1.2911 | train_acc: 0.3966 | test_loss: 1.2794 | test_acc: 0.4375 | 
Epoch: 3 | train_loss: 1.1945 | train_acc: 0.4957 | test_loss: 1.2104 | test_acc: 0.5078 | 
Epoch: 4 | train_loss: 1.1166 | train_acc: 0.5248 | test_loss: 1.2234 | test_acc: 0.4727 | 
Epoch: 5 | train_loss: 1.0207 | train_acc: 0.5647 | test_loss: 1.1416 | test_acc: 0.4922 | 
Epoch: 6 | train_loss: 1.0336 | train_acc: 0.5776 | test_loss: 1.2035 | test_acc: 0.5195 | 
Epoch: 7 | train_loss: 0.8791 | train_acc: 0.6509 | test_loss: 1.0496 | test_acc: 0.5859 | 
Epoch: 8 | train_loss: 0.8783 | train_acc: 0.6228 | test_loss: 1.1336 | test_acc: 0.5977 | 
Epoch: 9 | train_loss: 0.7733 | train_acc: 0.6918 | test_loss: 1.1711 | test_acc: 0.5742 | 
Epoch: 10 | train_loss: 0.7251 | train_acc: 0.7220 | test_loss: 0.9763 | test_acc: 0.6602 | 
Epoch: 11 | train_loss: 0.7436 | train_acc: 0.6821 | test_loss: 1.0506 | test_acc: 0.6406 | 
Epoch: 12 | train_loss: 0.6665 | train_acc: 0.7188 | test_loss: 0.9564 | test_acc: 0.6484 | 
Epoch: 13 | train_loss: 0.5491 | train_acc: 0.7942 | test_loss: 1.1041 | test_acc: 0.6641 | 
Epoch: 14 | train_loss: 0.5753 | train_acc: 0.7823 | test_loss: 1.0068 | test_acc: 0.6680 | 
Epoch: 15 | train_loss: 0.5797 | train_acc: 0.7845 | test_loss: 0.9012 | test_acc: 0.6680 | 
Epoch: 16 | train_loss: 0.5586 | train_acc: 0.7996 | test_loss: 0.8807 | test_acc: 0.7031 | 
Epoch: 17 | train_loss: 0.6037 | train_acc: 0.7662 | test_loss: 0.9709 | test_acc: 0.6719 | 
Epoch: 18 | train_loss: 0.5351 | train_acc: 0.7726 | test_loss: 0.9228 | test_acc: 0.6953 | 
Epoch: 19 | train_loss: 0.5469 | train_acc: 0.7920 | test_loss: 1.0417 | test_acc: 0.6758 | 
Epoch: 20 | train_loss: 0.5158 | train_acc: 0.8147 | test_loss: 0.9254 | test_acc: 0.7070 | 
Epoch: 21 | train_loss: 0.4661 | train_acc: 0.8028 | test_loss: 0.9825 | test_acc: 0.6914 | 
Epoch: 22 | train_loss: 0.4852 | train_acc: 0.8039 | test_loss: 0.8480 | test_acc: 0.7227 | 
Epoch: 23 | train_loss: 0.4365 | train_acc: 0.8190 | test_loss: 0.9418 | test_acc: 0.6953 | 
Epoch: 24 | train_loss: 0.4072 | train_acc: 0.8524 | test_loss: 0.8615 | test_acc: 0.7148 | 
Epoch: 25 | train_loss: 0.4915 | train_acc: 0.8308 | test_loss: 1.0168 | test_acc: 0.7188 | 
Epoch: 26 | train_loss: 0.4567 | train_acc: 0.8233 | test_loss: 0.9349 | test_acc: 0.7148 | 
Epoch: 27 | train_loss: 0.4522 | train_acc: 0.8297 | test_loss: 1.0146 | test_acc: 0.6914 | 
Epoch: 28 | train_loss: 0.3889 | train_acc: 0.8761 | test_loss: 1.0549 | test_acc: 0.6758 | 
Epoch: 29 | train_loss: 0.3388 | train_acc: 0.8901 | test_loss: 1.0022 | test_acc: 0.7031 | 
Epoch: 30 | train_loss: 0.3497 | train_acc: 0.8761 | test_loss: 1.0061 | test_acc: 0.6836 | 
Epoch: 31 | train_loss: 0.4509 | train_acc: 0.8405 | test_loss: 1.0692 | test_acc: 0.6875 | 
Epoch: 32 | train_loss: 0.3781 | train_acc: 0.8416 | test_loss: 0.8846 | test_acc: 0.7188 | 
Epoch: 33 | train_loss: 0.3501 | train_acc: 0.8869 | test_loss: 1.1043 | test_acc: 0.6680 | 
Epoch: 34 | train_loss: 0.3104 | train_acc: 0.9084 | test_loss: 0.9736 | test_acc: 0.6992 | 
Epoch: 35 | train_loss: 0.2978 | train_acc: 0.8879 | test_loss: 0.9506 | test_acc: 0.7500 | 
Epoch: 36 | train_loss: 0.3072 | train_acc: 0.9019 | test_loss: 0.9467 | test_acc: 0.7109 | 
Epoch: 37 | train_loss: 0.3044 | train_acc: 0.9127 | test_loss: 0.9579 | test_acc: 0.7344 | 
Epoch: 38 | train_loss: 0.3175 | train_acc: 0.8869 | test_loss: 0.8838 | test_acc: 0.7148 | 
Epoch: 39 | train_loss: 0.3428 | train_acc: 0.8642 | test_loss: 0.8570 | test_acc: 0.7148 | 
Epoch: 40 | train_loss: 0.3406 | train_acc: 0.8685 | test_loss: 0.8972 | test_acc: 0.7305 | 
Epoch: 41 | train_loss: 0.3047 | train_acc: 0.8815 | test_loss: 0.8471 | test_acc: 0.7344 | 
Epoch: 42 | train_loss: 0.3268 | train_acc: 0.8750 | test_loss: 0.9437 | test_acc: 0.7539 | 
Epoch: 43 | train_loss: 0.3831 | train_acc: 0.8728 | test_loss: 0.8417 | test_acc: 0.7070 | 
Epoch: 44 | train_loss: 0.2806 | train_acc: 0.8858 | test_loss: 0.8454 | test_acc: 0.7578 | 
Epoch: 45 | train_loss: 0.2430 | train_acc: 0.9246 | test_loss: 1.0537 | test_acc: 0.7148 | 
Epoch: 46 | train_loss: 0.3005 | train_acc: 0.8944 | test_loss: 0.9816 | test_acc: 0.7305 | 
Epoch: 47 | train_loss: 0.2613 | train_acc: 0.8879 | test_loss: 0.9529 | test_acc: 0.7500 | 
Epoch: 48 | train_loss: 0.3010 | train_acc: 0.8750 | test_loss: 0.9649 | test_acc: 0.7461 | 
Epoch: 49 | train_loss: 0.3240 | train_acc: 0.8858 | test_loss: 0.7571 | test_acc: 0.7656 | 
Epoch: 50 | train_loss: 0.2663 | train_acc: 0.8987 | test_loss: 0.9292 | test_acc: 0.7422 | 
⏱️ Total training time: 114.533 seconds
📊 Bands [151, 376, 442] -> Fitness: 0.7422
Dataset initialized with pre-loaded data. Total samples: 897
Band indices for training dataloader: [52, 44, 27]
Dataset initialized with pre-loaded data. Total samples: 226
Band indices for test dataloader: [52, 44, 27]
🔍 Starting evaluation of individual [52, 44, 27]
Epoch: 1 | train_loss: 1.3913 | train_acc: 0.2834 | test_loss: 1.3873 | test_acc: 0.2695 | 
Epoch: 2 | train_loss: 1.3319 | train_acc: 0.3631 | test_loss: 1.3186 | test_acc: 0.3984 | 
Epoch: 3 | train_loss: 1.2790 | train_acc: 0.4030 | test_loss: 1.3647 | test_acc: 0.4688 | 
Epoch: 4 | train_loss: 1.2376 | train_acc: 0.4343 | test_loss: 1.3223 | test_acc: 0.4844 | 
Epoch: 5 | train_loss: 1.1814 | train_acc: 0.4849 | test_loss: 1.2177 | test_acc: 0.4375 | 
Epoch: 6 | train_loss: 1.1208 | train_acc: 0.4978 | test_loss: 1.0983 | test_acc: 0.5742 | 
Epoch: 7 | train_loss: 1.0950 | train_acc: 0.5409 | test_loss: 1.1053 | test_acc: 0.5195 | 
Epoch: 8 | train_loss: 1.0139 | train_acc: 0.5496 | test_loss: 1.2051 | test_acc: 0.3945 | 
Epoch: 9 | train_loss: 1.0390 | train_acc: 0.5442 | test_loss: 1.0916 | test_acc: 0.5469 | 
Epoch: 10 | train_loss: 0.9113 | train_acc: 0.6067 | test_loss: 1.2038 | test_acc: 0.5742 | 
Epoch: 11 | train_loss: 0.9901 | train_acc: 0.5711 | test_loss: 1.0440 | test_acc: 0.5781 | 
Epoch: 12 | train_loss: 0.9139 | train_acc: 0.6325 | test_loss: 1.1672 | test_acc: 0.5703 | 
Epoch: 13 | train_loss: 0.9127 | train_acc: 0.6153 | test_loss: 1.0266 | test_acc: 0.6094 | 
Epoch: 14 | train_loss: 0.8279 | train_acc: 0.6519 | test_loss: 1.0394 | test_acc: 0.6211 | 
Epoch: 15 | train_loss: 0.7800 | train_acc: 0.6800 | test_loss: 1.0542 | test_acc: 0.6406 | 
Epoch: 16 | train_loss: 0.7786 | train_acc: 0.6832 | test_loss: 0.9907 | test_acc: 0.6055 | 
Epoch: 17 | train_loss: 0.7199 | train_acc: 0.7015 | test_loss: 0.8738 | test_acc: 0.6680 | 
Epoch: 18 | train_loss: 0.7588 | train_acc: 0.6961 | test_loss: 0.9953 | test_acc: 0.6406 | 
Epoch: 19 | train_loss: 0.6866 | train_acc: 0.7317 | test_loss: 1.1094 | test_acc: 0.6055 | 
Epoch: 20 | train_loss: 0.6684 | train_acc: 0.7565 | test_loss: 1.1419 | test_acc: 0.6016 | 
Epoch: 21 | train_loss: 0.7229 | train_acc: 0.7317 | test_loss: 1.0224 | test_acc: 0.6133 | 
Epoch: 22 | train_loss: 0.7053 | train_acc: 0.7198 | test_loss: 0.9425 | test_acc: 0.6328 | 
Epoch: 23 | train_loss: 0.6485 | train_acc: 0.7554 | test_loss: 0.9938 | test_acc: 0.6328 | 
Epoch: 24 | train_loss: 0.6142 | train_acc: 0.7575 | test_loss: 0.9299 | test_acc: 0.6406 | 
Epoch: 25 | train_loss: 0.5742 | train_acc: 0.8050 | test_loss: 0.8348 | test_acc: 0.6836 | 
Epoch: 26 | train_loss: 0.5736 | train_acc: 0.7748 | test_loss: 0.8858 | test_acc: 0.6875 | 
Epoch: 27 | train_loss: 0.5763 | train_acc: 0.7899 | test_loss: 0.9660 | test_acc: 0.6758 | 
Epoch: 28 | train_loss: 0.5753 | train_acc: 0.7812 | test_loss: 0.9559 | test_acc: 0.6641 | 
Epoch: 29 | train_loss: 0.5012 | train_acc: 0.7931 | test_loss: 1.0717 | test_acc: 0.6094 | 
Epoch: 30 | train_loss: 0.5168 | train_acc: 0.7812 | test_loss: 1.2217 | test_acc: 0.6289 | 
Epoch: 31 | train_loss: 0.5398 | train_acc: 0.8017 | test_loss: 1.0908 | test_acc: 0.6094 | 
Epoch: 32 | train_loss: 0.4320 | train_acc: 0.8513 | test_loss: 1.0337 | test_acc: 0.6562 | 
Epoch: 33 | train_loss: 0.5448 | train_acc: 0.7942 | test_loss: 0.9791 | test_acc: 0.6836 | 
Epoch: 34 | train_loss: 0.5560 | train_acc: 0.7748 | test_loss: 0.9905 | test_acc: 0.6406 | 
Epoch: 35 | train_loss: 0.4446 | train_acc: 0.8448 | test_loss: 0.9424 | test_acc: 0.7109 | 
Epoch: 36 | train_loss: 0.4129 | train_acc: 0.8265 | test_loss: 1.0275 | test_acc: 0.6719 | 
Epoch: 37 | train_loss: 0.4348 | train_acc: 0.8287 | test_loss: 0.9532 | test_acc: 0.6797 | 
Epoch: 38 | train_loss: 0.5351 | train_acc: 0.7996 | test_loss: 1.1134 | test_acc: 0.6445 | 
Epoch: 39 | train_loss: 0.3941 | train_acc: 0.8653 | test_loss: 0.9988 | test_acc: 0.6758 | 
Epoch: 40 | train_loss: 0.4093 | train_acc: 0.8384 | test_loss: 1.0471 | test_acc: 0.6523 | 
Epoch: 41 | train_loss: 0.3901 | train_acc: 0.8696 | test_loss: 1.1545 | test_acc: 0.6602 | 
Epoch: 42 | train_loss: 0.4113 | train_acc: 0.8502 | test_loss: 1.0798 | test_acc: 0.6445 | 
Epoch: 43 | train_loss: 0.3259 | train_acc: 0.8847 | test_loss: 1.1605 | test_acc: 0.6406 | 
Epoch: 44 | train_loss: 0.4025 | train_acc: 0.8448 | test_loss: 1.1180 | test_acc: 0.6719 | 
Epoch: 45 | train_loss: 0.3931 | train_acc: 0.8297 | test_loss: 1.1147 | test_acc: 0.6484 | 
Epoch: 46 | train_loss: 0.3112 | train_acc: 0.9062 | test_loss: 1.0960 | test_acc: 0.6914 | 
Epoch: 47 | train_loss: 0.3346 | train_acc: 0.8750 | test_loss: 1.2095 | test_acc: 0.5898 | 
Epoch: 48 | train_loss: 0.4026 | train_acc: 0.8513 | test_loss: 0.9684 | test_acc: 0.6719 | 
Epoch: 49 | train_loss: 0.4109 | train_acc: 0.8556 | test_loss: 0.9544 | test_acc: 0.6836 | 
Epoch: 50 | train_loss: 0.3449 | train_acc: 0.8869 | test_loss: 1.0343 | test_acc: 0.6289 | 
⏱️ Total training time: 90.231 seconds
📊 Bands [52, 44, 27] -> Fitness: 0.6289
Dataset initialized with pre-loaded data. Total samples: 897
Band indices for training dataloader: [368, 424, 430]
Dataset initialized with pre-loaded data. Total samples: 226
Band indices for test dataloader: [368, 424, 430]
🔍 Starting evaluation of individual [368, 424, 430]
Epoch: 1 | train_loss: 1.3841 | train_acc: 0.2748 | test_loss: 1.3503 | test_acc: 0.3750 | 
Epoch: 2 | train_loss: 1.3188 | train_acc: 0.3534 | test_loss: 1.3494 | test_acc: 0.3672 | 
Epoch: 3 | train_loss: 1.2120 | train_acc: 0.4440 | test_loss: 1.2685 | test_acc: 0.4414 | 
Epoch: 4 | train_loss: 1.1732 | train_acc: 0.4817 | test_loss: 1.2794 | test_acc: 0.4414 | 
Epoch: 5 | train_loss: 1.0778 | train_acc: 0.5162 | test_loss: 1.3417 | test_acc: 0.4336 | 
Epoch: 6 | train_loss: 1.0764 | train_acc: 0.5442 | test_loss: 1.3176 | test_acc: 0.4453 | 
Epoch: 7 | train_loss: 1.0243 | train_acc: 0.5614 | test_loss: 1.2467 | test_acc: 0.4922 | 
Epoch: 8 | train_loss: 0.9759 | train_acc: 0.5744 | test_loss: 1.1727 | test_acc: 0.5391 | 
Epoch: 9 | train_loss: 0.9175 | train_acc: 0.6153 | test_loss: 1.2588 | test_acc: 0.5312 | 
Epoch: 10 | train_loss: 0.8801 | train_acc: 0.6412 | test_loss: 1.1436 | test_acc: 0.5352 | 
Epoch: 11 | train_loss: 0.8527 | train_acc: 0.6756 | test_loss: 1.1483 | test_acc: 0.5000 | 
Epoch: 12 | train_loss: 0.8160 | train_acc: 0.6821 | test_loss: 1.2190 | test_acc: 0.4883 | 
Epoch: 13 | train_loss: 0.7665 | train_acc: 0.6853 | test_loss: 1.3392 | test_acc: 0.4531 | 
Epoch: 14 | train_loss: 0.6995 | train_acc: 0.7231 | test_loss: 1.1633 | test_acc: 0.5898 | 
Epoch: 15 | train_loss: 0.6635 | train_acc: 0.7457 | test_loss: 1.1546 | test_acc: 0.6016 | 
Epoch: 16 | train_loss: 0.6595 | train_acc: 0.7425 | test_loss: 1.2577 | test_acc: 0.5078 | 
Epoch: 17 | train_loss: 0.6304 | train_acc: 0.7403 | test_loss: 1.0311 | test_acc: 0.5586 | 
Epoch: 18 | train_loss: 0.5803 | train_acc: 0.7748 | test_loss: 1.0000 | test_acc: 0.5977 | 
Epoch: 19 | train_loss: 0.8058 | train_acc: 0.7414 | test_loss: 1.0663 | test_acc: 0.6523 | 
Epoch: 20 | train_loss: 0.6867 | train_acc: 0.7651 | test_loss: 1.2216 | test_acc: 0.5039 | 
Epoch: 21 | train_loss: 0.6154 | train_acc: 0.7748 | test_loss: 1.0338 | test_acc: 0.6016 | 
Epoch: 22 | train_loss: 0.5942 | train_acc: 0.7812 | test_loss: 1.1021 | test_acc: 0.5781 | 
Epoch: 23 | train_loss: 0.5353 | train_acc: 0.7726 | test_loss: 1.1051 | test_acc: 0.5859 | 
Epoch: 24 | train_loss: 0.5350 | train_acc: 0.7974 | test_loss: 1.2038 | test_acc: 0.6133 | 
Epoch: 25 | train_loss: 0.5141 | train_acc: 0.8082 | test_loss: 1.0463 | test_acc: 0.6445 | 
Epoch: 26 | train_loss: 0.4842 | train_acc: 0.8136 | test_loss: 1.2030 | test_acc: 0.5586 | 
Epoch: 27 | train_loss: 0.5686 | train_acc: 0.8028 | test_loss: 1.1820 | test_acc: 0.5820 | 
Epoch: 28 | train_loss: 0.5519 | train_acc: 0.7780 | test_loss: 1.0998 | test_acc: 0.6523 | 
Epoch: 29 | train_loss: 0.4717 | train_acc: 0.8438 | test_loss: 1.1614 | test_acc: 0.5547 | 
Epoch: 30 | train_loss: 0.4604 | train_acc: 0.8308 | test_loss: 1.2375 | test_acc: 0.5195 | 
Epoch: 31 | train_loss: 0.5068 | train_acc: 0.7996 | test_loss: 1.0921 | test_acc: 0.6094 | 
Epoch: 32 | train_loss: 0.4319 | train_acc: 0.8254 | test_loss: 0.9735 | test_acc: 0.6914 | 
Epoch: 33 | train_loss: 0.4246 | train_acc: 0.8233 | test_loss: 1.1086 | test_acc: 0.6406 | 
Epoch: 34 | train_loss: 0.4501 | train_acc: 0.8330 | test_loss: 1.0759 | test_acc: 0.5859 | 
Epoch: 35 | train_loss: 0.4066 | train_acc: 0.8631 | test_loss: 1.1171 | test_acc: 0.5898 | 
Epoch: 36 | train_loss: 0.4068 | train_acc: 0.8642 | test_loss: 1.2477 | test_acc: 0.5859 | 
Epoch: 37 | train_loss: 0.4399 | train_acc: 0.8254 | test_loss: 1.0639 | test_acc: 0.6680 | 
Epoch: 38 | train_loss: 0.4688 | train_acc: 0.8276 | test_loss: 1.1419 | test_acc: 0.6445 | 
Epoch: 39 | train_loss: 0.4578 | train_acc: 0.8233 | test_loss: 1.0086 | test_acc: 0.6328 | 
Epoch: 40 | train_loss: 0.4360 | train_acc: 0.8373 | test_loss: 0.9807 | test_acc: 0.6602 | 
Epoch: 41 | train_loss: 0.3777 | train_acc: 0.8254 | test_loss: 1.0266 | test_acc: 0.6875 | 
Epoch: 42 | train_loss: 0.4136 | train_acc: 0.8481 | test_loss: 1.1322 | test_acc: 0.6680 | 
Epoch: 43 | train_loss: 0.3137 | train_acc: 0.8955 | test_loss: 1.1178 | test_acc: 0.6680 | 
Epoch: 44 | train_loss: 0.2797 | train_acc: 0.8944 | test_loss: 1.1655 | test_acc: 0.6484 | 
Epoch: 45 | train_loss: 0.2773 | train_acc: 0.9159 | test_loss: 1.2197 | test_acc: 0.6484 | 
Epoch: 46 | train_loss: 0.3133 | train_acc: 0.8728 | test_loss: 1.2670 | test_acc: 0.6641 | 
Epoch: 47 | train_loss: 0.3453 | train_acc: 0.8438 | test_loss: 1.1002 | test_acc: 0.6758 | 
Epoch: 48 | train_loss: 0.3211 | train_acc: 0.8728 | test_loss: 1.0241 | test_acc: 0.6719 | 
Epoch: 49 | train_loss: 0.2399 | train_acc: 0.9181 | test_loss: 1.3508 | test_acc: 0.6484 | 
Epoch: 50 | train_loss: 0.3679 | train_acc: 0.8750 | test_loss: 1.2001 | test_acc: 0.6484 | 
⏱️ Total training time: 83.408 seconds
📊 Bands [368, 424, 430] -> Fitness: 0.6484
Dataset initialized with pre-loaded data. Total samples: 897
Band indices for training dataloader: [258, 378, 77]
Dataset initialized with pre-loaded data. Total samples: 226
Band indices for test dataloader: [258, 378, 77]
🔍 Starting evaluation of individual [258, 378, 77]
Epoch: 1 | train_loss: 1.3620 | train_acc: 0.3017 | test_loss: 1.2668 | test_acc: 0.4102 | 
Epoch: 2 | train_loss: 1.2717 | train_acc: 0.4235 | test_loss: 1.2005 | test_acc: 0.4219 | 
Epoch: 3 | train_loss: 1.1763 | train_acc: 0.4698 | test_loss: 1.1516 | test_acc: 0.4648 | 
Epoch: 4 | train_loss: 1.0947 | train_acc: 0.5291 | test_loss: 1.2438 | test_acc: 0.4609 | 
Epoch: 5 | train_loss: 1.0356 | train_acc: 0.5528 | test_loss: 1.2785 | test_acc: 0.5234 | 
Epoch: 6 | train_loss: 0.9930 | train_acc: 0.5938 | test_loss: 1.1229 | test_acc: 0.5430 | 
Epoch: 7 | train_loss: 0.9008 | train_acc: 0.6358 | test_loss: 1.2238 | test_acc: 0.5000 | 
Epoch: 8 | train_loss: 0.8977 | train_acc: 0.6121 | test_loss: 1.0683 | test_acc: 0.5664 | 
Epoch: 9 | train_loss: 0.7815 | train_acc: 0.6983 | test_loss: 1.1527 | test_acc: 0.5469 | 
Epoch: 10 | train_loss: 0.8239 | train_acc: 0.6929 | test_loss: 1.1085 | test_acc: 0.5664 | 
Epoch: 11 | train_loss: 0.7582 | train_acc: 0.6961 | test_loss: 1.1413 | test_acc: 0.5469 | 
Epoch: 12 | train_loss: 0.7624 | train_acc: 0.7166 | test_loss: 1.0291 | test_acc: 0.5898 | 
Epoch: 13 | train_loss: 0.5853 | train_acc: 0.7823 | test_loss: 1.1889 | test_acc: 0.5625 | 
Epoch: 14 | train_loss: 0.6177 | train_acc: 0.7575 | test_loss: 1.0678 | test_acc: 0.5820 | 
Epoch: 15 | train_loss: 0.5450 | train_acc: 0.7791 | test_loss: 1.1155 | test_acc: 0.6016 | 
Epoch: 16 | train_loss: 0.6565 | train_acc: 0.7619 | test_loss: 0.9330 | test_acc: 0.6758 | 
Epoch: 17 | train_loss: 0.5627 | train_acc: 0.7694 | test_loss: 1.0206 | test_acc: 0.6211 | 
Epoch: 18 | train_loss: 0.5991 | train_acc: 0.7619 | test_loss: 1.0213 | test_acc: 0.6641 | 
Epoch: 19 | train_loss: 0.5867 | train_acc: 0.7737 | test_loss: 1.2202 | test_acc: 0.6172 | 
Epoch: 20 | train_loss: 0.5585 | train_acc: 0.7812 | test_loss: 1.0943 | test_acc: 0.6172 | 
Epoch: 21 | train_loss: 0.4320 | train_acc: 0.8416 | test_loss: 1.1699 | test_acc: 0.6250 | 
Epoch: 22 | train_loss: 0.5006 | train_acc: 0.7985 | test_loss: 1.0170 | test_acc: 0.6484 | 
Epoch: 23 | train_loss: 0.4640 | train_acc: 0.8233 | test_loss: 1.0599 | test_acc: 0.6797 | 
Epoch: 24 | train_loss: 0.4823 | train_acc: 0.8071 | test_loss: 1.1081 | test_acc: 0.6055 | 
Epoch: 25 | train_loss: 0.4722 | train_acc: 0.8330 | test_loss: 1.0472 | test_acc: 0.6875 | 
Epoch: 26 | train_loss: 0.4207 | train_acc: 0.8438 | test_loss: 0.8099 | test_acc: 0.7188 | 
Epoch: 27 | train_loss: 0.4090 | train_acc: 0.8384 | test_loss: 0.8963 | test_acc: 0.7305 | 
Epoch: 28 | train_loss: 0.3485 | train_acc: 0.8696 | test_loss: 1.0619 | test_acc: 0.6797 | 
Epoch: 29 | train_loss: 0.3488 | train_acc: 0.8631 | test_loss: 0.8562 | test_acc: 0.7070 | 
Epoch: 30 | train_loss: 0.3358 | train_acc: 0.8631 | test_loss: 1.0517 | test_acc: 0.6680 | 
Epoch: 31 | train_loss: 0.2963 | train_acc: 0.9009 | test_loss: 0.9287 | test_acc: 0.6523 | 
Epoch: 32 | train_loss: 0.3361 | train_acc: 0.8599 | test_loss: 1.2409 | test_acc: 0.6406 | 
Epoch: 33 | train_loss: 0.3549 | train_acc: 0.8545 | test_loss: 1.1224 | test_acc: 0.6250 | 
Epoch: 34 | train_loss: 0.3756 | train_acc: 0.8599 | test_loss: 0.9900 | test_acc: 0.6523 | 
Epoch: 35 | train_loss: 0.3568 | train_acc: 0.8631 | test_loss: 1.0796 | test_acc: 0.6562 | 
Epoch: 36 | train_loss: 0.3820 | train_acc: 0.8664 | test_loss: 0.9421 | test_acc: 0.6953 | 
Epoch: 37 | train_loss: 0.2616 | train_acc: 0.9224 | test_loss: 0.9268 | test_acc: 0.7188 | 
Epoch: 38 | train_loss: 0.3030 | train_acc: 0.8858 | test_loss: 1.0260 | test_acc: 0.7305 | 
Epoch: 39 | train_loss: 0.3843 | train_acc: 0.8470 | test_loss: 0.9955 | test_acc: 0.6680 | 
Epoch: 40 | train_loss: 0.3481 | train_acc: 0.8675 | test_loss: 1.2116 | test_acc: 0.6523 | 
Epoch: 41 | train_loss: 0.3318 | train_acc: 0.8836 | test_loss: 1.0145 | test_acc: 0.6992 | 
Epoch: 42 | train_loss: 0.3278 | train_acc: 0.8836 | test_loss: 0.9365 | test_acc: 0.7109 | 
Epoch: 43 | train_loss: 0.3020 | train_acc: 0.8707 | test_loss: 0.8510 | test_acc: 0.6953 | 
Epoch: 44 | train_loss: 0.3467 | train_acc: 0.8696 | test_loss: 0.8846 | test_acc: 0.7109 | 
Epoch: 45 | train_loss: 0.2784 | train_acc: 0.9073 | test_loss: 0.9590 | test_acc: 0.6602 | 
Epoch: 46 | train_loss: 0.2349 | train_acc: 0.9256 | test_loss: 0.9115 | test_acc: 0.7148 | 
Epoch: 47 | train_loss: 0.2635 | train_acc: 0.8955 | test_loss: 1.0308 | test_acc: 0.7227 | 
Epoch: 48 | train_loss: 0.3477 | train_acc: 0.8718 | test_loss: 1.1007 | test_acc: 0.7188 | 
Epoch: 49 | train_loss: 0.3316 | train_acc: 0.8793 | test_loss: 0.8171 | test_acc: 0.7500 | 
Epoch: 50 | train_loss: 0.2867 | train_acc: 0.8847 | test_loss: 0.8469 | test_acc: 0.7031 | 
⏱️ Total training time: 89.735 seconds
📊 Bands [258, 378, 77] -> Fitness: 0.7031
Dataset initialized with pre-loaded data. Total samples: 897
Band indices for training dataloader: [243, 52, 164]
Dataset initialized with pre-loaded data. Total samples: 226
Band indices for test dataloader: [243, 52, 164]
🔍 Starting evaluation of individual [243, 52, 164]
Epoch: 1 | train_loss: 1.3567 | train_acc: 0.3179 | test_loss: 1.3377 | test_acc: 0.3945 | 
Epoch: 2 | train_loss: 1.2692 | train_acc: 0.4041 | test_loss: 1.2139 | test_acc: 0.4922 | 
Epoch: 3 | train_loss: 1.1350 | train_acc: 0.5194 | test_loss: 1.3200 | test_acc: 0.4961 | 
Epoch: 4 | train_loss: 1.1350 | train_acc: 0.5356 | test_loss: 1.1150 | test_acc: 0.5312 | 
Epoch: 5 | train_loss: 0.9744 | train_acc: 0.6088 | test_loss: 1.0604 | test_acc: 0.5469 | 
Epoch: 6 | train_loss: 0.8955 | train_acc: 0.6358 | test_loss: 1.1212 | test_acc: 0.4727 | 
Epoch: 7 | train_loss: 0.8896 | train_acc: 0.6358 | test_loss: 1.1353 | test_acc: 0.4453 | 
Epoch: 8 | train_loss: 0.7905 | train_acc: 0.6886 | test_loss: 0.9591 | test_acc: 0.5938 | 
Epoch: 9 | train_loss: 0.7330 | train_acc: 0.7349 | test_loss: 1.0725 | test_acc: 0.5195 | 
Epoch: 10 | train_loss: 0.6857 | train_acc: 0.7381 | test_loss: 0.9346 | test_acc: 0.6758 | 
Epoch: 11 | train_loss: 0.6486 | train_acc: 0.7651 | test_loss: 1.0470 | test_acc: 0.6094 | 
Epoch: 12 | train_loss: 0.5190 | train_acc: 0.8093 | test_loss: 1.0488 | test_acc: 0.6328 | 
Epoch: 13 | train_loss: 0.5724 | train_acc: 0.7478 | test_loss: 1.0039 | test_acc: 0.6367 | 
Epoch: 14 | train_loss: 0.5612 | train_acc: 0.7737 | test_loss: 0.9911 | test_acc: 0.6289 | 
Epoch: 15 | train_loss: 0.5415 | train_acc: 0.7866 | test_loss: 0.7888 | test_acc: 0.7188 | 
Epoch: 16 | train_loss: 0.5410 | train_acc: 0.7942 | test_loss: 0.8931 | test_acc: 0.6602 | 
Epoch: 17 | train_loss: 0.5555 | train_acc: 0.7834 | test_loss: 0.8795 | test_acc: 0.7188 | 
Epoch: 18 | train_loss: 0.4593 | train_acc: 0.8459 | test_loss: 0.9267 | test_acc: 0.7070 | 
Epoch: 19 | train_loss: 0.5226 | train_acc: 0.8017 | test_loss: 0.8579 | test_acc: 0.7500 | 
Epoch: 20 | train_loss: 0.3861 | train_acc: 0.8750 | test_loss: 0.8147 | test_acc: 0.7617 | 
Epoch: 21 | train_loss: 0.5150 | train_acc: 0.8341 | test_loss: 0.9439 | test_acc: 0.6992 | 
Epoch: 22 | train_loss: 0.3419 | train_acc: 0.8815 | test_loss: 0.8395 | test_acc: 0.7578 | 
Epoch: 23 | train_loss: 0.3785 | train_acc: 0.8556 | test_loss: 0.8452 | test_acc: 0.7305 | 
Epoch: 24 | train_loss: 0.3700 | train_acc: 0.8621 | test_loss: 0.9493 | test_acc: 0.6602 | 
Epoch: 25 | train_loss: 0.4564 | train_acc: 0.8308 | test_loss: 0.9687 | test_acc: 0.7188 | 
Epoch: 26 | train_loss: 0.3584 | train_acc: 0.8944 | test_loss: 0.8180 | test_acc: 0.7383 | 
Epoch: 27 | train_loss: 0.3308 | train_acc: 0.8869 | test_loss: 0.7810 | test_acc: 0.6914 | 
Epoch: 28 | train_loss: 0.3768 | train_acc: 0.8642 | test_loss: 0.8974 | test_acc: 0.7070 | 
Epoch: 29 | train_loss: 0.3568 | train_acc: 0.8825 | test_loss: 1.0123 | test_acc: 0.6602 | 
Epoch: 30 | train_loss: 0.3694 | train_acc: 0.8696 | test_loss: 0.8264 | test_acc: 0.7617 | 
Epoch: 31 | train_loss: 0.2617 | train_acc: 0.9116 | test_loss: 0.9425 | test_acc: 0.7422 | 
Epoch: 32 | train_loss: 0.2366 | train_acc: 0.9289 | test_loss: 1.0196 | test_acc: 0.6797 | 
Epoch: 33 | train_loss: 0.3829 | train_acc: 0.8631 | test_loss: 0.9833 | test_acc: 0.6797 | 
Epoch: 34 | train_loss: 0.3696 | train_acc: 0.8524 | test_loss: 0.8015 | test_acc: 0.6875 | 
Epoch: 35 | train_loss: 0.3206 | train_acc: 0.8685 | test_loss: 0.8889 | test_acc: 0.7461 | 
Epoch: 36 | train_loss: 0.2744 | train_acc: 0.9159 | test_loss: 1.0976 | test_acc: 0.6523 | 
Epoch: 37 | train_loss: 0.2714 | train_acc: 0.9084 | test_loss: 0.9472 | test_acc: 0.6836 | 
Epoch: 38 | train_loss: 0.2935 | train_acc: 0.8912 | test_loss: 0.8673 | test_acc: 0.6836 | 
Epoch: 39 | train_loss: 0.2382 | train_acc: 0.9181 | test_loss: 0.8265 | test_acc: 0.7188 | 
Epoch: 40 | train_loss: 0.2607 | train_acc: 0.9073 | test_loss: 0.7937 | test_acc: 0.8008 | 
Epoch: 41 | train_loss: 0.2916 | train_acc: 0.8836 | test_loss: 0.9088 | test_acc: 0.7578 | 
Epoch: 42 | train_loss: 0.2866 | train_acc: 0.8869 | test_loss: 0.7515 | test_acc: 0.7891 | 
Epoch: 43 | train_loss: 0.2172 | train_acc: 0.9267 | test_loss: 0.8881 | test_acc: 0.7148 | 
Epoch: 44 | train_loss: 0.2343 | train_acc: 0.9052 | test_loss: 0.9096 | test_acc: 0.7852 | 
Epoch: 45 | train_loss: 0.2678 | train_acc: 0.8976 | test_loss: 0.8763 | test_acc: 0.7773 | 
Epoch: 46 | train_loss: 0.2255 | train_acc: 0.9106 | test_loss: 1.0200 | test_acc: 0.6758 | 
Epoch: 47 | train_loss: 0.2571 | train_acc: 0.9041 | test_loss: 0.9254 | test_acc: 0.7461 | 
Epoch: 48 | train_loss: 0.2026 | train_acc: 0.9310 | test_loss: 0.8091 | test_acc: 0.7812 | 
Epoch: 49 | train_loss: 0.2011 | train_acc: 0.9106 | test_loss: 0.8355 | test_acc: 0.7695 | 
Epoch: 50 | train_loss: 0.2123 | train_acc: 0.9030 | test_loss: 0.9256 | test_acc: 0.7461 | 
⏱️ Total training time: 98.762 seconds
📊 Bands [243, 52, 164] -> Fitness: 0.7461
Dataset initialized with pre-loaded data. Total samples: 897
Band indices for training dataloader: [235, 300, 360]
Dataset initialized with pre-loaded data. Total samples: 226
Band indices for test dataloader: [235, 300, 360]
🔍 Starting evaluation of individual [235, 300, 360]
Epoch: 1 | train_loss: 1.3761 | train_acc: 0.2856 | test_loss: 1.3238 | test_acc: 0.4219 | 
Epoch: 2 | train_loss: 1.2046 | train_acc: 0.4741 | test_loss: 1.2149 | test_acc: 0.5312 | 
Epoch: 3 | train_loss: 1.1488 | train_acc: 0.4946 | test_loss: 1.0500 | test_acc: 0.6211 | 
Epoch: 4 | train_loss: 1.0489 | train_acc: 0.5744 | test_loss: 1.1638 | test_acc: 0.4922 | 
Epoch: 5 | train_loss: 0.9517 | train_acc: 0.6250 | test_loss: 1.1423 | test_acc: 0.5234 | 
Epoch: 6 | train_loss: 0.9226 | train_acc: 0.6131 | test_loss: 1.0114 | test_acc: 0.6133 | 
Epoch: 7 | train_loss: 0.8658 | train_acc: 0.6422 | test_loss: 1.1693 | test_acc: 0.5898 | 
Epoch: 8 | train_loss: 0.7777 | train_acc: 0.6983 | test_loss: 1.0637 | test_acc: 0.5625 | 
Epoch: 9 | train_loss: 0.8523 | train_acc: 0.6810 | test_loss: 0.9620 | test_acc: 0.5977 | 
Epoch: 10 | train_loss: 0.7337 | train_acc: 0.7069 | test_loss: 1.0604 | test_acc: 0.5742 | 
Epoch: 11 | train_loss: 0.7805 | train_acc: 0.6940 | test_loss: 0.9620 | test_acc: 0.6328 | 
Epoch: 12 | train_loss: 0.6410 | train_acc: 0.7683 | test_loss: 1.1731 | test_acc: 0.6211 | 
Epoch: 13 | train_loss: 0.6087 | train_acc: 0.7812 | test_loss: 1.0964 | test_acc: 0.6289 | 
Epoch: 14 | train_loss: 0.6512 | train_acc: 0.7705 | test_loss: 0.9857 | test_acc: 0.6445 | 
Epoch: 15 | train_loss: 0.6126 | train_acc: 0.7554 | test_loss: 0.9764 | test_acc: 0.6094 | 
Epoch: 16 | train_loss: 0.5778 | train_acc: 0.7909 | test_loss: 0.9666 | test_acc: 0.6719 | 
Epoch: 17 | train_loss: 0.5898 | train_acc: 0.7726 | test_loss: 0.9649 | test_acc: 0.6602 | 
Epoch: 18 | train_loss: 0.5007 | train_acc: 0.8211 | test_loss: 0.9974 | test_acc: 0.6250 | 
Epoch: 19 | train_loss: 0.5102 | train_acc: 0.7812 | test_loss: 1.1339 | test_acc: 0.6055 | 
Epoch: 20 | train_loss: 0.4751 | train_acc: 0.8200 | test_loss: 0.7457 | test_acc: 0.7344 | 
Epoch: 21 | train_loss: 0.5531 | train_acc: 0.8028 | test_loss: 0.9366 | test_acc: 0.6914 | 
Epoch: 22 | train_loss: 0.4020 | train_acc: 0.8653 | test_loss: 0.8253 | test_acc: 0.7109 | 
Epoch: 23 | train_loss: 0.4324 | train_acc: 0.8222 | test_loss: 0.9550 | test_acc: 0.6172 | 
Epoch: 24 | train_loss: 0.4366 | train_acc: 0.8427 | test_loss: 0.8729 | test_acc: 0.7227 | 
Epoch: 25 | train_loss: 0.4024 | train_acc: 0.8534 | test_loss: 0.8398 | test_acc: 0.7148 | 
Epoch: 26 | train_loss: 0.3498 | train_acc: 0.8804 | test_loss: 0.8905 | test_acc: 0.6992 | 
Epoch: 27 | train_loss: 0.3514 | train_acc: 0.8481 | test_loss: 0.8422 | test_acc: 0.7148 | 
Epoch: 28 | train_loss: 0.4309 | train_acc: 0.8362 | test_loss: 0.8280 | test_acc: 0.7344 | 
Epoch: 29 | train_loss: 0.3835 | train_acc: 0.8524 | test_loss: 0.8431 | test_acc: 0.7383 | 
Epoch: 30 | train_loss: 0.3361 | train_acc: 0.8804 | test_loss: 0.8508 | test_acc: 0.7539 | 
Epoch: 31 | train_loss: 0.3213 | train_acc: 0.8793 | test_loss: 0.9666 | test_acc: 0.7070 | 
Epoch: 32 | train_loss: 0.3367 | train_acc: 0.8685 | test_loss: 0.9579 | test_acc: 0.7188 | 
Epoch: 33 | train_loss: 0.3339 | train_acc: 0.8481 | test_loss: 0.9478 | test_acc: 0.6758 | 
Epoch: 34 | train_loss: 0.3070 | train_acc: 0.8793 | test_loss: 0.8866 | test_acc: 0.7422 | 
Epoch: 35 | train_loss: 0.2806 | train_acc: 0.8772 | test_loss: 0.9358 | test_acc: 0.7500 | 
Epoch: 36 | train_loss: 0.2764 | train_acc: 0.8998 | test_loss: 0.9608 | test_acc: 0.7188 | 
Epoch: 37 | train_loss: 0.2705 | train_acc: 0.8750 | test_loss: 0.9394 | test_acc: 0.7500 | 
Epoch: 38 | train_loss: 0.3309 | train_acc: 0.8610 | test_loss: 0.8823 | test_acc: 0.7383 | 
Epoch: 39 | train_loss: 0.3273 | train_acc: 0.8750 | test_loss: 1.0193 | test_acc: 0.7109 | 
Epoch: 40 | train_loss: 0.2859 | train_acc: 0.8890 | test_loss: 0.8545 | test_acc: 0.7422 | 
Epoch: 41 | train_loss: 0.2170 | train_acc: 0.9300 | test_loss: 0.9087 | test_acc: 0.7266 | 
Epoch: 42 | train_loss: 0.2840 | train_acc: 0.8793 | test_loss: 0.9396 | test_acc: 0.7305 | 
Epoch: 43 | train_loss: 0.2537 | train_acc: 0.9062 | test_loss: 0.8515 | test_acc: 0.7539 | 
Epoch: 44 | train_loss: 0.2746 | train_acc: 0.9019 | test_loss: 0.9332 | test_acc: 0.7500 | 
Epoch: 45 | train_loss: 0.2877 | train_acc: 0.8825 | test_loss: 0.8196 | test_acc: 0.7461 | 
Epoch: 46 | train_loss: 0.2108 | train_acc: 0.9095 | test_loss: 0.8102 | test_acc: 0.7383 | 
Epoch: 47 | train_loss: 0.1988 | train_acc: 0.9106 | test_loss: 1.1429 | test_acc: 0.7148 | 
Epoch: 48 | train_loss: 0.2337 | train_acc: 0.9256 | test_loss: 0.9075 | test_acc: 0.7461 | 
Epoch: 49 | train_loss: 0.1822 | train_acc: 0.9386 | test_loss: 0.8454 | test_acc: 0.7500 | 
Epoch: 50 | train_loss: 0.2064 | train_acc: 0.9353 | test_loss: 0.8013 | test_acc: 0.7656 | 
⏱️ Total training time: 100.902 seconds
📊 Bands [235, 300, 360] -> Fitness: 0.7656
Dataset initialized with pre-loaded data. Total samples: 897
Band indices for training dataloader: [254, 255, 383]
Dataset initialized with pre-loaded data. Total samples: 226
Band indices for test dataloader: [254, 255, 383]
🔍 Starting evaluation of individual [254, 255, 383]
Epoch: 1 | train_loss: 1.3563 | train_acc: 0.3394 | test_loss: 1.3911 | test_acc: 0.2852 | 
Epoch: 2 | train_loss: 1.2537 | train_acc: 0.4062 | test_loss: 1.2850 | test_acc: 0.4648 | 
Epoch: 3 | train_loss: 1.1836 | train_acc: 0.4784 | test_loss: 1.2589 | test_acc: 0.4102 | 
Epoch: 4 | train_loss: 1.0938 | train_acc: 0.5302 | test_loss: 1.1099 | test_acc: 0.4727 | 
Epoch: 5 | train_loss: 1.0435 | train_acc: 0.5647 | test_loss: 1.2116 | test_acc: 0.4883 | 
Epoch: 6 | train_loss: 0.9666 | train_acc: 0.5927 | test_loss: 1.3622 | test_acc: 0.5352 | 
Epoch: 7 | train_loss: 0.8995 | train_acc: 0.6293 | test_loss: 1.1380 | test_acc: 0.5469 | 
Epoch: 8 | train_loss: 0.8374 | train_acc: 0.6789 | test_loss: 1.1681 | test_acc: 0.5781 | 
Epoch: 9 | train_loss: 0.7824 | train_acc: 0.6767 | test_loss: 1.1962 | test_acc: 0.5586 | 
Epoch: 10 | train_loss: 0.7522 | train_acc: 0.7209 | test_loss: 1.0518 | test_acc: 0.6367 | 
Epoch: 11 | train_loss: 0.7595 | train_acc: 0.7026 | test_loss: 1.0098 | test_acc: 0.6406 | 
Epoch: 12 | train_loss: 0.6519 | train_acc: 0.7328 | test_loss: 1.2161 | test_acc: 0.5352 | 
Epoch: 13 | train_loss: 0.6478 | train_acc: 0.7457 | test_loss: 1.1073 | test_acc: 0.6367 | 
Epoch: 14 | train_loss: 0.5911 | train_acc: 0.7705 | test_loss: 1.0887 | test_acc: 0.6289 | 
Epoch: 15 | train_loss: 0.5699 | train_acc: 0.7597 | test_loss: 1.0100 | test_acc: 0.6055 | 
Epoch: 16 | train_loss: 0.5637 | train_acc: 0.7920 | test_loss: 1.0618 | test_acc: 0.6367 | 
Epoch: 17 | train_loss: 0.4977 | train_acc: 0.8351 | test_loss: 0.9602 | test_acc: 0.7031 | 
Epoch: 18 | train_loss: 0.5524 | train_acc: 0.7845 | test_loss: 1.0346 | test_acc: 0.6055 | 
Epoch: 19 | train_loss: 0.5071 | train_acc: 0.7953 | test_loss: 0.9699 | test_acc: 0.6680 | 
Epoch: 20 | train_loss: 0.4486 | train_acc: 0.8459 | test_loss: 0.9144 | test_acc: 0.6992 | 
Epoch: 21 | train_loss: 0.4153 | train_acc: 0.8513 | test_loss: 0.9816 | test_acc: 0.6484 | 
Epoch: 22 | train_loss: 0.4891 | train_acc: 0.8319 | test_loss: 1.1299 | test_acc: 0.6406 | 
Epoch: 23 | train_loss: 0.4497 | train_acc: 0.8179 | test_loss: 1.0662 | test_acc: 0.6172 | 
Epoch: 24 | train_loss: 0.4801 | train_acc: 0.8157 | test_loss: 0.9739 | test_acc: 0.6914 | 
Epoch: 25 | train_loss: 0.3788 | train_acc: 0.8804 | test_loss: 0.9053 | test_acc: 0.6719 | 
Epoch: 26 | train_loss: 0.3553 | train_acc: 0.8438 | test_loss: 0.8080 | test_acc: 0.7109 | 
Epoch: 27 | train_loss: 0.3302 | train_acc: 0.8718 | test_loss: 1.0156 | test_acc: 0.6914 | 
Epoch: 28 | train_loss: 0.3302 | train_acc: 0.8933 | test_loss: 0.9173 | test_acc: 0.6562 | 
Epoch: 29 | train_loss: 0.3129 | train_acc: 0.8793 | test_loss: 0.9539 | test_acc: 0.6914 | 
Epoch: 30 | train_loss: 0.3592 | train_acc: 0.8815 | test_loss: 0.9063 | test_acc: 0.6914 | 
Epoch: 31 | train_loss: 0.3063 | train_acc: 0.9019 | test_loss: 1.0572 | test_acc: 0.6797 | 
Epoch: 32 | train_loss: 0.3647 | train_acc: 0.8879 | test_loss: 0.8558 | test_acc: 0.7148 | 
Epoch: 33 | train_loss: 0.2888 | train_acc: 0.8976 | test_loss: 0.8169 | test_acc: 0.7461 | 
Epoch: 34 | train_loss: 0.2906 | train_acc: 0.8858 | test_loss: 0.9379 | test_acc: 0.7148 | 
Epoch: 35 | train_loss: 0.3300 | train_acc: 0.8901 | test_loss: 1.0025 | test_acc: 0.6836 | 
Epoch: 36 | train_loss: 0.3553 | train_acc: 0.8793 | test_loss: 1.0113 | test_acc: 0.7188 | 
Epoch: 37 | train_loss: 0.3114 | train_acc: 0.8696 | test_loss: 0.8752 | test_acc: 0.6758 | 
Epoch: 38 | train_loss: 0.2872 | train_acc: 0.8804 | test_loss: 0.9290 | test_acc: 0.6914 | 
Epoch: 39 | train_loss: 0.3267 | train_acc: 0.8782 | test_loss: 0.8840 | test_acc: 0.7031 | 
Epoch: 40 | train_loss: 0.2746 | train_acc: 0.8804 | test_loss: 0.9160 | test_acc: 0.7266 | 
Epoch: 41 | train_loss: 0.2690 | train_acc: 0.9192 | test_loss: 0.8777 | test_acc: 0.7266 | 
Epoch: 42 | train_loss: 0.3461 | train_acc: 0.8718 | test_loss: 0.8733 | test_acc: 0.7422 | 
Epoch: 43 | train_loss: 0.3013 | train_acc: 0.8836 | test_loss: 0.8894 | test_acc: 0.7344 | 
Epoch: 44 | train_loss: 0.3034 | train_acc: 0.8836 | test_loss: 1.0433 | test_acc: 0.6992 | 
Epoch: 45 | train_loss: 0.3531 | train_acc: 0.8728 | test_loss: 0.8250 | test_acc: 0.7109 | 
Epoch: 46 | train_loss: 0.3017 | train_acc: 0.8739 | test_loss: 0.8093 | test_acc: 0.7344 | 
Epoch: 47 | train_loss: 0.2613 | train_acc: 0.9019 | test_loss: 0.9897 | test_acc: 0.7148 | 
Epoch: 48 | train_loss: 0.2407 | train_acc: 0.9009 | test_loss: 0.9911 | test_acc: 0.7305 | 
Epoch: 49 | train_loss: 0.3130 | train_acc: 0.8922 | test_loss: 0.8273 | test_acc: 0.7422 | 
Epoch: 50 | train_loss: 0.2510 | train_acc: 0.9009 | test_loss: 0.9100 | test_acc: 0.7500 | 
⏱️ Total training time: 91.394 seconds
📊 Bands [254, 255, 383] -> Fitness: 0.7500
Dataset initialized with pre-loaded data. Total samples: 897
Band indices for training dataloader: [84, 430, 403]
Dataset initialized with pre-loaded data. Total samples: 226
Band indices for test dataloader: [84, 430, 403]
🔍 Starting evaluation of individual [84, 430, 403]
Epoch: 1 | train_loss: 1.3800 | train_acc: 0.3341 | test_loss: 1.3562 | test_acc: 0.3203 | 
Epoch: 2 | train_loss: 1.2943 | train_acc: 0.3976 | test_loss: 1.3128 | test_acc: 0.4844 | 
Epoch: 3 | train_loss: 1.2252 | train_acc: 0.4634 | test_loss: 1.3112 | test_acc: 0.3594 | 
Epoch: 4 | train_loss: 1.1389 | train_acc: 0.5054 | test_loss: 1.6027 | test_acc: 0.3945 | 
Epoch: 5 | train_loss: 1.0476 | train_acc: 0.5668 | test_loss: 1.2828 | test_acc: 0.4648 | 
Epoch: 6 | train_loss: 1.0124 | train_acc: 0.5776 | test_loss: 1.1434 | test_acc: 0.5273 | 
Epoch: 7 | train_loss: 0.9350 | train_acc: 0.5981 | test_loss: 1.1563 | test_acc: 0.5391 | 
Epoch: 8 | train_loss: 0.9242 | train_acc: 0.6228 | test_loss: 1.1030 | test_acc: 0.5781 | 
Epoch: 9 | train_loss: 0.8439 | train_acc: 0.6315 | test_loss: 1.2201 | test_acc: 0.4961 | 
Epoch: 10 | train_loss: 0.8174 | train_acc: 0.6681 | test_loss: 1.1447 | test_acc: 0.5156 | 
Epoch: 11 | train_loss: 0.8514 | train_acc: 0.6401 | test_loss: 1.0241 | test_acc: 0.5938 | 
Epoch: 12 | train_loss: 0.7350 | train_acc: 0.7295 | test_loss: 1.0970 | test_acc: 0.5547 | 
Epoch: 13 | train_loss: 0.7481 | train_acc: 0.7026 | test_loss: 0.9687 | test_acc: 0.6484 | 
Epoch: 14 | train_loss: 0.7506 | train_acc: 0.6983 | test_loss: 0.9645 | test_acc: 0.5977 | 
Epoch: 15 | train_loss: 0.6340 | train_acc: 0.7748 | test_loss: 1.1714 | test_acc: 0.6055 | 
Epoch: 16 | train_loss: 0.6240 | train_acc: 0.7769 | test_loss: 0.9692 | test_acc: 0.6641 | 
Epoch: 17 | train_loss: 0.6084 | train_acc: 0.7435 | test_loss: 1.3480 | test_acc: 0.5391 | 
Epoch: 18 | train_loss: 0.6413 | train_acc: 0.7274 | test_loss: 0.9048 | test_acc: 0.6680 | 
Epoch: 19 | train_loss: 0.5944 | train_acc: 0.7586 | test_loss: 1.0812 | test_acc: 0.6484 | 
Epoch: 20 | train_loss: 0.5325 | train_acc: 0.7726 | test_loss: 0.9802 | test_acc: 0.6523 | 
Epoch: 21 | train_loss: 0.5270 | train_acc: 0.7834 | test_loss: 1.0551 | test_acc: 0.6406 | 
Epoch: 22 | train_loss: 0.5446 | train_acc: 0.7791 | test_loss: 0.9431 | test_acc: 0.6875 | 
Epoch: 23 | train_loss: 0.6532 | train_acc: 0.7726 | test_loss: 0.9803 | test_acc: 0.6328 | 
Epoch: 24 | train_loss: 0.5129 | train_acc: 0.8017 | test_loss: 1.0053 | test_acc: 0.6094 | 
Epoch: 25 | train_loss: 0.4873 | train_acc: 0.8179 | test_loss: 1.1395 | test_acc: 0.5547 | 
Epoch: 26 | train_loss: 0.4799 | train_acc: 0.8373 | test_loss: 1.0188 | test_acc: 0.6523 | 
Epoch: 27 | train_loss: 0.4383 | train_acc: 0.8427 | test_loss: 1.0446 | test_acc: 0.6562 | 
Epoch: 28 | train_loss: 0.5066 | train_acc: 0.8136 | test_loss: 0.8937 | test_acc: 0.6758 | 
Epoch: 29 | train_loss: 0.4409 | train_acc: 0.8114 | test_loss: 0.9642 | test_acc: 0.6484 | 
Epoch: 30 | train_loss: 0.4191 | train_acc: 0.8287 | test_loss: 1.0784 | test_acc: 0.6328 | 
Epoch: 31 | train_loss: 0.3456 | train_acc: 0.8782 | test_loss: 1.0039 | test_acc: 0.6953 | 
Epoch: 32 | train_loss: 0.3731 | train_acc: 0.8685 | test_loss: 0.9587 | test_acc: 0.6406 | 
Epoch: 33 | train_loss: 0.3520 | train_acc: 0.8416 | test_loss: 0.8721 | test_acc: 0.7070 | 
Epoch: 34 | train_loss: 0.3467 | train_acc: 0.8631 | test_loss: 0.8310 | test_acc: 0.7461 | 
Epoch: 35 | train_loss: 0.3652 | train_acc: 0.8362 | test_loss: 0.9501 | test_acc: 0.7188 | 
Epoch: 36 | train_loss: 0.3393 | train_acc: 0.8567 | test_loss: 0.9642 | test_acc: 0.6953 | 
Epoch: 37 | train_loss: 0.3325 | train_acc: 0.8718 | test_loss: 1.0109 | test_acc: 0.6914 | 
Epoch: 38 | train_loss: 0.3780 | train_acc: 0.8481 | test_loss: 1.0785 | test_acc: 0.6797 | 
Epoch: 39 | train_loss: 0.3840 | train_acc: 0.8513 | test_loss: 1.1429 | test_acc: 0.6445 | 
Epoch: 40 | train_loss: 0.3741 | train_acc: 0.8653 | test_loss: 1.0633 | test_acc: 0.6758 | 
Epoch: 41 | train_loss: 0.3589 | train_acc: 0.8793 | test_loss: 1.0512 | test_acc: 0.6836 | 
Epoch: 42 | train_loss: 0.4982 | train_acc: 0.8556 | test_loss: 0.9652 | test_acc: 0.7031 | 
Epoch: 43 | train_loss: 0.3669 | train_acc: 0.8599 | test_loss: 0.8767 | test_acc: 0.7227 | 
Epoch: 44 | train_loss: 0.3561 | train_acc: 0.8567 | test_loss: 0.9833 | test_acc: 0.7344 | 
Epoch: 45 | train_loss: 0.3241 | train_acc: 0.8728 | test_loss: 1.0162 | test_acc: 0.6875 | 
Epoch: 46 | train_loss: 0.2733 | train_acc: 0.9062 | test_loss: 0.9257 | test_acc: 0.7109 | 
Epoch: 47 | train_loss: 0.2823 | train_acc: 0.9062 | test_loss: 0.9918 | test_acc: 0.7070 | 
Epoch: 48 | train_loss: 0.2387 | train_acc: 0.9267 | test_loss: 1.0580 | test_acc: 0.6953 | 
Epoch: 49 | train_loss: 0.2648 | train_acc: 0.8847 | test_loss: 1.0556 | test_acc: 0.7344 | 
Epoch: 50 | train_loss: 0.3213 | train_acc: 0.8879 | test_loss: 1.1023 | test_acc: 0.6914 | 
⏱️ Total training time: 95.828 seconds
📊 Bands [84, 430, 403] -> Fitness: 0.6914
gen	nevals	avg     	std      	min     	max     	best                           
0  	20    	0.720117	0.0466511	0.628906	0.796875	Individual('h', [151, 118, 87])
Dataset initialized with pre-loaded data. Total samples: 897
Band indices for training dataloader: [229, 311, 447]
Dataset initialized with pre-loaded data. Total samples: 226
Band indices for test dataloader: [229, 311, 447]
🔍 Starting evaluation of individual [229, 311, 447]
Epoch: 1 | train_loss: 1.3644 | train_acc: 0.3093 | test_loss: 1.2577 | test_acc: 0.4141 | 
Epoch: 2 | train_loss: 1.2245 | train_acc: 0.4720 | test_loss: 1.4616 | test_acc: 0.4180 | 
Epoch: 3 | train_loss: 1.1321 | train_acc: 0.5216 | test_loss: 1.1477 | test_acc: 0.5430 | 
Epoch: 4 | train_loss: 1.0276 | train_acc: 0.5431 | test_loss: 1.0745 | test_acc: 0.5625 | 
Epoch: 5 | train_loss: 0.9559 | train_acc: 0.5841 | test_loss: 1.1415 | test_acc: 0.5117 | 
Epoch: 6 | train_loss: 0.9720 | train_acc: 0.6034 | test_loss: 0.9890 | test_acc: 0.6250 | 
Epoch: 7 | train_loss: 0.8608 | train_acc: 0.6315 | test_loss: 0.9482 | test_acc: 0.6562 | 
Epoch: 8 | train_loss: 0.7873 | train_acc: 0.6778 | test_loss: 1.0547 | test_acc: 0.5508 | 
Epoch: 9 | train_loss: 0.7309 | train_acc: 0.7134 | test_loss: 1.0452 | test_acc: 0.6484 | 
Epoch: 10 | train_loss: 0.6772 | train_acc: 0.7188 | test_loss: 1.2013 | test_acc: 0.5391 | 
Epoch: 11 | train_loss: 0.6972 | train_acc: 0.7295 | test_loss: 1.0579 | test_acc: 0.6094 | 
Epoch: 12 | train_loss: 0.6317 | train_acc: 0.7468 | test_loss: 1.1563 | test_acc: 0.5625 | 
Epoch: 13 | train_loss: 0.5945 | train_acc: 0.7694 | test_loss: 1.1216 | test_acc: 0.6211 | 
Epoch: 14 | train_loss: 0.5679 | train_acc: 0.8050 | test_loss: 0.9427 | test_acc: 0.6797 | 
Epoch: 15 | train_loss: 0.5292 | train_acc: 0.7662 | test_loss: 1.0012 | test_acc: 0.6758 | 
Epoch: 16 | train_loss: 0.5038 | train_acc: 0.8039 | test_loss: 1.0034 | test_acc: 0.6797 | 
Epoch: 17 | train_loss: 0.5105 | train_acc: 0.8114 | test_loss: 1.0054 | test_acc: 0.6680 | 
Epoch: 18 | train_loss: 0.5112 | train_acc: 0.8028 | test_loss: 0.9234 | test_acc: 0.7109 | 
Epoch: 19 | train_loss: 0.4777 | train_acc: 0.8168 | test_loss: 1.0136 | test_acc: 0.6953 | 
Epoch: 20 | train_loss: 0.4632 | train_acc: 0.8222 | test_loss: 0.9362 | test_acc: 0.6875 | 
Epoch: 21 | train_loss: 0.3977 | train_acc: 0.8297 | test_loss: 0.9350 | test_acc: 0.7148 | 
Epoch: 22 | train_loss: 0.3491 | train_acc: 0.8728 | test_loss: 0.8914 | test_acc: 0.6953 | 
Epoch: 23 | train_loss: 0.3382 | train_acc: 0.8470 | test_loss: 1.0724 | test_acc: 0.6172 | 
Epoch: 24 | train_loss: 0.4152 | train_acc: 0.8631 | test_loss: 0.8574 | test_acc: 0.7383 | 
Epoch: 25 | train_loss: 0.4116 | train_acc: 0.8330 | test_loss: 1.0129 | test_acc: 0.6680 | 
Epoch: 26 | train_loss: 0.4098 | train_acc: 0.8524 | test_loss: 0.8898 | test_acc: 0.7344 | 
Epoch: 27 | train_loss: 0.3970 | train_acc: 0.8459 | test_loss: 0.8776 | test_acc: 0.7539 | 
Epoch: 28 | train_loss: 0.3578 | train_acc: 0.8578 | test_loss: 0.9940 | test_acc: 0.7148 | 
Epoch: 29 | train_loss: 0.4109 | train_acc: 0.8351 | test_loss: 0.8135 | test_acc: 0.7617 | 
Epoch: 30 | train_loss: 0.3692 | train_acc: 0.8685 | test_loss: 0.9034 | test_acc: 0.7188 | 
Epoch: 31 | train_loss: 0.3359 | train_acc: 0.8599 | test_loss: 0.8676 | test_acc: 0.7383 | 
Epoch: 32 | train_loss: 0.2932 | train_acc: 0.9062 | test_loss: 0.8966 | test_acc: 0.7266 | 
Epoch: 33 | train_loss: 0.3133 | train_acc: 0.8621 | test_loss: 0.9649 | test_acc: 0.7070 | 
Epoch: 34 | train_loss: 0.3656 | train_acc: 0.8545 | test_loss: 0.8769 | test_acc: 0.7539 | 
Epoch: 35 | train_loss: 0.4130 | train_acc: 0.8685 | test_loss: 0.8116 | test_acc: 0.7617 | 
Epoch: 36 | train_loss: 0.2917 | train_acc: 0.8761 | test_loss: 1.0448 | test_acc: 0.7070 | 
Epoch: 37 | train_loss: 0.1991 | train_acc: 0.9364 | test_loss: 0.8877 | test_acc: 0.7383 | 
Epoch: 38 | train_loss: 0.2783 | train_acc: 0.8901 | test_loss: 0.9523 | test_acc: 0.7500 | 
Epoch: 39 | train_loss: 0.2721 | train_acc: 0.8847 | test_loss: 0.9629 | test_acc: 0.7617 | 
Epoch: 40 | train_loss: 0.2451 | train_acc: 0.9224 | test_loss: 1.1541 | test_acc: 0.7461 | 
Epoch: 41 | train_loss: 0.2675 | train_acc: 0.8955 | test_loss: 0.9932 | test_acc: 0.7539 | 
Epoch: 42 | train_loss: 0.3046 | train_acc: 0.8922 | test_loss: 0.9223 | test_acc: 0.7305 | 
Epoch: 43 | train_loss: 0.2444 | train_acc: 0.9300 | test_loss: 0.8137 | test_acc: 0.7500 | 
Epoch: 44 | train_loss: 0.2338 | train_acc: 0.9289 | test_loss: 0.8970 | test_acc: 0.7578 | 
Epoch: 45 | train_loss: 0.2212 | train_acc: 0.9267 | test_loss: 0.8546 | test_acc: 0.7695 | 
Epoch: 46 | train_loss: 0.1865 | train_acc: 0.9321 | test_loss: 0.8959 | test_acc: 0.7539 | 
Epoch: 47 | train_loss: 0.2866 | train_acc: 0.9095 | test_loss: 1.0498 | test_acc: 0.7539 | 
Epoch: 48 | train_loss: 0.3059 | train_acc: 0.8825 | test_loss: 0.9113 | test_acc: 0.7461 | 
Epoch: 49 | train_loss: 0.2263 | train_acc: 0.9397 | test_loss: 0.8070 | test_acc: 0.7617 | 
Epoch: 50 | train_loss: 0.2925 | train_acc: 0.9009 | test_loss: 1.0042 | test_acc: 0.7344 | 
⏱️ Total training time: 90.541 seconds
📊 Bands [229, 311, 447] -> Fitness: 0.7344
Dataset initialized with pre-loaded data. Total samples: 897
Band indices for training dataloader: [263, 366, 0]
Dataset initialized with pre-loaded data. Total samples: 226
Band indices for test dataloader: [263, 366, 0]
🔍 Starting evaluation of individual [263, 366, 0]
Epoch: 1 | train_loss: 1.3633 | train_acc: 0.3416 | test_loss: 1.3464 | test_acc: 0.3555 | 
Epoch: 2 | train_loss: 1.2771 | train_acc: 0.4300 | test_loss: 1.2568 | test_acc: 0.4688 | 
Epoch: 3 | train_loss: 1.2221 | train_acc: 0.4343 | test_loss: 1.2884 | test_acc: 0.4336 | 
Epoch: 4 | train_loss: 1.1646 | train_acc: 0.4871 | test_loss: 1.2942 | test_acc: 0.4297 | 
Epoch: 5 | train_loss: 1.1005 | train_acc: 0.5226 | test_loss: 1.2607 | test_acc: 0.4609 | 
Epoch: 6 | train_loss: 0.9788 | train_acc: 0.6013 | test_loss: 1.2441 | test_acc: 0.4922 | 
Epoch: 7 | train_loss: 0.9151 | train_acc: 0.6379 | test_loss: 1.3998 | test_acc: 0.4648 | 
Epoch: 8 | train_loss: 0.9678 | train_acc: 0.6185 | test_loss: 1.1770 | test_acc: 0.4883 | 
Epoch: 9 | train_loss: 0.9004 | train_acc: 0.6390 | test_loss: 1.2949 | test_acc: 0.4766 | 
Epoch: 10 | train_loss: 0.8278 | train_acc: 0.6918 | test_loss: 1.0300 | test_acc: 0.6055 | 
Epoch: 11 | train_loss: 0.7947 | train_acc: 0.6940 | test_loss: 1.1392 | test_acc: 0.5078 | 
Epoch: 12 | train_loss: 0.7381 | train_acc: 0.6853 | test_loss: 1.0761 | test_acc: 0.5078 | 
Epoch: 13 | train_loss: 0.7015 | train_acc: 0.7468 | test_loss: 1.4676 | test_acc: 0.4609 | 
Epoch: 14 | train_loss: 0.7025 | train_acc: 0.7166 | test_loss: 1.3858 | test_acc: 0.4727 | 
Epoch: 15 | train_loss: 0.6899 | train_acc: 0.7511 | test_loss: 1.2535 | test_acc: 0.4766 | 
Epoch: 16 | train_loss: 0.6616 | train_acc: 0.7414 | test_loss: 1.1158 | test_acc: 0.5820 | 
Epoch: 17 | train_loss: 0.6124 | train_acc: 0.7683 | test_loss: 1.1349 | test_acc: 0.5586 | 
Epoch: 18 | train_loss: 0.5941 | train_acc: 0.7931 | test_loss: 1.1015 | test_acc: 0.6367 | 
Epoch: 19 | train_loss: 0.6459 | train_acc: 0.7672 | test_loss: 1.4456 | test_acc: 0.4414 | 
Epoch: 20 | train_loss: 0.5679 | train_acc: 0.8265 | test_loss: 1.1019 | test_acc: 0.6367 | 
Epoch: 21 | train_loss: 0.5681 | train_acc: 0.7823 | test_loss: 1.1784 | test_acc: 0.6406 | 
Epoch: 22 | train_loss: 0.5228 | train_acc: 0.7877 | test_loss: 1.0920 | test_acc: 0.6133 | 
Epoch: 23 | train_loss: 0.4471 | train_acc: 0.8438 | test_loss: 1.1414 | test_acc: 0.5938 | 
Epoch: 24 | train_loss: 0.4980 | train_acc: 0.7963 | test_loss: 1.0554 | test_acc: 0.6523 | 
Epoch: 25 | train_loss: 0.4709 | train_acc: 0.8287 | test_loss: 1.3702 | test_acc: 0.5547 | 
Epoch: 26 | train_loss: 0.5046 | train_acc: 0.8136 | test_loss: 1.1808 | test_acc: 0.6211 | 
Epoch: 27 | train_loss: 0.4767 | train_acc: 0.8125 | test_loss: 1.0933 | test_acc: 0.6133 | 
Epoch: 28 | train_loss: 0.4270 | train_acc: 0.8470 | test_loss: 1.1300 | test_acc: 0.6641 | 
Epoch: 29 | train_loss: 0.4944 | train_acc: 0.8265 | test_loss: 1.2806 | test_acc: 0.6367 | 
Epoch: 30 | train_loss: 0.4459 | train_acc: 0.8534 | test_loss: 1.1566 | test_acc: 0.6484 | 
Epoch: 31 | train_loss: 0.4008 | train_acc: 0.8330 | test_loss: 1.2649 | test_acc: 0.5586 | 
Epoch: 32 | train_loss: 0.3826 | train_acc: 0.8664 | test_loss: 1.3288 | test_acc: 0.5664 | 
Epoch: 33 | train_loss: 0.4259 | train_acc: 0.7996 | test_loss: 1.1913 | test_acc: 0.6367 | 
Epoch: 34 | train_loss: 0.4002 | train_acc: 0.8319 | test_loss: 1.1731 | test_acc: 0.5742 | 
Epoch: 35 | train_loss: 0.3927 | train_acc: 0.8707 | test_loss: 1.2563 | test_acc: 0.5156 | 
Epoch: 36 | train_loss: 0.3728 | train_acc: 0.8491 | test_loss: 1.2952 | test_acc: 0.5508 | 
Epoch: 37 | train_loss: 0.3343 | train_acc: 0.8804 | test_loss: 1.2059 | test_acc: 0.6016 | 
Epoch: 38 | train_loss: 0.3444 | train_acc: 0.8858 | test_loss: 1.5499 | test_acc: 0.5312 | 
Epoch: 39 | train_loss: 0.3151 | train_acc: 0.8815 | test_loss: 1.2499 | test_acc: 0.5469 | 
Epoch: 40 | train_loss: 0.3601 | train_acc: 0.8653 | test_loss: 1.2823 | test_acc: 0.6094 | 
Epoch: 41 | train_loss: 0.4600 | train_acc: 0.8491 | test_loss: 1.1907 | test_acc: 0.6055 | 
Epoch: 42 | train_loss: 0.3893 | train_acc: 0.8772 | test_loss: 0.9640 | test_acc: 0.6250 | 
Epoch: 43 | train_loss: 0.3101 | train_acc: 0.8653 | test_loss: 1.2813 | test_acc: 0.5547 | 
Epoch: 44 | train_loss: 0.3521 | train_acc: 0.8642 | test_loss: 1.2472 | test_acc: 0.5938 | 
Epoch: 45 | train_loss: 0.2949 | train_acc: 0.8728 | test_loss: 1.3380 | test_acc: 0.5977 | 
Epoch: 46 | train_loss: 0.2784 | train_acc: 0.8998 | test_loss: 1.1820 | test_acc: 0.6211 | 
Epoch: 47 | train_loss: 0.2502 | train_acc: 0.8869 | test_loss: 1.1728 | test_acc: 0.6719 | 
Epoch: 48 | train_loss: 0.3142 | train_acc: 0.8739 | test_loss: 1.0713 | test_acc: 0.6172 | 
Epoch: 49 | train_loss: 0.2766 | train_acc: 0.9095 | test_loss: 1.2374 | test_acc: 0.6211 | 
Epoch: 50 | train_loss: 0.2769 | train_acc: 0.9019 | test_loss: 1.1280 | test_acc: 0.6836 | 
⏱️ Total training time: 94.177 seconds
📊 Bands [263, 366, 0] -> Fitness: 0.6836
Dataset initialized with pre-loaded data. Total samples: 897
Band indices for training dataloader: [151, 307, 210]
Dataset initialized with pre-loaded data. Total samples: 226
Band indices for test dataloader: [151, 307, 210]
🔍 Starting evaluation of individual [151, 307, 210]
Epoch: 1 | train_loss: 1.3739 | train_acc: 0.3179 | test_loss: 1.3325 | test_acc: 0.4062 | 
Epoch: 2 | train_loss: 1.2596 | train_acc: 0.3933 | test_loss: 1.3990 | test_acc: 0.4570 | 
Epoch: 3 | train_loss: 1.1259 | train_acc: 0.5086 | test_loss: 1.2857 | test_acc: 0.5312 | 
Epoch: 4 | train_loss: 1.1218 | train_acc: 0.5226 | test_loss: 1.1410 | test_acc: 0.5273 | 
Epoch: 5 | train_loss: 1.0015 | train_acc: 0.5560 | test_loss: 1.0823 | test_acc: 0.5977 | 
Epoch: 6 | train_loss: 0.9531 | train_acc: 0.6067 | test_loss: 1.1665 | test_acc: 0.5781 | 
Epoch: 7 | train_loss: 0.8686 | train_acc: 0.6584 | test_loss: 1.2541 | test_acc: 0.5508 | 
Epoch: 8 | train_loss: 0.7894 | train_acc: 0.7004 | test_loss: 1.3084 | test_acc: 0.6016 | 
Epoch: 9 | train_loss: 0.7565 | train_acc: 0.6961 | test_loss: 0.9743 | test_acc: 0.6562 | 
Epoch: 10 | train_loss: 0.7323 | train_acc: 0.7004 | test_loss: 1.0054 | test_acc: 0.5898 | 
Epoch: 11 | train_loss: 0.6883 | train_acc: 0.7155 | test_loss: 1.0428 | test_acc: 0.5859 | 
Epoch: 12 | train_loss: 0.7296 | train_acc: 0.7015 | test_loss: 1.0277 | test_acc: 0.6602 | 
Epoch: 13 | train_loss: 0.6245 | train_acc: 0.7414 | test_loss: 0.9709 | test_acc: 0.6797 | 
Epoch: 14 | train_loss: 0.5620 | train_acc: 0.7866 | test_loss: 0.9742 | test_acc: 0.6211 | 
Epoch: 15 | train_loss: 0.5721 | train_acc: 0.7802 | test_loss: 0.8466 | test_acc: 0.7070 | 
Epoch: 16 | train_loss: 0.4981 | train_acc: 0.8060 | test_loss: 0.8647 | test_acc: 0.7148 | 
Epoch: 17 | train_loss: 0.4261 | train_acc: 0.8491 | test_loss: 0.9760 | test_acc: 0.6836 | 
Epoch: 18 | train_loss: 0.5248 | train_acc: 0.7780 | test_loss: 1.2022 | test_acc: 0.6562 | 
Epoch: 19 | train_loss: 0.5660 | train_acc: 0.7963 | test_loss: 0.9494 | test_acc: 0.6602 | 
Epoch: 20 | train_loss: 0.5191 | train_acc: 0.8017 | test_loss: 0.9392 | test_acc: 0.6836 | 
Epoch: 21 | train_loss: 0.4550 | train_acc: 0.8125 | test_loss: 0.8644 | test_acc: 0.6836 | 
Epoch: 22 | train_loss: 0.4434 | train_acc: 0.8341 | test_loss: 0.9526 | test_acc: 0.7070 | 
Epoch: 23 | train_loss: 0.4101 | train_acc: 0.8481 | test_loss: 0.9016 | test_acc: 0.6953 | 
Epoch: 24 | train_loss: 0.4265 | train_acc: 0.8297 | test_loss: 1.0017 | test_acc: 0.6445 | 
Epoch: 25 | train_loss: 0.4137 | train_acc: 0.8297 | test_loss: 1.0198 | test_acc: 0.6406 | 
Epoch: 26 | train_loss: 0.3200 | train_acc: 0.8912 | test_loss: 1.0327 | test_acc: 0.7227 | 
Epoch: 27 | train_loss: 0.3507 | train_acc: 0.8718 | test_loss: 0.8607 | test_acc: 0.7305 | 
Epoch: 28 | train_loss: 0.3145 | train_acc: 0.9030 | test_loss: 0.9277 | test_acc: 0.7344 | 
Epoch: 29 | train_loss: 0.2773 | train_acc: 0.9030 | test_loss: 1.0418 | test_acc: 0.6680 | 
Epoch: 30 | train_loss: 0.3283 | train_acc: 0.8718 | test_loss: 1.0105 | test_acc: 0.6914 | 
Epoch: 31 | train_loss: 0.2688 | train_acc: 0.9062 | test_loss: 1.2247 | test_acc: 0.6562 | 
Epoch: 32 | train_loss: 0.2873 | train_acc: 0.8847 | test_loss: 1.2403 | test_acc: 0.6289 | 
Epoch: 33 | train_loss: 0.4204 | train_acc: 0.8319 | test_loss: 1.0704 | test_acc: 0.7188 | 
Epoch: 34 | train_loss: 0.3826 | train_acc: 0.8481 | test_loss: 1.0318 | test_acc: 0.6758 | 
Epoch: 35 | train_loss: 0.3434 | train_acc: 0.8804 | test_loss: 0.8858 | test_acc: 0.7617 | 
Epoch: 36 | train_loss: 0.3058 | train_acc: 0.8793 | test_loss: 0.9520 | test_acc: 0.7109 | 
Epoch: 37 | train_loss: 0.3008 | train_acc: 0.8879 | test_loss: 0.9219 | test_acc: 0.7266 | 
Epoch: 38 | train_loss: 0.3249 | train_acc: 0.8772 | test_loss: 0.9013 | test_acc: 0.7539 | 
Epoch: 39 | train_loss: 0.2903 | train_acc: 0.8825 | test_loss: 0.8906 | test_acc: 0.7422 | 
Epoch: 40 | train_loss: 0.2273 | train_acc: 0.9289 | test_loss: 1.0557 | test_acc: 0.6680 | 
Epoch: 41 | train_loss: 0.2398 | train_acc: 0.8955 | test_loss: 0.9565 | test_acc: 0.7539 | 
Epoch: 42 | train_loss: 0.3389 | train_acc: 0.8707 | test_loss: 1.1585 | test_acc: 0.6406 | 
Epoch: 43 | train_loss: 0.2912 | train_acc: 0.8955 | test_loss: 0.8890 | test_acc: 0.7188 | 
Epoch: 44 | train_loss: 0.2309 | train_acc: 0.9300 | test_loss: 1.0061 | test_acc: 0.7734 | 
Epoch: 45 | train_loss: 0.3006 | train_acc: 0.8901 | test_loss: 0.9040 | test_acc: 0.7305 | 
Epoch: 46 | train_loss: 0.3436 | train_acc: 0.8772 | test_loss: 0.8009 | test_acc: 0.7383 | 
Epoch: 47 | train_loss: 0.2453 | train_acc: 0.9019 | test_loss: 0.8273 | test_acc: 0.7422 | 
Epoch: 48 | train_loss: 0.2494 | train_acc: 0.8858 | test_loss: 1.0787 | test_acc: 0.7266 | 
Epoch: 49 | train_loss: 0.3579 | train_acc: 0.8944 | test_loss: 0.9015 | test_acc: 0.7266 | 
Epoch: 50 | train_loss: 0.2270 | train_acc: 0.9052 | test_loss: 0.9256 | test_acc: 0.7070 | 
⏱️ Total training time: 88.290 seconds
📊 Bands [151, 307, 210] -> Fitness: 0.7070
Dataset initialized with pre-loaded data. Total samples: 897
Band indices for training dataloader: [151, 186, 318]
Dataset initialized with pre-loaded data. Total samples: 226
Band indices for test dataloader: [151, 186, 318]
🔍 Starting evaluation of individual [151, 186, 318]
Epoch: 1 | train_loss: 1.3564 | train_acc: 0.3017 | test_loss: 1.2664 | test_acc: 0.4531 | 
Epoch: 2 | train_loss: 1.2456 | train_acc: 0.4159 | test_loss: 1.2136 | test_acc: 0.5195 | 
Epoch: 3 | train_loss: 1.1687 | train_acc: 0.4849 | test_loss: 1.2701 | test_acc: 0.4961 | 
Epoch: 4 | train_loss: 1.0736 | train_acc: 0.5280 | test_loss: 1.0335 | test_acc: 0.6094 | 
Epoch: 5 | train_loss: 0.9893 | train_acc: 0.5711 | test_loss: 1.0427 | test_acc: 0.6211 | 
Epoch: 6 | train_loss: 0.9209 | train_acc: 0.6121 | test_loss: 0.9569 | test_acc: 0.6602 | 
Epoch: 7 | train_loss: 0.8369 | train_acc: 0.6422 | test_loss: 1.0205 | test_acc: 0.6328 | 
Epoch: 8 | train_loss: 0.7955 | train_acc: 0.6724 | test_loss: 1.0275 | test_acc: 0.5742 | 
Epoch: 9 | train_loss: 0.7293 | train_acc: 0.7338 | test_loss: 0.8740 | test_acc: 0.6836 | 
Epoch: 10 | train_loss: 0.6572 | train_acc: 0.7554 | test_loss: 1.1668 | test_acc: 0.4961 | 
Epoch: 11 | train_loss: 0.6863 | train_acc: 0.7188 | test_loss: 1.0598 | test_acc: 0.5391 | 
Epoch: 12 | train_loss: 0.7432 | train_acc: 0.7166 | test_loss: 1.0159 | test_acc: 0.5508 | 
Epoch: 13 | train_loss: 0.6996 | train_acc: 0.7177 | test_loss: 0.8463 | test_acc: 0.6953 | 
Epoch: 14 | train_loss: 0.5827 | train_acc: 0.7619 | test_loss: 1.0072 | test_acc: 0.6055 | 
Epoch: 15 | train_loss: 0.5187 | train_acc: 0.8050 | test_loss: 0.9052 | test_acc: 0.6133 | 
Epoch: 16 | train_loss: 0.6017 | train_acc: 0.7640 | test_loss: 0.8623 | test_acc: 0.6719 | 
Epoch: 17 | train_loss: 0.6125 | train_acc: 0.7726 | test_loss: 0.8183 | test_acc: 0.7188 | 
Epoch: 18 | train_loss: 0.4835 | train_acc: 0.8276 | test_loss: 0.9195 | test_acc: 0.7031 | 
Epoch: 19 | train_loss: 0.4283 | train_acc: 0.8481 | test_loss: 1.0710 | test_acc: 0.5703 | 
Epoch: 20 | train_loss: 0.5126 | train_acc: 0.8168 | test_loss: 0.7897 | test_acc: 0.7305 | 
Epoch: 21 | train_loss: 0.4651 | train_acc: 0.8254 | test_loss: 0.8652 | test_acc: 0.6797 | 
Epoch: 22 | train_loss: 0.4537 | train_acc: 0.8470 | test_loss: 0.9382 | test_acc: 0.6836 | 
Epoch: 23 | train_loss: 0.4377 | train_acc: 0.8190 | test_loss: 0.7887 | test_acc: 0.7695 | 
Epoch: 24 | train_loss: 0.4558 | train_acc: 0.8351 | test_loss: 1.1440 | test_acc: 0.5625 | 
Epoch: 25 | train_loss: 0.4229 | train_acc: 0.8211 | test_loss: 0.9279 | test_acc: 0.6992 | 
Epoch: 26 | train_loss: 0.3865 | train_acc: 0.8707 | test_loss: 0.8152 | test_acc: 0.7188 | 
Epoch: 27 | train_loss: 0.3785 | train_acc: 0.8491 | test_loss: 0.8993 | test_acc: 0.7109 | 
Epoch: 28 | train_loss: 0.3605 | train_acc: 0.8578 | test_loss: 0.8774 | test_acc: 0.6953 | 
Epoch: 29 | train_loss: 0.3842 | train_acc: 0.8459 | test_loss: 0.9795 | test_acc: 0.7227 | 
Epoch: 30 | train_loss: 0.3530 | train_acc: 0.8491 | test_loss: 0.8888 | test_acc: 0.7305 | 
Epoch: 31 | train_loss: 0.3334 | train_acc: 0.8976 | test_loss: 0.8738 | test_acc: 0.7266 | 
Epoch: 32 | train_loss: 0.3153 | train_acc: 0.8761 | test_loss: 1.0142 | test_acc: 0.6758 | 
Epoch: 33 | train_loss: 0.2785 | train_acc: 0.9052 | test_loss: 0.9132 | test_acc: 0.7695 | 
Epoch: 34 | train_loss: 0.3848 | train_acc: 0.8481 | test_loss: 0.8076 | test_acc: 0.7227 | 
Epoch: 35 | train_loss: 0.3361 | train_acc: 0.8728 | test_loss: 0.7925 | test_acc: 0.7656 | 
Epoch: 36 | train_loss: 0.3551 | train_acc: 0.8631 | test_loss: 0.8189 | test_acc: 0.7344 | 
Epoch: 37 | train_loss: 0.3369 | train_acc: 0.8685 | test_loss: 0.8893 | test_acc: 0.7500 | 
Epoch: 38 | train_loss: 0.3657 | train_acc: 0.8524 | test_loss: 0.9491 | test_acc: 0.7266 | 
Epoch: 39 | train_loss: 0.3025 | train_acc: 0.8793 | test_loss: 0.9610 | test_acc: 0.6875 | 
Epoch: 40 | train_loss: 0.3043 | train_acc: 0.8847 | test_loss: 0.9674 | test_acc: 0.6641 | 
Epoch: 41 | train_loss: 0.2681 | train_acc: 0.9300 | test_loss: 0.8540 | test_acc: 0.7422 | 
Epoch: 42 | train_loss: 0.2386 | train_acc: 0.8944 | test_loss: 0.9265 | test_acc: 0.7500 | 
Epoch: 43 | train_loss: 0.2196 | train_acc: 0.9256 | test_loss: 0.9182 | test_acc: 0.7148 | 
Epoch: 44 | train_loss: 0.2720 | train_acc: 0.8879 | test_loss: 0.9255 | test_acc: 0.7578 | 
Epoch: 45 | train_loss: 0.2678 | train_acc: 0.9149 | test_loss: 0.9006 | test_acc: 0.7656 | 
Epoch: 46 | train_loss: 0.2375 | train_acc: 0.8976 | test_loss: 0.7891 | test_acc: 0.7461 | 
Epoch: 47 | train_loss: 0.2529 | train_acc: 0.8933 | test_loss: 0.7798 | test_acc: 0.7812 | 
Epoch: 48 | train_loss: 0.3023 | train_acc: 0.9009 | test_loss: 0.8811 | test_acc: 0.7500 | 
Epoch: 49 | train_loss: 0.2408 | train_acc: 0.9181 | test_loss: 0.7750 | test_acc: 0.7578 | 
Epoch: 50 | train_loss: 0.2352 | train_acc: 0.9181 | test_loss: 0.8658 | test_acc: 0.7734 | 
⏱️ Total training time: 104.443 seconds
📊 Bands [151, 186, 318] -> Fitness: 0.7734
Dataset initialized with pre-loaded data. Total samples: 897
Band indices for training dataloader: [258, 0, 101]
Dataset initialized with pre-loaded data. Total samples: 226
Band indices for test dataloader: [258, 0, 101]
🔍 Starting evaluation of individual [258, 0, 101]
Epoch: 1 | train_loss: 1.3836 | train_acc: 0.2683 | test_loss: 1.4447 | test_acc: 0.3281 | 
Epoch: 2 | train_loss: 1.3042 | train_acc: 0.4343 | test_loss: 1.2641 | test_acc: 0.3906 | 
Epoch: 3 | train_loss: 1.2741 | train_acc: 0.4353 | test_loss: 1.4060 | test_acc: 0.3984 | 
Epoch: 4 | train_loss: 1.1927 | train_acc: 0.4838 | test_loss: 1.2773 | test_acc: 0.3906 | 
Epoch: 5 | train_loss: 1.1014 | train_acc: 0.5312 | test_loss: 1.4665 | test_acc: 0.4570 | 
Epoch: 6 | train_loss: 1.0541 | train_acc: 0.5474 | test_loss: 1.1447 | test_acc: 0.5508 | 
Epoch: 7 | train_loss: 1.0249 | train_acc: 0.5582 | test_loss: 1.1966 | test_acc: 0.4961 | 
Epoch: 8 | train_loss: 0.9516 | train_acc: 0.6185 | test_loss: 1.1539 | test_acc: 0.5000 | 
Epoch: 9 | train_loss: 0.9328 | train_acc: 0.6153 | test_loss: 1.0603 | test_acc: 0.5273 | 
Epoch: 10 | train_loss: 0.9021 | train_acc: 0.6207 | test_loss: 1.4250 | test_acc: 0.3984 | 
Epoch: 11 | train_loss: 0.8454 | train_acc: 0.6422 | test_loss: 1.2793 | test_acc: 0.5000 | 
Epoch: 12 | train_loss: 0.8001 | train_acc: 0.6713 | test_loss: 1.2110 | test_acc: 0.5000 | 
Epoch: 13 | train_loss: 0.7553 | train_acc: 0.7284 | test_loss: 1.4235 | test_acc: 0.4805 | 
Epoch: 14 | train_loss: 0.7498 | train_acc: 0.7123 | test_loss: 1.1648 | test_acc: 0.4844 | 
Epoch: 15 | train_loss: 0.7041 | train_acc: 0.7144 | test_loss: 1.3188 | test_acc: 0.4609 | 
Epoch: 16 | train_loss: 0.6677 | train_acc: 0.7338 | test_loss: 1.6086 | test_acc: 0.4727 | 
Epoch: 17 | train_loss: 0.7272 | train_acc: 0.6940 | test_loss: 1.2097 | test_acc: 0.5039 | 
Epoch: 18 | train_loss: 0.6818 | train_acc: 0.7360 | test_loss: 1.0744 | test_acc: 0.5742 | 
Epoch: 19 | train_loss: 0.5948 | train_acc: 0.7543 | test_loss: 1.3518 | test_acc: 0.5039 | 
Epoch: 20 | train_loss: 0.6927 | train_acc: 0.7489 | test_loss: 1.1616 | test_acc: 0.5156 | 
Epoch: 21 | train_loss: 0.5928 | train_acc: 0.7931 | test_loss: 0.9579 | test_acc: 0.5430 | 
Epoch: 22 | train_loss: 0.5508 | train_acc: 0.8060 | test_loss: 1.0825 | test_acc: 0.4922 | 
Epoch: 23 | train_loss: 0.5134 | train_acc: 0.8222 | test_loss: 1.2043 | test_acc: 0.5664 | 
Epoch: 24 | train_loss: 0.5890 | train_acc: 0.7834 | test_loss: 1.1820 | test_acc: 0.6484 | 
Epoch: 25 | train_loss: 0.5229 | train_acc: 0.7963 | test_loss: 0.9845 | test_acc: 0.6680 | 
Epoch: 26 | train_loss: 0.4605 | train_acc: 0.8448 | test_loss: 1.0398 | test_acc: 0.6641 | 
Epoch: 27 | train_loss: 0.5058 | train_acc: 0.8211 | test_loss: 1.0756 | test_acc: 0.6367 | 
Epoch: 28 | train_loss: 0.5294 | train_acc: 0.8028 | test_loss: 1.0483 | test_acc: 0.6289 | 
Epoch: 29 | train_loss: 0.4495 | train_acc: 0.8308 | test_loss: 1.0865 | test_acc: 0.6133 | 
Epoch: 30 | train_loss: 0.4670 | train_acc: 0.8190 | test_loss: 1.0937 | test_acc: 0.6484 | 
Epoch: 31 | train_loss: 0.4735 | train_acc: 0.8179 | test_loss: 0.9889 | test_acc: 0.6211 | 
Epoch: 32 | train_loss: 0.5021 | train_acc: 0.8103 | test_loss: 0.8979 | test_acc: 0.6133 | 
Epoch: 33 | train_loss: 0.4142 | train_acc: 0.8362 | test_loss: 0.9885 | test_acc: 0.6172 | 
Epoch: 34 | train_loss: 0.4120 | train_acc: 0.8513 | test_loss: 1.0322 | test_acc: 0.6406 | 
Epoch: 35 | train_loss: 0.3807 | train_acc: 0.8427 | test_loss: 1.1302 | test_acc: 0.6680 | 
Epoch: 36 | train_loss: 0.4010 | train_acc: 0.8610 | test_loss: 1.0772 | test_acc: 0.6445 | 
Epoch: 37 | train_loss: 0.4002 | train_acc: 0.8470 | test_loss: 1.0554 | test_acc: 0.6523 | 
Epoch: 38 | train_loss: 0.4095 | train_acc: 0.8459 | test_loss: 0.9617 | test_acc: 0.6562 | 
Epoch: 39 | train_loss: 0.3622 | train_acc: 0.8534 | test_loss: 1.0715 | test_acc: 0.6641 | 
Epoch: 40 | train_loss: 0.4334 | train_acc: 0.8308 | test_loss: 1.0233 | test_acc: 0.6602 | 
Epoch: 41 | train_loss: 0.3912 | train_acc: 0.8448 | test_loss: 1.1112 | test_acc: 0.6055 | 
Epoch: 42 | train_loss: 0.3882 | train_acc: 0.8610 | test_loss: 0.9020 | test_acc: 0.7227 | 
Epoch: 43 | train_loss: 0.3814 | train_acc: 0.8373 | test_loss: 1.0012 | test_acc: 0.6719 | 
Epoch: 44 | train_loss: 0.3844 | train_acc: 0.8599 | test_loss: 1.0197 | test_acc: 0.6797 | 
Epoch: 45 | train_loss: 0.2993 | train_acc: 0.8901 | test_loss: 0.9949 | test_acc: 0.6367 | 
Epoch: 46 | train_loss: 0.4363 | train_acc: 0.8761 | test_loss: 0.9726 | test_acc: 0.6836 | 
Epoch: 47 | train_loss: 0.3210 | train_acc: 0.8556 | test_loss: 0.9376 | test_acc: 0.6680 | 
Epoch: 48 | train_loss: 0.2798 | train_acc: 0.9052 | test_loss: 0.9770 | test_acc: 0.6758 | 
Epoch: 49 | train_loss: 0.3608 | train_acc: 0.8793 | test_loss: 0.9110 | test_acc: 0.6758 | 
Epoch: 50 | train_loss: 0.2833 | train_acc: 0.9159 | test_loss: 1.0400 | test_acc: 0.6914 | 
⏱️ Total training time: 94.493 seconds
📊 Bands [258, 0, 101] -> Fitness: 0.6914
Dataset initialized with pre-loaded data. Total samples: 897
Band indices for training dataloader: [298, 290, 427]
Dataset initialized with pre-loaded data. Total samples: 226
Band indices for test dataloader: [298, 290, 427]
🔍 Starting evaluation of individual [298, 290, 427]
Epoch: 1 | train_loss: 1.3759 | train_acc: 0.3211 | test_loss: 1.3104 | test_acc: 0.3828 | 
Epoch: 2 | train_loss: 1.3153 | train_acc: 0.3653 | test_loss: 1.2768 | test_acc: 0.4336 | 
Epoch: 3 | train_loss: 1.2192 | train_acc: 0.5000 | test_loss: 1.3716 | test_acc: 0.3750 | 
Epoch: 4 | train_loss: 1.1610 | train_acc: 0.4828 | test_loss: 1.3048 | test_acc: 0.4336 | 
Epoch: 5 | train_loss: 1.0822 | train_acc: 0.5183 | test_loss: 1.3152 | test_acc: 0.4180 | 
Epoch: 6 | train_loss: 1.0124 | train_acc: 0.5722 | test_loss: 1.3262 | test_acc: 0.4141 | 
Epoch: 7 | train_loss: 1.0274 | train_acc: 0.5614 | test_loss: 1.3190 | test_acc: 0.4453 | 
Epoch: 8 | train_loss: 0.9341 | train_acc: 0.6218 | test_loss: 1.4603 | test_acc: 0.4180 | 
Epoch: 9 | train_loss: 0.9959 | train_acc: 0.6067 | test_loss: 1.2785 | test_acc: 0.5664 | 
Epoch: 10 | train_loss: 0.8884 | train_acc: 0.6584 | test_loss: 1.4846 | test_acc: 0.4805 | 
Epoch: 11 | train_loss: 0.8843 | train_acc: 0.6336 | test_loss: 1.1709 | test_acc: 0.6055 | 
Epoch: 12 | train_loss: 0.8352 | train_acc: 0.6606 | test_loss: 1.1290 | test_acc: 0.4805 | 
Epoch: 13 | train_loss: 0.8133 | train_acc: 0.6573 | test_loss: 1.0465 | test_acc: 0.5312 | 
Epoch: 14 | train_loss: 0.7119 | train_acc: 0.7123 | test_loss: 1.2180 | test_acc: 0.4609 | 
Epoch: 15 | train_loss: 0.7329 | train_acc: 0.7058 | test_loss: 1.0247 | test_acc: 0.6250 | 
Epoch: 16 | train_loss: 0.7147 | train_acc: 0.6853 | test_loss: 1.0098 | test_acc: 0.6367 | 
Epoch: 17 | train_loss: 0.6730 | train_acc: 0.7058 | test_loss: 1.0739 | test_acc: 0.6719 | 
Epoch: 18 | train_loss: 0.6372 | train_acc: 0.7532 | test_loss: 1.0766 | test_acc: 0.6406 | 
Epoch: 19 | train_loss: 0.6359 | train_acc: 0.7522 | test_loss: 1.1225 | test_acc: 0.5820 | 
Epoch: 20 | train_loss: 0.6726 | train_acc: 0.7134 | test_loss: 0.9976 | test_acc: 0.6602 | 
Epoch: 21 | train_loss: 0.5814 | train_acc: 0.7726 | test_loss: 1.1304 | test_acc: 0.5938 | 
Epoch: 22 | train_loss: 0.6050 | train_acc: 0.7522 | test_loss: 1.1930 | test_acc: 0.5547 | 
Epoch: 23 | train_loss: 0.5518 | train_acc: 0.7856 | test_loss: 1.1186 | test_acc: 0.5742 | 
Epoch: 24 | train_loss: 0.4762 | train_acc: 0.8308 | test_loss: 1.1404 | test_acc: 0.6289 | 
Epoch: 25 | train_loss: 0.4654 | train_acc: 0.8394 | test_loss: 1.2487 | test_acc: 0.5938 | 
Epoch: 26 | train_loss: 0.5081 | train_acc: 0.7931 | test_loss: 1.0863 | test_acc: 0.6328 | 
Epoch: 27 | train_loss: 0.4824 | train_acc: 0.8082 | test_loss: 1.0822 | test_acc: 0.6445 | 
Epoch: 28 | train_loss: 0.4445 | train_acc: 0.8308 | test_loss: 0.9919 | test_acc: 0.6797 | 
Epoch: 29 | train_loss: 0.5207 | train_acc: 0.8103 | test_loss: 1.2701 | test_acc: 0.5625 | 
Epoch: 30 | train_loss: 0.4524 | train_acc: 0.8362 | test_loss: 1.2681 | test_acc: 0.5586 | 
Epoch: 31 | train_loss: 0.4372 | train_acc: 0.8427 | test_loss: 1.1007 | test_acc: 0.6445 | 
Epoch: 32 | train_loss: 0.4013 | train_acc: 0.8588 | test_loss: 1.2079 | test_acc: 0.5781 | 
Epoch: 33 | train_loss: 0.4675 | train_acc: 0.8276 | test_loss: 1.4405 | test_acc: 0.5469 | 
Epoch: 34 | train_loss: 0.4938 | train_acc: 0.7953 | test_loss: 1.0115 | test_acc: 0.5938 | 
Epoch: 35 | train_loss: 0.4111 | train_acc: 0.8265 | test_loss: 1.1338 | test_acc: 0.6055 | 
Epoch: 36 | train_loss: 0.3707 | train_acc: 0.8728 | test_loss: 1.2529 | test_acc: 0.5156 | 
Epoch: 37 | train_loss: 0.4141 | train_acc: 0.8168 | test_loss: 1.1636 | test_acc: 0.6406 | 
Epoch: 38 | train_loss: 0.4358 | train_acc: 0.8394 | test_loss: 1.2184 | test_acc: 0.6016 | 
Epoch: 39 | train_loss: 0.3878 | train_acc: 0.8351 | test_loss: 1.0298 | test_acc: 0.6719 | 
Epoch: 40 | train_loss: 0.3842 | train_acc: 0.8524 | test_loss: 1.3185 | test_acc: 0.5977 | 
Epoch: 41 | train_loss: 0.4229 | train_acc: 0.8330 | test_loss: 1.2740 | test_acc: 0.5742 | 
Epoch: 42 | train_loss: 0.3854 | train_acc: 0.8481 | test_loss: 1.1164 | test_acc: 0.6016 | 
Epoch: 43 | train_loss: 0.4048 | train_acc: 0.8556 | test_loss: 1.0346 | test_acc: 0.6523 | 
Epoch: 44 | train_loss: 0.4112 | train_acc: 0.8459 | test_loss: 1.0286 | test_acc: 0.6289 | 
Epoch: 45 | train_loss: 0.4223 | train_acc: 0.8308 | test_loss: 1.0695 | test_acc: 0.6250 | 
Epoch: 46 | train_loss: 0.3715 | train_acc: 0.8545 | test_loss: 1.0022 | test_acc: 0.6719 | 
Epoch: 47 | train_loss: 0.3129 | train_acc: 0.9127 | test_loss: 1.0152 | test_acc: 0.6211 | 
Epoch: 48 | train_loss: 0.3993 | train_acc: 0.8653 | test_loss: 1.1495 | test_acc: 0.5977 | 
Epoch: 49 | train_loss: 0.3564 | train_acc: 0.8707 | test_loss: 0.9804 | test_acc: 0.7031 | 
Epoch: 50 | train_loss: 0.3021 | train_acc: 0.8782 | test_loss: 1.1967 | test_acc: 0.6445 | 
⏱️ Total training time: 84.192 seconds
📊 Bands [298, 290, 427] -> Fitness: 0.6445
Dataset initialized with pre-loaded data. Total samples: 897
Band indices for training dataloader: [269, 371, 430]
Dataset initialized with pre-loaded data. Total samples: 226
Band indices for test dataloader: [269, 371, 430]
🔍 Starting evaluation of individual [269, 371, 430]
Epoch: 1 | train_loss: 1.3678 | train_acc: 0.3147 | test_loss: 1.2617 | test_acc: 0.4922 | 
Epoch: 2 | train_loss: 1.2547 | train_acc: 0.4084 | test_loss: 1.1628 | test_acc: 0.5352 | 
Epoch: 3 | train_loss: 1.1372 | train_acc: 0.5140 | test_loss: 1.1769 | test_acc: 0.4531 | 
Epoch: 4 | train_loss: 1.0407 | train_acc: 0.5550 | test_loss: 1.3127 | test_acc: 0.4609 | 
Epoch: 5 | train_loss: 0.9489 | train_acc: 0.6239 | test_loss: 1.3427 | test_acc: 0.4844 | 
Epoch: 6 | train_loss: 0.8877 | train_acc: 0.6261 | test_loss: 1.1227 | test_acc: 0.5117 | 
Epoch: 7 | train_loss: 0.8866 | train_acc: 0.6379 | test_loss: 1.4620 | test_acc: 0.5039 | 
Epoch: 8 | train_loss: 0.7832 | train_acc: 0.7198 | test_loss: 1.1575 | test_acc: 0.5312 | 
Epoch: 9 | train_loss: 0.7548 | train_acc: 0.6950 | test_loss: 1.1281 | test_acc: 0.5547 | 
Epoch: 10 | train_loss: 0.7050 | train_acc: 0.7306 | test_loss: 1.0424 | test_acc: 0.5703 | 
Epoch: 11 | train_loss: 0.6807 | train_acc: 0.7284 | test_loss: 1.0142 | test_acc: 0.6172 | 
Epoch: 12 | train_loss: 0.6159 | train_acc: 0.7554 | test_loss: 1.1506 | test_acc: 0.5586 | 
Epoch: 13 | train_loss: 0.6209 | train_acc: 0.7608 | test_loss: 1.1113 | test_acc: 0.5703 | 
Epoch: 14 | train_loss: 0.6093 | train_acc: 0.7489 | test_loss: 1.1262 | test_acc: 0.5742 | 
Epoch: 15 | train_loss: 0.5383 | train_acc: 0.8136 | test_loss: 1.1292 | test_acc: 0.5625 | 
Epoch: 16 | train_loss: 0.5270 | train_acc: 0.8147 | test_loss: 1.1893 | test_acc: 0.5820 | 
Epoch: 17 | train_loss: 0.5319 | train_acc: 0.8028 | test_loss: 1.0337 | test_acc: 0.5352 | 
Epoch: 18 | train_loss: 0.5493 | train_acc: 0.7802 | test_loss: 1.1244 | test_acc: 0.5469 | 
Epoch: 19 | train_loss: 0.4702 | train_acc: 0.8297 | test_loss: 1.0568 | test_acc: 0.5820 | 
Epoch: 20 | train_loss: 0.4377 | train_acc: 0.8481 | test_loss: 0.9162 | test_acc: 0.6484 | 
Epoch: 21 | train_loss: 0.4129 | train_acc: 0.8168 | test_loss: 1.0714 | test_acc: 0.5664 | 
Epoch: 22 | train_loss: 0.4790 | train_acc: 0.8491 | test_loss: 1.1218 | test_acc: 0.6172 | 
Epoch: 23 | train_loss: 0.4593 | train_acc: 0.8060 | test_loss: 0.9654 | test_acc: 0.6211 | 
Epoch: 24 | train_loss: 0.3804 | train_acc: 0.8847 | test_loss: 0.8555 | test_acc: 0.6836 | 
Epoch: 25 | train_loss: 0.4098 | train_acc: 0.8351 | test_loss: 1.0125 | test_acc: 0.6328 | 
Epoch: 26 | train_loss: 0.4646 | train_acc: 0.8265 | test_loss: 1.0113 | test_acc: 0.6172 | 
Epoch: 27 | train_loss: 0.3762 | train_acc: 0.8728 | test_loss: 0.9487 | test_acc: 0.6367 | 
Epoch: 28 | train_loss: 0.3879 | train_acc: 0.8513 | test_loss: 0.9044 | test_acc: 0.6953 | 
Epoch: 29 | train_loss: 0.4582 | train_acc: 0.8362 | test_loss: 0.8362 | test_acc: 0.7422 | 
Epoch: 30 | train_loss: 0.4016 | train_acc: 0.8545 | test_loss: 1.0520 | test_acc: 0.6602 | 
Epoch: 31 | train_loss: 0.3457 | train_acc: 0.8869 | test_loss: 0.8402 | test_acc: 0.7383 | 
Epoch: 32 | train_loss: 0.2921 | train_acc: 0.9116 | test_loss: 1.0684 | test_acc: 0.6211 | 
Epoch: 33 | train_loss: 0.3332 | train_acc: 0.8664 | test_loss: 0.9528 | test_acc: 0.7305 | 
Epoch: 34 | train_loss: 0.3838 | train_acc: 0.8631 | test_loss: 1.0693 | test_acc: 0.6758 | 
Epoch: 35 | train_loss: 0.3332 | train_acc: 0.8804 | test_loss: 0.9796 | test_acc: 0.6914 | 
Epoch: 36 | train_loss: 0.2849 | train_acc: 0.9095 | test_loss: 0.8778 | test_acc: 0.7031 | 
Epoch: 37 | train_loss: 0.3167 | train_acc: 0.8782 | test_loss: 1.0079 | test_acc: 0.6719 | 
Epoch: 38 | train_loss: 0.2844 | train_acc: 0.8847 | test_loss: 1.1121 | test_acc: 0.5703 | 
Epoch: 39 | train_loss: 0.3310 | train_acc: 0.8631 | test_loss: 0.9796 | test_acc: 0.6953 | 
Epoch: 40 | train_loss: 0.3923 | train_acc: 0.8761 | test_loss: 0.9332 | test_acc: 0.6875 | 
Epoch: 41 | train_loss: 0.3322 | train_acc: 0.8664 | test_loss: 1.0223 | test_acc: 0.6523 | 
Epoch: 42 | train_loss: 0.3048 | train_acc: 0.8836 | test_loss: 1.0831 | test_acc: 0.6562 | 
Epoch: 43 | train_loss: 0.3199 | train_acc: 0.8869 | test_loss: 0.9748 | test_acc: 0.6484 | 
Epoch: 44 | train_loss: 0.2558 | train_acc: 0.8966 | test_loss: 0.9923 | test_acc: 0.6523 | 
Epoch: 45 | train_loss: 0.1952 | train_acc: 0.9353 | test_loss: 0.9963 | test_acc: 0.6875 | 
Epoch: 46 | train_loss: 0.2642 | train_acc: 0.9159 | test_loss: 0.9116 | test_acc: 0.7422 | 
Epoch: 47 | train_loss: 0.2201 | train_acc: 0.9267 | test_loss: 1.0497 | test_acc: 0.6875 | 
Epoch: 48 | train_loss: 0.2701 | train_acc: 0.9170 | test_loss: 1.1301 | test_acc: 0.6367 | 
Epoch: 49 | train_loss: 0.2515 | train_acc: 0.9009 | test_loss: 1.2302 | test_acc: 0.6484 | 
Epoch: 50 | train_loss: 0.2711 | train_acc: 0.8955 | test_loss: 1.0377 | test_acc: 0.6758 | 
⏱️ Total training time: 90.756 seconds
📊 Bands [269, 371, 430] -> Fitness: 0.6758
Dataset initialized with pre-loaded data. Total samples: 897
Band indices for training dataloader: [116, 46, 16]
Dataset initialized with pre-loaded data. Total samples: 226
Band indices for test dataloader: [116, 46, 16]
🔍 Starting evaluation of individual [116, 46, 16]
Epoch: 1 | train_loss: 1.3696 | train_acc: 0.3028 | test_loss: 1.3075 | test_acc: 0.3828 | 
Epoch: 2 | train_loss: 1.2480 | train_acc: 0.4418 | test_loss: 1.3966 | test_acc: 0.3789 | 
Epoch: 3 | train_loss: 1.1851 | train_acc: 0.4623 | test_loss: 1.2151 | test_acc: 0.4922 | 
Epoch: 4 | train_loss: 1.0898 | train_acc: 0.5151 | test_loss: 1.3838 | test_acc: 0.4961 | 
Epoch: 5 | train_loss: 1.0212 | train_acc: 0.5765 | test_loss: 1.1148 | test_acc: 0.5469 | 
Epoch: 6 | train_loss: 0.9619 | train_acc: 0.5797 | test_loss: 1.0424 | test_acc: 0.6172 | 
Epoch: 7 | train_loss: 0.9034 | train_acc: 0.6433 | test_loss: 1.1449 | test_acc: 0.5312 | 
Epoch: 8 | train_loss: 0.8154 | train_acc: 0.6562 | test_loss: 1.1552 | test_acc: 0.5547 | 
Epoch: 9 | train_loss: 0.8561 | train_acc: 0.6584 | test_loss: 1.0591 | test_acc: 0.5586 | 
Epoch: 10 | train_loss: 0.7270 | train_acc: 0.7328 | test_loss: 1.2105 | test_acc: 0.5703 | 
Epoch: 11 | train_loss: 0.7307 | train_acc: 0.7263 | test_loss: 1.0578 | test_acc: 0.5859 | 
Epoch: 12 | train_loss: 0.7283 | train_acc: 0.7144 | test_loss: 1.0751 | test_acc: 0.5742 | 
Epoch: 13 | train_loss: 0.6381 | train_acc: 0.7532 | test_loss: 0.9339 | test_acc: 0.5898 | 
Epoch: 14 | train_loss: 0.6127 | train_acc: 0.7575 | test_loss: 0.9978 | test_acc: 0.5977 | 
Epoch: 15 | train_loss: 0.5933 | train_acc: 0.7791 | test_loss: 0.8715 | test_acc: 0.7070 | 
Epoch: 16 | train_loss: 0.5592 | train_acc: 0.7909 | test_loss: 1.0144 | test_acc: 0.6523 | 
Epoch: 17 | train_loss: 0.5157 | train_acc: 0.8071 | test_loss: 0.9139 | test_acc: 0.6445 | 
Epoch: 18 | train_loss: 0.4902 | train_acc: 0.7953 | test_loss: 1.0027 | test_acc: 0.6406 | 
Epoch: 19 | train_loss: 0.4633 | train_acc: 0.8459 | test_loss: 1.0783 | test_acc: 0.6328 | 
Epoch: 20 | train_loss: 0.4911 | train_acc: 0.7996 | test_loss: 1.3589 | test_acc: 0.5742 | 
Epoch: 21 | train_loss: 0.5565 | train_acc: 0.7812 | test_loss: 1.0016 | test_acc: 0.6484 | 
Epoch: 22 | train_loss: 0.4986 | train_acc: 0.8157 | test_loss: 1.1141 | test_acc: 0.6250 | 
Epoch: 23 | train_loss: 0.4288 | train_acc: 0.8287 | test_loss: 1.1321 | test_acc: 0.6328 | 
Epoch: 24 | train_loss: 0.4249 | train_acc: 0.8330 | test_loss: 0.9885 | test_acc: 0.6328 | 
Epoch: 25 | train_loss: 0.4199 | train_acc: 0.8481 | test_loss: 1.1889 | test_acc: 0.5977 | 
Epoch: 26 | train_loss: 0.3703 | train_acc: 0.8750 | test_loss: 1.0195 | test_acc: 0.6680 | 
Epoch: 27 | train_loss: 0.4224 | train_acc: 0.8427 | test_loss: 1.1819 | test_acc: 0.5898 | 
Epoch: 28 | train_loss: 0.3769 | train_acc: 0.8427 | test_loss: 0.9929 | test_acc: 0.6719 | 
Epoch: 29 | train_loss: 0.3630 | train_acc: 0.8567 | test_loss: 0.9234 | test_acc: 0.6445 | 
Epoch: 30 | train_loss: 0.4257 | train_acc: 0.8416 | test_loss: 0.8963 | test_acc: 0.6602 | 
Epoch: 31 | train_loss: 0.4284 | train_acc: 0.8394 | test_loss: 0.7743 | test_acc: 0.7461 | 
Epoch: 32 | train_loss: 0.3774 | train_acc: 0.8534 | test_loss: 0.8535 | test_acc: 0.7188 | 
Epoch: 33 | train_loss: 0.3594 | train_acc: 0.8599 | test_loss: 0.9247 | test_acc: 0.7227 | 
Epoch: 34 | train_loss: 0.3090 | train_acc: 0.9009 | test_loss: 1.0742 | test_acc: 0.6406 | 
Epoch: 35 | train_loss: 0.2684 | train_acc: 0.8890 | test_loss: 0.9201 | test_acc: 0.7031 | 
Epoch: 36 | train_loss: 0.3109 | train_acc: 0.8675 | test_loss: 1.1595 | test_acc: 0.6445 | 
Epoch: 37 | train_loss: 0.3010 | train_acc: 0.8815 | test_loss: 1.0219 | test_acc: 0.7305 | 
Epoch: 38 | train_loss: 0.2965 | train_acc: 0.8793 | test_loss: 0.9277 | test_acc: 0.6875 | 
Epoch: 39 | train_loss: 0.3386 | train_acc: 0.8588 | test_loss: 1.1074 | test_acc: 0.6797 | 
Epoch: 40 | train_loss: 0.3274 | train_acc: 0.8718 | test_loss: 1.0304 | test_acc: 0.7148 | 
Epoch: 41 | train_loss: 0.2644 | train_acc: 0.8836 | test_loss: 0.9480 | test_acc: 0.7266 | 
Epoch: 42 | train_loss: 0.3620 | train_acc: 0.8772 | test_loss: 1.0885 | test_acc: 0.6719 | 
Epoch: 43 | train_loss: 0.2698 | train_acc: 0.8955 | test_loss: 1.1359 | test_acc: 0.6562 | 
Epoch: 44 | train_loss: 0.3079 | train_acc: 0.8858 | test_loss: 1.0187 | test_acc: 0.6680 | 
Epoch: 45 | train_loss: 0.2223 | train_acc: 0.9267 | test_loss: 1.1581 | test_acc: 0.6953 | 
Epoch: 46 | train_loss: 0.2329 | train_acc: 0.9030 | test_loss: 1.1370 | test_acc: 0.6719 | 
Epoch: 47 | train_loss: 0.2067 | train_acc: 0.9397 | test_loss: 1.1312 | test_acc: 0.6602 | 
Epoch: 48 | train_loss: 0.2599 | train_acc: 0.9084 | test_loss: 1.3458 | test_acc: 0.6172 | 
Epoch: 49 | train_loss: 0.3265 | train_acc: 0.9030 | test_loss: 1.4590 | test_acc: 0.6406 | 
Epoch: 50 | train_loss: 0.3760 | train_acc: 0.8728 | test_loss: 1.1347 | test_acc: 0.6719 | 
⏱️ Total training time: 93.439 seconds
📊 Bands [116, 46, 16] -> Fitness: 0.6719
Dataset initialized with pre-loaded data. Total samples: 897
Band indices for training dataloader: [249, 347, 447]
Dataset initialized with pre-loaded data. Total samples: 226
Band indices for test dataloader: [249, 347, 447]
🔍 Starting evaluation of individual [249, 347, 447]
Epoch: 1 | train_loss: 1.3513 | train_acc: 0.3750 | test_loss: 1.2876 | test_acc: 0.4297 | 
Epoch: 2 | train_loss: 1.2339 | train_acc: 0.4397 | test_loss: 1.3467 | test_acc: 0.3320 | 
Epoch: 3 | train_loss: 1.1013 | train_acc: 0.5259 | test_loss: 1.3159 | test_acc: 0.4883 | 
Epoch: 4 | train_loss: 1.0959 | train_acc: 0.5399 | test_loss: 1.3702 | test_acc: 0.4805 | 
Epoch: 5 | train_loss: 0.9777 | train_acc: 0.5851 | test_loss: 1.1471 | test_acc: 0.4375 | 
Epoch: 6 | train_loss: 0.8879 | train_acc: 0.6272 | test_loss: 1.4006 | test_acc: 0.4531 | 
Epoch: 7 | train_loss: 0.8773 | train_acc: 0.6218 | test_loss: 1.1179 | test_acc: 0.6172 | 
Epoch: 8 | train_loss: 0.7585 | train_acc: 0.6918 | test_loss: 1.1266 | test_acc: 0.5703 | 
Epoch: 9 | train_loss: 0.7673 | train_acc: 0.6907 | test_loss: 1.0897 | test_acc: 0.5508 | 
Epoch: 10 | train_loss: 0.7019 | train_acc: 0.7101 | test_loss: 1.0639 | test_acc: 0.5898 | 
Epoch: 11 | train_loss: 0.6228 | train_acc: 0.7640 | test_loss: 1.4581 | test_acc: 0.4102 | 
Epoch: 12 | train_loss: 0.5772 | train_acc: 0.8028 | test_loss: 1.0560 | test_acc: 0.6133 | 
Epoch: 13 | train_loss: 0.5722 | train_acc: 0.7726 | test_loss: 1.0715 | test_acc: 0.6250 | 
Epoch: 14 | train_loss: 0.5042 | train_acc: 0.8233 | test_loss: 1.1974 | test_acc: 0.6484 | 
Epoch: 15 | train_loss: 0.5049 | train_acc: 0.7963 | test_loss: 1.1099 | test_acc: 0.5820 | 
Epoch: 16 | train_loss: 0.4876 | train_acc: 0.8028 | test_loss: 1.3890 | test_acc: 0.6172 | 
Epoch: 17 | train_loss: 0.4496 | train_acc: 0.8147 | test_loss: 1.0814 | test_acc: 0.6172 | 
Epoch: 18 | train_loss: 0.4636 | train_acc: 0.8200 | test_loss: 1.0927 | test_acc: 0.5977 | 
Epoch: 19 | train_loss: 0.5239 | train_acc: 0.8125 | test_loss: 1.1206 | test_acc: 0.5977 | 
Epoch: 20 | train_loss: 0.4258 | train_acc: 0.8287 | test_loss: 1.1200 | test_acc: 0.5859 | 
Epoch: 21 | train_loss: 0.3977 | train_acc: 0.8621 | test_loss: 1.2809 | test_acc: 0.5977 | 
Epoch: 22 | train_loss: 0.3930 | train_acc: 0.8308 | test_loss: 1.2270 | test_acc: 0.6328 | 
Epoch: 23 | train_loss: 0.3954 | train_acc: 0.8373 | test_loss: 1.2463 | test_acc: 0.5508 | 
Epoch: 24 | train_loss: 0.3926 | train_acc: 0.8297 | test_loss: 1.2619 | test_acc: 0.5664 | 
Epoch: 25 | train_loss: 0.3788 | train_acc: 0.8610 | test_loss: 1.1102 | test_acc: 0.6211 | 
Epoch: 26 | train_loss: 0.3867 | train_acc: 0.8534 | test_loss: 1.0315 | test_acc: 0.6289 | 
Epoch: 27 | train_loss: 0.3117 | train_acc: 0.8869 | test_loss: 0.9892 | test_acc: 0.6914 | 
Epoch: 28 | train_loss: 0.3616 | train_acc: 0.8782 | test_loss: 0.9497 | test_acc: 0.6758 | 
Epoch: 29 | train_loss: 0.2959 | train_acc: 0.8976 | test_loss: 0.8130 | test_acc: 0.7344 | 
Epoch: 30 | train_loss: 0.3299 | train_acc: 0.8793 | test_loss: 0.9096 | test_acc: 0.7031 | 
Epoch: 31 | train_loss: 0.3534 | train_acc: 0.8761 | test_loss: 0.9668 | test_acc: 0.6523 | 
Epoch: 32 | train_loss: 0.3152 | train_acc: 0.8707 | test_loss: 0.9509 | test_acc: 0.7031 | 
Epoch: 33 | train_loss: 0.2630 | train_acc: 0.9159 | test_loss: 1.0304 | test_acc: 0.6992 | 
Epoch: 34 | train_loss: 0.2717 | train_acc: 0.8772 | test_loss: 1.0703 | test_acc: 0.6797 | 
Epoch: 35 | train_loss: 0.2831 | train_acc: 0.9052 | test_loss: 1.0284 | test_acc: 0.6289 | 
Epoch: 36 | train_loss: 0.3209 | train_acc: 0.8933 | test_loss: 0.8884 | test_acc: 0.7422 | 
Epoch: 37 | train_loss: 0.2230 | train_acc: 0.9256 | test_loss: 0.8936 | test_acc: 0.7656 | 
Epoch: 38 | train_loss: 0.1950 | train_acc: 0.9300 | test_loss: 1.0393 | test_acc: 0.6875 | 
Epoch: 39 | train_loss: 0.2499 | train_acc: 0.9073 | test_loss: 1.1018 | test_acc: 0.7109 | 
Epoch: 40 | train_loss: 0.2748 | train_acc: 0.8836 | test_loss: 1.0000 | test_acc: 0.6914 | 
Epoch: 41 | train_loss: 0.2290 | train_acc: 0.9246 | test_loss: 0.9008 | test_acc: 0.7422 | 
Epoch: 42 | train_loss: 0.2740 | train_acc: 0.9095 | test_loss: 0.9588 | test_acc: 0.7578 | 
Epoch: 43 | train_loss: 0.1654 | train_acc: 0.9407 | test_loss: 0.8980 | test_acc: 0.7305 | 
Epoch: 44 | train_loss: 0.3878 | train_acc: 0.9149 | test_loss: 0.9892 | test_acc: 0.7227 | 
Epoch: 45 | train_loss: 0.2731 | train_acc: 0.8869 | test_loss: 0.9246 | test_acc: 0.6953 | 
Epoch: 46 | train_loss: 0.2012 | train_acc: 0.9310 | test_loss: 0.8753 | test_acc: 0.7070 | 
Epoch: 47 | train_loss: 0.1658 | train_acc: 0.9526 | test_loss: 0.9461 | test_acc: 0.7305 | 
Epoch: 48 | train_loss: 0.2113 | train_acc: 0.9375 | test_loss: 1.0121 | test_acc: 0.7422 | 
Epoch: 49 | train_loss: 0.2468 | train_acc: 0.9041 | test_loss: 1.0115 | test_acc: 0.7383 | 
Epoch: 50 | train_loss: 0.2224 | train_acc: 0.9256 | test_loss: 1.0128 | test_acc: 0.7227 | 
⏱️ Total training time: 91.640 seconds
📊 Bands [249, 347, 447] -> Fitness: 0.7227
Dataset initialized with pre-loaded data. Total samples: 897
Band indices for training dataloader: [136, 70, 0]
Dataset initialized with pre-loaded data. Total samples: 226
Band indices for test dataloader: [136, 70, 0]
🔍 Starting evaluation of individual [136, 70, 0]
Epoch: 1 | train_loss: 1.3804 | train_acc: 0.2769 | test_loss: 1.3277 | test_acc: 0.3789 | 
Epoch: 2 | train_loss: 1.2954 | train_acc: 0.4203 | test_loss: 1.2514 | test_acc: 0.4883 | 
Epoch: 3 | train_loss: 1.1921 | train_acc: 0.4494 | test_loss: 1.2817 | test_acc: 0.4102 | 
Epoch: 4 | train_loss: 1.1525 | train_acc: 0.4537 | test_loss: 1.2294 | test_acc: 0.4688 | 
Epoch: 5 | train_loss: 1.0761 | train_acc: 0.5485 | test_loss: 1.2416 | test_acc: 0.4727 | 
Epoch: 6 | train_loss: 1.0196 | train_acc: 0.5905 | test_loss: 1.1333 | test_acc: 0.5391 | 
Epoch: 7 | train_loss: 0.9689 | train_acc: 0.6164 | test_loss: 1.2066 | test_acc: 0.5039 | 
Epoch: 8 | train_loss: 0.9757 | train_acc: 0.5776 | test_loss: 1.1287 | test_acc: 0.5273 | 
Epoch: 9 | train_loss: 0.8684 | train_acc: 0.6509 | test_loss: 1.1454 | test_acc: 0.5625 | 
Epoch: 10 | train_loss: 0.8618 | train_acc: 0.6336 | test_loss: 1.1107 | test_acc: 0.5469 | 
Epoch: 11 | train_loss: 0.8095 | train_acc: 0.6562 | test_loss: 1.2327 | test_acc: 0.5547 | 
Epoch: 12 | train_loss: 0.7644 | train_acc: 0.7015 | test_loss: 1.1221 | test_acc: 0.5430 | 
Epoch: 13 | train_loss: 0.6813 | train_acc: 0.7522 | test_loss: 1.3057 | test_acc: 0.5117 | 
Epoch: 14 | train_loss: 0.7405 | train_acc: 0.7069 | test_loss: 1.0071 | test_acc: 0.5469 | 
Epoch: 15 | train_loss: 0.6698 | train_acc: 0.7672 | test_loss: 0.9215 | test_acc: 0.6602 | 
Epoch: 16 | train_loss: 0.5987 | train_acc: 0.7511 | test_loss: 0.9980 | test_acc: 0.6523 | 
Epoch: 17 | train_loss: 0.5300 | train_acc: 0.8050 | test_loss: 1.1837 | test_acc: 0.5820 | 
Epoch: 18 | train_loss: 0.6501 | train_acc: 0.7371 | test_loss: 1.1258 | test_acc: 0.6211 | 
Epoch: 19 | train_loss: 0.5784 | train_acc: 0.8093 | test_loss: 1.0867 | test_acc: 0.6367 | 
Epoch: 20 | train_loss: 0.5680 | train_acc: 0.7866 | test_loss: 1.1673 | test_acc: 0.5039 | 
Epoch: 21 | train_loss: 0.5164 | train_acc: 0.8017 | test_loss: 1.1685 | test_acc: 0.5039 | 
Epoch: 22 | train_loss: 0.4432 | train_acc: 0.8427 | test_loss: 1.2868 | test_acc: 0.4883 | 
Epoch: 23 | train_loss: 0.5135 | train_acc: 0.8071 | test_loss: 1.1539 | test_acc: 0.5391 | 
Epoch: 24 | train_loss: 0.5103 | train_acc: 0.8114 | test_loss: 1.2124 | test_acc: 0.5664 | 
Epoch: 25 | train_loss: 0.4497 | train_acc: 0.8373 | test_loss: 1.1674 | test_acc: 0.6523 | 
Epoch: 26 | train_loss: 0.3780 | train_acc: 0.8718 | test_loss: 1.0250 | test_acc: 0.6523 | 
Epoch: 27 | train_loss: 0.4088 | train_acc: 0.8200 | test_loss: 1.0506 | test_acc: 0.6680 | 
Epoch: 28 | train_loss: 0.4433 | train_acc: 0.8373 | test_loss: 1.1238 | test_acc: 0.6016 | 
Epoch: 29 | train_loss: 0.4226 | train_acc: 0.8491 | test_loss: 1.2983 | test_acc: 0.6445 | 
Epoch: 30 | train_loss: 0.3954 | train_acc: 0.8513 | test_loss: 1.2769 | test_acc: 0.6523 | 
Epoch: 31 | train_loss: 0.5088 | train_acc: 0.8006 | test_loss: 1.1381 | test_acc: 0.6445 | 
Epoch: 32 | train_loss: 0.3549 | train_acc: 0.8879 | test_loss: 1.1282 | test_acc: 0.6445 | 
Epoch: 33 | train_loss: 0.3992 | train_acc: 0.8502 | test_loss: 1.0123 | test_acc: 0.6758 | 
Epoch: 34 | train_loss: 0.3810 | train_acc: 0.8567 | test_loss: 1.0630 | test_acc: 0.6562 | 
Epoch: 35 | train_loss: 0.3317 | train_acc: 0.8631 | test_loss: 1.0660 | test_acc: 0.6719 | 
Epoch: 36 | train_loss: 0.3846 | train_acc: 0.8631 | test_loss: 1.1050 | test_acc: 0.6445 | 
Epoch: 37 | train_loss: 0.4567 | train_acc: 0.8524 | test_loss: 1.1544 | test_acc: 0.6797 | 
Epoch: 38 | train_loss: 0.3461 | train_acc: 0.8696 | test_loss: 1.1923 | test_acc: 0.5977 | 
Epoch: 39 | train_loss: 0.3278 | train_acc: 0.8664 | test_loss: 1.4226 | test_acc: 0.6172 | 
Epoch: 40 | train_loss: 0.3395 | train_acc: 0.8728 | test_loss: 0.9553 | test_acc: 0.6719 | 
Epoch: 41 | train_loss: 0.3596 | train_acc: 0.8664 | test_loss: 1.0874 | test_acc: 0.6094 | 
Epoch: 42 | train_loss: 0.3348 | train_acc: 0.8707 | test_loss: 1.1323 | test_acc: 0.6797 | 
Epoch: 43 | train_loss: 0.3013 | train_acc: 0.9062 | test_loss: 1.1188 | test_acc: 0.6680 | 
Epoch: 44 | train_loss: 0.2966 | train_acc: 0.8879 | test_loss: 1.0853 | test_acc: 0.6641 | 
Epoch: 45 | train_loss: 0.3132 | train_acc: 0.8772 | test_loss: 1.2048 | test_acc: 0.6523 | 
Epoch: 46 | train_loss: 0.3335 | train_acc: 0.8481 | test_loss: 1.2735 | test_acc: 0.6367 | 
Epoch: 47 | train_loss: 0.2960 | train_acc: 0.9052 | test_loss: 1.0014 | test_acc: 0.6797 | 
Epoch: 48 | train_loss: 0.2126 | train_acc: 0.9246 | test_loss: 1.2233 | test_acc: 0.6680 | 
Epoch: 49 | train_loss: 0.2513 | train_acc: 0.9138 | test_loss: 1.3380 | test_acc: 0.6562 | 
Epoch: 50 | train_loss: 0.3104 | train_acc: 0.8998 | test_loss: 1.1634 | test_acc: 0.6484 | 
⏱️ Total training time: 93.137 seconds
📊 Bands [136, 70, 0] -> Fitness: 0.6484
Bands [115, 361, 447] found in history. Returning cached fitness.
Bands [115, 361, 447] found in history. Returning cached fitness.
Dataset initialized with pre-loaded data. Total samples: 897
Band indices for training dataloader: [260, 139, 94]
Dataset initialized with pre-loaded data. Total samples: 226
Band indices for test dataloader: [260, 139, 94]
🔍 Starting evaluation of individual [260, 139, 94]
Epoch: 1 | train_loss: 1.3744 | train_acc: 0.3265 | test_loss: 1.4213 | test_acc: 0.3281 | 
Epoch: 2 | train_loss: 1.2378 | train_acc: 0.4774 | test_loss: 1.4279 | test_acc: 0.4570 | 
Epoch: 3 | train_loss: 1.1359 | train_acc: 0.4925 | test_loss: 1.1551 | test_acc: 0.5469 | 
Epoch: 4 | train_loss: 1.0744 | train_acc: 0.5269 | test_loss: 1.3573 | test_acc: 0.5156 | 
Epoch: 5 | train_loss: 1.0058 | train_acc: 0.5744 | test_loss: 0.9903 | test_acc: 0.6016 | 
Epoch: 6 | train_loss: 0.9442 | train_acc: 0.5981 | test_loss: 1.1170 | test_acc: 0.5820 | 
Epoch: 7 | train_loss: 0.9082 | train_acc: 0.6250 | test_loss: 1.0843 | test_acc: 0.5742 | 
Epoch: 8 | train_loss: 0.8140 | train_acc: 0.6756 | test_loss: 1.0264 | test_acc: 0.6289 | 
Epoch: 9 | train_loss: 0.8334 | train_acc: 0.6832 | test_loss: 1.0485 | test_acc: 0.5859 | 
Epoch: 10 | train_loss: 0.8006 | train_acc: 0.6735 | test_loss: 1.0030 | test_acc: 0.6211 | 
Epoch: 11 | train_loss: 0.7199 | train_acc: 0.7209 | test_loss: 1.0365 | test_acc: 0.6250 | 
Epoch: 12 | train_loss: 0.7424 | train_acc: 0.7004 | test_loss: 0.9708 | test_acc: 0.6562 | 
Epoch: 13 | train_loss: 0.6042 | train_acc: 0.7856 | test_loss: 0.9626 | test_acc: 0.6758 | 
Epoch: 14 | train_loss: 0.6856 | train_acc: 0.7177 | test_loss: 0.9433 | test_acc: 0.6875 | 
Epoch: 15 | train_loss: 0.5629 | train_acc: 0.8060 | test_loss: 0.8930 | test_acc: 0.6875 | 
Epoch: 16 | train_loss: 0.5631 | train_acc: 0.8050 | test_loss: 0.9561 | test_acc: 0.6445 | 
Epoch: 17 | train_loss: 0.5936 | train_acc: 0.7888 | test_loss: 0.8846 | test_acc: 0.6875 | 
Epoch: 18 | train_loss: 0.4457 | train_acc: 0.8448 | test_loss: 0.8888 | test_acc: 0.6758 | 
Epoch: 19 | train_loss: 0.5245 | train_acc: 0.8006 | test_loss: 0.8485 | test_acc: 0.6758 | 
Epoch: 20 | train_loss: 0.4905 | train_acc: 0.7942 | test_loss: 0.8540 | test_acc: 0.6992 | 
Epoch: 21 | train_loss: 0.4209 | train_acc: 0.8567 | test_loss: 0.8576 | test_acc: 0.7383 | 
Epoch: 22 | train_loss: 0.4187 | train_acc: 0.8513 | test_loss: 1.0045 | test_acc: 0.6602 | 
Epoch: 23 | train_loss: 0.4775 | train_acc: 0.8060 | test_loss: 1.0481 | test_acc: 0.6641 | 
Epoch: 24 | train_loss: 0.4326 | train_acc: 0.8459 | test_loss: 0.8765 | test_acc: 0.7188 | 
Epoch: 25 | train_loss: 0.3731 | train_acc: 0.8621 | test_loss: 0.8921 | test_acc: 0.7227 | 
Epoch: 26 | train_loss: 0.4009 | train_acc: 0.8513 | test_loss: 1.0788 | test_acc: 0.6641 | 
Epoch: 27 | train_loss: 0.3291 | train_acc: 0.8675 | test_loss: 0.9040 | test_acc: 0.6914 | 
Epoch: 28 | train_loss: 0.3281 | train_acc: 0.8728 | test_loss: 1.0203 | test_acc: 0.6992 | 
Epoch: 29 | train_loss: 0.3808 | train_acc: 0.8351 | test_loss: 0.7989 | test_acc: 0.6914 | 
Epoch: 30 | train_loss: 0.4847 | train_acc: 0.8330 | test_loss: 0.9326 | test_acc: 0.7148 | 
Epoch: 31 | train_loss: 0.3666 | train_acc: 0.8610 | test_loss: 1.0044 | test_acc: 0.7031 | 
Epoch: 32 | train_loss: 0.3636 | train_acc: 0.8739 | test_loss: 0.8843 | test_acc: 0.7344 | 
Epoch: 33 | train_loss: 0.3678 | train_acc: 0.8696 | test_loss: 0.8540 | test_acc: 0.7461 | 
Epoch: 34 | train_loss: 0.3471 | train_acc: 0.8491 | test_loss: 0.8485 | test_acc: 0.7070 | 
Epoch: 35 | train_loss: 0.3279 | train_acc: 0.8718 | test_loss: 0.9092 | test_acc: 0.6562 | 
Epoch: 36 | train_loss: 0.3526 | train_acc: 0.8707 | test_loss: 1.0799 | test_acc: 0.6836 | 
Epoch: 37 | train_loss: 0.3305 | train_acc: 0.8675 | test_loss: 1.0118 | test_acc: 0.6641 | 
Epoch: 38 | train_loss: 0.2985 | train_acc: 0.8998 | test_loss: 0.8653 | test_acc: 0.7266 | 
Epoch: 39 | train_loss: 0.2808 | train_acc: 0.8987 | test_loss: 0.8930 | test_acc: 0.7266 | 
Epoch: 40 | train_loss: 0.3914 | train_acc: 0.8793 | test_loss: 0.9267 | test_acc: 0.7344 | 
Epoch: 41 | train_loss: 0.3202 | train_acc: 0.8685 | test_loss: 0.9167 | test_acc: 0.7305 | 
Epoch: 42 | train_loss: 0.2808 | train_acc: 0.8912 | test_loss: 0.9809 | test_acc: 0.7070 | 
Epoch: 43 | train_loss: 0.3555 | train_acc: 0.8696 | test_loss: 0.9707 | test_acc: 0.6680 | 
Epoch: 44 | train_loss: 0.2137 | train_acc: 0.9321 | test_loss: 0.8848 | test_acc: 0.7422 | 
Epoch: 45 | train_loss: 0.2728 | train_acc: 0.8858 | test_loss: 1.0062 | test_acc: 0.7266 | 
Epoch: 46 | train_loss: 0.3131 | train_acc: 0.8685 | test_loss: 0.9410 | test_acc: 0.7266 | 
Epoch: 47 | train_loss: 0.2686 | train_acc: 0.8901 | test_loss: 0.8489 | test_acc: 0.7031 | 
Epoch: 48 | train_loss: 0.2025 | train_acc: 0.9256 | test_loss: 0.8750 | test_acc: 0.7422 | 
Epoch: 49 | train_loss: 0.2590 | train_acc: 0.9084 | test_loss: 1.1639 | test_acc: 0.6953 | 
Epoch: 50 | train_loss: 0.2960 | train_acc: 0.8879 | test_loss: 0.9337 | test_acc: 0.7539 | 
⏱️ Total training time: 87.023 seconds
📊 Bands [260, 139, 94] -> Fitness: 0.7539
Dataset initialized with pre-loaded data. Total samples: 897
Band indices for training dataloader: [245, 60, 410]
Dataset initialized with pre-loaded data. Total samples: 226
Band indices for test dataloader: [245, 60, 410]
🔍 Starting evaluation of individual [245, 60, 410]
Epoch: 1 | train_loss: 1.3675 | train_acc: 0.3082 | test_loss: 1.2733 | test_acc: 0.4375 | 
Epoch: 2 | train_loss: 1.1957 | train_acc: 0.4849 | test_loss: 1.2804 | test_acc: 0.4258 | 
Epoch: 3 | train_loss: 1.1112 | train_acc: 0.5183 | test_loss: 1.2188 | test_acc: 0.5000 | 
Epoch: 4 | train_loss: 1.0844 | train_acc: 0.5582 | test_loss: 1.1426 | test_acc: 0.5625 | 
Epoch: 5 | train_loss: 0.9543 | train_acc: 0.5938 | test_loss: 1.1621 | test_acc: 0.5195 | 
Epoch: 6 | train_loss: 0.9613 | train_acc: 0.5894 | test_loss: 1.1749 | test_acc: 0.5156 | 
Epoch: 7 | train_loss: 0.8415 | train_acc: 0.6519 | test_loss: 1.2814 | test_acc: 0.4609 | 
Epoch: 8 | train_loss: 0.7747 | train_acc: 0.6918 | test_loss: 1.1959 | test_acc: 0.5508 | 
Epoch: 9 | train_loss: 0.6474 | train_acc: 0.7608 | test_loss: 1.0929 | test_acc: 0.6211 | 
Epoch: 10 | train_loss: 0.6628 | train_acc: 0.7425 | test_loss: 1.0350 | test_acc: 0.6289 | 
Epoch: 11 | train_loss: 0.6204 | train_acc: 0.7597 | test_loss: 0.9340 | test_acc: 0.6953 | 
Epoch: 12 | train_loss: 0.6135 | train_acc: 0.7425 | test_loss: 0.9386 | test_acc: 0.6914 | 
Epoch: 13 | train_loss: 0.6317 | train_acc: 0.7478 | test_loss: 1.0606 | test_acc: 0.6680 | 
Epoch: 14 | train_loss: 0.5682 | train_acc: 0.7963 | test_loss: 1.0600 | test_acc: 0.6055 | 
Epoch: 15 | train_loss: 0.5991 | train_acc: 0.7985 | test_loss: 0.9616 | test_acc: 0.6914 | 
Epoch: 16 | train_loss: 0.5241 | train_acc: 0.8157 | test_loss: 0.8421 | test_acc: 0.7188 | 
Epoch: 17 | train_loss: 0.4831 | train_acc: 0.8103 | test_loss: 1.1142 | test_acc: 0.6367 | 
Epoch: 18 | train_loss: 0.4403 | train_acc: 0.8459 | test_loss: 1.0219 | test_acc: 0.6328 | 
Epoch: 19 | train_loss: 0.3890 | train_acc: 0.8642 | test_loss: 1.0443 | test_acc: 0.6016 | 
Epoch: 20 | train_loss: 0.3638 | train_acc: 0.8675 | test_loss: 1.0589 | test_acc: 0.6484 | 
Epoch: 21 | train_loss: 0.3108 | train_acc: 0.8879 | test_loss: 1.0220 | test_acc: 0.6836 | 
Epoch: 22 | train_loss: 0.3086 | train_acc: 0.8944 | test_loss: 1.0067 | test_acc: 0.6562 | 
Epoch: 23 | train_loss: 0.4130 | train_acc: 0.8427 | test_loss: 1.1345 | test_acc: 0.5898 | 
Epoch: 24 | train_loss: 0.4291 | train_acc: 0.8502 | test_loss: 0.9699 | test_acc: 0.6484 | 
Epoch: 25 | train_loss: 0.3568 | train_acc: 0.8793 | test_loss: 1.1702 | test_acc: 0.5781 | 
Epoch: 26 | train_loss: 0.4115 | train_acc: 0.8394 | test_loss: 0.8663 | test_acc: 0.7383 | 
Epoch: 27 | train_loss: 0.2834 | train_acc: 0.9073 | test_loss: 1.0191 | test_acc: 0.7148 | 
Epoch: 28 | train_loss: 0.3930 | train_acc: 0.8804 | test_loss: 0.9857 | test_acc: 0.6797 | 
Epoch: 29 | train_loss: 0.3797 | train_acc: 0.8793 | test_loss: 0.9865 | test_acc: 0.6289 | 
Epoch: 30 | train_loss: 0.3565 | train_acc: 0.8728 | test_loss: 0.9211 | test_acc: 0.7227 | 
Epoch: 31 | train_loss: 0.3454 | train_acc: 0.8922 | test_loss: 1.0726 | test_acc: 0.6445 | 
Epoch: 32 | train_loss: 0.2993 | train_acc: 0.8685 | test_loss: 1.0138 | test_acc: 0.6758 | 
Epoch: 33 | train_loss: 0.3207 | train_acc: 0.8761 | test_loss: 1.0204 | test_acc: 0.7266 | 
Epoch: 34 | train_loss: 0.2521 | train_acc: 0.9127 | test_loss: 0.9280 | test_acc: 0.7227 | 
Epoch: 35 | train_loss: 0.2399 | train_acc: 0.9278 | test_loss: 0.8737 | test_acc: 0.7383 | 
Epoch: 36 | train_loss: 0.2731 | train_acc: 0.9138 | test_loss: 1.0323 | test_acc: 0.6797 | 
Epoch: 37 | train_loss: 0.2874 | train_acc: 0.8955 | test_loss: 0.8825 | test_acc: 0.7500 | 
Epoch: 38 | train_loss: 0.3449 | train_acc: 0.8588 | test_loss: 0.9083 | test_acc: 0.7344 | 
Epoch: 39 | train_loss: 0.2919 | train_acc: 0.9170 | test_loss: 0.7707 | test_acc: 0.7773 | 
Epoch: 40 | train_loss: 0.3065 | train_acc: 0.8933 | test_loss: 0.8648 | test_acc: 0.7617 | 
Epoch: 41 | train_loss: 0.2858 | train_acc: 0.9138 | test_loss: 0.8862 | test_acc: 0.6953 | 
Epoch: 42 | train_loss: 0.2525 | train_acc: 0.9052 | test_loss: 1.0406 | test_acc: 0.6484 | 
Epoch: 43 | train_loss: 0.2151 | train_acc: 0.9332 | test_loss: 0.8592 | test_acc: 0.7344 | 
Epoch: 44 | train_loss: 0.2759 | train_acc: 0.8890 | test_loss: 0.9879 | test_acc: 0.6719 | 
Epoch: 45 | train_loss: 0.3396 | train_acc: 0.8987 | test_loss: 0.8432 | test_acc: 0.7500 | 
Epoch: 46 | train_loss: 0.2462 | train_acc: 0.9116 | test_loss: 1.0429 | test_acc: 0.7266 | 
Epoch: 47 | train_loss: 0.2881 | train_acc: 0.8901 | test_loss: 0.8519 | test_acc: 0.7773 | 
Epoch: 48 | train_loss: 0.2108 | train_acc: 0.9418 | test_loss: 0.9658 | test_acc: 0.7422 | 
Epoch: 49 | train_loss: 0.2536 | train_acc: 0.9041 | test_loss: 0.9491 | test_acc: 0.7461 | 
Epoch: 50 | train_loss: 0.2102 | train_acc: 0.9084 | test_loss: 0.9572 | test_acc: 0.7500 | 
⏱️ Total training time: 88.116 seconds
📊 Bands [245, 60, 410] -> Fitness: 0.7500
Bands [151, 118, 87] found in history. Returning cached fitness.
Bands [151, 118, 87] found in history. Returning cached fitness.
1  	16    	0.731445	0.0488808	0.644531	0.796875	Individual('h', [151, 118, 87])
Dataset initialized with pre-loaded data. Total samples: 897
Band indices for training dataloader: [245, 59, 410]
Dataset initialized with pre-loaded data. Total samples: 226
Band indices for test dataloader: [245, 59, 410]
🔍 Starting evaluation of individual [245, 59, 410]
Epoch: 1 | train_loss: 1.3579 | train_acc: 0.3545 | test_loss: 1.2721 | test_acc: 0.4023 | 
Epoch: 2 | train_loss: 1.2039 | train_acc: 0.4935 | test_loss: 1.2992 | test_acc: 0.3711 | 
Epoch: 3 | train_loss: 1.1668 | train_acc: 0.5140 | test_loss: 1.1801 | test_acc: 0.5156 | 
Epoch: 4 | train_loss: 1.0554 | train_acc: 0.5582 | test_loss: 1.1237 | test_acc: 0.5508 | 
Epoch: 5 | train_loss: 0.9178 | train_acc: 0.6509 | test_loss: 1.1192 | test_acc: 0.5664 | 
Epoch: 6 | train_loss: 0.8848 | train_acc: 0.6304 | test_loss: 1.3598 | test_acc: 0.4492 | 
Epoch: 7 | train_loss: 0.8442 | train_acc: 0.6530 | test_loss: 1.0054 | test_acc: 0.6602 | 
Epoch: 8 | train_loss: 0.7958 | train_acc: 0.6692 | test_loss: 1.0896 | test_acc: 0.5508 | 
Epoch: 9 | train_loss: 0.7120 | train_acc: 0.7177 | test_loss: 1.2739 | test_acc: 0.5391 | 
Epoch: 10 | train_loss: 0.7521 | train_acc: 0.7026 | test_loss: 1.1290 | test_acc: 0.5625 | 
Epoch: 11 | train_loss: 0.6296 | train_acc: 0.7565 | test_loss: 1.2443 | test_acc: 0.5469 | 
Epoch: 12 | train_loss: 0.6129 | train_acc: 0.7414 | test_loss: 1.1962 | test_acc: 0.5000 | 
Epoch: 13 | train_loss: 0.5707 | train_acc: 0.7683 | test_loss: 1.1387 | test_acc: 0.6133 | 
Epoch: 14 | train_loss: 0.5594 | train_acc: 0.7554 | test_loss: 1.0902 | test_acc: 0.6328 | 
Epoch: 15 | train_loss: 0.5803 | train_acc: 0.7726 | test_loss: 0.8749 | test_acc: 0.6992 | 
Epoch: 16 | train_loss: 0.4896 | train_acc: 0.8394 | test_loss: 0.9282 | test_acc: 0.6875 | 
Epoch: 17 | train_loss: 0.5323 | train_acc: 0.8082 | test_loss: 0.9940 | test_acc: 0.6758 | 
Epoch: 18 | train_loss: 0.5160 | train_acc: 0.8071 | test_loss: 0.9023 | test_acc: 0.6914 | 
Epoch: 19 | train_loss: 0.4146 | train_acc: 0.8610 | test_loss: 0.9704 | test_acc: 0.6992 | 
Epoch: 20 | train_loss: 0.4713 | train_acc: 0.8082 | test_loss: 0.8687 | test_acc: 0.7109 | 
Epoch: 21 | train_loss: 0.4405 | train_acc: 0.8233 | test_loss: 0.8723 | test_acc: 0.7148 | 
Epoch: 22 | train_loss: 0.4182 | train_acc: 0.8330 | test_loss: 0.7689 | test_acc: 0.7305 | 
Epoch: 23 | train_loss: 0.4376 | train_acc: 0.8599 | test_loss: 0.7643 | test_acc: 0.7305 | 
Epoch: 24 | train_loss: 0.4013 | train_acc: 0.8330 | test_loss: 0.7991 | test_acc: 0.7188 | 
Epoch: 25 | train_loss: 0.3715 | train_acc: 0.8642 | test_loss: 0.7640 | test_acc: 0.7266 | 
Epoch: 26 | train_loss: 0.3285 | train_acc: 0.8685 | test_loss: 0.8915 | test_acc: 0.7422 | 
Epoch: 27 | train_loss: 0.4601 | train_acc: 0.8190 | test_loss: 1.0587 | test_acc: 0.6875 | 
Epoch: 28 | train_loss: 0.3302 | train_acc: 0.8944 | test_loss: 0.8290 | test_acc: 0.6953 | 
Epoch: 29 | train_loss: 0.3624 | train_acc: 0.8621 | test_loss: 0.8113 | test_acc: 0.7422 | 
Epoch: 30 | train_loss: 0.2996 | train_acc: 0.8804 | test_loss: 0.9331 | test_acc: 0.6445 | 
Epoch: 31 | train_loss: 0.2587 | train_acc: 0.9224 | test_loss: 0.9401 | test_acc: 0.7578 | 
Epoch: 32 | train_loss: 0.2171 | train_acc: 0.9224 | test_loss: 1.0251 | test_acc: 0.7422 | 
Epoch: 33 | train_loss: 0.2440 | train_acc: 0.9310 | test_loss: 1.0272 | test_acc: 0.7109 | 
Epoch: 34 | train_loss: 0.2522 | train_acc: 0.8987 | test_loss: 0.8850 | test_acc: 0.7148 | 
Epoch: 35 | train_loss: 0.3285 | train_acc: 0.8976 | test_loss: 0.9689 | test_acc: 0.7461 | 
Epoch: 36 | train_loss: 0.2700 | train_acc: 0.9213 | test_loss: 0.9110 | test_acc: 0.7344 | 
Epoch: 37 | train_loss: 0.2439 | train_acc: 0.9192 | test_loss: 0.8043 | test_acc: 0.7383 | 
Epoch: 38 | train_loss: 0.3020 | train_acc: 0.8728 | test_loss: 0.7985 | test_acc: 0.7305 | 
Epoch: 39 | train_loss: 0.3092 | train_acc: 0.8825 | test_loss: 0.9583 | test_acc: 0.6719 | 
Epoch: 40 | train_loss: 0.2722 | train_acc: 0.8836 | test_loss: 0.8927 | test_acc: 0.7031 | 
Epoch: 41 | train_loss: 0.2221 | train_acc: 0.9224 | test_loss: 0.9578 | test_acc: 0.7344 | 
Epoch: 42 | train_loss: 0.2509 | train_acc: 0.8966 | test_loss: 0.9446 | test_acc: 0.6719 | 
Epoch: 43 | train_loss: 0.2088 | train_acc: 0.9224 | test_loss: 0.8409 | test_acc: 0.7578 | 
Epoch: 44 | train_loss: 0.1808 | train_acc: 0.9429 | test_loss: 0.8605 | test_acc: 0.7344 | 
Epoch: 45 | train_loss: 0.2468 | train_acc: 0.8987 | test_loss: 1.2339 | test_acc: 0.6484 | 
Epoch: 46 | train_loss: 0.2637 | train_acc: 0.8804 | test_loss: 0.9502 | test_acc: 0.6758 | 
Epoch: 47 | train_loss: 0.2055 | train_acc: 0.9321 | test_loss: 0.8186 | test_acc: 0.7422 | 
Epoch: 48 | train_loss: 0.2794 | train_acc: 0.9073 | test_loss: 0.9631 | test_acc: 0.6875 | 
Epoch: 49 | train_loss: 0.2611 | train_acc: 0.9009 | test_loss: 0.9679 | test_acc: 0.7344 | 
Epoch: 50 | train_loss: 0.2314 | train_acc: 0.9321 | test_loss: 1.0003 | test_acc: 0.7109 | 
⏱️ Total training time: 87.228 seconds
📊 Bands [245, 59, 410] -> Fitness: 0.7109
Bands [245, 59, 410] found in history. Returning cached fitness.
Bands [151, 118, 87] found in history. Returning cached fitness.
Dataset initialized with pre-loaded data. Total samples: 897
Band indices for training dataloader: [151, 118, 88]
Dataset initialized with pre-loaded data. Total samples: 226
Band indices for test dataloader: [151, 118, 88]
🔍 Starting evaluation of individual [151, 118, 88]
Epoch: 1 | train_loss: 1.3676 | train_acc: 0.3157 | test_loss: 1.2876 | test_acc: 0.4531 | 
Epoch: 2 | train_loss: 1.2373 | train_acc: 0.4397 | test_loss: 1.2484 | test_acc: 0.4688 | 
Epoch: 3 | train_loss: 1.1231 | train_acc: 0.5323 | test_loss: 1.1106 | test_acc: 0.5078 | 
Epoch: 4 | train_loss: 1.0649 | train_acc: 0.5356 | test_loss: 1.1766 | test_acc: 0.4922 | 
Epoch: 5 | train_loss: 0.9803 | train_acc: 0.5765 | test_loss: 1.0679 | test_acc: 0.5820 | 
Epoch: 6 | train_loss: 0.8773 | train_acc: 0.6433 | test_loss: 0.9854 | test_acc: 0.5898 | 
Epoch: 7 | train_loss: 0.8222 | train_acc: 0.6756 | test_loss: 1.0560 | test_acc: 0.6406 | 
Epoch: 8 | train_loss: 0.7849 | train_acc: 0.6692 | test_loss: 1.1575 | test_acc: 0.5625 | 
Epoch: 9 | train_loss: 0.7866 | train_acc: 0.6940 | test_loss: 0.9607 | test_acc: 0.6133 | 
Epoch: 10 | train_loss: 0.6701 | train_acc: 0.7457 | test_loss: 1.0520 | test_acc: 0.5938 | 
Epoch: 11 | train_loss: 0.5901 | train_acc: 0.7726 | test_loss: 0.9420 | test_acc: 0.6133 | 
Epoch: 12 | train_loss: 0.6896 | train_acc: 0.7252 | test_loss: 0.9529 | test_acc: 0.6562 | 
Epoch: 13 | train_loss: 0.5845 | train_acc: 0.8006 | test_loss: 0.9090 | test_acc: 0.6875 | 
Epoch: 14 | train_loss: 0.5032 | train_acc: 0.7985 | test_loss: 0.9204 | test_acc: 0.6914 | 
Epoch: 15 | train_loss: 0.4982 | train_acc: 0.8050 | test_loss: 0.7801 | test_acc: 0.7148 | 
Epoch: 16 | train_loss: 0.4877 | train_acc: 0.8039 | test_loss: 0.9821 | test_acc: 0.6758 | 
Epoch: 17 | train_loss: 0.4678 | train_acc: 0.7920 | test_loss: 0.8711 | test_acc: 0.7109 | 
Epoch: 18 | train_loss: 0.4728 | train_acc: 0.8179 | test_loss: 0.8718 | test_acc: 0.7148 | 
Epoch: 19 | train_loss: 0.5521 | train_acc: 0.7920 | test_loss: 0.7974 | test_acc: 0.7305 | 
Epoch: 20 | train_loss: 0.4046 | train_acc: 0.8470 | test_loss: 0.8306 | test_acc: 0.7109 | 
Epoch: 21 | train_loss: 0.4356 | train_acc: 0.8136 | test_loss: 0.7609 | test_acc: 0.7656 | 
Epoch: 22 | train_loss: 0.4351 | train_acc: 0.8222 | test_loss: 0.8207 | test_acc: 0.7383 | 
Epoch: 23 | train_loss: 0.4086 | train_acc: 0.8567 | test_loss: 0.8471 | test_acc: 0.7344 | 
Epoch: 24 | train_loss: 0.3559 | train_acc: 0.8761 | test_loss: 0.8242 | test_acc: 0.6328 | 
Epoch: 25 | train_loss: 0.3656 | train_acc: 0.8545 | test_loss: 0.9273 | test_acc: 0.6602 | 
Epoch: 26 | train_loss: 0.3454 | train_acc: 0.8804 | test_loss: 0.8210 | test_acc: 0.6914 | 
Epoch: 27 | train_loss: 0.4049 | train_acc: 0.8578 | test_loss: 0.8737 | test_acc: 0.7227 | 
Epoch: 28 | train_loss: 0.4382 | train_acc: 0.8341 | test_loss: 1.0125 | test_acc: 0.6836 | 
Epoch: 29 | train_loss: 0.3053 | train_acc: 0.8987 | test_loss: 0.8830 | test_acc: 0.6914 | 
Epoch: 30 | train_loss: 0.2434 | train_acc: 0.9246 | test_loss: 0.7604 | test_acc: 0.7656 | 
Epoch: 31 | train_loss: 0.3615 | train_acc: 0.8772 | test_loss: 0.8391 | test_acc: 0.7109 | 
Epoch: 32 | train_loss: 0.3125 | train_acc: 0.8696 | test_loss: 0.8145 | test_acc: 0.7188 | 
Epoch: 33 | train_loss: 0.3250 | train_acc: 0.8664 | test_loss: 0.7850 | test_acc: 0.7305 | 
Epoch: 34 | train_loss: 0.3169 | train_acc: 0.8782 | test_loss: 0.8414 | test_acc: 0.7109 | 
Epoch: 35 | train_loss: 0.2261 | train_acc: 0.9213 | test_loss: 0.8747 | test_acc: 0.7148 | 
Epoch: 36 | train_loss: 0.2200 | train_acc: 0.9407 | test_loss: 0.7765 | test_acc: 0.7930 | 
Epoch: 37 | train_loss: 0.3555 | train_acc: 0.8869 | test_loss: 0.7604 | test_acc: 0.7930 | 
Epoch: 38 | train_loss: 0.2208 | train_acc: 0.9321 | test_loss: 0.9396 | test_acc: 0.7109 | 
Epoch: 39 | train_loss: 0.2133 | train_acc: 0.9267 | test_loss: 0.9064 | test_acc: 0.7227 | 
Epoch: 40 | train_loss: 0.2682 | train_acc: 0.8858 | test_loss: 0.8738 | test_acc: 0.7266 | 
Epoch: 41 | train_loss: 0.3321 | train_acc: 0.9009 | test_loss: 0.7143 | test_acc: 0.7891 | 
Epoch: 42 | train_loss: 0.2352 | train_acc: 0.9203 | test_loss: 0.6568 | test_acc: 0.7930 | 
Epoch: 43 | train_loss: 0.3039 | train_acc: 0.9019 | test_loss: 0.7232 | test_acc: 0.8125 | 
Epoch: 44 | train_loss: 0.3288 | train_acc: 0.8890 | test_loss: 0.8932 | test_acc: 0.7031 | 
Epoch: 45 | train_loss: 0.2553 | train_acc: 0.9192 | test_loss: 0.6853 | test_acc: 0.8242 | 
Epoch: 46 | train_loss: 0.2326 | train_acc: 0.8998 | test_loss: 0.7376 | test_acc: 0.8008 | 
Epoch: 47 | train_loss: 0.2112 | train_acc: 0.9494 | test_loss: 0.8792 | test_acc: 0.7266 | 
Epoch: 48 | train_loss: 0.2261 | train_acc: 0.9127 | test_loss: 0.8985 | test_acc: 0.7227 | 
Epoch: 49 | train_loss: 0.2833 | train_acc: 0.9084 | test_loss: 0.7371 | test_acc: 0.7930 | 
Epoch: 50 | train_loss: 0.1844 | train_acc: 0.9407 | test_loss: 0.7124 | test_acc: 0.7734 | 
⏱️ Total training time: 87.924 seconds
📊 Bands [151, 118, 88] -> Fitness: 0.7734
Dataset initialized with pre-loaded data. Total samples: 897
Band indices for training dataloader: [148, 447, 108]
Dataset initialized with pre-loaded data. Total samples: 226
Band indices for test dataloader: [148, 447, 108]
🔍 Starting evaluation of individual [148, 447, 108]
Epoch: 1 | train_loss: 1.3640 | train_acc: 0.3114 | test_loss: 1.3118 | test_acc: 0.3750 | 
Epoch: 2 | train_loss: 1.2796 | train_acc: 0.3944 | test_loss: 1.2313 | test_acc: 0.4375 | 
Epoch: 3 | train_loss: 1.1694 | train_acc: 0.4806 | test_loss: 1.2078 | test_acc: 0.4844 | 
Epoch: 4 | train_loss: 1.0882 | train_acc: 0.5431 | test_loss: 1.2367 | test_acc: 0.5078 | 
Epoch: 5 | train_loss: 1.0034 | train_acc: 0.6034 | test_loss: 1.2812 | test_acc: 0.4922 | 
Epoch: 6 | train_loss: 1.0128 | train_acc: 0.5744 | test_loss: 1.0515 | test_acc: 0.6055 | 
Epoch: 7 | train_loss: 0.9009 | train_acc: 0.6390 | test_loss: 1.2484 | test_acc: 0.5469 | 
Epoch: 8 | train_loss: 0.8012 | train_acc: 0.7026 | test_loss: 1.0810 | test_acc: 0.5625 | 
Epoch: 9 | train_loss: 0.7959 | train_acc: 0.6853 | test_loss: 1.1700 | test_acc: 0.5469 | 
Epoch: 10 | train_loss: 0.7526 | train_acc: 0.7134 | test_loss: 1.1166 | test_acc: 0.6289 | 
Epoch: 11 | train_loss: 0.6906 | train_acc: 0.7284 | test_loss: 1.1830 | test_acc: 0.5039 | 
Epoch: 12 | train_loss: 0.6955 | train_acc: 0.7188 | test_loss: 1.0706 | test_acc: 0.6055 | 
Epoch: 13 | train_loss: 0.6761 | train_acc: 0.7360 | test_loss: 1.0840 | test_acc: 0.6328 | 
Epoch: 14 | train_loss: 0.6375 | train_acc: 0.7478 | test_loss: 0.9489 | test_acc: 0.6602 | 
Epoch: 15 | train_loss: 0.6663 | train_acc: 0.7489 | test_loss: 1.0737 | test_acc: 0.6016 | 
Epoch: 16 | train_loss: 0.5777 | train_acc: 0.7920 | test_loss: 1.0568 | test_acc: 0.6055 | 
Epoch: 17 | train_loss: 0.5991 | train_acc: 0.7500 | test_loss: 1.0547 | test_acc: 0.6289 | 
Epoch: 18 | train_loss: 0.5203 | train_acc: 0.8093 | test_loss: 1.0789 | test_acc: 0.5781 | 
Epoch: 19 | train_loss: 0.5663 | train_acc: 0.7780 | test_loss: 0.9769 | test_acc: 0.6602 | 
Epoch: 20 | train_loss: 0.4225 | train_acc: 0.8491 | test_loss: 1.0253 | test_acc: 0.6172 | 
Epoch: 21 | train_loss: 0.5088 | train_acc: 0.7963 | test_loss: 1.0395 | test_acc: 0.6602 | 
Epoch: 22 | train_loss: 0.5023 | train_acc: 0.7888 | test_loss: 1.1196 | test_acc: 0.5391 | 
Epoch: 23 | train_loss: 0.4952 | train_acc: 0.8233 | test_loss: 0.9586 | test_acc: 0.6484 | 
Epoch: 24 | train_loss: 0.4408 | train_acc: 0.8362 | test_loss: 0.9634 | test_acc: 0.7188 | 
Epoch: 25 | train_loss: 0.4770 | train_acc: 0.8341 | test_loss: 0.9689 | test_acc: 0.6484 | 
Epoch: 26 | train_loss: 0.4201 | train_acc: 0.8319 | test_loss: 0.7901 | test_acc: 0.7266 | 
Epoch: 27 | train_loss: 0.4342 | train_acc: 0.8200 | test_loss: 1.0427 | test_acc: 0.6719 | 
Epoch: 28 | train_loss: 0.4075 | train_acc: 0.8265 | test_loss: 0.8612 | test_acc: 0.7070 | 
Epoch: 29 | train_loss: 0.4689 | train_acc: 0.8491 | test_loss: 1.0554 | test_acc: 0.6602 | 
Epoch: 30 | train_loss: 0.3831 | train_acc: 0.8481 | test_loss: 0.9538 | test_acc: 0.7070 | 
Epoch: 31 | train_loss: 0.3667 | train_acc: 0.8341 | test_loss: 1.0904 | test_acc: 0.6562 | 
Epoch: 32 | train_loss: 0.3961 | train_acc: 0.8664 | test_loss: 0.8363 | test_acc: 0.7344 | 
Epoch: 33 | train_loss: 0.3753 | train_acc: 0.8373 | test_loss: 0.8615 | test_acc: 0.7188 | 
Epoch: 34 | train_loss: 0.2967 | train_acc: 0.8901 | test_loss: 0.9707 | test_acc: 0.7266 | 
Epoch: 35 | train_loss: 0.2917 | train_acc: 0.8815 | test_loss: 0.9233 | test_acc: 0.6992 | 
Epoch: 36 | train_loss: 0.3427 | train_acc: 0.8772 | test_loss: 0.9385 | test_acc: 0.7305 | 
Epoch: 37 | train_loss: 0.3610 | train_acc: 0.8653 | test_loss: 1.0797 | test_acc: 0.6797 | 
Epoch: 38 | train_loss: 0.3537 | train_acc: 0.8642 | test_loss: 0.9999 | test_acc: 0.6289 | 
Epoch: 39 | train_loss: 0.2953 | train_acc: 0.8653 | test_loss: 1.0563 | test_acc: 0.7227 | 
Epoch: 40 | train_loss: 0.3170 | train_acc: 0.8998 | test_loss: 1.1027 | test_acc: 0.6289 | 
Epoch: 41 | train_loss: 0.2893 | train_acc: 0.8718 | test_loss: 0.9575 | test_acc: 0.6484 | 
Epoch: 42 | train_loss: 0.3302 | train_acc: 0.8728 | test_loss: 0.9993 | test_acc: 0.7031 | 
Epoch: 43 | train_loss: 0.2010 | train_acc: 0.9310 | test_loss: 1.0390 | test_acc: 0.6875 | 
Epoch: 44 | train_loss: 0.3310 | train_acc: 0.8793 | test_loss: 0.8996 | test_acc: 0.7188 | 
Epoch: 45 | train_loss: 0.2464 | train_acc: 0.8922 | test_loss: 0.9034 | test_acc: 0.7461 | 
Epoch: 46 | train_loss: 0.3306 | train_acc: 0.8750 | test_loss: 0.8962 | test_acc: 0.7188 | 
Epoch: 47 | train_loss: 0.2660 | train_acc: 0.8879 | test_loss: 0.9185 | test_acc: 0.7461 | 
Epoch: 48 | train_loss: 0.3350 | train_acc: 0.8782 | test_loss: 0.9666 | test_acc: 0.6758 | 
Epoch: 49 | train_loss: 0.2531 | train_acc: 0.9009 | test_loss: 1.0815 | test_acc: 0.6602 | 
Epoch: 50 | train_loss: 0.2392 | train_acc: 0.9138 | test_loss: 0.9975 | test_acc: 0.7188 | 
⏱️ Total training time: 88.376 seconds
📊 Bands [148, 447, 108] -> Fitness: 0.7188
Dataset initialized with pre-loaded data. Total samples: 897
Band indices for training dataloader: [117, 9, 425]
Dataset initialized with pre-loaded data. Total samples: 226
Band indices for test dataloader: [117, 9, 425]
🔍 Starting evaluation of individual [117, 9, 425]
Epoch: 1 | train_loss: 1.3606 | train_acc: 0.2985 | test_loss: 1.3290 | test_acc: 0.3711 | 
Epoch: 2 | train_loss: 1.2686 | train_acc: 0.4084 | test_loss: 1.2299 | test_acc: 0.4727 | 
Epoch: 3 | train_loss: 1.1975 | train_acc: 0.4731 | test_loss: 1.4421 | test_acc: 0.3906 | 
Epoch: 4 | train_loss: 1.1540 | train_acc: 0.4849 | test_loss: 1.2364 | test_acc: 0.4883 | 
Epoch: 5 | train_loss: 1.1051 | train_acc: 0.5334 | test_loss: 1.1578 | test_acc: 0.5547 | 
Epoch: 6 | train_loss: 1.0304 | train_acc: 0.5453 | test_loss: 1.1894 | test_acc: 0.5078 | 
Epoch: 7 | train_loss: 0.9845 | train_acc: 0.6078 | test_loss: 1.3004 | test_acc: 0.6016 | 
Epoch: 8 | train_loss: 0.9140 | train_acc: 0.6336 | test_loss: 1.1079 | test_acc: 0.5977 | 
Epoch: 9 | train_loss: 0.8329 | train_acc: 0.6649 | test_loss: 1.0314 | test_acc: 0.6562 | 
Epoch: 10 | train_loss: 0.8256 | train_acc: 0.6659 | test_loss: 1.2431 | test_acc: 0.5195 | 
Epoch: 11 | train_loss: 0.7555 | train_acc: 0.6638 | test_loss: 1.0389 | test_acc: 0.5859 | 
Epoch: 12 | train_loss: 0.6984 | train_acc: 0.7295 | test_loss: 1.1682 | test_acc: 0.4922 | 
Epoch: 13 | train_loss: 0.7366 | train_acc: 0.7026 | test_loss: 1.2097 | test_acc: 0.5664 | 
Epoch: 14 | train_loss: 0.6752 | train_acc: 0.7457 | test_loss: 0.9928 | test_acc: 0.6289 | 
Epoch: 15 | train_loss: 0.6488 | train_acc: 0.7543 | test_loss: 0.9571 | test_acc: 0.6719 | 
Epoch: 16 | train_loss: 0.6646 | train_acc: 0.7575 | test_loss: 1.1274 | test_acc: 0.5469 | 
Epoch: 17 | train_loss: 0.6018 | train_acc: 0.7478 | test_loss: 1.2377 | test_acc: 0.6094 | 
Epoch: 18 | train_loss: 0.5812 | train_acc: 0.7963 | test_loss: 1.2458 | test_acc: 0.5312 | 
Epoch: 19 | train_loss: 0.5343 | train_acc: 0.7953 | test_loss: 0.9880 | test_acc: 0.6094 | 
Epoch: 20 | train_loss: 0.5373 | train_acc: 0.8114 | test_loss: 1.0068 | test_acc: 0.6680 | 
Epoch: 21 | train_loss: 0.4928 | train_acc: 0.8017 | test_loss: 1.1807 | test_acc: 0.5547 | 
Epoch: 22 | train_loss: 0.6046 | train_acc: 0.7694 | test_loss: 1.0877 | test_acc: 0.6094 | 
Epoch: 23 | train_loss: 0.4442 | train_acc: 0.8308 | test_loss: 1.0512 | test_acc: 0.6797 | 
Epoch: 24 | train_loss: 0.5490 | train_acc: 0.8179 | test_loss: 0.9694 | test_acc: 0.6836 | 
Epoch: 25 | train_loss: 0.4801 | train_acc: 0.8319 | test_loss: 0.9097 | test_acc: 0.6953 | 
Epoch: 26 | train_loss: 0.4592 | train_acc: 0.8481 | test_loss: 1.0659 | test_acc: 0.6172 | 
Epoch: 27 | train_loss: 0.4604 | train_acc: 0.8179 | test_loss: 1.0356 | test_acc: 0.6953 | 
Epoch: 28 | train_loss: 0.4583 | train_acc: 0.8427 | test_loss: 0.9264 | test_acc: 0.6914 | 
Epoch: 29 | train_loss: 0.4240 | train_acc: 0.8265 | test_loss: 1.0253 | test_acc: 0.6406 | 
Epoch: 30 | train_loss: 0.3789 | train_acc: 0.8610 | test_loss: 1.0864 | test_acc: 0.6484 | 
Epoch: 31 | train_loss: 0.3042 | train_acc: 0.8944 | test_loss: 1.0611 | test_acc: 0.5977 | 
Epoch: 32 | train_loss: 0.3726 | train_acc: 0.8653 | test_loss: 1.1598 | test_acc: 0.6211 | 
Epoch: 33 | train_loss: 0.4607 | train_acc: 0.8006 | test_loss: 1.0372 | test_acc: 0.6719 | 
Epoch: 34 | train_loss: 0.4226 | train_acc: 0.8341 | test_loss: 1.1336 | test_acc: 0.6602 | 
Epoch: 35 | train_loss: 0.3734 | train_acc: 0.8427 | test_loss: 0.9453 | test_acc: 0.6953 | 
Epoch: 36 | train_loss: 0.3730 | train_acc: 0.8534 | test_loss: 1.1696 | test_acc: 0.6172 | 
Epoch: 37 | train_loss: 0.4192 | train_acc: 0.8394 | test_loss: 1.0632 | test_acc: 0.6484 | 
Epoch: 38 | train_loss: 0.3787 | train_acc: 0.8545 | test_loss: 0.8979 | test_acc: 0.7031 | 
Epoch: 39 | train_loss: 0.3043 | train_acc: 0.9127 | test_loss: 1.1924 | test_acc: 0.6172 | 
Epoch: 40 | train_loss: 0.2942 | train_acc: 0.8922 | test_loss: 0.9893 | test_acc: 0.6523 | 
Epoch: 41 | train_loss: 0.3302 | train_acc: 0.8836 | test_loss: 0.9864 | test_acc: 0.6406 | 
Epoch: 42 | train_loss: 0.3048 | train_acc: 0.8696 | test_loss: 1.3022 | test_acc: 0.6094 | 
Epoch: 43 | train_loss: 0.3474 | train_acc: 0.8588 | test_loss: 1.1927 | test_acc: 0.6055 | 
Epoch: 44 | train_loss: 0.3898 | train_acc: 0.8459 | test_loss: 1.0855 | test_acc: 0.5938 | 
Epoch: 45 | train_loss: 0.3492 | train_acc: 0.8642 | test_loss: 1.1891 | test_acc: 0.5938 | 
Epoch: 46 | train_loss: 0.3117 | train_acc: 0.8750 | test_loss: 1.1748 | test_acc: 0.6172 | 
Epoch: 47 | train_loss: 0.3639 | train_acc: 0.8588 | test_loss: 1.0011 | test_acc: 0.7109 | 
Epoch: 48 | train_loss: 0.2358 | train_acc: 0.9138 | test_loss: 1.0091 | test_acc: 0.7148 | 
Epoch: 49 | train_loss: 0.2819 | train_acc: 0.9041 | test_loss: 1.0181 | test_acc: 0.6094 | 
Epoch: 50 | train_loss: 0.2941 | train_acc: 0.8858 | test_loss: 0.9258 | test_acc: 0.6953 | 
⏱️ Total training time: 87.785 seconds
📊 Bands [117, 9, 425] -> Fitness: 0.6953
Dataset initialized with pre-loaded data. Total samples: 897
Band indices for training dataloader: [101, 379, 447]
Dataset initialized with pre-loaded data. Total samples: 226
Band indices for test dataloader: [101, 379, 447]
🔍 Starting evaluation of individual [101, 379, 447]
Epoch: 1 | train_loss: 1.3848 | train_acc: 0.3060 | test_loss: 1.2688 | test_acc: 0.4375 | 
Epoch: 2 | train_loss: 1.2649 | train_acc: 0.4009 | test_loss: 1.2084 | test_acc: 0.4805 | 
Epoch: 3 | train_loss: 1.1494 | train_acc: 0.4828 | test_loss: 1.1796 | test_acc: 0.4688 | 
Epoch: 4 | train_loss: 1.1119 | train_acc: 0.5119 | test_loss: 1.2593 | test_acc: 0.4727 | 
Epoch: 5 | train_loss: 1.0067 | train_acc: 0.5991 | test_loss: 1.2393 | test_acc: 0.5195 | 
Epoch: 6 | train_loss: 0.9532 | train_acc: 0.6034 | test_loss: 1.1101 | test_acc: 0.6172 | 
Epoch: 7 | train_loss: 0.8746 | train_acc: 0.6562 | test_loss: 1.3354 | test_acc: 0.4883 | 
Epoch: 8 | train_loss: 0.7880 | train_acc: 0.6961 | test_loss: 1.2149 | test_acc: 0.6484 | 
Epoch: 9 | train_loss: 0.9175 | train_acc: 0.6606 | test_loss: 1.0006 | test_acc: 0.6055 | 
Epoch: 10 | train_loss: 0.8007 | train_acc: 0.6994 | test_loss: 1.1677 | test_acc: 0.5703 | 
Epoch: 11 | train_loss: 0.7699 | train_acc: 0.7037 | test_loss: 0.9769 | test_acc: 0.6758 | 
Epoch: 12 | train_loss: 0.6904 | train_acc: 0.7231 | test_loss: 1.0531 | test_acc: 0.5742 | 
Epoch: 13 | train_loss: 0.7298 | train_acc: 0.7328 | test_loss: 1.1800 | test_acc: 0.5508 | 
Epoch: 14 | train_loss: 0.5935 | train_acc: 0.7694 | test_loss: 1.0740 | test_acc: 0.6016 | 
Epoch: 15 | train_loss: 0.6940 | train_acc: 0.7306 | test_loss: 1.0916 | test_acc: 0.5977 | 
Epoch: 16 | train_loss: 0.5776 | train_acc: 0.7575 | test_loss: 0.9835 | test_acc: 0.6211 | 
Epoch: 17 | train_loss: 0.5404 | train_acc: 0.7877 | test_loss: 0.9137 | test_acc: 0.6094 | 
Epoch: 18 | train_loss: 0.5349 | train_acc: 0.7726 | test_loss: 1.1598 | test_acc: 0.6250 | 
Epoch: 19 | train_loss: 0.5436 | train_acc: 0.8190 | test_loss: 0.9724 | test_acc: 0.5703 | 
Epoch: 20 | train_loss: 0.5155 | train_acc: 0.7909 | test_loss: 0.9871 | test_acc: 0.6523 | 
Epoch: 21 | train_loss: 0.5604 | train_acc: 0.7953 | test_loss: 1.0837 | test_acc: 0.6016 | 
Epoch: 22 | train_loss: 0.4592 | train_acc: 0.8362 | test_loss: 0.8580 | test_acc: 0.7188 | 
Epoch: 23 | train_loss: 0.4532 | train_acc: 0.8190 | test_loss: 1.0409 | test_acc: 0.6953 | 
Epoch: 24 | train_loss: 0.4384 | train_acc: 0.8330 | test_loss: 1.0349 | test_acc: 0.6641 | 
Epoch: 25 | train_loss: 0.3852 | train_acc: 0.8578 | test_loss: 0.9936 | test_acc: 0.6914 | 
Epoch: 26 | train_loss: 0.4367 | train_acc: 0.8384 | test_loss: 0.9452 | test_acc: 0.7188 | 
Epoch: 27 | train_loss: 0.4607 | train_acc: 0.8319 | test_loss: 0.9340 | test_acc: 0.6680 | 
Epoch: 28 | train_loss: 0.3906 | train_acc: 0.8556 | test_loss: 0.8938 | test_acc: 0.7305 | 
Epoch: 29 | train_loss: 0.3773 | train_acc: 0.8502 | test_loss: 0.9413 | test_acc: 0.7227 | 
Epoch: 30 | train_loss: 0.3657 | train_acc: 0.8599 | test_loss: 0.8299 | test_acc: 0.7344 | 
Epoch: 31 | train_loss: 0.4164 | train_acc: 0.8308 | test_loss: 0.8932 | test_acc: 0.7070 | 
Epoch: 32 | train_loss: 0.3797 | train_acc: 0.8653 | test_loss: 0.8326 | test_acc: 0.7227 | 
Epoch: 33 | train_loss: 0.3576 | train_acc: 0.8890 | test_loss: 0.9403 | test_acc: 0.7227 | 
Epoch: 34 | train_loss: 0.3679 | train_acc: 0.8513 | test_loss: 0.8560 | test_acc: 0.7734 | 
Epoch: 35 | train_loss: 0.4258 | train_acc: 0.8470 | test_loss: 0.8620 | test_acc: 0.7539 | 
Epoch: 36 | train_loss: 0.4077 | train_acc: 0.8470 | test_loss: 0.8838 | test_acc: 0.7266 | 
Epoch: 37 | train_loss: 0.3778 | train_acc: 0.8513 | test_loss: 0.9329 | test_acc: 0.7305 | 
Epoch: 38 | train_loss: 0.3365 | train_acc: 0.8707 | test_loss: 0.9017 | test_acc: 0.7305 | 
Epoch: 39 | train_loss: 0.2595 | train_acc: 0.9149 | test_loss: 0.8434 | test_acc: 0.7148 | 
Epoch: 40 | train_loss: 0.2473 | train_acc: 0.9138 | test_loss: 0.9870 | test_acc: 0.7461 | 
Epoch: 41 | train_loss: 0.2585 | train_acc: 0.9192 | test_loss: 0.9650 | test_acc: 0.7148 | 
Epoch: 42 | train_loss: 0.3227 | train_acc: 0.8815 | test_loss: 0.8885 | test_acc: 0.7266 | 
Epoch: 43 | train_loss: 0.4274 | train_acc: 0.8556 | test_loss: 1.2506 | test_acc: 0.7305 | 
Epoch: 44 | train_loss: 0.3025 | train_acc: 0.9009 | test_loss: 0.8126 | test_acc: 0.6758 | 
Epoch: 45 | train_loss: 0.2916 | train_acc: 0.8836 | test_loss: 0.9530 | test_acc: 0.7109 | 
Epoch: 46 | train_loss: 0.3272 | train_acc: 0.8696 | test_loss: 0.9787 | test_acc: 0.7305 | 
Epoch: 47 | train_loss: 0.2847 | train_acc: 0.8966 | test_loss: 0.8851 | test_acc: 0.7383 | 
Epoch: 48 | train_loss: 0.2324 | train_acc: 0.9289 | test_loss: 0.8977 | test_acc: 0.7461 | 
Epoch: 49 | train_loss: 0.3103 | train_acc: 0.8890 | test_loss: 0.8435 | test_acc: 0.7305 | 
Epoch: 50 | train_loss: 0.2811 | train_acc: 0.8858 | test_loss: 0.9240 | test_acc: 0.7148 | 
⏱️ Total training time: 92.414 seconds
📊 Bands [101, 379, 447] -> Fitness: 0.7148
Dataset initialized with pre-loaded data. Total samples: 897
Band indices for training dataloader: [242, 292, 447]
Dataset initialized with pre-loaded data. Total samples: 226
Band indices for test dataloader: [242, 292, 447]
🔍 Starting evaluation of individual [242, 292, 447]
Epoch: 1 | train_loss: 1.3446 | train_acc: 0.3405 | test_loss: 1.3394 | test_acc: 0.3008 | 
Epoch: 2 | train_loss: 1.2434 | train_acc: 0.4116 | test_loss: 1.4666 | test_acc: 0.3555 | 
Epoch: 3 | train_loss: 1.1063 | train_acc: 0.5205 | test_loss: 1.2501 | test_acc: 0.4727 | 
Epoch: 4 | train_loss: 0.9955 | train_acc: 0.5959 | test_loss: 1.1594 | test_acc: 0.5742 | 
Epoch: 5 | train_loss: 1.0404 | train_acc: 0.5981 | test_loss: 1.1804 | test_acc: 0.5195 | 
Epoch: 6 | train_loss: 0.8736 | train_acc: 0.6282 | test_loss: 1.2361 | test_acc: 0.5703 | 
Epoch: 7 | train_loss: 0.7781 | train_acc: 0.7037 | test_loss: 1.0430 | test_acc: 0.6094 | 
Epoch: 8 | train_loss: 0.7601 | train_acc: 0.6864 | test_loss: 1.1131 | test_acc: 0.5195 | 
Epoch: 9 | train_loss: 0.6710 | train_acc: 0.7565 | test_loss: 1.1048 | test_acc: 0.5508 | 
Epoch: 10 | train_loss: 0.6791 | train_acc: 0.7478 | test_loss: 1.1725 | test_acc: 0.5508 | 
Epoch: 11 | train_loss: 0.6487 | train_acc: 0.7371 | test_loss: 0.9973 | test_acc: 0.6406 | 
Epoch: 12 | train_loss: 0.6054 | train_acc: 0.7651 | test_loss: 1.0254 | test_acc: 0.5938 | 
Epoch: 13 | train_loss: 0.5721 | train_acc: 0.7802 | test_loss: 1.1331 | test_acc: 0.5977 | 
Epoch: 14 | train_loss: 0.5989 | train_acc: 0.7780 | test_loss: 0.9844 | test_acc: 0.6523 | 
Epoch: 15 | train_loss: 0.4414 | train_acc: 0.8373 | test_loss: 1.2403 | test_acc: 0.5430 | 
Epoch: 16 | train_loss: 0.5369 | train_acc: 0.7996 | test_loss: 0.9906 | test_acc: 0.6094 | 
Epoch: 17 | train_loss: 0.5279 | train_acc: 0.8050 | test_loss: 0.8932 | test_acc: 0.7188 | 
Epoch: 18 | train_loss: 0.4496 | train_acc: 0.8265 | test_loss: 1.0572 | test_acc: 0.6523 | 
Epoch: 19 | train_loss: 0.4519 | train_acc: 0.8362 | test_loss: 1.0661 | test_acc: 0.6133 | 
Epoch: 20 | train_loss: 0.3789 | train_acc: 0.8384 | test_loss: 0.8745 | test_acc: 0.6328 | 
Epoch: 21 | train_loss: 0.4109 | train_acc: 0.8384 | test_loss: 0.9911 | test_acc: 0.6836 | 
Epoch: 22 | train_loss: 0.3526 | train_acc: 0.8588 | test_loss: 1.0047 | test_acc: 0.6445 | 
Epoch: 23 | train_loss: 0.3461 | train_acc: 0.8567 | test_loss: 1.1123 | test_acc: 0.6836 | 
Epoch: 24 | train_loss: 0.4470 | train_acc: 0.8427 | test_loss: 0.9193 | test_acc: 0.6836 | 
Epoch: 25 | train_loss: 0.3330 | train_acc: 0.8642 | test_loss: 0.9132 | test_acc: 0.6992 | 
Epoch: 26 | train_loss: 0.3727 | train_acc: 0.8567 | test_loss: 0.8471 | test_acc: 0.6914 | 
Epoch: 27 | train_loss: 0.3084 | train_acc: 0.8761 | test_loss: 0.9528 | test_acc: 0.6836 | 
Epoch: 28 | train_loss: 0.3519 | train_acc: 0.8610 | test_loss: 1.8361 | test_acc: 0.5156 | 
Epoch: 29 | train_loss: 0.2820 | train_acc: 0.9052 | test_loss: 0.8629 | test_acc: 0.7227 | 
Epoch: 30 | train_loss: 0.3180 | train_acc: 0.8922 | test_loss: 0.9104 | test_acc: 0.7266 | 
Epoch: 31 | train_loss: 0.3125 | train_acc: 0.9019 | test_loss: 0.8196 | test_acc: 0.6914 | 
Epoch: 32 | train_loss: 0.3011 | train_acc: 0.8804 | test_loss: 1.1449 | test_acc: 0.6836 | 
Epoch: 33 | train_loss: 0.2806 | train_acc: 0.8750 | test_loss: 1.0764 | test_acc: 0.6094 | 
Epoch: 34 | train_loss: 0.2692 | train_acc: 0.8944 | test_loss: 0.9235 | test_acc: 0.7070 | 
Epoch: 35 | train_loss: 0.2888 | train_acc: 0.8976 | test_loss: 0.9813 | test_acc: 0.7109 | 
Epoch: 36 | train_loss: 0.2112 | train_acc: 0.9364 | test_loss: 0.9285 | test_acc: 0.7109 | 
Epoch: 37 | train_loss: 0.2295 | train_acc: 0.8987 | test_loss: 1.0051 | test_acc: 0.6445 | 
Epoch: 38 | train_loss: 0.2275 | train_acc: 0.9256 | test_loss: 0.9480 | test_acc: 0.7070 | 
Epoch: 39 | train_loss: 0.1736 | train_acc: 0.9429 | test_loss: 1.0434 | test_acc: 0.6953 | 
Epoch: 40 | train_loss: 0.2221 | train_acc: 0.9009 | test_loss: 1.0113 | test_acc: 0.7188 | 
Epoch: 41 | train_loss: 0.3312 | train_acc: 0.8976 | test_loss: 1.1148 | test_acc: 0.6328 | 
Epoch: 42 | train_loss: 0.2263 | train_acc: 0.8966 | test_loss: 1.0100 | test_acc: 0.7305 | 
Epoch: 43 | train_loss: 0.2540 | train_acc: 0.8998 | test_loss: 0.8559 | test_acc: 0.6758 | 
Epoch: 44 | train_loss: 0.1941 | train_acc: 0.9397 | test_loss: 0.9058 | test_acc: 0.7305 | 
Epoch: 45 | train_loss: 0.3221 | train_acc: 0.9127 | test_loss: 0.9314 | test_acc: 0.7422 | 
Epoch: 46 | train_loss: 0.2197 | train_acc: 0.9397 | test_loss: 0.8303 | test_acc: 0.7500 | 
Epoch: 47 | train_loss: 0.2077 | train_acc: 0.9289 | test_loss: 0.9784 | test_acc: 0.7227 | 
Epoch: 48 | train_loss: 0.2825 | train_acc: 0.9073 | test_loss: 0.8889 | test_acc: 0.7656 | 
Epoch: 49 | train_loss: 0.3043 | train_acc: 0.8955 | test_loss: 0.8618 | test_acc: 0.7461 | 
Epoch: 50 | train_loss: 0.3042 | train_acc: 0.8933 | test_loss: 0.9039 | test_acc: 0.7422 | 
⏱️ Total training time: 97.443 seconds
📊 Bands [242, 292, 447] -> Fitness: 0.7422
Dataset initialized with pre-loaded data. Total samples: 897
Band indices for training dataloader: [226, 60, 0]
Dataset initialized with pre-loaded data. Total samples: 226
Band indices for test dataloader: [226, 60, 0]
🔍 Starting evaluation of individual [226, 60, 0]
Epoch: 1 | train_loss: 1.3864 | train_acc: 0.2920 | test_loss: 1.3036 | test_acc: 0.4492 | 
Epoch: 2 | train_loss: 1.2938 | train_acc: 0.4009 | test_loss: 1.2629 | test_acc: 0.5078 | 
Epoch: 3 | train_loss: 1.2132 | train_acc: 0.4817 | test_loss: 1.2897 | test_acc: 0.4219 | 
Epoch: 4 | train_loss: 1.1319 | train_acc: 0.4968 | test_loss: 1.3559 | test_acc: 0.3984 | 
Epoch: 5 | train_loss: 1.1210 | train_acc: 0.5108 | test_loss: 1.2595 | test_acc: 0.4492 | 
Epoch: 6 | train_loss: 1.0011 | train_acc: 0.5970 | test_loss: 1.3175 | test_acc: 0.5078 | 
Epoch: 7 | train_loss: 0.9514 | train_acc: 0.6164 | test_loss: 1.1092 | test_acc: 0.5781 | 
Epoch: 8 | train_loss: 0.8996 | train_acc: 0.6067 | test_loss: 1.1690 | test_acc: 0.5547 | 
Epoch: 9 | train_loss: 0.9541 | train_acc: 0.6110 | test_loss: 1.2451 | test_acc: 0.5508 | 
Epoch: 10 | train_loss: 0.8130 | train_acc: 0.6821 | test_loss: 1.5455 | test_acc: 0.4297 | 
Epoch: 11 | train_loss: 0.8121 | train_acc: 0.6767 | test_loss: 1.1405 | test_acc: 0.5430 | 
Epoch: 12 | train_loss: 0.8105 | train_acc: 0.6670 | test_loss: 1.3084 | test_acc: 0.5664 | 
Epoch: 13 | train_loss: 0.7845 | train_acc: 0.7101 | test_loss: 1.1954 | test_acc: 0.5742 | 
Epoch: 14 | train_loss: 0.7256 | train_acc: 0.7047 | test_loss: 1.2222 | test_acc: 0.5703 | 
Epoch: 15 | train_loss: 0.6877 | train_acc: 0.7263 | test_loss: 1.0709 | test_acc: 0.6133 | 
Epoch: 16 | train_loss: 0.6256 | train_acc: 0.7511 | test_loss: 1.1291 | test_acc: 0.6094 | 
Epoch: 17 | train_loss: 0.6260 | train_acc: 0.7403 | test_loss: 1.1188 | test_acc: 0.5352 | 
Epoch: 18 | train_loss: 0.5738 | train_acc: 0.7866 | test_loss: 1.1346 | test_acc: 0.5742 | 
Epoch: 19 | train_loss: 0.5905 | train_acc: 0.7716 | test_loss: 1.1155 | test_acc: 0.5938 | 
Epoch: 20 | train_loss: 0.5275 | train_acc: 0.8222 | test_loss: 0.9513 | test_acc: 0.6680 | 
Epoch: 21 | train_loss: 0.5927 | train_acc: 0.7834 | test_loss: 0.9855 | test_acc: 0.6562 | 
Epoch: 22 | train_loss: 0.5179 | train_acc: 0.8157 | test_loss: 1.0155 | test_acc: 0.6289 | 
Epoch: 23 | train_loss: 0.5165 | train_acc: 0.8039 | test_loss: 1.3395 | test_acc: 0.5195 | 
Epoch: 24 | train_loss: 0.4915 | train_acc: 0.7899 | test_loss: 1.0014 | test_acc: 0.6562 | 
Epoch: 25 | train_loss: 0.5453 | train_acc: 0.7963 | test_loss: 1.0644 | test_acc: 0.6445 | 
Epoch: 26 | train_loss: 0.4343 | train_acc: 0.8287 | test_loss: 1.3489 | test_acc: 0.5703 | 
Epoch: 27 | train_loss: 0.4251 | train_acc: 0.8276 | test_loss: 1.2697 | test_acc: 0.6289 | 
Epoch: 28 | train_loss: 0.3590 | train_acc: 0.8739 | test_loss: 1.2223 | test_acc: 0.6172 | 
Epoch: 29 | train_loss: 0.4261 | train_acc: 0.8394 | test_loss: 1.3147 | test_acc: 0.5586 | 
Epoch: 30 | train_loss: 0.3591 | train_acc: 0.8825 | test_loss: 1.4148 | test_acc: 0.5234 | 
Epoch: 31 | train_loss: 0.4299 | train_acc: 0.8297 | test_loss: 1.1453 | test_acc: 0.6602 | 
Epoch: 32 | train_loss: 0.3594 | train_acc: 0.8858 | test_loss: 1.2305 | test_acc: 0.5820 | 
Epoch: 33 | train_loss: 0.3735 | train_acc: 0.8728 | test_loss: 1.1470 | test_acc: 0.6289 | 
Epoch: 34 | train_loss: 0.4161 | train_acc: 0.8588 | test_loss: 1.2429 | test_acc: 0.6562 | 
Epoch: 35 | train_loss: 0.4314 | train_acc: 0.8362 | test_loss: 1.1043 | test_acc: 0.6367 | 
Epoch: 36 | train_loss: 0.4146 | train_acc: 0.8513 | test_loss: 1.1177 | test_acc: 0.6719 | 
Epoch: 37 | train_loss: 0.3803 | train_acc: 0.8534 | test_loss: 1.1164 | test_acc: 0.6328 | 
Epoch: 38 | train_loss: 0.3666 | train_acc: 0.8599 | test_loss: 1.0640 | test_acc: 0.6406 | 
Epoch: 39 | train_loss: 0.3623 | train_acc: 0.8610 | test_loss: 1.0628 | test_acc: 0.6719 | 
Epoch: 40 | train_loss: 0.2970 | train_acc: 0.9095 | test_loss: 1.1309 | test_acc: 0.6367 | 
Epoch: 41 | train_loss: 0.3220 | train_acc: 0.8664 | test_loss: 1.2551 | test_acc: 0.5781 | 
Epoch: 42 | train_loss: 0.3496 | train_acc: 0.8707 | test_loss: 1.2875 | test_acc: 0.6758 | 
Epoch: 43 | train_loss: 0.3836 | train_acc: 0.8685 | test_loss: 1.1510 | test_acc: 0.6172 | 
Epoch: 44 | train_loss: 0.3309 | train_acc: 0.8556 | test_loss: 1.1555 | test_acc: 0.5977 | 
Epoch: 45 | train_loss: 0.2571 | train_acc: 0.9267 | test_loss: 1.0820 | test_acc: 0.6680 | 
Epoch: 46 | train_loss: 0.2971 | train_acc: 0.8955 | test_loss: 1.1021 | test_acc: 0.6797 | 
Epoch: 47 | train_loss: 0.2231 | train_acc: 0.9300 | test_loss: 1.2627 | test_acc: 0.6172 | 
Epoch: 48 | train_loss: 0.2486 | train_acc: 0.8912 | test_loss: 1.3107 | test_acc: 0.6445 | 
Epoch: 49 | train_loss: 0.2581 | train_acc: 0.8944 | test_loss: 1.1741 | test_acc: 0.6562 | 
Epoch: 50 | train_loss: 0.2967 | train_acc: 0.8750 | test_loss: 1.1205 | test_acc: 0.6172 | 
⏱️ Total training time: 103.177 seconds
📊 Bands [226, 60, 0] -> Fitness: 0.6172
Dataset initialized with pre-loaded data. Total samples: 897
Band indices for training dataloader: [169, 117, 447]
Dataset initialized with pre-loaded data. Total samples: 226
Band indices for test dataloader: [169, 117, 447]
🔍 Starting evaluation of individual [169, 117, 447]
Epoch: 1 | train_loss: 1.3633 | train_acc: 0.3534 | test_loss: 1.2833 | test_acc: 0.4062 | 
Epoch: 2 | train_loss: 1.2515 | train_acc: 0.4440 | test_loss: 1.4522 | test_acc: 0.3633 | 
Epoch: 3 | train_loss: 1.1163 | train_acc: 0.5399 | test_loss: 1.1782 | test_acc: 0.4648 | 
Epoch: 4 | train_loss: 1.0256 | train_acc: 0.5442 | test_loss: 1.1518 | test_acc: 0.5469 | 
Epoch: 5 | train_loss: 0.9593 | train_acc: 0.6002 | test_loss: 1.1022 | test_acc: 0.5586 | 
Epoch: 6 | train_loss: 0.8866 | train_acc: 0.6315 | test_loss: 1.1073 | test_acc: 0.5547 | 
Epoch: 7 | train_loss: 0.8241 | train_acc: 0.6832 | test_loss: 0.9914 | test_acc: 0.6055 | 
Epoch: 8 | train_loss: 0.8201 | train_acc: 0.6767 | test_loss: 1.0104 | test_acc: 0.5938 | 
Epoch: 9 | train_loss: 0.6990 | train_acc: 0.7198 | test_loss: 1.1553 | test_acc: 0.5742 | 
Epoch: 10 | train_loss: 0.7562 | train_acc: 0.6692 | test_loss: 0.8501 | test_acc: 0.6875 | 
Epoch: 11 | train_loss: 0.6705 | train_acc: 0.7403 | test_loss: 0.9078 | test_acc: 0.6758 | 
Epoch: 12 | train_loss: 0.6585 | train_acc: 0.7608 | test_loss: 0.9179 | test_acc: 0.6836 | 
Epoch: 13 | train_loss: 0.6471 | train_acc: 0.7209 | test_loss: 0.8754 | test_acc: 0.6680 | 
Epoch: 14 | train_loss: 0.5668 | train_acc: 0.7586 | test_loss: 0.9916 | test_acc: 0.6172 | 
Epoch: 15 | train_loss: 0.5609 | train_acc: 0.8082 | test_loss: 0.9249 | test_acc: 0.6250 | 
Epoch: 16 | train_loss: 0.5290 | train_acc: 0.8179 | test_loss: 1.0157 | test_acc: 0.6758 | 
Epoch: 17 | train_loss: 0.4808 | train_acc: 0.8093 | test_loss: 1.0273 | test_acc: 0.6719 | 
Epoch: 18 | train_loss: 0.4743 | train_acc: 0.8136 | test_loss: 1.1027 | test_acc: 0.5938 | 
Epoch: 19 | train_loss: 0.4266 | train_acc: 0.8534 | test_loss: 0.9766 | test_acc: 0.6797 | 
Epoch: 20 | train_loss: 0.5535 | train_acc: 0.8039 | test_loss: 1.4267 | test_acc: 0.5898 | 
Epoch: 21 | train_loss: 0.4437 | train_acc: 0.8297 | test_loss: 0.8214 | test_acc: 0.7188 | 
Epoch: 22 | train_loss: 0.3686 | train_acc: 0.8675 | test_loss: 1.1576 | test_acc: 0.6523 | 
Epoch: 23 | train_loss: 0.3942 | train_acc: 0.8610 | test_loss: 1.2508 | test_acc: 0.6562 | 
Epoch: 24 | train_loss: 0.4044 | train_acc: 0.8481 | test_loss: 0.9328 | test_acc: 0.7461 | 
Epoch: 25 | train_loss: 0.4422 | train_acc: 0.8351 | test_loss: 0.9719 | test_acc: 0.6445 | 
Epoch: 26 | train_loss: 0.4529 | train_acc: 0.8319 | test_loss: 1.0070 | test_acc: 0.6406 | 
Epoch: 27 | train_loss: 0.3409 | train_acc: 0.8847 | test_loss: 0.8882 | test_acc: 0.6641 | 
Epoch: 28 | train_loss: 0.3363 | train_acc: 0.8836 | test_loss: 0.9211 | test_acc: 0.7422 | 
Epoch: 29 | train_loss: 0.3269 | train_acc: 0.8825 | test_loss: 0.9020 | test_acc: 0.6836 | 
Epoch: 30 | train_loss: 0.3563 | train_acc: 0.8642 | test_loss: 1.3927 | test_acc: 0.6445 | 
Epoch: 31 | train_loss: 0.3197 | train_acc: 0.8653 | test_loss: 0.9348 | test_acc: 0.7383 | 
Epoch: 32 | train_loss: 0.3336 | train_acc: 0.8793 | test_loss: 1.0891 | test_acc: 0.6133 | 
Epoch: 33 | train_loss: 0.3368 | train_acc: 0.8481 | test_loss: 0.8394 | test_acc: 0.7617 | 
Epoch: 34 | train_loss: 0.3474 | train_acc: 0.8567 | test_loss: 1.0671 | test_acc: 0.7070 | 
Epoch: 35 | train_loss: 0.3010 | train_acc: 0.8836 | test_loss: 0.9696 | test_acc: 0.7305 | 
Epoch: 36 | train_loss: 0.2703 | train_acc: 0.8739 | test_loss: 0.9908 | test_acc: 0.7617 | 
Epoch: 37 | train_loss: 0.3198 | train_acc: 0.8912 | test_loss: 0.8874 | test_acc: 0.7578 | 
Epoch: 38 | train_loss: 0.2009 | train_acc: 0.9353 | test_loss: 0.7757 | test_acc: 0.7852 | 
Epoch: 39 | train_loss: 0.1880 | train_acc: 0.9300 | test_loss: 0.8914 | test_acc: 0.7148 | 
Epoch: 40 | train_loss: 0.3935 | train_acc: 0.8847 | test_loss: 0.8393 | test_acc: 0.7695 | 
Epoch: 41 | train_loss: 0.2377 | train_acc: 0.9235 | test_loss: 0.9310 | test_acc: 0.7305 | 
Epoch: 42 | train_loss: 0.2886 | train_acc: 0.9019 | test_loss: 1.0263 | test_acc: 0.6641 | 
Epoch: 43 | train_loss: 0.2558 | train_acc: 0.8836 | test_loss: 0.9164 | test_acc: 0.7578 | 
Epoch: 44 | train_loss: 0.2824 | train_acc: 0.8772 | test_loss: 0.7818 | test_acc: 0.7812 | 
Epoch: 45 | train_loss: 0.1646 | train_acc: 0.9569 | test_loss: 0.8808 | test_acc: 0.7852 | 
Epoch: 46 | train_loss: 0.1845 | train_acc: 0.9332 | test_loss: 0.9396 | test_acc: 0.7344 | 
Epoch: 47 | train_loss: 0.2508 | train_acc: 0.9041 | test_loss: 0.8630 | test_acc: 0.7656 | 
Epoch: 48 | train_loss: 0.3313 | train_acc: 0.8912 | test_loss: 0.9308 | test_acc: 0.7227 | 
Epoch: 49 | train_loss: 0.2817 | train_acc: 0.8976 | test_loss: 0.9227 | test_acc: 0.6758 | 
Epoch: 50 | train_loss: 0.3147 | train_acc: 0.8987 | test_loss: 0.9197 | test_acc: 0.6797 | 
⏱️ Total training time: 97.389 seconds
📊 Bands [169, 117, 447] -> Fitness: 0.6797
Dataset initialized with pre-loaded data. Total samples: 897
Band indices for training dataloader: [150, 146, 91]
Dataset initialized with pre-loaded data. Total samples: 226
Band indices for test dataloader: [150, 146, 91]
🔍 Starting evaluation of individual [150, 146, 91]
Epoch: 1 | train_loss: 1.3462 | train_acc: 0.3125 | test_loss: 1.2683 | test_acc: 0.4531 | 
Epoch: 2 | train_loss: 1.2347 | train_acc: 0.4267 | test_loss: 1.4014 | test_acc: 0.4062 | 
Epoch: 3 | train_loss: 1.1606 | train_acc: 0.5129 | test_loss: 1.3177 | test_acc: 0.4570 | 
Epoch: 4 | train_loss: 1.1042 | train_acc: 0.5377 | test_loss: 1.1509 | test_acc: 0.5156 | 
Epoch: 5 | train_loss: 1.0178 | train_acc: 0.5463 | test_loss: 1.0778 | test_acc: 0.5195 | 
Epoch: 6 | train_loss: 0.9404 | train_acc: 0.6088 | test_loss: 1.1099 | test_acc: 0.5742 | 
Epoch: 7 | train_loss: 0.9047 | train_acc: 0.6498 | test_loss: 1.1113 | test_acc: 0.5820 | 
Epoch: 8 | train_loss: 0.7930 | train_acc: 0.6994 | test_loss: 1.2522 | test_acc: 0.5312 | 
Epoch: 9 | train_loss: 0.8630 | train_acc: 0.6649 | test_loss: 0.8806 | test_acc: 0.6250 | 
Epoch: 10 | train_loss: 0.7654 | train_acc: 0.7101 | test_loss: 0.8559 | test_acc: 0.6094 | 
Epoch: 11 | train_loss: 0.6218 | train_acc: 0.7489 | test_loss: 0.9976 | test_acc: 0.6289 | 
Epoch: 12 | train_loss: 0.6087 | train_acc: 0.7543 | test_loss: 1.1392 | test_acc: 0.5859 | 
Epoch: 13 | train_loss: 0.6209 | train_acc: 0.7446 | test_loss: 0.9291 | test_acc: 0.6055 | 
Epoch: 14 | train_loss: 0.5536 | train_acc: 0.8060 | test_loss: 0.8579 | test_acc: 0.6914 | 
Epoch: 15 | train_loss: 0.5065 | train_acc: 0.8039 | test_loss: 0.7043 | test_acc: 0.7227 | 
Epoch: 16 | train_loss: 0.4776 | train_acc: 0.8157 | test_loss: 0.8341 | test_acc: 0.7148 | 
Epoch: 17 | train_loss: 0.5916 | train_acc: 0.7985 | test_loss: 0.8519 | test_acc: 0.7305 | 
Epoch: 18 | train_loss: 0.5516 | train_acc: 0.7909 | test_loss: 0.8419 | test_acc: 0.6328 | 
Epoch: 19 | train_loss: 0.4597 | train_acc: 0.8384 | test_loss: 0.7398 | test_acc: 0.7422 | 
Epoch: 20 | train_loss: 0.4851 | train_acc: 0.8190 | test_loss: 0.8990 | test_acc: 0.6484 | 
Epoch: 21 | train_loss: 0.4250 | train_acc: 0.8168 | test_loss: 0.8215 | test_acc: 0.6992 | 
Epoch: 22 | train_loss: 0.4328 | train_acc: 0.8545 | test_loss: 0.7829 | test_acc: 0.7344 | 
Epoch: 23 | train_loss: 0.5396 | train_acc: 0.8319 | test_loss: 0.8018 | test_acc: 0.7227 | 
Epoch: 24 | train_loss: 0.4030 | train_acc: 0.8739 | test_loss: 0.8112 | test_acc: 0.7188 | 
Epoch: 25 | train_loss: 0.3500 | train_acc: 0.8685 | test_loss: 0.9310 | test_acc: 0.6758 | 
Epoch: 26 | train_loss: 0.3573 | train_acc: 0.8772 | test_loss: 0.8036 | test_acc: 0.7227 | 
Epoch: 27 | train_loss: 0.4330 | train_acc: 0.8491 | test_loss: 0.7861 | test_acc: 0.7422 | 
Epoch: 28 | train_loss: 0.3431 | train_acc: 0.8858 | test_loss: 0.8753 | test_acc: 0.6641 | 
Epoch: 29 | train_loss: 0.3719 | train_acc: 0.8642 | test_loss: 0.7544 | test_acc: 0.7539 | 
Epoch: 30 | train_loss: 0.3380 | train_acc: 0.8750 | test_loss: 0.8441 | test_acc: 0.7227 | 
Epoch: 31 | train_loss: 0.3736 | train_acc: 0.8502 | test_loss: 0.6973 | test_acc: 0.7852 | 
Epoch: 32 | train_loss: 0.2911 | train_acc: 0.9009 | test_loss: 0.7784 | test_acc: 0.7461 | 
Epoch: 33 | train_loss: 0.3420 | train_acc: 0.8707 | test_loss: 0.7541 | test_acc: 0.7500 | 
Epoch: 34 | train_loss: 0.3002 | train_acc: 0.8707 | test_loss: 0.7229 | test_acc: 0.7617 | 
Epoch: 35 | train_loss: 0.2511 | train_acc: 0.8901 | test_loss: 0.7898 | test_acc: 0.7344 | 
Epoch: 36 | train_loss: 0.2427 | train_acc: 0.9192 | test_loss: 0.7723 | test_acc: 0.7383 | 
Epoch: 37 | train_loss: 0.2055 | train_acc: 0.9203 | test_loss: 0.6972 | test_acc: 0.7422 | 
Epoch: 38 | train_loss: 0.2061 | train_acc: 0.9332 | test_loss: 0.8189 | test_acc: 0.7578 | 
Epoch: 39 | train_loss: 0.3771 | train_acc: 0.8772 | test_loss: 0.7947 | test_acc: 0.7539 | 
Epoch: 40 | train_loss: 0.2949 | train_acc: 0.8879 | test_loss: 0.6985 | test_acc: 0.7773 | 
Epoch: 41 | train_loss: 0.2049 | train_acc: 0.9397 | test_loss: 0.6699 | test_acc: 0.7812 | 
Epoch: 42 | train_loss: 0.2226 | train_acc: 0.9310 | test_loss: 0.7402 | test_acc: 0.7656 | 
Epoch: 43 | train_loss: 0.2166 | train_acc: 0.9310 | test_loss: 0.6529 | test_acc: 0.7891 | 
Epoch: 44 | train_loss: 0.2142 | train_acc: 0.9030 | test_loss: 0.7328 | test_acc: 0.7695 | 
Epoch: 45 | train_loss: 0.2727 | train_acc: 0.9106 | test_loss: 0.6318 | test_acc: 0.8047 | 
Epoch: 46 | train_loss: 0.3085 | train_acc: 0.8750 | test_loss: 0.7382 | test_acc: 0.7695 | 
Epoch: 47 | train_loss: 0.1989 | train_acc: 0.9321 | test_loss: 0.7490 | test_acc: 0.7812 | 
Epoch: 48 | train_loss: 0.3386 | train_acc: 0.9084 | test_loss: 0.7008 | test_acc: 0.7969 | 
Epoch: 49 | train_loss: 0.2111 | train_acc: 0.9300 | test_loss: 0.7354 | test_acc: 0.7734 | 
Epoch: 50 | train_loss: 0.2274 | train_acc: 0.9095 | test_loss: 0.6208 | test_acc: 0.8047 | 
⏱️ Total training time: 91.833 seconds
📊 Bands [150, 146, 91] -> Fitness: 0.8047
Dataset initialized with pre-loaded data. Total samples: 897
Band indices for training dataloader: [260, 110, 89]
Dataset initialized with pre-loaded data. Total samples: 226
Band indices for test dataloader: [260, 110, 89]
🔍 Starting evaluation of individual [260, 110, 89]
Epoch: 1 | train_loss: 1.3500 | train_acc: 0.3438 | test_loss: 1.2992 | test_acc: 0.3555 | 
Epoch: 2 | train_loss: 1.2569 | train_acc: 0.4278 | test_loss: 1.2788 | test_acc: 0.4570 | 
Epoch: 3 | train_loss: 1.1247 | train_acc: 0.5366 | test_loss: 1.2010 | test_acc: 0.4648 | 
Epoch: 4 | train_loss: 1.0413 | train_acc: 0.5894 | test_loss: 1.1919 | test_acc: 0.5664 | 
Epoch: 5 | train_loss: 0.9466 | train_acc: 0.6325 | test_loss: 1.2080 | test_acc: 0.4844 | 
Epoch: 6 | train_loss: 0.9301 | train_acc: 0.6131 | test_loss: 1.1183 | test_acc: 0.5742 | 
Epoch: 7 | train_loss: 0.8214 | train_acc: 0.7091 | test_loss: 0.9658 | test_acc: 0.6484 | 
Epoch: 8 | train_loss: 0.8338 | train_acc: 0.6746 | test_loss: 1.0201 | test_acc: 0.6406 | 
Epoch: 9 | train_loss: 0.7319 | train_acc: 0.7144 | test_loss: 1.1057 | test_acc: 0.6133 | 
Epoch: 10 | train_loss: 0.7717 | train_acc: 0.7112 | test_loss: 0.8800 | test_acc: 0.6992 | 
Epoch: 11 | train_loss: 0.6005 | train_acc: 0.7565 | test_loss: 0.9356 | test_acc: 0.7031 | 
Epoch: 12 | train_loss: 0.5879 | train_acc: 0.7586 | test_loss: 1.0109 | test_acc: 0.6641 | 
Epoch: 13 | train_loss: 0.5863 | train_acc: 0.7996 | test_loss: 1.0984 | test_acc: 0.6484 | 
Epoch: 14 | train_loss: 0.5499 | train_acc: 0.8114 | test_loss: 0.8977 | test_acc: 0.6602 | 
Epoch: 15 | train_loss: 0.5532 | train_acc: 0.8060 | test_loss: 0.9725 | test_acc: 0.6484 | 
Epoch: 16 | train_loss: 0.5021 | train_acc: 0.8039 | test_loss: 0.8760 | test_acc: 0.7148 | 
Epoch: 17 | train_loss: 0.4664 | train_acc: 0.8416 | test_loss: 0.9647 | test_acc: 0.7109 | 
Epoch: 18 | train_loss: 0.4907 | train_acc: 0.8114 | test_loss: 0.9813 | test_acc: 0.6016 | 
Epoch: 19 | train_loss: 0.4610 | train_acc: 0.8276 | test_loss: 0.9362 | test_acc: 0.6953 | 
Epoch: 20 | train_loss: 0.4758 | train_acc: 0.8103 | test_loss: 1.0727 | test_acc: 0.5938 | 
Epoch: 21 | train_loss: 0.4376 | train_acc: 0.8362 | test_loss: 1.0478 | test_acc: 0.6094 | 
Epoch: 22 | train_loss: 0.4102 | train_acc: 0.8427 | test_loss: 0.9103 | test_acc: 0.6641 | 
Epoch: 23 | train_loss: 0.4081 | train_acc: 0.8427 | test_loss: 1.0189 | test_acc: 0.6719 | 
Epoch: 24 | train_loss: 0.3896 | train_acc: 0.8782 | test_loss: 0.8507 | test_acc: 0.7461 | 
Epoch: 25 | train_loss: 0.4631 | train_acc: 0.8534 | test_loss: 1.2322 | test_acc: 0.6602 | 
Epoch: 26 | train_loss: 0.4711 | train_acc: 0.8341 | test_loss: 0.8958 | test_acc: 0.6680 | 
Epoch: 27 | train_loss: 0.3363 | train_acc: 0.8879 | test_loss: 1.0189 | test_acc: 0.6836 | 
Epoch: 28 | train_loss: 0.3617 | train_acc: 0.8696 | test_loss: 0.9483 | test_acc: 0.7266 | 
Epoch: 29 | train_loss: 0.3119 | train_acc: 0.8966 | test_loss: 0.9068 | test_acc: 0.7617 | 
Epoch: 30 | train_loss: 0.2525 | train_acc: 0.9127 | test_loss: 1.0431 | test_acc: 0.7148 | 
Epoch: 31 | train_loss: 0.2976 | train_acc: 0.8804 | test_loss: 1.0912 | test_acc: 0.7109 | 
Epoch: 32 | train_loss: 0.2504 | train_acc: 0.9149 | test_loss: 1.2686 | test_acc: 0.6289 | 
Epoch: 33 | train_loss: 0.2726 | train_acc: 0.8858 | test_loss: 0.9890 | test_acc: 0.6914 | 
Epoch: 34 | train_loss: 0.2958 | train_acc: 0.8890 | test_loss: 1.0954 | test_acc: 0.5898 | 
Epoch: 35 | train_loss: 0.3640 | train_acc: 0.8879 | test_loss: 0.8230 | test_acc: 0.7539 | 
Epoch: 36 | train_loss: 0.3033 | train_acc: 0.8955 | test_loss: 0.8619 | test_acc: 0.6992 | 
Epoch: 37 | train_loss: 0.2879 | train_acc: 0.8869 | test_loss: 0.9024 | test_acc: 0.6875 | 
Epoch: 38 | train_loss: 0.3320 | train_acc: 0.8772 | test_loss: 0.9181 | test_acc: 0.6875 | 
Epoch: 39 | train_loss: 0.2621 | train_acc: 0.9203 | test_loss: 0.9344 | test_acc: 0.6914 | 
Epoch: 40 | train_loss: 0.2773 | train_acc: 0.8912 | test_loss: 0.8003 | test_acc: 0.7383 | 
Epoch: 41 | train_loss: 0.1961 | train_acc: 0.9450 | test_loss: 0.8476 | test_acc: 0.6953 | 
Epoch: 42 | train_loss: 0.2268 | train_acc: 0.9300 | test_loss: 0.7498 | test_acc: 0.7578 | 
Epoch: 43 | train_loss: 0.2377 | train_acc: 0.9343 | test_loss: 0.8233 | test_acc: 0.7539 | 
Epoch: 44 | train_loss: 0.2554 | train_acc: 0.8955 | test_loss: 1.0100 | test_acc: 0.7109 | 
Epoch: 45 | train_loss: 0.2837 | train_acc: 0.8901 | test_loss: 0.9006 | test_acc: 0.7227 | 
Epoch: 46 | train_loss: 0.2615 | train_acc: 0.8998 | test_loss: 1.0001 | test_acc: 0.6602 | 
Epoch: 47 | train_loss: 0.1738 | train_acc: 0.9461 | test_loss: 0.9449 | test_acc: 0.6680 | 
Epoch: 48 | train_loss: 0.1869 | train_acc: 0.9149 | test_loss: 0.8723 | test_acc: 0.7461 | 
Epoch: 49 | train_loss: 0.1996 | train_acc: 0.9073 | test_loss: 0.9297 | test_acc: 0.7539 | 
Epoch: 50 | train_loss: 0.3241 | train_acc: 0.8912 | test_loss: 0.8920 | test_acc: 0.6953 | 
⏱️ Total training time: 86.487 seconds
📊 Bands [260, 110, 89] -> Fitness: 0.6953
Dataset initialized with pre-loaded data. Total samples: 897
Band indices for training dataloader: [198, 206, 346]
Dataset initialized with pre-loaded data. Total samples: 226
Band indices for test dataloader: [198, 206, 346]
🔍 Starting evaluation of individual [198, 206, 346]
Epoch: 1 | train_loss: 1.3878 | train_acc: 0.2931 | test_loss: 1.3317 | test_acc: 0.3867 | 
Epoch: 2 | train_loss: 1.2840 | train_acc: 0.3707 | test_loss: 1.2495 | test_acc: 0.4453 | 
Epoch: 3 | train_loss: 1.1944 | train_acc: 0.4709 | test_loss: 1.3017 | test_acc: 0.4688 | 
Epoch: 4 | train_loss: 1.1204 | train_acc: 0.5248 | test_loss: 1.2230 | test_acc: 0.4844 | 
Epoch: 5 | train_loss: 1.0397 | train_acc: 0.5517 | test_loss: 1.2520 | test_acc: 0.4492 | 
Epoch: 6 | train_loss: 0.9300 | train_acc: 0.6110 | test_loss: 1.2672 | test_acc: 0.4883 | 
Epoch: 7 | train_loss: 0.9488 | train_acc: 0.6099 | test_loss: 1.1633 | test_acc: 0.5391 | 
Epoch: 8 | train_loss: 0.8815 | train_acc: 0.6444 | test_loss: 1.2280 | test_acc: 0.4922 | 
Epoch: 9 | train_loss: 0.8827 | train_acc: 0.6530 | test_loss: 1.0691 | test_acc: 0.5938 | 
Epoch: 10 | train_loss: 0.8192 | train_acc: 0.6444 | test_loss: 1.1386 | test_acc: 0.5625 | 
Epoch: 11 | train_loss: 0.7084 | train_acc: 0.7252 | test_loss: 1.1048 | test_acc: 0.5664 | 
Epoch: 12 | train_loss: 0.8671 | train_acc: 0.7037 | test_loss: 1.0270 | test_acc: 0.6172 | 
Epoch: 13 | train_loss: 0.6661 | train_acc: 0.7543 | test_loss: 1.0994 | test_acc: 0.5586 | 
Epoch: 14 | train_loss: 0.6813 | train_acc: 0.7166 | test_loss: 1.0529 | test_acc: 0.5820 | 
Epoch: 15 | train_loss: 0.5932 | train_acc: 0.7748 | test_loss: 0.9645 | test_acc: 0.5977 | 
Epoch: 16 | train_loss: 0.6051 | train_acc: 0.7705 | test_loss: 1.1018 | test_acc: 0.6562 | 
Epoch: 17 | train_loss: 0.6467 | train_acc: 0.7586 | test_loss: 1.1110 | test_acc: 0.5234 | 
Epoch: 18 | train_loss: 0.6117 | train_acc: 0.7522 | test_loss: 0.9432 | test_acc: 0.6523 | 
Epoch: 19 | train_loss: 0.6316 | train_acc: 0.7565 | test_loss: 0.9544 | test_acc: 0.6602 | 
Epoch: 20 | train_loss: 0.5745 | train_acc: 0.7716 | test_loss: 1.0389 | test_acc: 0.6250 | 
Epoch: 21 | train_loss: 0.5620 | train_acc: 0.7845 | test_loss: 0.8381 | test_acc: 0.6680 | 
Epoch: 22 | train_loss: 0.4847 | train_acc: 0.8276 | test_loss: 1.0431 | test_acc: 0.5625 | 
Epoch: 23 | train_loss: 0.4822 | train_acc: 0.8050 | test_loss: 1.0023 | test_acc: 0.6875 | 
Epoch: 24 | train_loss: 0.4782 | train_acc: 0.8416 | test_loss: 1.0290 | test_acc: 0.6797 | 
Epoch: 25 | train_loss: 0.5103 | train_acc: 0.7953 | test_loss: 1.0355 | test_acc: 0.6719 | 
Epoch: 26 | train_loss: 0.4132 | train_acc: 0.8481 | test_loss: 0.9494 | test_acc: 0.6836 | 
Epoch: 27 | train_loss: 0.3874 | train_acc: 0.8341 | test_loss: 1.0560 | test_acc: 0.6484 | 
Epoch: 28 | train_loss: 0.3531 | train_acc: 0.8750 | test_loss: 1.0072 | test_acc: 0.6797 | 
Epoch: 29 | train_loss: 0.3808 | train_acc: 0.8707 | test_loss: 0.9890 | test_acc: 0.6875 | 
Epoch: 30 | train_loss: 0.4447 | train_acc: 0.8384 | test_loss: 1.0952 | test_acc: 0.6719 | 
Epoch: 31 | train_loss: 0.4703 | train_acc: 0.8082 | test_loss: 0.8623 | test_acc: 0.7422 | 
Epoch: 32 | train_loss: 0.3728 | train_acc: 0.8793 | test_loss: 0.8156 | test_acc: 0.7422 | 
Epoch: 33 | train_loss: 0.3684 | train_acc: 0.8610 | test_loss: 1.0259 | test_acc: 0.6914 | 
Epoch: 34 | train_loss: 0.3940 | train_acc: 0.8405 | test_loss: 0.9333 | test_acc: 0.7227 | 
Epoch: 35 | train_loss: 0.3211 | train_acc: 0.8976 | test_loss: 0.8341 | test_acc: 0.7227 | 
Epoch: 36 | train_loss: 0.2966 | train_acc: 0.9041 | test_loss: 0.8746 | test_acc: 0.7305 | 
Epoch: 37 | train_loss: 0.3629 | train_acc: 0.8664 | test_loss: 0.9541 | test_acc: 0.7266 | 
Epoch: 38 | train_loss: 0.3480 | train_acc: 0.8675 | test_loss: 0.8272 | test_acc: 0.7383 | 
Epoch: 39 | train_loss: 0.3018 | train_acc: 0.8998 | test_loss: 0.9374 | test_acc: 0.6953 | 
Epoch: 40 | train_loss: 0.3193 | train_acc: 0.8631 | test_loss: 1.0260 | test_acc: 0.7148 | 
Epoch: 41 | train_loss: 0.2949 | train_acc: 0.8739 | test_loss: 1.0114 | test_acc: 0.6406 | 
Epoch: 42 | train_loss: 0.2542 | train_acc: 0.9159 | test_loss: 0.9651 | test_acc: 0.6953 | 
Epoch: 43 | train_loss: 0.2699 | train_acc: 0.9106 | test_loss: 1.1361 | test_acc: 0.7070 | 
Epoch: 44 | train_loss: 0.3829 | train_acc: 0.8858 | test_loss: 1.0962 | test_acc: 0.6406 | 
Epoch: 45 | train_loss: 0.4204 | train_acc: 0.8513 | test_loss: 0.8836 | test_acc: 0.7461 | 
Epoch: 46 | train_loss: 0.2776 | train_acc: 0.9052 | test_loss: 0.9956 | test_acc: 0.6406 | 
Epoch: 47 | train_loss: 0.2455 | train_acc: 0.9181 | test_loss: 0.9739 | test_acc: 0.6797 | 
Epoch: 48 | train_loss: 0.2840 | train_acc: 0.8772 | test_loss: 1.0910 | test_acc: 0.6484 | 
Epoch: 49 | train_loss: 0.3911 | train_acc: 0.8675 | test_loss: 1.0785 | test_acc: 0.6211 | 
Epoch: 50 | train_loss: 0.2839 | train_acc: 0.8879 | test_loss: 0.9734 | test_acc: 0.7188 | 
⏱️ Total training time: 87.589 seconds
📊 Bands [198, 206, 346] -> Fitness: 0.7188
Dataset initialized with pre-loaded data. Total samples: 897
Band indices for training dataloader: [201, 258, 187]
Dataset initialized with pre-loaded data. Total samples: 226
Band indices for test dataloader: [201, 258, 187]
🔍 Starting evaluation of individual [201, 258, 187]
Epoch: 1 | train_loss: 1.3624 | train_acc: 0.3448 | test_loss: 1.3226 | test_acc: 0.3477 | 
Epoch: 2 | train_loss: 1.2879 | train_acc: 0.4256 | test_loss: 1.2313 | test_acc: 0.4883 | 
Epoch: 3 | train_loss: 1.1786 | train_acc: 0.4677 | test_loss: 1.4202 | test_acc: 0.3984 | 
Epoch: 4 | train_loss: 1.1492 | train_acc: 0.4806 | test_loss: 1.0867 | test_acc: 0.5820 | 
Epoch: 5 | train_loss: 1.1007 | train_acc: 0.5312 | test_loss: 1.1322 | test_acc: 0.4961 | 
Epoch: 6 | train_loss: 1.0044 | train_acc: 0.5679 | test_loss: 1.1691 | test_acc: 0.5039 | 
Epoch: 7 | train_loss: 0.9266 | train_acc: 0.6175 | test_loss: 1.1576 | test_acc: 0.5508 | 
Epoch: 8 | train_loss: 0.8413 | train_acc: 0.6853 | test_loss: 1.1013 | test_acc: 0.5781 | 
Epoch: 9 | train_loss: 0.8844 | train_acc: 0.6541 | test_loss: 1.1312 | test_acc: 0.5469 | 
Epoch: 10 | train_loss: 0.8013 | train_acc: 0.7080 | test_loss: 1.2269 | test_acc: 0.5273 | 
Epoch: 11 | train_loss: 0.8015 | train_acc: 0.6659 | test_loss: 1.1854 | test_acc: 0.5000 | 
Epoch: 12 | train_loss: 0.7433 | train_acc: 0.7198 | test_loss: 1.0868 | test_acc: 0.5469 | 
Epoch: 13 | train_loss: 0.6909 | train_acc: 0.7295 | test_loss: 1.1496 | test_acc: 0.6055 | 
Epoch: 14 | train_loss: 0.6616 | train_acc: 0.7640 | test_loss: 1.0422 | test_acc: 0.6445 | 
Epoch: 15 | train_loss: 0.6474 | train_acc: 0.7446 | test_loss: 1.0888 | test_acc: 0.5352 | 
Epoch: 16 | train_loss: 0.6618 | train_acc: 0.7511 | test_loss: 1.1117 | test_acc: 0.6133 | 
Epoch: 17 | train_loss: 0.6171 | train_acc: 0.7457 | test_loss: 0.9618 | test_acc: 0.6680 | 
Epoch: 18 | train_loss: 0.6249 | train_acc: 0.7435 | test_loss: 1.0652 | test_acc: 0.5977 | 
Epoch: 19 | train_loss: 0.5612 | train_acc: 0.7651 | test_loss: 1.0085 | test_acc: 0.6250 | 
Epoch: 20 | train_loss: 0.5187 | train_acc: 0.8050 | test_loss: 0.9392 | test_acc: 0.6641 | 
Epoch: 21 | train_loss: 0.5455 | train_acc: 0.7769 | test_loss: 1.0264 | test_acc: 0.6250 | 
Epoch: 22 | train_loss: 0.5358 | train_acc: 0.7845 | test_loss: 0.9138 | test_acc: 0.6875 | 
Epoch: 23 | train_loss: 0.5227 | train_acc: 0.7996 | test_loss: 0.8514 | test_acc: 0.7422 | 
Epoch: 24 | train_loss: 0.5377 | train_acc: 0.7888 | test_loss: 0.9334 | test_acc: 0.7031 | 
Epoch: 25 | train_loss: 0.4426 | train_acc: 0.8502 | test_loss: 0.9255 | test_acc: 0.7344 | 
Epoch: 26 | train_loss: 0.4038 | train_acc: 0.8427 | test_loss: 0.8995 | test_acc: 0.7109 | 
Epoch: 27 | train_loss: 0.4068 | train_acc: 0.8524 | test_loss: 0.9579 | test_acc: 0.7227 | 
Epoch: 28 | train_loss: 0.4588 | train_acc: 0.8287 | test_loss: 0.9463 | test_acc: 0.6953 | 
Epoch: 29 | train_loss: 0.4404 | train_acc: 0.8244 | test_loss: 1.0468 | test_acc: 0.6758 | 
Epoch: 30 | train_loss: 0.4274 | train_acc: 0.8276 | test_loss: 0.8767 | test_acc: 0.7109 | 
Epoch: 31 | train_loss: 0.4095 | train_acc: 0.8470 | test_loss: 0.9270 | test_acc: 0.6953 | 
Epoch: 32 | train_loss: 0.4088 | train_acc: 0.8308 | test_loss: 0.9971 | test_acc: 0.7070 | 
Epoch: 33 | train_loss: 0.3897 | train_acc: 0.8459 | test_loss: 0.9296 | test_acc: 0.6836 | 
Epoch: 34 | train_loss: 0.3874 | train_acc: 0.8427 | test_loss: 0.9595 | test_acc: 0.6641 | 
Epoch: 35 | train_loss: 0.3042 | train_acc: 0.8976 | test_loss: 0.8862 | test_acc: 0.7305 | 
Epoch: 36 | train_loss: 0.2741 | train_acc: 0.9073 | test_loss: 0.8893 | test_acc: 0.7461 | 
Epoch: 37 | train_loss: 0.2445 | train_acc: 0.9138 | test_loss: 1.0028 | test_acc: 0.7305 | 
Epoch: 38 | train_loss: 0.5005 | train_acc: 0.8599 | test_loss: 1.0441 | test_acc: 0.7148 | 
Epoch: 39 | train_loss: 0.3925 | train_acc: 0.8513 | test_loss: 0.8144 | test_acc: 0.7188 | 
Epoch: 40 | train_loss: 0.3142 | train_acc: 0.9073 | test_loss: 0.9538 | test_acc: 0.7188 | 
Epoch: 41 | train_loss: 0.3161 | train_acc: 0.8869 | test_loss: 1.0393 | test_acc: 0.7070 | 
Epoch: 42 | train_loss: 0.3481 | train_acc: 0.8545 | test_loss: 0.8718 | test_acc: 0.7109 | 
Epoch: 43 | train_loss: 0.2876 | train_acc: 0.9041 | test_loss: 1.0497 | test_acc: 0.6758 | 
Epoch: 44 | train_loss: 0.2674 | train_acc: 0.9030 | test_loss: 0.9567 | test_acc: 0.7266 | 
Epoch: 45 | train_loss: 0.2734 | train_acc: 0.9009 | test_loss: 0.9804 | test_acc: 0.7500 | 
Epoch: 46 | train_loss: 0.2808 | train_acc: 0.8761 | test_loss: 0.9228 | test_acc: 0.7383 | 
Epoch: 47 | train_loss: 0.2571 | train_acc: 0.9138 | test_loss: 0.9882 | test_acc: 0.7344 | 
Epoch: 48 | train_loss: 0.4001 | train_acc: 0.8707 | test_loss: 0.9021 | test_acc: 0.7266 | 
Epoch: 49 | train_loss: 0.3483 | train_acc: 0.8728 | test_loss: 1.1245 | test_acc: 0.6758 | 
Epoch: 50 | train_loss: 0.2659 | train_acc: 0.9256 | test_loss: 0.9571 | test_acc: 0.7266 | 
⏱️ Total training time: 88.933 seconds
📊 Bands [201, 258, 187] -> Fitness: 0.7266
2  	14    	0.733594	0.0472737	0.617188	0.804688	Individual('h', [150, 146, 91])
Dataset initialized with pre-loaded data. Total samples: 897
Band indices for training dataloader: [198, 268, 447]
Dataset initialized with pre-loaded data. Total samples: 226
Band indices for test dataloader: [198, 268, 447]
🔍 Starting evaluation of individual [198, 268, 447]
Epoch: 1 | train_loss: 1.3697 | train_acc: 0.3136 | test_loss: 1.3264 | test_acc: 0.3359 | 
Epoch: 2 | train_loss: 1.2687 | train_acc: 0.4084 | test_loss: 1.3094 | test_acc: 0.4062 | 
Epoch: 3 | train_loss: 1.2035 | train_acc: 0.4526 | test_loss: 1.1837 | test_acc: 0.4922 | 
Epoch: 4 | train_loss: 1.1457 | train_acc: 0.5108 | test_loss: 1.1774 | test_acc: 0.4844 | 
Epoch: 5 | train_loss: 1.0243 | train_acc: 0.5668 | test_loss: 1.2377 | test_acc: 0.4180 | 
Epoch: 6 | train_loss: 0.9750 | train_acc: 0.5819 | test_loss: 1.0380 | test_acc: 0.6328 | 
Epoch: 7 | train_loss: 0.9069 | train_acc: 0.6401 | test_loss: 1.0485 | test_acc: 0.6133 | 
Epoch: 8 | train_loss: 0.9146 | train_acc: 0.6347 | test_loss: 1.0625 | test_acc: 0.6016 | 
Epoch: 9 | train_loss: 0.9201 | train_acc: 0.6099 | test_loss: 0.9731 | test_acc: 0.6367 | 
Epoch: 10 | train_loss: 0.8485 | train_acc: 0.6498 | test_loss: 0.9243 | test_acc: 0.6602 | 
Epoch: 11 | train_loss: 0.7416 | train_acc: 0.7231 | test_loss: 0.9894 | test_acc: 0.6250 | 
Epoch: 12 | train_loss: 0.8134 | train_acc: 0.6616 | test_loss: 1.1010 | test_acc: 0.5898 | 
Epoch: 13 | train_loss: 0.6655 | train_acc: 0.7511 | test_loss: 1.2730 | test_acc: 0.6367 | 
Epoch: 14 | train_loss: 0.6219 | train_acc: 0.7726 | test_loss: 1.2023 | test_acc: 0.6016 | 
Epoch: 15 | train_loss: 0.6893 | train_acc: 0.7155 | test_loss: 1.0353 | test_acc: 0.6289 | 
Epoch: 16 | train_loss: 0.6110 | train_acc: 0.7953 | test_loss: 1.0877 | test_acc: 0.6367 | 
Epoch: 17 | train_loss: 0.5563 | train_acc: 0.7866 | test_loss: 1.1625 | test_acc: 0.5781 | 
Epoch: 18 | train_loss: 0.5462 | train_acc: 0.7705 | test_loss: 0.9374 | test_acc: 0.6836 | 
Epoch: 19 | train_loss: 0.5452 | train_acc: 0.7694 | test_loss: 1.0470 | test_acc: 0.6562 | 
Epoch: 20 | train_loss: 0.5554 | train_acc: 0.7672 | test_loss: 1.0954 | test_acc: 0.6680 | 
Epoch: 21 | train_loss: 0.5127 | train_acc: 0.8297 | test_loss: 0.9927 | test_acc: 0.6953 | 
Epoch: 22 | train_loss: 0.4517 | train_acc: 0.8082 | test_loss: 1.0216 | test_acc: 0.6953 | 
Epoch: 23 | train_loss: 0.4576 | train_acc: 0.8362 | test_loss: 1.0035 | test_acc: 0.6719 | 
Epoch: 24 | train_loss: 0.3657 | train_acc: 0.8653 | test_loss: 0.9081 | test_acc: 0.7148 | 
Epoch: 25 | train_loss: 0.4341 | train_acc: 0.8200 | test_loss: 0.9143 | test_acc: 0.7109 | 
Epoch: 26 | train_loss: 0.4673 | train_acc: 0.8319 | test_loss: 0.9462 | test_acc: 0.6953 | 
Epoch: 27 | train_loss: 0.4231 | train_acc: 0.8190 | test_loss: 0.9159 | test_acc: 0.6953 | 
Epoch: 28 | train_loss: 0.3867 | train_acc: 0.8815 | test_loss: 0.9540 | test_acc: 0.7148 | 
Epoch: 29 | train_loss: 0.4230 | train_acc: 0.8545 | test_loss: 1.1794 | test_acc: 0.6406 | 
Epoch: 30 | train_loss: 0.5121 | train_acc: 0.8147 | test_loss: 0.9887 | test_acc: 0.6680 | 
Epoch: 31 | train_loss: 0.5307 | train_acc: 0.7899 | test_loss: 0.9950 | test_acc: 0.6914 | 
Epoch: 32 | train_loss: 0.4975 | train_acc: 0.8297 | test_loss: 0.9299 | test_acc: 0.7109 | 
Epoch: 33 | train_loss: 0.4095 | train_acc: 0.8373 | test_loss: 0.8651 | test_acc: 0.6953 | 
Epoch: 34 | train_loss: 0.3394 | train_acc: 0.8707 | test_loss: 0.9270 | test_acc: 0.7109 | 
Epoch: 35 | train_loss: 0.4251 | train_acc: 0.8502 | test_loss: 0.9727 | test_acc: 0.7031 | 
Epoch: 36 | train_loss: 0.3297 | train_acc: 0.8481 | test_loss: 0.9537 | test_acc: 0.7070 | 
Epoch: 37 | train_loss: 0.3322 | train_acc: 0.8998 | test_loss: 0.8818 | test_acc: 0.7188 | 
Epoch: 38 | train_loss: 0.3264 | train_acc: 0.8944 | test_loss: 0.9475 | test_acc: 0.6992 | 
Epoch: 39 | train_loss: 0.3792 | train_acc: 0.8470 | test_loss: 0.9692 | test_acc: 0.7227 | 
Epoch: 40 | train_loss: 0.3181 | train_acc: 0.8987 | test_loss: 0.9150 | test_acc: 0.7383 | 
Epoch: 41 | train_loss: 0.4092 | train_acc: 0.8696 | test_loss: 0.9843 | test_acc: 0.7148 | 
Epoch: 42 | train_loss: 0.3299 | train_acc: 0.8912 | test_loss: 1.0372 | test_acc: 0.7109 | 
Epoch: 43 | train_loss: 0.3050 | train_acc: 0.8782 | test_loss: 1.0280 | test_acc: 0.7109 | 
Epoch: 44 | train_loss: 0.3808 | train_acc: 0.8578 | test_loss: 0.9794 | test_acc: 0.7148 | 
Epoch: 45 | train_loss: 0.3477 | train_acc: 0.8793 | test_loss: 1.0751 | test_acc: 0.7109 | 
Epoch: 46 | train_loss: 0.3551 | train_acc: 0.8631 | test_loss: 0.9523 | test_acc: 0.7344 | 
Epoch: 47 | train_loss: 0.2808 | train_acc: 0.9127 | test_loss: 0.9611 | test_acc: 0.7383 | 
Epoch: 48 | train_loss: 0.3192 | train_acc: 0.8739 | test_loss: 1.1029 | test_acc: 0.7227 | 
Epoch: 49 | train_loss: 0.3408 | train_acc: 0.8696 | test_loss: 0.8946 | test_acc: 0.7422 | 
Epoch: 50 | train_loss: 0.3212 | train_acc: 0.8696 | test_loss: 1.0782 | test_acc: 0.6953 | 
⏱️ Total training time: 88.376 seconds
📊 Bands [198, 268, 447] -> Fitness: 0.6953
Dataset initialized with pre-loaded data. Total samples: 897
Band indices for training dataloader: [194, 141, 0]
Dataset initialized with pre-loaded data. Total samples: 226
Band indices for test dataloader: [194, 141, 0]
🔍 Starting evaluation of individual [194, 141, 0]
Epoch: 1 | train_loss: 1.3809 | train_acc: 0.2985 | test_loss: 1.3837 | test_acc: 0.3125 | 
Epoch: 2 | train_loss: 1.2997 | train_acc: 0.3858 | test_loss: 1.2902 | test_acc: 0.3242 | 
Epoch: 3 | train_loss: 1.2486 | train_acc: 0.4483 | test_loss: 1.4175 | test_acc: 0.4023 | 
Epoch: 4 | train_loss: 1.2125 | train_acc: 0.4688 | test_loss: 1.2394 | test_acc: 0.4414 | 
Epoch: 5 | train_loss: 1.1430 | train_acc: 0.4860 | test_loss: 1.2877 | test_acc: 0.4492 | 
Epoch: 6 | train_loss: 1.0387 | train_acc: 0.5463 | test_loss: 1.1669 | test_acc: 0.4922 | 
Epoch: 7 | train_loss: 1.0082 | train_acc: 0.5733 | test_loss: 1.1448 | test_acc: 0.5234 | 
Epoch: 8 | train_loss: 0.9794 | train_acc: 0.5765 | test_loss: 1.2415 | test_acc: 0.4297 | 
Epoch: 9 | train_loss: 0.9359 | train_acc: 0.6099 | test_loss: 1.3999 | test_acc: 0.4961 | 
Epoch: 10 | train_loss: 0.9070 | train_acc: 0.6379 | test_loss: 1.2277 | test_acc: 0.5430 | 
Epoch: 11 | train_loss: 0.8525 | train_acc: 0.6530 | test_loss: 1.1374 | test_acc: 0.5117 | 
Epoch: 12 | train_loss: 0.8456 | train_acc: 0.6476 | test_loss: 1.1520 | test_acc: 0.5195 | 
Epoch: 13 | train_loss: 0.8297 | train_acc: 0.6659 | test_loss: 1.2118 | test_acc: 0.5078 | 
Epoch: 14 | train_loss: 0.7092 | train_acc: 0.7349 | test_loss: 1.3703 | test_acc: 0.5312 | 
Epoch: 15 | train_loss: 0.7283 | train_acc: 0.7306 | test_loss: 1.0075 | test_acc: 0.6133 | 
Epoch: 16 | train_loss: 0.7281 | train_acc: 0.6907 | test_loss: 1.1027 | test_acc: 0.5781 | 
Epoch: 17 | train_loss: 0.6519 | train_acc: 0.7608 | test_loss: 1.5015 | test_acc: 0.5469 | 
Epoch: 18 | train_loss: 0.6905 | train_acc: 0.7144 | test_loss: 1.3339 | test_acc: 0.5586 | 
Epoch: 19 | train_loss: 0.5992 | train_acc: 0.8006 | test_loss: 1.1457 | test_acc: 0.5664 | 
Epoch: 20 | train_loss: 0.6290 | train_acc: 0.7716 | test_loss: 1.1741 | test_acc: 0.5547 | 
Epoch: 21 | train_loss: 0.5069 | train_acc: 0.8157 | test_loss: 1.1057 | test_acc: 0.6133 | 
Epoch: 22 | train_loss: 0.5085 | train_acc: 0.8082 | test_loss: 1.2123 | test_acc: 0.6016 | 
Epoch: 23 | train_loss: 0.4998 | train_acc: 0.8276 | test_loss: 1.1595 | test_acc: 0.5352 | 
Epoch: 24 | train_loss: 0.4828 | train_acc: 0.8319 | test_loss: 1.3128 | test_acc: 0.5820 | 
Epoch: 25 | train_loss: 0.5053 | train_acc: 0.8157 | test_loss: 1.3688 | test_acc: 0.5547 | 
Epoch: 26 | train_loss: 0.5585 | train_acc: 0.7985 | test_loss: 0.9988 | test_acc: 0.5977 | 
Epoch: 27 | train_loss: 0.5410 | train_acc: 0.7985 | test_loss: 1.0257 | test_acc: 0.6094 | 
Epoch: 28 | train_loss: 0.5164 | train_acc: 0.8071 | test_loss: 0.9117 | test_acc: 0.6523 | 
Epoch: 29 | train_loss: 0.4158 | train_acc: 0.8362 | test_loss: 1.2076 | test_acc: 0.5742 | 
Epoch: 30 | train_loss: 0.4484 | train_acc: 0.8297 | test_loss: 1.1855 | test_acc: 0.5859 | 
Epoch: 31 | train_loss: 0.3780 | train_acc: 0.8556 | test_loss: 1.3791 | test_acc: 0.5352 | 
Epoch: 32 | train_loss: 0.4390 | train_acc: 0.8438 | test_loss: 1.1951 | test_acc: 0.5430 | 
Epoch: 33 | train_loss: 0.4093 | train_acc: 0.8276 | test_loss: 1.0690 | test_acc: 0.6562 | 
Epoch: 34 | train_loss: 0.3793 | train_acc: 0.8394 | test_loss: 1.3595 | test_acc: 0.5508 | 
Epoch: 35 | train_loss: 0.4438 | train_acc: 0.8394 | test_loss: 1.1690 | test_acc: 0.6250 | 
Epoch: 36 | train_loss: 0.3810 | train_acc: 0.8448 | test_loss: 1.2663 | test_acc: 0.5977 | 
Epoch: 37 | train_loss: 0.3945 | train_acc: 0.8502 | test_loss: 1.3072 | test_acc: 0.5586 | 
Epoch: 38 | train_loss: 0.3576 | train_acc: 0.8804 | test_loss: 1.0774 | test_acc: 0.6133 | 
Epoch: 39 | train_loss: 0.3549 | train_acc: 0.8588 | test_loss: 1.3073 | test_acc: 0.5977 | 
Epoch: 40 | train_loss: 0.3251 | train_acc: 0.8836 | test_loss: 1.1228 | test_acc: 0.6211 | 
Epoch: 41 | train_loss: 0.3304 | train_acc: 0.8599 | test_loss: 1.3135 | test_acc: 0.6055 | 
Epoch: 42 | train_loss: 0.3062 | train_acc: 0.8998 | test_loss: 1.3525 | test_acc: 0.5742 | 
Epoch: 43 | train_loss: 0.2945 | train_acc: 0.9041 | test_loss: 1.2743 | test_acc: 0.5938 | 
Epoch: 44 | train_loss: 0.2880 | train_acc: 0.8869 | test_loss: 1.4323 | test_acc: 0.5859 | 
Epoch: 45 | train_loss: 0.3525 | train_acc: 0.8642 | test_loss: 1.8545 | test_acc: 0.5547 | 
Epoch: 46 | train_loss: 0.4101 | train_acc: 0.8308 | test_loss: 1.4780 | test_acc: 0.5234 | 
Epoch: 47 | train_loss: 0.3065 | train_acc: 0.9019 | test_loss: 1.3614 | test_acc: 0.6055 | 
Epoch: 48 | train_loss: 0.2561 | train_acc: 0.9062 | test_loss: 1.1602 | test_acc: 0.6602 | 
Epoch: 49 | train_loss: 0.3917 | train_acc: 0.8858 | test_loss: 1.4163 | test_acc: 0.5938 | 
Epoch: 50 | train_loss: 0.3604 | train_acc: 0.8621 | test_loss: 1.5283 | test_acc: 0.5625 | 
⏱️ Total training time: 102.539 seconds
📊 Bands [194, 141, 0] -> Fitness: 0.5625
Dataset initialized with pre-loaded data. Total samples: 897
Band indices for training dataloader: [14, 0, 53]
Dataset initialized with pre-loaded data. Total samples: 226
Band indices for test dataloader: [14, 0, 53]
🔍 Starting evaluation of individual [14, 0, 53]
Epoch: 1 | train_loss: 1.4050 | train_acc: 0.2705 | test_loss: 1.4427 | test_acc: 0.2656 | 
Epoch: 2 | train_loss: 1.3675 | train_acc: 0.3168 | test_loss: 1.3705 | test_acc: 0.2969 | 
Epoch: 3 | train_loss: 1.3277 | train_acc: 0.3588 | test_loss: 1.3252 | test_acc: 0.3672 | 
Epoch: 4 | train_loss: 1.2740 | train_acc: 0.4375 | test_loss: 1.2973 | test_acc: 0.3945 | 
Epoch: 5 | train_loss: 1.2648 | train_acc: 0.4246 | test_loss: 1.3339 | test_acc: 0.3984 | 
Epoch: 6 | train_loss: 1.2213 | train_acc: 0.4203 | test_loss: 1.2792 | test_acc: 0.4102 | 
Epoch: 7 | train_loss: 1.1983 | train_acc: 0.4634 | test_loss: 1.2729 | test_acc: 0.4609 | 
Epoch: 8 | train_loss: 1.1060 | train_acc: 0.5614 | test_loss: 1.3482 | test_acc: 0.3906 | 
Epoch: 9 | train_loss: 1.0917 | train_acc: 0.5140 | test_loss: 1.2442 | test_acc: 0.4414 | 
Epoch: 10 | train_loss: 1.0462 | train_acc: 0.5593 | test_loss: 1.1743 | test_acc: 0.5195 | 
Epoch: 11 | train_loss: 1.0422 | train_acc: 0.5420 | test_loss: 1.2547 | test_acc: 0.3828 | 
Epoch: 12 | train_loss: 0.9872 | train_acc: 0.5679 | test_loss: 1.2565 | test_acc: 0.4805 | 
Epoch: 13 | train_loss: 1.0159 | train_acc: 0.5614 | test_loss: 1.2228 | test_acc: 0.4648 | 
Epoch: 14 | train_loss: 0.9893 | train_acc: 0.5905 | test_loss: 1.1036 | test_acc: 0.5391 | 
Epoch: 15 | train_loss: 0.9390 | train_acc: 0.6056 | test_loss: 1.1524 | test_acc: 0.4961 | 
Epoch: 16 | train_loss: 0.8824 | train_acc: 0.6272 | test_loss: 1.1331 | test_acc: 0.5430 | 
Epoch: 17 | train_loss: 0.8526 | train_acc: 0.6487 | test_loss: 1.1579 | test_acc: 0.5039 | 
Epoch: 18 | train_loss: 0.8413 | train_acc: 0.6498 | test_loss: 1.2737 | test_acc: 0.4609 | 
Epoch: 19 | train_loss: 0.8357 | train_acc: 0.6627 | test_loss: 1.2650 | test_acc: 0.4961 | 
Epoch: 20 | train_loss: 0.8308 | train_acc: 0.6746 | test_loss: 1.2021 | test_acc: 0.5195 | 
Epoch: 21 | train_loss: 0.7764 | train_acc: 0.6940 | test_loss: 1.1377 | test_acc: 0.5391 | 
Epoch: 22 | train_loss: 0.8049 | train_acc: 0.6767 | test_loss: 1.1764 | test_acc: 0.5664 | 
Epoch: 23 | train_loss: 0.7097 | train_acc: 0.7015 | test_loss: 1.2757 | test_acc: 0.5664 | 
Epoch: 24 | train_loss: 0.7695 | train_acc: 0.6703 | test_loss: 1.2465 | test_acc: 0.4688 | 
Epoch: 25 | train_loss: 0.7154 | train_acc: 0.7403 | test_loss: 1.1715 | test_acc: 0.5117 | 
Epoch: 26 | train_loss: 0.7378 | train_acc: 0.7123 | test_loss: 1.1041 | test_acc: 0.5742 | 
Epoch: 27 | train_loss: 0.7402 | train_acc: 0.7252 | test_loss: 1.1610 | test_acc: 0.5195 | 
Epoch: 28 | train_loss: 0.6290 | train_acc: 0.7575 | test_loss: 1.3094 | test_acc: 0.4961 | 
Epoch: 29 | train_loss: 0.6680 | train_acc: 0.7274 | test_loss: 1.2316 | test_acc: 0.5156 | 
Epoch: 30 | train_loss: 0.6512 | train_acc: 0.7500 | test_loss: 1.3652 | test_acc: 0.4922 | 
Epoch: 31 | train_loss: 0.6494 | train_acc: 0.7522 | test_loss: 1.3348 | test_acc: 0.5508 | 
Epoch: 32 | train_loss: 0.5837 | train_acc: 0.7877 | test_loss: 1.1956 | test_acc: 0.5234 | 
Epoch: 33 | train_loss: 0.5687 | train_acc: 0.7716 | test_loss: 1.2346 | test_acc: 0.5000 | 
Epoch: 34 | train_loss: 0.6240 | train_acc: 0.7284 | test_loss: 1.3370 | test_acc: 0.5234 | 
Epoch: 35 | train_loss: 0.6239 | train_acc: 0.7716 | test_loss: 1.4167 | test_acc: 0.4922 | 
Epoch: 36 | train_loss: 0.5831 | train_acc: 0.7608 | test_loss: 1.2365 | test_acc: 0.4961 | 
Epoch: 37 | train_loss: 0.5532 | train_acc: 0.7942 | test_loss: 1.3884 | test_acc: 0.5000 | 
Epoch: 38 | train_loss: 0.4935 | train_acc: 0.7899 | test_loss: 1.4131 | test_acc: 0.5039 | 
Epoch: 39 | train_loss: 0.4697 | train_acc: 0.8233 | test_loss: 1.3550 | test_acc: 0.4961 | 
Epoch: 40 | train_loss: 0.5434 | train_acc: 0.7845 | test_loss: 1.1561 | test_acc: 0.5898 | 
Epoch: 41 | train_loss: 0.5668 | train_acc: 0.7726 | test_loss: 1.1964 | test_acc: 0.5117 | 
Epoch: 42 | train_loss: 0.5126 | train_acc: 0.8017 | test_loss: 1.2441 | test_acc: 0.4961 | 
Epoch: 43 | train_loss: 0.5468 | train_acc: 0.7942 | test_loss: 1.2301 | test_acc: 0.5078 | 
Epoch: 44 | train_loss: 0.4979 | train_acc: 0.8211 | test_loss: 1.1510 | test_acc: 0.5078 | 
Epoch: 45 | train_loss: 0.4455 | train_acc: 0.8416 | test_loss: 1.3218 | test_acc: 0.5547 | 
Epoch: 46 | train_loss: 0.4526 | train_acc: 0.8297 | test_loss: 1.3157 | test_acc: 0.5352 | 
Epoch: 47 | train_loss: 0.4549 | train_acc: 0.8114 | test_loss: 1.5066 | test_acc: 0.5234 | 
Epoch: 48 | train_loss: 0.4933 | train_acc: 0.8179 | test_loss: 1.5479 | test_acc: 0.5234 | 
Epoch: 49 | train_loss: 0.4061 | train_acc: 0.8534 | test_loss: 1.5588 | test_acc: 0.5664 | 
Epoch: 50 | train_loss: 0.5159 | train_acc: 0.8017 | test_loss: 1.6260 | test_acc: 0.4883 | 
⏱️ Total training time: 85.183 seconds
📊 Bands [14, 0, 53] -> Fitness: 0.4883
Dataset initialized with pre-loaded data. Total samples: 897
Band indices for training dataloader: [170, 447, 216]
Dataset initialized with pre-loaded data. Total samples: 226
Band indices for test dataloader: [170, 447, 216]
🔍 Starting evaluation of individual [170, 447, 216]
Epoch: 1 | train_loss: 1.3759 | train_acc: 0.3050 | test_loss: 1.3695 | test_acc: 0.3125 | 
Epoch: 2 | train_loss: 1.2637 | train_acc: 0.4170 | test_loss: 1.3470 | test_acc: 0.4688 | 
Epoch: 3 | train_loss: 1.1427 | train_acc: 0.5151 | test_loss: 1.3219 | test_acc: 0.4023 | 
Epoch: 4 | train_loss: 1.0538 | train_acc: 0.5409 | test_loss: 1.2930 | test_acc: 0.5352 | 
Epoch: 5 | train_loss: 1.0219 | train_acc: 0.6045 | test_loss: 1.4858 | test_acc: 0.4062 | 
Epoch: 6 | train_loss: 0.9428 | train_acc: 0.5948 | test_loss: 1.2257 | test_acc: 0.5273 | 
Epoch: 7 | train_loss: 0.9207 | train_acc: 0.6315 | test_loss: 1.0516 | test_acc: 0.5312 | 
Epoch: 8 | train_loss: 0.8462 | train_acc: 0.6455 | test_loss: 1.2059 | test_acc: 0.5039 | 
Epoch: 9 | train_loss: 0.8043 | train_acc: 0.6703 | test_loss: 1.2899 | test_acc: 0.5117 | 
Epoch: 10 | train_loss: 0.7544 | train_acc: 0.7058 | test_loss: 1.0741 | test_acc: 0.5312 | 
Epoch: 11 | train_loss: 0.6940 | train_acc: 0.7166 | test_loss: 1.1861 | test_acc: 0.5898 | 
Epoch: 12 | train_loss: 0.7247 | train_acc: 0.7112 | test_loss: 1.1308 | test_acc: 0.5938 | 
Epoch: 13 | train_loss: 0.6677 | train_acc: 0.7500 | test_loss: 1.1491 | test_acc: 0.4883 | 
Epoch: 14 | train_loss: 0.5693 | train_acc: 0.7769 | test_loss: 1.1042 | test_acc: 0.6211 | 
Epoch: 15 | train_loss: 0.5583 | train_acc: 0.7888 | test_loss: 1.2202 | test_acc: 0.5781 | 
Epoch: 16 | train_loss: 0.6455 | train_acc: 0.7694 | test_loss: 1.0882 | test_acc: 0.5586 | 
Epoch: 17 | train_loss: 0.5370 | train_acc: 0.7920 | test_loss: 1.1142 | test_acc: 0.6367 | 
Epoch: 18 | train_loss: 0.5466 | train_acc: 0.7769 | test_loss: 1.1217 | test_acc: 0.6133 | 
Epoch: 19 | train_loss: 0.5443 | train_acc: 0.7866 | test_loss: 1.1004 | test_acc: 0.6484 | 
Epoch: 20 | train_loss: 0.5085 | train_acc: 0.8050 | test_loss: 1.3350 | test_acc: 0.5273 | 
Epoch: 21 | train_loss: 0.5110 | train_acc: 0.7985 | test_loss: 1.0446 | test_acc: 0.6602 | 
Epoch: 22 | train_loss: 0.4367 | train_acc: 0.8190 | test_loss: 0.9747 | test_acc: 0.6680 | 
Epoch: 23 | train_loss: 0.4234 | train_acc: 0.8491 | test_loss: 1.0574 | test_acc: 0.6602 | 
Epoch: 24 | train_loss: 0.3861 | train_acc: 0.8308 | test_loss: 0.9958 | test_acc: 0.7266 | 
Epoch: 25 | train_loss: 0.3997 | train_acc: 0.8685 | test_loss: 0.9818 | test_acc: 0.6562 | 
Epoch: 26 | train_loss: 0.4074 | train_acc: 0.8287 | test_loss: 1.0283 | test_acc: 0.6406 | 
Epoch: 27 | train_loss: 0.4482 | train_acc: 0.8351 | test_loss: 0.9144 | test_acc: 0.7266 | 
Epoch: 28 | train_loss: 0.4922 | train_acc: 0.8168 | test_loss: 0.9087 | test_acc: 0.6953 | 
Epoch: 29 | train_loss: 0.3721 | train_acc: 0.8470 | test_loss: 0.9739 | test_acc: 0.6875 | 
Epoch: 30 | train_loss: 0.3645 | train_acc: 0.8470 | test_loss: 1.0330 | test_acc: 0.7422 | 
Epoch: 31 | train_loss: 0.3968 | train_acc: 0.8621 | test_loss: 1.2404 | test_acc: 0.6758 | 
Epoch: 32 | train_loss: 0.3235 | train_acc: 0.8976 | test_loss: 0.9430 | test_acc: 0.7188 | 
Epoch: 33 | train_loss: 0.3399 | train_acc: 0.8675 | test_loss: 1.0116 | test_acc: 0.7070 | 
Epoch: 34 | train_loss: 0.3784 | train_acc: 0.8405 | test_loss: 1.0220 | test_acc: 0.7148 | 
Epoch: 35 | train_loss: 0.3514 | train_acc: 0.8750 | test_loss: 0.9183 | test_acc: 0.7109 | 
Epoch: 36 | train_loss: 0.3390 | train_acc: 0.8438 | test_loss: 0.9833 | test_acc: 0.6992 | 
Epoch: 37 | train_loss: 0.3013 | train_acc: 0.8825 | test_loss: 1.0285 | test_acc: 0.6914 | 
Epoch: 38 | train_loss: 0.2451 | train_acc: 0.9192 | test_loss: 1.0765 | test_acc: 0.7148 | 
Epoch: 39 | train_loss: 0.3400 | train_acc: 0.8825 | test_loss: 1.0551 | test_acc: 0.6953 | 
Epoch: 40 | train_loss: 0.3729 | train_acc: 0.8545 | test_loss: 0.9705 | test_acc: 0.7227 | 
Epoch: 41 | train_loss: 0.2987 | train_acc: 0.8761 | test_loss: 1.1165 | test_acc: 0.7031 | 
Epoch: 42 | train_loss: 0.2699 | train_acc: 0.8955 | test_loss: 1.0682 | test_acc: 0.7266 | 
Epoch: 43 | train_loss: 0.3258 | train_acc: 0.8761 | test_loss: 1.0101 | test_acc: 0.7305 | 
Epoch: 44 | train_loss: 0.3665 | train_acc: 0.8804 | test_loss: 0.9686 | test_acc: 0.7109 | 
Epoch: 45 | train_loss: 0.2728 | train_acc: 0.9181 | test_loss: 0.8839 | test_acc: 0.7422 | 
Epoch: 46 | train_loss: 0.2785 | train_acc: 0.8912 | test_loss: 1.0539 | test_acc: 0.6992 | 
Epoch: 47 | train_loss: 0.2574 | train_acc: 0.9213 | test_loss: 1.1999 | test_acc: 0.7148 | 
Epoch: 48 | train_loss: 0.2558 | train_acc: 0.9159 | test_loss: 1.0645 | test_acc: 0.7305 | 
Epoch: 49 | train_loss: 0.2217 | train_acc: 0.8966 | test_loss: 0.9850 | test_acc: 0.7266 | 
Epoch: 50 | train_loss: 0.2473 | train_acc: 0.9030 | test_loss: 1.1442 | test_acc: 0.7031 | 
⏱️ Total training time: 89.412 seconds
📊 Bands [170, 447, 216] -> Fitness: 0.7031
Bands [151, 118, 87] found in history. Returning cached fitness.
Bands [151, 118, 87] found in history. Returning cached fitness.
Dataset initialized with pre-loaded data. Total samples: 897
Band indices for training dataloader: [194, 269, 378]
Dataset initialized with pre-loaded data. Total samples: 226
Band indices for test dataloader: [194, 269, 378]
🔍 Starting evaluation of individual [194, 269, 378]
Epoch: 1 | train_loss: 1.3617 | train_acc: 0.3319 | test_loss: 1.2515 | test_acc: 0.4023 | 
Epoch: 2 | train_loss: 1.2657 | train_acc: 0.4213 | test_loss: 1.2439 | test_acc: 0.4727 | 
Epoch: 3 | train_loss: 1.1482 | train_acc: 0.4698 | test_loss: 1.2729 | test_acc: 0.5156 | 
Epoch: 4 | train_loss: 1.1216 | train_acc: 0.5032 | test_loss: 1.0620 | test_acc: 0.5273 | 
Epoch: 5 | train_loss: 1.0008 | train_acc: 0.5787 | test_loss: 1.1181 | test_acc: 0.5352 | 
Epoch: 6 | train_loss: 0.9409 | train_acc: 0.6261 | test_loss: 1.2498 | test_acc: 0.5195 | 
Epoch: 7 | train_loss: 0.8683 | train_acc: 0.6315 | test_loss: 1.0595 | test_acc: 0.6289 | 
Epoch: 8 | train_loss: 0.8526 | train_acc: 0.6530 | test_loss: 0.9547 | test_acc: 0.6328 | 
Epoch: 9 | train_loss: 0.8925 | train_acc: 0.6487 | test_loss: 1.1606 | test_acc: 0.6055 | 
Epoch: 10 | train_loss: 0.8273 | train_acc: 0.6530 | test_loss: 0.9190 | test_acc: 0.6602 | 
Epoch: 11 | train_loss: 0.7406 | train_acc: 0.7015 | test_loss: 1.0208 | test_acc: 0.5547 | 
Epoch: 12 | train_loss: 0.7370 | train_acc: 0.7091 | test_loss: 0.9428 | test_acc: 0.6094 | 
Epoch: 13 | train_loss: 0.6456 | train_acc: 0.7662 | test_loss: 1.0468 | test_acc: 0.6367 | 
Epoch: 14 | train_loss: 0.6997 | train_acc: 0.7263 | test_loss: 0.9551 | test_acc: 0.6562 | 
Epoch: 15 | train_loss: 0.6534 | train_acc: 0.7457 | test_loss: 0.9146 | test_acc: 0.6992 | 
Epoch: 16 | train_loss: 0.6549 | train_acc: 0.7769 | test_loss: 1.0565 | test_acc: 0.6367 | 
Epoch: 17 | train_loss: 0.5353 | train_acc: 0.7888 | test_loss: 1.0156 | test_acc: 0.6719 | 
Epoch: 18 | train_loss: 0.5093 | train_acc: 0.8147 | test_loss: 1.0137 | test_acc: 0.6641 | 
Epoch: 19 | train_loss: 0.5511 | train_acc: 0.7834 | test_loss: 1.0431 | test_acc: 0.6250 | 
Epoch: 20 | train_loss: 0.5653 | train_acc: 0.7963 | test_loss: 0.9973 | test_acc: 0.6172 | 
Epoch: 21 | train_loss: 0.5749 | train_acc: 0.7996 | test_loss: 0.9169 | test_acc: 0.6250 | 
Epoch: 22 | train_loss: 0.4916 | train_acc: 0.8028 | test_loss: 0.8955 | test_acc: 0.6953 | 
Epoch: 23 | train_loss: 0.4272 | train_acc: 0.8631 | test_loss: 0.9306 | test_acc: 0.6914 | 
Epoch: 24 | train_loss: 0.4901 | train_acc: 0.8179 | test_loss: 0.9208 | test_acc: 0.7148 | 
Epoch: 25 | train_loss: 0.4725 | train_acc: 0.8308 | test_loss: 0.9291 | test_acc: 0.7109 | 
Epoch: 26 | train_loss: 0.5012 | train_acc: 0.7920 | test_loss: 1.0243 | test_acc: 0.6914 | 
Epoch: 27 | train_loss: 0.4342 | train_acc: 0.8244 | test_loss: 1.1352 | test_acc: 0.6875 | 
Epoch: 28 | train_loss: 0.4457 | train_acc: 0.8254 | test_loss: 0.9643 | test_acc: 0.6602 | 
Epoch: 29 | train_loss: 0.4909 | train_acc: 0.8244 | test_loss: 0.9745 | test_acc: 0.6172 | 
Epoch: 30 | train_loss: 0.4487 | train_acc: 0.8200 | test_loss: 0.9395 | test_acc: 0.6992 | 
Epoch: 31 | train_loss: 0.3841 | train_acc: 0.8599 | test_loss: 1.0388 | test_acc: 0.6367 | 
Epoch: 32 | train_loss: 0.4065 | train_acc: 0.8470 | test_loss: 1.0189 | test_acc: 0.7109 | 
Epoch: 33 | train_loss: 0.3753 | train_acc: 0.8588 | test_loss: 0.9561 | test_acc: 0.7070 | 
Epoch: 34 | train_loss: 0.3688 | train_acc: 0.8922 | test_loss: 1.0405 | test_acc: 0.6953 | 
Epoch: 35 | train_loss: 0.2859 | train_acc: 0.8987 | test_loss: 0.9454 | test_acc: 0.7109 | 
Epoch: 36 | train_loss: 0.3666 | train_acc: 0.8621 | test_loss: 0.9718 | test_acc: 0.7070 | 
Epoch: 37 | train_loss: 0.4007 | train_acc: 0.8578 | test_loss: 0.9730 | test_acc: 0.6992 | 
Epoch: 38 | train_loss: 0.2840 | train_acc: 0.8912 | test_loss: 0.8452 | test_acc: 0.7266 | 
Epoch: 39 | train_loss: 0.3608 | train_acc: 0.8621 | test_loss: 0.9619 | test_acc: 0.6680 | 
Epoch: 40 | train_loss: 0.3247 | train_acc: 0.8901 | test_loss: 0.9227 | test_acc: 0.7031 | 
Epoch: 41 | train_loss: 0.3017 | train_acc: 0.8772 | test_loss: 0.9532 | test_acc: 0.7188 | 
Epoch: 42 | train_loss: 0.3662 | train_acc: 0.8815 | test_loss: 1.0016 | test_acc: 0.6992 | 
Epoch: 43 | train_loss: 0.3071 | train_acc: 0.8933 | test_loss: 0.9752 | test_acc: 0.6641 | 
Epoch: 44 | train_loss: 0.2918 | train_acc: 0.8879 | test_loss: 0.9277 | test_acc: 0.7500 | 
Epoch: 45 | train_loss: 0.3034 | train_acc: 0.8933 | test_loss: 0.8324 | test_acc: 0.7422 | 
Epoch: 46 | train_loss: 0.3059 | train_acc: 0.8879 | test_loss: 0.9284 | test_acc: 0.7617 | 
Epoch: 47 | train_loss: 0.3386 | train_acc: 0.8782 | test_loss: 0.8984 | test_acc: 0.7344 | 
Epoch: 48 | train_loss: 0.3291 | train_acc: 0.8815 | test_loss: 1.0081 | test_acc: 0.7109 | 
Epoch: 49 | train_loss: 0.3146 | train_acc: 0.8707 | test_loss: 1.1534 | test_acc: 0.7031 | 
Epoch: 50 | train_loss: 0.2756 | train_acc: 0.8933 | test_loss: 0.9775 | test_acc: 0.7031 | 
⏱️ Total training time: 87.583 seconds
📊 Bands [194, 269, 378] -> Fitness: 0.7031
Dataset initialized with pre-loaded data. Total samples: 897
Band indices for training dataloader: [245, 228, 414]
Dataset initialized with pre-loaded data. Total samples: 226
Band indices for test dataloader: [245, 228, 414]
🔍 Starting evaluation of individual [245, 228, 414]
Epoch: 1 | train_loss: 1.3597 | train_acc: 0.3071 | test_loss: 1.2573 | test_acc: 0.4023 | 
Epoch: 2 | train_loss: 1.2275 | train_acc: 0.4332 | test_loss: 1.4142 | test_acc: 0.4297 | 
Epoch: 3 | train_loss: 1.1159 | train_acc: 0.5162 | test_loss: 1.3024 | test_acc: 0.4531 | 
Epoch: 4 | train_loss: 0.9625 | train_acc: 0.6153 | test_loss: 1.2256 | test_acc: 0.4883 | 
Epoch: 5 | train_loss: 0.9273 | train_acc: 0.6175 | test_loss: 1.1102 | test_acc: 0.5273 | 
Epoch: 6 | train_loss: 0.9090 | train_acc: 0.6422 | test_loss: 1.5493 | test_acc: 0.4219 | 
Epoch: 7 | train_loss: 0.7933 | train_acc: 0.7112 | test_loss: 0.9476 | test_acc: 0.6406 | 
Epoch: 8 | train_loss: 0.7816 | train_acc: 0.6853 | test_loss: 1.0812 | test_acc: 0.4922 | 
Epoch: 9 | train_loss: 0.7429 | train_acc: 0.6800 | test_loss: 1.0895 | test_acc: 0.5781 | 
Epoch: 10 | train_loss: 0.6985 | train_acc: 0.7177 | test_loss: 0.9275 | test_acc: 0.6523 | 
Epoch: 11 | train_loss: 0.6005 | train_acc: 0.7694 | test_loss: 1.0324 | test_acc: 0.5859 | 
Epoch: 12 | train_loss: 0.6323 | train_acc: 0.7241 | test_loss: 0.8798 | test_acc: 0.6797 | 
Epoch: 13 | train_loss: 0.6081 | train_acc: 0.7780 | test_loss: 0.9428 | test_acc: 0.6562 | 
Epoch: 14 | train_loss: 0.5078 | train_acc: 0.8233 | test_loss: 0.8335 | test_acc: 0.6953 | 
Epoch: 15 | train_loss: 0.5727 | train_acc: 0.7823 | test_loss: 1.0600 | test_acc: 0.5703 | 
Epoch: 16 | train_loss: 0.5109 | train_acc: 0.7877 | test_loss: 0.9784 | test_acc: 0.6523 | 
Epoch: 17 | train_loss: 0.4871 | train_acc: 0.8082 | test_loss: 0.8208 | test_acc: 0.7148 | 
Epoch: 18 | train_loss: 0.4272 | train_acc: 0.8438 | test_loss: 0.7987 | test_acc: 0.6953 | 
Epoch: 19 | train_loss: 0.4849 | train_acc: 0.8297 | test_loss: 0.8446 | test_acc: 0.7266 | 
Epoch: 20 | train_loss: 0.3959 | train_acc: 0.8276 | test_loss: 0.9045 | test_acc: 0.7227 | 
Epoch: 21 | train_loss: 0.3774 | train_acc: 0.8718 | test_loss: 0.7869 | test_acc: 0.7148 | 
Epoch: 22 | train_loss: 0.4513 | train_acc: 0.8427 | test_loss: 0.8097 | test_acc: 0.7383 | 
Epoch: 23 | train_loss: 0.4030 | train_acc: 0.8351 | test_loss: 0.7622 | test_acc: 0.7656 | 
Epoch: 24 | train_loss: 0.4373 | train_acc: 0.8211 | test_loss: 0.8057 | test_acc: 0.7383 | 
Epoch: 25 | train_loss: 0.3576 | train_acc: 0.8534 | test_loss: 1.0277 | test_acc: 0.6562 | 
Epoch: 26 | train_loss: 0.3828 | train_acc: 0.8459 | test_loss: 0.8578 | test_acc: 0.7266 | 
Epoch: 27 | train_loss: 0.4016 | train_acc: 0.8621 | test_loss: 0.8216 | test_acc: 0.7539 | 
Epoch: 28 | train_loss: 0.3505 | train_acc: 0.8631 | test_loss: 0.8329 | test_acc: 0.6953 | 
Epoch: 29 | train_loss: 0.3906 | train_acc: 0.8448 | test_loss: 0.7655 | test_acc: 0.7461 | 
Epoch: 30 | train_loss: 0.3103 | train_acc: 0.8750 | test_loss: 0.7595 | test_acc: 0.7266 | 
Epoch: 31 | train_loss: 0.2882 | train_acc: 0.8685 | test_loss: 0.8470 | test_acc: 0.7344 | 
Epoch: 32 | train_loss: 0.2685 | train_acc: 0.9213 | test_loss: 0.8417 | test_acc: 0.7500 | 
Epoch: 33 | train_loss: 0.2584 | train_acc: 0.9127 | test_loss: 1.0105 | test_acc: 0.7148 | 
Epoch: 34 | train_loss: 0.2723 | train_acc: 0.9138 | test_loss: 0.8046 | test_acc: 0.7539 | 
Epoch: 35 | train_loss: 0.3905 | train_acc: 0.8933 | test_loss: 0.7586 | test_acc: 0.7500 | 
Epoch: 36 | train_loss: 0.2680 | train_acc: 0.9030 | test_loss: 0.7920 | test_acc: 0.7578 | 
Epoch: 37 | train_loss: 0.3043 | train_acc: 0.8793 | test_loss: 0.8164 | test_acc: 0.7539 | 
Epoch: 38 | train_loss: 0.2449 | train_acc: 0.9106 | test_loss: 0.8867 | test_acc: 0.7461 | 
Epoch: 39 | train_loss: 0.2579 | train_acc: 0.9073 | test_loss: 0.8438 | test_acc: 0.7812 | 
Epoch: 40 | train_loss: 0.2749 | train_acc: 0.8804 | test_loss: 0.8779 | test_acc: 0.7344 | 
Epoch: 41 | train_loss: 0.2220 | train_acc: 0.9364 | test_loss: 0.7568 | test_acc: 0.7773 | 
Epoch: 42 | train_loss: 0.2095 | train_acc: 0.9332 | test_loss: 0.8543 | test_acc: 0.7500 | 
Epoch: 43 | train_loss: 0.2910 | train_acc: 0.9149 | test_loss: 0.8718 | test_acc: 0.7695 | 
Epoch: 44 | train_loss: 0.2031 | train_acc: 0.9386 | test_loss: 0.8775 | test_acc: 0.7773 | 
Epoch: 45 | train_loss: 0.2446 | train_acc: 0.8836 | test_loss: 0.8110 | test_acc: 0.7734 | 
Epoch: 46 | train_loss: 0.3402 | train_acc: 0.8912 | test_loss: 0.9381 | test_acc: 0.7344 | 
Epoch: 47 | train_loss: 0.2952 | train_acc: 0.8793 | test_loss: 0.7468 | test_acc: 0.7578 | 
Epoch: 48 | train_loss: 0.2521 | train_acc: 0.9030 | test_loss: 0.9323 | test_acc: 0.7148 | 
Epoch: 49 | train_loss: 0.1678 | train_acc: 0.9483 | test_loss: 0.8389 | test_acc: 0.7578 | 
Epoch: 50 | train_loss: 0.1818 | train_acc: 0.9181 | test_loss: 0.8459 | test_acc: 0.7734 | 
⏱️ Total training time: 88.104 seconds
📊 Bands [245, 228, 414] -> Fitness: 0.7734
Bands [151, 118, 87] found in history. Returning cached fitness.
Bands [151, 118, 87] found in history. Returning cached fitness.
Dataset initialized with pre-loaded data. Total samples: 897
Band indices for training dataloader: [151, 145, 91]
Dataset initialized with pre-loaded data. Total samples: 226
Band indices for test dataloader: [151, 145, 91]
🔍 Starting evaluation of individual [151, 145, 91]
Epoch: 1 | train_loss: 1.3683 | train_acc: 0.2909 | test_loss: 1.3502 | test_acc: 0.3164 | 
Epoch: 2 | train_loss: 1.2229 | train_acc: 0.4849 | test_loss: 1.1738 | test_acc: 0.5039 | 
Epoch: 3 | train_loss: 1.1487 | train_acc: 0.4881 | test_loss: 1.1639 | test_acc: 0.5078 | 
Epoch: 4 | train_loss: 1.0411 | train_acc: 0.5506 | test_loss: 1.1933 | test_acc: 0.5820 | 
Epoch: 5 | train_loss: 0.9670 | train_acc: 0.6164 | test_loss: 0.9718 | test_acc: 0.6133 | 
Epoch: 6 | train_loss: 0.9467 | train_acc: 0.6002 | test_loss: 0.9669 | test_acc: 0.6523 | 
Epoch: 7 | train_loss: 0.8619 | train_acc: 0.6562 | test_loss: 1.0401 | test_acc: 0.5391 | 
Epoch: 8 | train_loss: 0.7966 | train_acc: 0.6627 | test_loss: 0.8978 | test_acc: 0.6367 | 
Epoch: 9 | train_loss: 0.7395 | train_acc: 0.7037 | test_loss: 1.0169 | test_acc: 0.6172 | 
Epoch: 10 | train_loss: 0.6892 | train_acc: 0.7306 | test_loss: 0.9617 | test_acc: 0.6094 | 
Epoch: 11 | train_loss: 0.6546 | train_acc: 0.7511 | test_loss: 0.8322 | test_acc: 0.6836 | 
Epoch: 12 | train_loss: 0.7043 | train_acc: 0.7263 | test_loss: 0.8693 | test_acc: 0.7070 | 
Epoch: 13 | train_loss: 0.6782 | train_acc: 0.7306 | test_loss: 0.7737 | test_acc: 0.7031 | 
Epoch: 14 | train_loss: 0.5805 | train_acc: 0.7726 | test_loss: 0.7922 | test_acc: 0.6680 | 
Epoch: 15 | train_loss: 0.5418 | train_acc: 0.8168 | test_loss: 0.7206 | test_acc: 0.7305 | 
Epoch: 16 | train_loss: 0.5247 | train_acc: 0.7845 | test_loss: 0.7450 | test_acc: 0.7070 | 
Epoch: 17 | train_loss: 0.4515 | train_acc: 0.8125 | test_loss: 0.7909 | test_acc: 0.6914 | 
Epoch: 18 | train_loss: 0.5070 | train_acc: 0.7856 | test_loss: 0.8741 | test_acc: 0.7305 | 
Epoch: 19 | train_loss: 0.5326 | train_acc: 0.7985 | test_loss: 0.7580 | test_acc: 0.7031 | 
Epoch: 20 | train_loss: 0.3771 | train_acc: 0.8685 | test_loss: 0.8354 | test_acc: 0.6875 | 
Epoch: 21 | train_loss: 0.4397 | train_acc: 0.8179 | test_loss: 0.9763 | test_acc: 0.7070 | 
Epoch: 22 | train_loss: 0.4805 | train_acc: 0.8190 | test_loss: 0.8106 | test_acc: 0.7422 | 
Epoch: 23 | train_loss: 0.4018 | train_acc: 0.8351 | test_loss: 0.8153 | test_acc: 0.7148 | 
Epoch: 24 | train_loss: 0.3182 | train_acc: 0.8804 | test_loss: 0.8319 | test_acc: 0.7656 | 
Epoch: 25 | train_loss: 0.3106 | train_acc: 0.8966 | test_loss: 0.8006 | test_acc: 0.7930 | 
Epoch: 26 | train_loss: 0.4133 | train_acc: 0.8459 | test_loss: 0.7697 | test_acc: 0.7031 | 
Epoch: 27 | train_loss: 0.3683 | train_acc: 0.8491 | test_loss: 0.8606 | test_acc: 0.7461 | 
Epoch: 28 | train_loss: 0.3654 | train_acc: 0.8578 | test_loss: 0.7955 | test_acc: 0.7617 | 
Epoch: 29 | train_loss: 0.3632 | train_acc: 0.8675 | test_loss: 0.7939 | test_acc: 0.7500 | 
Epoch: 30 | train_loss: 0.3095 | train_acc: 0.8664 | test_loss: 0.8600 | test_acc: 0.6836 | 
Epoch: 31 | train_loss: 0.3017 | train_acc: 0.8750 | test_loss: 0.8815 | test_acc: 0.7109 | 
Epoch: 32 | train_loss: 0.3450 | train_acc: 0.8448 | test_loss: 0.6824 | test_acc: 0.7852 | 
Epoch: 33 | train_loss: 0.3398 | train_acc: 0.8696 | test_loss: 0.9269 | test_acc: 0.7578 | 
Epoch: 34 | train_loss: 0.3335 | train_acc: 0.8599 | test_loss: 0.7763 | test_acc: 0.7617 | 
Epoch: 35 | train_loss: 0.3271 | train_acc: 0.8578 | test_loss: 0.8107 | test_acc: 0.7500 | 
Epoch: 36 | train_loss: 0.3150 | train_acc: 0.8610 | test_loss: 0.8165 | test_acc: 0.7578 | 
Epoch: 37 | train_loss: 0.3522 | train_acc: 0.8739 | test_loss: 0.6644 | test_acc: 0.7773 | 
Epoch: 38 | train_loss: 0.3600 | train_acc: 0.8664 | test_loss: 0.8653 | test_acc: 0.6875 | 
Epoch: 39 | train_loss: 0.3006 | train_acc: 0.8901 | test_loss: 0.8258 | test_acc: 0.7031 | 
Epoch: 40 | train_loss: 0.2301 | train_acc: 0.9256 | test_loss: 1.1207 | test_acc: 0.7109 | 
Epoch: 41 | train_loss: 0.2267 | train_acc: 0.9450 | test_loss: 0.9825 | test_acc: 0.7031 | 
Epoch: 42 | train_loss: 0.2433 | train_acc: 0.8922 | test_loss: 0.9551 | test_acc: 0.7266 | 
Epoch: 43 | train_loss: 0.2683 | train_acc: 0.8890 | test_loss: 0.7953 | test_acc: 0.7227 | 
Epoch: 44 | train_loss: 0.2551 | train_acc: 0.8976 | test_loss: 0.7591 | test_acc: 0.7734 | 
Epoch: 45 | train_loss: 0.2439 | train_acc: 0.8847 | test_loss: 0.8454 | test_acc: 0.7383 | 
Epoch: 46 | train_loss: 0.3202 | train_acc: 0.8815 | test_loss: 0.7459 | test_acc: 0.7500 | 
Epoch: 47 | train_loss: 0.2026 | train_acc: 0.9386 | test_loss: 0.6452 | test_acc: 0.8164 | 
Epoch: 48 | train_loss: 0.1945 | train_acc: 0.9440 | test_loss: 0.7083 | test_acc: 0.8008 | 
Epoch: 49 | train_loss: 0.2972 | train_acc: 0.8955 | test_loss: 0.5760 | test_acc: 0.8125 | 
Epoch: 50 | train_loss: 0.1549 | train_acc: 0.9515 | test_loss: 0.6434 | test_acc: 0.8047 | 
⏱️ Total training time: 90.705 seconds
📊 Bands [151, 145, 91] -> Fitness: 0.8047
Dataset initialized with pre-loaded data. Total samples: 897
Band indices for training dataloader: [149, 118, 87]
Dataset initialized with pre-loaded data. Total samples: 226
Band indices for test dataloader: [149, 118, 87]
🔍 Starting evaluation of individual [149, 118, 87]
Epoch: 1 | train_loss: 1.3680 | train_acc: 0.3438 | test_loss: 1.2749 | test_acc: 0.4414 | 
Epoch: 2 | train_loss: 1.2246 | train_acc: 0.4472 | test_loss: 1.1452 | test_acc: 0.5000 | 
Epoch: 3 | train_loss: 1.1388 | train_acc: 0.4806 | test_loss: 1.0994 | test_acc: 0.5664 | 
Epoch: 4 | train_loss: 1.0179 | train_acc: 0.5884 | test_loss: 1.1254 | test_acc: 0.5391 | 
Epoch: 5 | train_loss: 1.0360 | train_acc: 0.5711 | test_loss: 1.0602 | test_acc: 0.5820 | 
Epoch: 6 | train_loss: 0.9216 | train_acc: 0.6164 | test_loss: 1.0632 | test_acc: 0.6211 | 
Epoch: 7 | train_loss: 0.8251 | train_acc: 0.6692 | test_loss: 1.1513 | test_acc: 0.6289 | 
Epoch: 8 | train_loss: 0.7904 | train_acc: 0.6886 | test_loss: 1.0972 | test_acc: 0.5586 | 
Epoch: 9 | train_loss: 0.6942 | train_acc: 0.7058 | test_loss: 1.4701 | test_acc: 0.5117 | 
Epoch: 10 | train_loss: 0.7241 | train_acc: 0.7123 | test_loss: 1.2462 | test_acc: 0.5703 | 
Epoch: 11 | train_loss: 0.6408 | train_acc: 0.7284 | test_loss: 0.9762 | test_acc: 0.6680 | 
Epoch: 12 | train_loss: 0.6197 | train_acc: 0.7532 | test_loss: 1.0302 | test_acc: 0.5938 | 
Epoch: 13 | train_loss: 0.5978 | train_acc: 0.7694 | test_loss: 0.9411 | test_acc: 0.6562 | 
Epoch: 14 | train_loss: 0.5027 | train_acc: 0.8233 | test_loss: 1.0774 | test_acc: 0.6172 | 
Epoch: 15 | train_loss: 0.5489 | train_acc: 0.7651 | test_loss: 0.9685 | test_acc: 0.6445 | 
Epoch: 16 | train_loss: 0.5444 | train_acc: 0.7996 | test_loss: 1.0391 | test_acc: 0.6172 | 
Epoch: 17 | train_loss: 0.4879 | train_acc: 0.8459 | test_loss: 1.1193 | test_acc: 0.5430 | 
Epoch: 18 | train_loss: 0.4906 | train_acc: 0.8039 | test_loss: 0.9346 | test_acc: 0.6602 | 
Epoch: 19 | train_loss: 0.4538 | train_acc: 0.8276 | test_loss: 0.8705 | test_acc: 0.6094 | 
Epoch: 20 | train_loss: 0.4084 | train_acc: 0.8448 | test_loss: 0.9009 | test_acc: 0.7266 | 
Epoch: 21 | train_loss: 0.3427 | train_acc: 0.8750 | test_loss: 0.9314 | test_acc: 0.6641 | 
Epoch: 22 | train_loss: 0.3833 | train_acc: 0.8599 | test_loss: 0.8450 | test_acc: 0.7422 | 
Epoch: 23 | train_loss: 0.3914 | train_acc: 0.8631 | test_loss: 1.1191 | test_acc: 0.6797 | 
Epoch: 24 | train_loss: 0.4014 | train_acc: 0.8653 | test_loss: 0.9386 | test_acc: 0.7109 | 
Epoch: 25 | train_loss: 0.3207 | train_acc: 0.8912 | test_loss: 0.7920 | test_acc: 0.7461 | 
Epoch: 26 | train_loss: 0.3694 | train_acc: 0.8545 | test_loss: 0.9245 | test_acc: 0.6719 | 
Epoch: 27 | train_loss: 0.3123 | train_acc: 0.8718 | test_loss: 0.8952 | test_acc: 0.6680 | 
Epoch: 28 | train_loss: 0.4036 | train_acc: 0.8470 | test_loss: 0.8267 | test_acc: 0.7227 | 
Epoch: 29 | train_loss: 0.3660 | train_acc: 0.8696 | test_loss: 0.7415 | test_acc: 0.6875 | 
Epoch: 30 | train_loss: 0.3841 | train_acc: 0.8879 | test_loss: 0.7967 | test_acc: 0.7539 | 
Epoch: 31 | train_loss: 0.4216 | train_acc: 0.8438 | test_loss: 0.7701 | test_acc: 0.7773 | 
Epoch: 32 | train_loss: 0.3831 | train_acc: 0.8416 | test_loss: 0.8488 | test_acc: 0.6914 | 
Epoch: 33 | train_loss: 0.2672 | train_acc: 0.8858 | test_loss: 0.9349 | test_acc: 0.7500 | 
Epoch: 34 | train_loss: 0.3351 | train_acc: 0.8804 | test_loss: 0.9187 | test_acc: 0.6758 | 
Epoch: 35 | train_loss: 0.3210 | train_acc: 0.8621 | test_loss: 0.8567 | test_acc: 0.7461 | 
Epoch: 36 | train_loss: 0.3041 | train_acc: 0.8955 | test_loss: 0.8978 | test_acc: 0.6484 | 
Epoch: 37 | train_loss: 0.2796 | train_acc: 0.8772 | test_loss: 0.8456 | test_acc: 0.6914 | 
Epoch: 38 | train_loss: 0.3211 | train_acc: 0.8869 | test_loss: 0.9179 | test_acc: 0.6758 | 
Epoch: 39 | train_loss: 0.3603 | train_acc: 0.8782 | test_loss: 0.8355 | test_acc: 0.7461 | 
Epoch: 40 | train_loss: 0.2589 | train_acc: 0.8836 | test_loss: 0.9799 | test_acc: 0.6328 | 
Epoch: 41 | train_loss: 0.2706 | train_acc: 0.8858 | test_loss: 0.8217 | test_acc: 0.7578 | 
Epoch: 42 | train_loss: 0.1898 | train_acc: 0.9353 | test_loss: 0.8582 | test_acc: 0.6875 | 
Epoch: 43 | train_loss: 0.2474 | train_acc: 0.9127 | test_loss: 1.0542 | test_acc: 0.6523 | 
Epoch: 44 | train_loss: 0.2748 | train_acc: 0.8933 | test_loss: 1.0526 | test_acc: 0.6641 | 
Epoch: 45 | train_loss: 0.2046 | train_acc: 0.9267 | test_loss: 1.0289 | test_acc: 0.6953 | 
Epoch: 46 | train_loss: 0.2011 | train_acc: 0.9321 | test_loss: 1.0293 | test_acc: 0.6523 | 
Epoch: 47 | train_loss: 0.2259 | train_acc: 0.9052 | test_loss: 1.4403 | test_acc: 0.6914 | 
Epoch: 48 | train_loss: 0.2043 | train_acc: 0.9116 | test_loss: 0.9535 | test_acc: 0.6406 | 
Epoch: 49 | train_loss: 0.2981 | train_acc: 0.9084 | test_loss: 1.1243 | test_acc: 0.6484 | 
Epoch: 50 | train_loss: 0.2612 | train_acc: 0.8890 | test_loss: 0.9457 | test_acc: 0.7031 | 
⏱️ Total training time: 91.656 seconds
📊 Bands [149, 118, 87] -> Fitness: 0.7031
Bands [151, 118, 88] found in history. Returning cached fitness.
Dataset initialized with pre-loaded data. Total samples: 897
Band indices for training dataloader: [151, 118, 86]
Dataset initialized with pre-loaded data. Total samples: 226
Band indices for test dataloader: [151, 118, 86]
🔍 Starting evaluation of individual [151, 118, 86]
Epoch: 1 | train_loss: 1.3530 | train_acc: 0.3502 | test_loss: 1.3799 | test_acc: 0.3398 | 
Epoch: 2 | train_loss: 1.2222 | train_acc: 0.4494 | test_loss: 1.2350 | test_acc: 0.4570 | 
Epoch: 3 | train_loss: 1.1220 | train_acc: 0.4903 | test_loss: 1.2766 | test_acc: 0.5078 | 
Epoch: 4 | train_loss: 1.0117 | train_acc: 0.5657 | test_loss: 1.1810 | test_acc: 0.5195 | 
Epoch: 5 | train_loss: 0.9595 | train_acc: 0.6024 | test_loss: 1.3445 | test_acc: 0.4180 | 
Epoch: 6 | train_loss: 0.9306 | train_acc: 0.6110 | test_loss: 0.9577 | test_acc: 0.6680 | 
Epoch: 7 | train_loss: 0.8313 | train_acc: 0.6735 | test_loss: 0.9300 | test_acc: 0.6797 | 
Epoch: 8 | train_loss: 0.7717 | train_acc: 0.6853 | test_loss: 0.9723 | test_acc: 0.6094 | 
Epoch: 9 | train_loss: 0.6981 | train_acc: 0.7446 | test_loss: 0.9044 | test_acc: 0.6797 | 
Epoch: 10 | train_loss: 0.7577 | train_acc: 0.6983 | test_loss: 0.9995 | test_acc: 0.6523 | 
Epoch: 11 | train_loss: 0.6957 | train_acc: 0.7306 | test_loss: 0.8870 | test_acc: 0.6289 | 
Epoch: 12 | train_loss: 0.6413 | train_acc: 0.7371 | test_loss: 0.8071 | test_acc: 0.6523 | 
Epoch: 13 | train_loss: 0.5700 | train_acc: 0.7726 | test_loss: 0.8218 | test_acc: 0.6562 | 
Epoch: 14 | train_loss: 0.5259 | train_acc: 0.7856 | test_loss: 0.9318 | test_acc: 0.6914 | 
Epoch: 15 | train_loss: 0.4869 | train_acc: 0.8093 | test_loss: 1.0401 | test_acc: 0.6172 | 
Epoch: 16 | train_loss: 0.5452 | train_acc: 0.7985 | test_loss: 0.8938 | test_acc: 0.6836 | 
Epoch: 17 | train_loss: 0.4902 | train_acc: 0.7953 | test_loss: 0.9363 | test_acc: 0.6992 | 
Epoch: 18 | train_loss: 0.4346 | train_acc: 0.8276 | test_loss: 0.8339 | test_acc: 0.6602 | 
Epoch: 19 | train_loss: 0.3935 | train_acc: 0.8416 | test_loss: 0.7645 | test_acc: 0.7461 | 
Epoch: 20 | train_loss: 0.3837 | train_acc: 0.8556 | test_loss: 0.8139 | test_acc: 0.7539 | 
Epoch: 21 | train_loss: 0.4535 | train_acc: 0.8179 | test_loss: 0.8731 | test_acc: 0.6562 | 
Epoch: 22 | train_loss: 0.4254 | train_acc: 0.8287 | test_loss: 0.6456 | test_acc: 0.7695 | 
Epoch: 23 | train_loss: 0.4197 | train_acc: 0.8524 | test_loss: 0.7897 | test_acc: 0.6953 | 
Epoch: 24 | train_loss: 0.4231 | train_acc: 0.8448 | test_loss: 0.7393 | test_acc: 0.7188 | 
Epoch: 25 | train_loss: 0.3158 | train_acc: 0.8804 | test_loss: 0.7645 | test_acc: 0.7617 | 
Epoch: 26 | train_loss: 0.3293 | train_acc: 0.8922 | test_loss: 0.6628 | test_acc: 0.7812 | 
Epoch: 27 | train_loss: 0.3523 | train_acc: 0.8642 | test_loss: 0.8092 | test_acc: 0.7617 | 
Epoch: 28 | train_loss: 0.3206 | train_acc: 0.8804 | test_loss: 0.7528 | test_acc: 0.7344 | 
Epoch: 29 | train_loss: 0.4384 | train_acc: 0.8599 | test_loss: 0.8923 | test_acc: 0.6797 | 
Epoch: 30 | train_loss: 0.2902 | train_acc: 0.9041 | test_loss: 0.7138 | test_acc: 0.7812 | 
Epoch: 31 | train_loss: 0.3029 | train_acc: 0.8707 | test_loss: 0.7734 | test_acc: 0.7500 | 
Epoch: 32 | train_loss: 0.3627 | train_acc: 0.8631 | test_loss: 0.7437 | test_acc: 0.7500 | 
Epoch: 33 | train_loss: 0.3109 | train_acc: 0.8804 | test_loss: 0.6637 | test_acc: 0.7969 | 
Epoch: 34 | train_loss: 0.2688 | train_acc: 0.8772 | test_loss: 0.8636 | test_acc: 0.7148 | 
Epoch: 35 | train_loss: 0.2905 | train_acc: 0.8750 | test_loss: 0.9080 | test_acc: 0.6953 | 
Epoch: 36 | train_loss: 0.2676 | train_acc: 0.9084 | test_loss: 0.8042 | test_acc: 0.7773 | 
Epoch: 37 | train_loss: 0.2529 | train_acc: 0.9203 | test_loss: 0.7679 | test_acc: 0.7812 | 
Epoch: 38 | train_loss: 0.2686 | train_acc: 0.9009 | test_loss: 0.8904 | test_acc: 0.7656 | 
Epoch: 39 | train_loss: 0.2829 | train_acc: 0.9170 | test_loss: 0.8086 | test_acc: 0.7656 | 
Epoch: 40 | train_loss: 0.2476 | train_acc: 0.8987 | test_loss: 0.7783 | test_acc: 0.7188 | 
Epoch: 41 | train_loss: 0.2503 | train_acc: 0.9009 | test_loss: 0.7810 | test_acc: 0.7852 | 
Epoch: 42 | train_loss: 0.2621 | train_acc: 0.8955 | test_loss: 0.7745 | test_acc: 0.7773 | 
Epoch: 43 | train_loss: 0.3033 | train_acc: 0.8750 | test_loss: 1.0581 | test_acc: 0.6602 | 
Epoch: 44 | train_loss: 0.3163 | train_acc: 0.9019 | test_loss: 0.9003 | test_acc: 0.6992 | 
Epoch: 45 | train_loss: 0.2366 | train_acc: 0.9041 | test_loss: 0.7565 | test_acc: 0.7617 | 
Epoch: 46 | train_loss: 0.2379 | train_acc: 0.9321 | test_loss: 0.8805 | test_acc: 0.7109 | 
Epoch: 47 | train_loss: 0.2343 | train_acc: 0.9019 | test_loss: 0.8280 | test_acc: 0.7070 | 
Epoch: 48 | train_loss: 0.2387 | train_acc: 0.8944 | test_loss: 0.8016 | test_acc: 0.8008 | 
Epoch: 49 | train_loss: 0.2088 | train_acc: 0.9364 | test_loss: 0.8992 | test_acc: 0.6797 | 
Epoch: 50 | train_loss: 0.2211 | train_acc: 0.9106 | test_loss: 0.9065 | test_acc: 0.7422 | 
⏱️ Total training time: 95.380 seconds
📊 Bands [151, 118, 86] -> Fitness: 0.7422
Dataset initialized with pre-loaded data. Total samples: 897
Band indices for training dataloader: [151, 392, 125]
Dataset initialized with pre-loaded data. Total samples: 226
Band indices for test dataloader: [151, 392, 125]
🔍 Starting evaluation of individual [151, 392, 125]
Epoch: 1 | train_loss: 1.3719 | train_acc: 0.3103 | test_loss: 1.4238 | test_acc: 0.2695 | 
Epoch: 2 | train_loss: 1.2831 | train_acc: 0.3998 | test_loss: 1.2453 | test_acc: 0.4844 | 
Epoch: 3 | train_loss: 1.1958 | train_acc: 0.4547 | test_loss: 1.2703 | test_acc: 0.4805 | 
Epoch: 4 | train_loss: 1.1172 | train_acc: 0.5054 | test_loss: 1.2295 | test_acc: 0.5742 | 
Epoch: 5 | train_loss: 1.0422 | train_acc: 0.5582 | test_loss: 1.2487 | test_acc: 0.4961 | 
Epoch: 6 | train_loss: 1.0035 | train_acc: 0.5851 | test_loss: 1.1377 | test_acc: 0.5469 | 
Epoch: 7 | train_loss: 0.8694 | train_acc: 0.6466 | test_loss: 1.2490 | test_acc: 0.5586 | 
Epoch: 8 | train_loss: 0.8518 | train_acc: 0.6422 | test_loss: 1.3087 | test_acc: 0.4648 | 
Epoch: 9 | train_loss: 0.7825 | train_acc: 0.7112 | test_loss: 1.0552 | test_acc: 0.5977 | 
Epoch: 10 | train_loss: 0.7066 | train_acc: 0.7338 | test_loss: 1.1655 | test_acc: 0.5391 | 
Epoch: 11 | train_loss: 0.7607 | train_acc: 0.6972 | test_loss: 1.1045 | test_acc: 0.5859 | 
Epoch: 12 | train_loss: 0.6336 | train_acc: 0.7575 | test_loss: 0.9912 | test_acc: 0.6758 | 
Epoch: 13 | train_loss: 0.6234 | train_acc: 0.7823 | test_loss: 0.8851 | test_acc: 0.6836 | 
Epoch: 14 | train_loss: 0.5681 | train_acc: 0.7812 | test_loss: 1.1037 | test_acc: 0.5742 | 
Epoch: 15 | train_loss: 0.6995 | train_acc: 0.7371 | test_loss: 1.0136 | test_acc: 0.6719 | 
Epoch: 16 | train_loss: 0.5831 | train_acc: 0.8060 | test_loss: 0.9957 | test_acc: 0.5859 | 
Epoch: 17 | train_loss: 0.5868 | train_acc: 0.7575 | test_loss: 0.9502 | test_acc: 0.6562 | 
Epoch: 18 | train_loss: 0.5150 | train_acc: 0.7899 | test_loss: 1.0476 | test_acc: 0.6289 | 
Epoch: 19 | train_loss: 0.5686 | train_acc: 0.7888 | test_loss: 0.9929 | test_acc: 0.6992 | 
Epoch: 20 | train_loss: 0.5472 | train_acc: 0.8017 | test_loss: 0.8255 | test_acc: 0.6992 | 
Epoch: 21 | train_loss: 0.4963 | train_acc: 0.8050 | test_loss: 1.1004 | test_acc: 0.6367 | 
Epoch: 22 | train_loss: 0.4827 | train_acc: 0.8136 | test_loss: 1.0216 | test_acc: 0.7109 | 
Epoch: 23 | train_loss: 0.3887 | train_acc: 0.8567 | test_loss: 0.9014 | test_acc: 0.6836 | 
Epoch: 24 | train_loss: 0.3835 | train_acc: 0.8696 | test_loss: 1.2309 | test_acc: 0.6523 | 
Epoch: 25 | train_loss: 0.5943 | train_acc: 0.8060 | test_loss: 1.0009 | test_acc: 0.6641 | 
Epoch: 26 | train_loss: 0.5391 | train_acc: 0.7920 | test_loss: 0.8970 | test_acc: 0.7070 | 
Epoch: 27 | train_loss: 0.4682 | train_acc: 0.8222 | test_loss: 0.8339 | test_acc: 0.6953 | 
Epoch: 28 | train_loss: 0.3830 | train_acc: 0.8459 | test_loss: 0.9026 | test_acc: 0.7422 | 
Epoch: 29 | train_loss: 0.4347 | train_acc: 0.8481 | test_loss: 0.9136 | test_acc: 0.7188 | 
Epoch: 30 | train_loss: 0.3309 | train_acc: 0.8922 | test_loss: 0.9462 | test_acc: 0.7109 | 
Epoch: 31 | train_loss: 0.4196 | train_acc: 0.8556 | test_loss: 0.9471 | test_acc: 0.6914 | 
Epoch: 32 | train_loss: 0.4029 | train_acc: 0.8491 | test_loss: 0.9263 | test_acc: 0.7031 | 
Epoch: 33 | train_loss: 0.5110 | train_acc: 0.8459 | test_loss: 0.9577 | test_acc: 0.7109 | 
Epoch: 34 | train_loss: 0.3187 | train_acc: 0.9106 | test_loss: 1.0599 | test_acc: 0.6953 | 
Epoch: 35 | train_loss: 0.3344 | train_acc: 0.8739 | test_loss: 0.9239 | test_acc: 0.7109 | 
Epoch: 36 | train_loss: 0.3108 | train_acc: 0.8772 | test_loss: 0.9027 | test_acc: 0.7148 | 
Epoch: 37 | train_loss: 0.3412 | train_acc: 0.8567 | test_loss: 1.0226 | test_acc: 0.7266 | 
Epoch: 38 | train_loss: 0.3166 | train_acc: 0.8955 | test_loss: 1.1027 | test_acc: 0.7031 | 
Epoch: 39 | train_loss: 0.2766 | train_acc: 0.9041 | test_loss: 0.9263 | test_acc: 0.7305 | 
Epoch: 40 | train_loss: 0.4149 | train_acc: 0.8750 | test_loss: 0.9401 | test_acc: 0.7383 | 
Epoch: 41 | train_loss: 0.2992 | train_acc: 0.8782 | test_loss: 0.8675 | test_acc: 0.7031 | 
Epoch: 42 | train_loss: 0.2969 | train_acc: 0.8933 | test_loss: 0.9501 | test_acc: 0.7031 | 
Epoch: 43 | train_loss: 0.2741 | train_acc: 0.8879 | test_loss: 1.0530 | test_acc: 0.7266 | 
Epoch: 44 | train_loss: 0.3152 | train_acc: 0.8761 | test_loss: 0.9524 | test_acc: 0.7188 | 
Epoch: 45 | train_loss: 0.2688 | train_acc: 0.9149 | test_loss: 0.8717 | test_acc: 0.7344 | 
Epoch: 46 | train_loss: 0.2527 | train_acc: 0.8912 | test_loss: 0.9858 | test_acc: 0.6992 | 
Epoch: 47 | train_loss: 0.3067 | train_acc: 0.8879 | test_loss: 0.9789 | test_acc: 0.6992 | 
Epoch: 48 | train_loss: 0.2562 | train_acc: 0.9213 | test_loss: 1.2667 | test_acc: 0.7188 | 
Epoch: 49 | train_loss: 0.3069 | train_acc: 0.8782 | test_loss: 0.9451 | test_acc: 0.7305 | 
Epoch: 50 | train_loss: 0.2261 | train_acc: 0.9300 | test_loss: 0.9776 | test_acc: 0.7227 | 
⏱️ Total training time: 89.600 seconds
📊 Bands [151, 392, 125] -> Fitness: 0.7227
Dataset initialized with pre-loaded data. Total samples: 897
Band indices for training dataloader: [147, 361, 192]
Dataset initialized with pre-loaded data. Total samples: 226
Band indices for test dataloader: [147, 361, 192]
🔍 Starting evaluation of individual [147, 361, 192]
Epoch: 1 | train_loss: 1.3799 | train_acc: 0.3028 | test_loss: 1.3045 | test_acc: 0.4531 | 
Epoch: 2 | train_loss: 1.2653 | train_acc: 0.4246 | test_loss: 1.4260 | test_acc: 0.4180 | 
Epoch: 3 | train_loss: 1.1563 | train_acc: 0.4957 | test_loss: 1.1832 | test_acc: 0.4492 | 
Epoch: 4 | train_loss: 1.0835 | train_acc: 0.5550 | test_loss: 1.2679 | test_acc: 0.5078 | 
Epoch: 5 | train_loss: 1.0298 | train_acc: 0.5603 | test_loss: 1.2891 | test_acc: 0.5078 | 
Epoch: 6 | train_loss: 1.0620 | train_acc: 0.5517 | test_loss: 1.2404 | test_acc: 0.4609 | 
Epoch: 7 | train_loss: 0.8988 | train_acc: 0.6379 | test_loss: 0.9792 | test_acc: 0.6406 | 
Epoch: 8 | train_loss: 0.9036 | train_acc: 0.6239 | test_loss: 0.9730 | test_acc: 0.6719 | 
Epoch: 9 | train_loss: 0.7526 | train_acc: 0.7058 | test_loss: 1.1508 | test_acc: 0.6250 | 
Epoch: 10 | train_loss: 0.6537 | train_acc: 0.7532 | test_loss: 1.0699 | test_acc: 0.6484 | 
Epoch: 11 | train_loss: 0.6995 | train_acc: 0.7328 | test_loss: 0.9950 | test_acc: 0.6523 | 
Epoch: 12 | train_loss: 0.7004 | train_acc: 0.7231 | test_loss: 0.9647 | test_acc: 0.6367 | 
Epoch: 13 | train_loss: 0.7704 | train_acc: 0.7306 | test_loss: 0.9872 | test_acc: 0.6914 | 
Epoch: 14 | train_loss: 0.6311 | train_acc: 0.7597 | test_loss: 1.1564 | test_acc: 0.6523 | 
Epoch: 15 | train_loss: 0.6216 | train_acc: 0.7877 | test_loss: 1.0498 | test_acc: 0.6641 | 
Epoch: 16 | train_loss: 0.5916 | train_acc: 0.7791 | test_loss: 0.8701 | test_acc: 0.7031 | 
Epoch: 17 | train_loss: 0.5348 | train_acc: 0.8082 | test_loss: 0.9407 | test_acc: 0.6719 | 
Epoch: 18 | train_loss: 0.4981 | train_acc: 0.8017 | test_loss: 0.9736 | test_acc: 0.6289 | 
Epoch: 19 | train_loss: 0.5144 | train_acc: 0.7834 | test_loss: 0.9777 | test_acc: 0.7148 | 
Epoch: 20 | train_loss: 0.5011 | train_acc: 0.7963 | test_loss: 1.0834 | test_acc: 0.5977 | 
Epoch: 21 | train_loss: 0.5003 | train_acc: 0.8060 | test_loss: 0.9792 | test_acc: 0.6406 | 
Epoch: 22 | train_loss: 0.4952 | train_acc: 0.8028 | test_loss: 0.9773 | test_acc: 0.6758 | 
Epoch: 23 | train_loss: 0.4987 | train_acc: 0.7834 | test_loss: 0.8446 | test_acc: 0.7188 | 
Epoch: 24 | train_loss: 0.4481 | train_acc: 0.8341 | test_loss: 0.8942 | test_acc: 0.6875 | 
Epoch: 25 | train_loss: 0.4541 | train_acc: 0.8276 | test_loss: 0.8260 | test_acc: 0.7461 | 
Epoch: 26 | train_loss: 0.4272 | train_acc: 0.8297 | test_loss: 0.8378 | test_acc: 0.7344 | 
Epoch: 27 | train_loss: 0.3683 | train_acc: 0.8502 | test_loss: 1.1784 | test_acc: 0.6328 | 
Epoch: 28 | train_loss: 0.3961 | train_acc: 0.8513 | test_loss: 1.0140 | test_acc: 0.6953 | 
Epoch: 29 | train_loss: 0.3903 | train_acc: 0.8362 | test_loss: 0.8703 | test_acc: 0.6680 | 
Epoch: 30 | train_loss: 0.3024 | train_acc: 0.8966 | test_loss: 0.9538 | test_acc: 0.7266 | 
Epoch: 31 | train_loss: 0.2864 | train_acc: 0.9062 | test_loss: 0.9099 | test_acc: 0.6562 | 
Epoch: 32 | train_loss: 0.3406 | train_acc: 0.8901 | test_loss: 1.1046 | test_acc: 0.6562 | 
Epoch: 33 | train_loss: 0.2764 | train_acc: 0.8987 | test_loss: 1.0253 | test_acc: 0.6484 | 
Epoch: 34 | train_loss: 0.3834 | train_acc: 0.8858 | test_loss: 0.9589 | test_acc: 0.7070 | 
Epoch: 35 | train_loss: 0.4014 | train_acc: 0.8233 | test_loss: 0.8198 | test_acc: 0.7422 | 
Epoch: 36 | train_loss: 0.2975 | train_acc: 0.8750 | test_loss: 1.0502 | test_acc: 0.7109 | 
Epoch: 37 | train_loss: 0.3589 | train_acc: 0.8653 | test_loss: 0.8357 | test_acc: 0.7500 | 
Epoch: 38 | train_loss: 0.3315 | train_acc: 0.8621 | test_loss: 0.8855 | test_acc: 0.7422 | 
Epoch: 39 | train_loss: 0.2874 | train_acc: 0.9095 | test_loss: 0.8336 | test_acc: 0.7305 | 
Epoch: 40 | train_loss: 0.2157 | train_acc: 0.9364 | test_loss: 1.0168 | test_acc: 0.7031 | 
Epoch: 41 | train_loss: 0.3424 | train_acc: 0.8825 | test_loss: 1.1348 | test_acc: 0.7070 | 
Epoch: 42 | train_loss: 0.4201 | train_acc: 0.8513 | test_loss: 0.9279 | test_acc: 0.6914 | 
Epoch: 43 | train_loss: 0.2686 | train_acc: 0.9170 | test_loss: 1.0848 | test_acc: 0.6953 | 
Epoch: 44 | train_loss: 0.2879 | train_acc: 0.9084 | test_loss: 0.8732 | test_acc: 0.7148 | 
Epoch: 45 | train_loss: 0.2710 | train_acc: 0.8836 | test_loss: 0.8885 | test_acc: 0.7188 | 
Epoch: 46 | train_loss: 0.2179 | train_acc: 0.9321 | test_loss: 0.8909 | test_acc: 0.7344 | 
Epoch: 47 | train_loss: 0.1863 | train_acc: 0.9440 | test_loss: 0.8717 | test_acc: 0.7461 | 
Epoch: 48 | train_loss: 0.2716 | train_acc: 0.9019 | test_loss: 1.0271 | test_acc: 0.7383 | 
Epoch: 49 | train_loss: 0.3013 | train_acc: 0.8933 | test_loss: 0.8075 | test_acc: 0.7734 | 
Epoch: 50 | train_loss: 0.2941 | train_acc: 0.8825 | test_loss: 0.9200 | test_acc: 0.7148 | 
⏱️ Total training time: 93.584 seconds
📊 Bands [147, 361, 192] -> Fitness: 0.7148
3  	16    	0.731836	0.0799329	0.488281	0.804688	Individual('h', [150, 146, 91])
Bands [151, 118, 87] found in history. Returning cached fitness.
Bands [151, 118, 87] found in history. Returning cached fitness.
Dataset initialized with pre-loaded data. Total samples: 897
Band indices for training dataloader: [149, 159, 85]
Dataset initialized with pre-loaded data. Total samples: 226
Band indices for test dataloader: [149, 159, 85]
🔍 Starting evaluation of individual [149, 159, 85]
Epoch: 1 | train_loss: 1.3613 | train_acc: 0.3125 | test_loss: 1.2659 | test_acc: 0.3906 | 
Epoch: 2 | train_loss: 1.2273 | train_acc: 0.4278 | test_loss: 1.1865 | test_acc: 0.5273 | 
Epoch: 3 | train_loss: 1.1246 | train_acc: 0.5205 | test_loss: 1.1824 | test_acc: 0.4805 | 
Epoch: 4 | train_loss: 1.0113 | train_acc: 0.5894 | test_loss: 1.3521 | test_acc: 0.4062 | 
Epoch: 5 | train_loss: 0.9680 | train_acc: 0.6293 | test_loss: 1.2220 | test_acc: 0.5508 | 
Epoch: 6 | train_loss: 0.8915 | train_acc: 0.6379 | test_loss: 1.1040 | test_acc: 0.5117 | 
Epoch: 7 | train_loss: 0.8728 | train_acc: 0.6487 | test_loss: 1.2990 | test_acc: 0.5586 | 
Epoch: 8 | train_loss: 0.7599 | train_acc: 0.7037 | test_loss: 1.1543 | test_acc: 0.5352 | 
Epoch: 9 | train_loss: 0.7040 | train_acc: 0.7144 | test_loss: 1.2245 | test_acc: 0.5742 | 
Epoch: 10 | train_loss: 0.6272 | train_acc: 0.7737 | test_loss: 1.0066 | test_acc: 0.6719 | 
Epoch: 11 | train_loss: 0.6619 | train_acc: 0.7295 | test_loss: 1.0571 | test_acc: 0.6562 | 
Epoch: 12 | train_loss: 0.6219 | train_acc: 0.7338 | test_loss: 0.8426 | test_acc: 0.7109 | 
Epoch: 13 | train_loss: 0.5571 | train_acc: 0.7726 | test_loss: 0.8797 | test_acc: 0.6719 | 
Epoch: 14 | train_loss: 0.5268 | train_acc: 0.8179 | test_loss: 0.8379 | test_acc: 0.6875 | 
Epoch: 15 | train_loss: 0.5409 | train_acc: 0.7985 | test_loss: 0.8941 | test_acc: 0.7031 | 
Epoch: 16 | train_loss: 0.4670 | train_acc: 0.8157 | test_loss: 1.0715 | test_acc: 0.5977 | 
Epoch: 17 | train_loss: 0.4778 | train_acc: 0.8179 | test_loss: 0.8133 | test_acc: 0.7305 | 
Epoch: 18 | train_loss: 0.4307 | train_acc: 0.8351 | test_loss: 0.7898 | test_acc: 0.7305 | 
Epoch: 19 | train_loss: 0.4209 | train_acc: 0.8179 | test_loss: 0.8962 | test_acc: 0.6094 | 
Epoch: 20 | train_loss: 0.3961 | train_acc: 0.8362 | test_loss: 0.7605 | test_acc: 0.6953 | 
Epoch: 21 | train_loss: 0.4389 | train_acc: 0.8438 | test_loss: 0.9536 | test_acc: 0.6953 | 
Epoch: 22 | train_loss: 0.3544 | train_acc: 0.8685 | test_loss: 0.8236 | test_acc: 0.7305 | 
Epoch: 23 | train_loss: 0.3604 | train_acc: 0.8599 | test_loss: 0.8910 | test_acc: 0.6055 | 
Epoch: 24 | train_loss: 0.2963 | train_acc: 0.9084 | test_loss: 0.9751 | test_acc: 0.7305 | 
Epoch: 25 | train_loss: 0.3738 | train_acc: 0.8642 | test_loss: 0.8337 | test_acc: 0.7461 | 
Epoch: 26 | train_loss: 0.4233 | train_acc: 0.8545 | test_loss: 0.7501 | test_acc: 0.7266 | 
Epoch: 27 | train_loss: 0.3290 | train_acc: 0.8739 | test_loss: 0.7520 | test_acc: 0.7773 | 
Epoch: 28 | train_loss: 0.3215 | train_acc: 0.8782 | test_loss: 0.8401 | test_acc: 0.7422 | 
Epoch: 29 | train_loss: 0.2965 | train_acc: 0.8804 | test_loss: 0.8483 | test_acc: 0.7617 | 
Epoch: 30 | train_loss: 0.2989 | train_acc: 0.9019 | test_loss: 0.9667 | test_acc: 0.6250 | 
Epoch: 31 | train_loss: 0.2343 | train_acc: 0.9289 | test_loss: 0.7947 | test_acc: 0.7422 | 
Epoch: 32 | train_loss: 0.2598 | train_acc: 0.8955 | test_loss: 0.8187 | test_acc: 0.6875 | 
Epoch: 33 | train_loss: 0.2094 | train_acc: 0.9246 | test_loss: 1.0877 | test_acc: 0.6953 | 
Epoch: 34 | train_loss: 0.2215 | train_acc: 0.9116 | test_loss: 1.1955 | test_acc: 0.6719 | 
Epoch: 35 | train_loss: 0.2429 | train_acc: 0.9159 | test_loss: 0.9079 | test_acc: 0.6836 | 
Epoch: 36 | train_loss: 0.2373 | train_acc: 0.8922 | test_loss: 0.8725 | test_acc: 0.7422 | 
Epoch: 37 | train_loss: 0.2278 | train_acc: 0.9256 | test_loss: 0.9062 | test_acc: 0.6875 | 
Epoch: 38 | train_loss: 0.3001 | train_acc: 0.8922 | test_loss: 0.9163 | test_acc: 0.7578 | 
Epoch: 39 | train_loss: 0.2054 | train_acc: 0.9321 | test_loss: 0.9432 | test_acc: 0.6836 | 
Epoch: 40 | train_loss: 0.2325 | train_acc: 0.9321 | test_loss: 0.9261 | test_acc: 0.7539 | 
Epoch: 41 | train_loss: 0.2596 | train_acc: 0.9030 | test_loss: 0.8167 | test_acc: 0.7461 | 
Epoch: 42 | train_loss: 0.1668 | train_acc: 0.9494 | test_loss: 0.7425 | test_acc: 0.7617 | 
Epoch: 43 | train_loss: 0.2412 | train_acc: 0.9106 | test_loss: 0.9448 | test_acc: 0.7305 | 
Epoch: 44 | train_loss: 0.3251 | train_acc: 0.8879 | test_loss: 0.7418 | test_acc: 0.7461 | 
Epoch: 45 | train_loss: 0.2901 | train_acc: 0.8890 | test_loss: 0.8566 | test_acc: 0.7109 | 
Epoch: 46 | train_loss: 0.2571 | train_acc: 0.9041 | test_loss: 0.8221 | test_acc: 0.7031 | 
Epoch: 47 | train_loss: 0.2112 | train_acc: 0.9278 | test_loss: 0.8433 | test_acc: 0.7266 | 
Epoch: 48 | train_loss: 0.2985 | train_acc: 0.9127 | test_loss: 1.0523 | test_acc: 0.6758 | 
Epoch: 49 | train_loss: 0.2396 | train_acc: 0.9138 | test_loss: 1.2346 | test_acc: 0.7109 | 
Epoch: 50 | train_loss: 0.2346 | train_acc: 0.9106 | test_loss: 0.8119 | test_acc: 0.7930 | 
⏱️ Total training time: 99.572 seconds
📊 Bands [149, 159, 85] -> Fitness: 0.7930
Dataset initialized with pre-loaded data. Total samples: 897
Band indices for training dataloader: [151, 104, 92]
Dataset initialized with pre-loaded data. Total samples: 226
Band indices for test dataloader: [151, 104, 92]
🔍 Starting evaluation of individual [151, 104, 92]
Epoch: 1 | train_loss: 1.3424 | train_acc: 0.3664 | test_loss: 1.3450 | test_acc: 0.3008 | 
Epoch: 2 | train_loss: 1.2341 | train_acc: 0.4310 | test_loss: 1.2795 | test_acc: 0.4844 | 
Epoch: 3 | train_loss: 1.1133 | train_acc: 0.5291 | test_loss: 1.0452 | test_acc: 0.5781 | 
Epoch: 4 | train_loss: 1.0267 | train_acc: 0.5463 | test_loss: 1.0803 | test_acc: 0.5859 | 
Epoch: 5 | train_loss: 0.9276 | train_acc: 0.6175 | test_loss: 1.0482 | test_acc: 0.5469 | 
Epoch: 6 | train_loss: 0.8567 | train_acc: 0.6369 | test_loss: 0.9184 | test_acc: 0.6367 | 
Epoch: 7 | train_loss: 0.7681 | train_acc: 0.6455 | test_loss: 1.0596 | test_acc: 0.5703 | 
Epoch: 8 | train_loss: 0.7413 | train_acc: 0.7274 | test_loss: 0.8893 | test_acc: 0.6719 | 
Epoch: 9 | train_loss: 0.6533 | train_acc: 0.7812 | test_loss: 0.9001 | test_acc: 0.6797 | 
Epoch: 10 | train_loss: 0.6569 | train_acc: 0.7435 | test_loss: 0.8877 | test_acc: 0.6172 | 
Epoch: 11 | train_loss: 0.5708 | train_acc: 0.7672 | test_loss: 1.0178 | test_acc: 0.5625 | 
Epoch: 12 | train_loss: 0.5558 | train_acc: 0.7845 | test_loss: 0.7767 | test_acc: 0.7266 | 
Epoch: 13 | train_loss: 0.5125 | train_acc: 0.8200 | test_loss: 0.8197 | test_acc: 0.6836 | 
Epoch: 14 | train_loss: 0.5386 | train_acc: 0.7953 | test_loss: 0.8202 | test_acc: 0.7383 | 
Epoch: 15 | train_loss: 0.4540 | train_acc: 0.8373 | test_loss: 0.7012 | test_acc: 0.7695 | 
Epoch: 16 | train_loss: 0.4339 | train_acc: 0.8222 | test_loss: 0.7996 | test_acc: 0.7070 | 
Epoch: 17 | train_loss: 0.4434 | train_acc: 0.8534 | test_loss: 0.8304 | test_acc: 0.7344 | 
Epoch: 18 | train_loss: 0.4454 | train_acc: 0.8351 | test_loss: 0.9727 | test_acc: 0.6602 | 
Epoch: 19 | train_loss: 0.4947 | train_acc: 0.8028 | test_loss: 0.7758 | test_acc: 0.7656 | 
Epoch: 20 | train_loss: 0.3950 | train_acc: 0.8405 | test_loss: 0.8422 | test_acc: 0.7500 | 
Epoch: 21 | train_loss: 0.3437 | train_acc: 0.8901 | test_loss: 0.8294 | test_acc: 0.7070 | 
Epoch: 22 | train_loss: 0.3436 | train_acc: 0.8890 | test_loss: 0.8281 | test_acc: 0.7383 | 
Epoch: 23 | train_loss: 0.3552 | train_acc: 0.8696 | test_loss: 0.9503 | test_acc: 0.7422 | 
Epoch: 24 | train_loss: 0.3262 | train_acc: 0.8750 | test_loss: 0.9813 | test_acc: 0.6719 | 
Epoch: 25 | train_loss: 0.3768 | train_acc: 0.8869 | test_loss: 0.9174 | test_acc: 0.7031 | 
Epoch: 26 | train_loss: 0.3339 | train_acc: 0.8588 | test_loss: 0.9089 | test_acc: 0.7383 | 
Epoch: 27 | train_loss: 0.3360 | train_acc: 0.8912 | test_loss: 0.7685 | test_acc: 0.7578 | 
Epoch: 28 | train_loss: 0.3178 | train_acc: 0.8815 | test_loss: 0.7104 | test_acc: 0.7930 | 
Epoch: 29 | train_loss: 0.2898 | train_acc: 0.9009 | test_loss: 0.7014 | test_acc: 0.8008 | 
Epoch: 30 | train_loss: 0.2912 | train_acc: 0.8782 | test_loss: 0.8309 | test_acc: 0.7539 | 
Epoch: 31 | train_loss: 0.3343 | train_acc: 0.8707 | test_loss: 0.8620 | test_acc: 0.7656 | 
Epoch: 32 | train_loss: 0.3458 | train_acc: 0.8664 | test_loss: 0.7842 | test_acc: 0.7617 | 
Epoch: 33 | train_loss: 0.2464 | train_acc: 0.9138 | test_loss: 0.7361 | test_acc: 0.7773 | 
Epoch: 34 | train_loss: 0.2739 | train_acc: 0.8912 | test_loss: 0.7131 | test_acc: 0.7617 | 
Epoch: 35 | train_loss: 0.2877 | train_acc: 0.8804 | test_loss: 0.7247 | test_acc: 0.7891 | 
Epoch: 36 | train_loss: 0.3103 | train_acc: 0.8750 | test_loss: 0.6225 | test_acc: 0.8164 | 
Epoch: 37 | train_loss: 0.2181 | train_acc: 0.9278 | test_loss: 0.6176 | test_acc: 0.8086 | 
Epoch: 38 | train_loss: 0.2192 | train_acc: 0.9052 | test_loss: 0.7687 | test_acc: 0.7969 | 
Epoch: 39 | train_loss: 0.2347 | train_acc: 0.9235 | test_loss: 0.7328 | test_acc: 0.7969 | 
Epoch: 40 | train_loss: 0.3109 | train_acc: 0.9041 | test_loss: 0.8704 | test_acc: 0.7695 | 
Epoch: 41 | train_loss: 0.2725 | train_acc: 0.8922 | test_loss: 0.8235 | test_acc: 0.7500 | 
Epoch: 42 | train_loss: 0.2647 | train_acc: 0.9030 | test_loss: 0.7914 | test_acc: 0.7773 | 
Epoch: 43 | train_loss: 0.1802 | train_acc: 0.9494 | test_loss: 0.7987 | test_acc: 0.8125 | 
Epoch: 44 | train_loss: 0.1922 | train_acc: 0.9192 | test_loss: 0.8003 | test_acc: 0.7812 | 
Epoch: 45 | train_loss: 0.2851 | train_acc: 0.8869 | test_loss: 0.7975 | test_acc: 0.6953 | 
Epoch: 46 | train_loss: 0.1920 | train_acc: 0.9289 | test_loss: 0.8410 | test_acc: 0.7578 | 
Epoch: 47 | train_loss: 0.2488 | train_acc: 0.9138 | test_loss: 0.7668 | test_acc: 0.7852 | 
Epoch: 48 | train_loss: 0.2536 | train_acc: 0.8998 | test_loss: 0.7600 | test_acc: 0.7969 | 
Epoch: 49 | train_loss: 0.2274 | train_acc: 0.8976 | test_loss: 0.8698 | test_acc: 0.7539 | 
Epoch: 50 | train_loss: 0.3027 | train_acc: 0.9009 | test_loss: 0.7925 | test_acc: 0.7812 | 
⏱️ Total training time: 121.925 seconds
📊 Bands [151, 104, 92] -> Fitness: 0.7812
Dataset initialized with pre-loaded data. Total samples: 897
Band indices for training dataloader: [137, 167, 447]
Dataset initialized with pre-loaded data. Total samples: 226
Band indices for test dataloader: [137, 167, 447]
🔍 Starting evaluation of individual [137, 167, 447]
Epoch: 1 | train_loss: 1.3561 | train_acc: 0.3707 | test_loss: 1.3547 | test_acc: 0.4531 | 
Epoch: 2 | train_loss: 1.2679 | train_acc: 0.4213 | test_loss: 1.1574 | test_acc: 0.5508 | 
Epoch: 3 | train_loss: 1.1476 | train_acc: 0.5194 | test_loss: 1.1579 | test_acc: 0.4766 | 
Epoch: 4 | train_loss: 1.0975 | train_acc: 0.5560 | test_loss: 1.0856 | test_acc: 0.5664 | 
Epoch: 5 | train_loss: 0.9607 | train_acc: 0.5787 | test_loss: 1.0438 | test_acc: 0.5977 | 
Epoch: 6 | train_loss: 0.9400 | train_acc: 0.5959 | test_loss: 1.1289 | test_acc: 0.5469 | 
Epoch: 7 | train_loss: 0.8337 | train_acc: 0.6735 | test_loss: 1.1358 | test_acc: 0.5234 | 
Epoch: 8 | train_loss: 0.8613 | train_acc: 0.6692 | test_loss: 0.8761 | test_acc: 0.6445 | 
Epoch: 9 | train_loss: 0.7632 | train_acc: 0.6864 | test_loss: 1.0019 | test_acc: 0.6016 | 
Epoch: 10 | train_loss: 0.7209 | train_acc: 0.7047 | test_loss: 0.8884 | test_acc: 0.6484 | 
Epoch: 11 | train_loss: 0.6964 | train_acc: 0.7371 | test_loss: 0.9659 | test_acc: 0.5859 | 
Epoch: 12 | train_loss: 0.6413 | train_acc: 0.7457 | test_loss: 0.9512 | test_acc: 0.6523 | 
Epoch: 13 | train_loss: 0.6811 | train_acc: 0.7241 | test_loss: 0.7929 | test_acc: 0.6875 | 
Epoch: 14 | train_loss: 0.6105 | train_acc: 0.7619 | test_loss: 1.0138 | test_acc: 0.6641 | 
Epoch: 15 | train_loss: 0.5559 | train_acc: 0.7931 | test_loss: 0.8766 | test_acc: 0.7070 | 
Epoch: 16 | train_loss: 0.5212 | train_acc: 0.8384 | test_loss: 0.9322 | test_acc: 0.6367 | 
Epoch: 17 | train_loss: 0.5679 | train_acc: 0.7802 | test_loss: 0.8752 | test_acc: 0.6680 | 
Epoch: 18 | train_loss: 0.5040 | train_acc: 0.8071 | test_loss: 0.9895 | test_acc: 0.6406 | 
Epoch: 19 | train_loss: 0.4536 | train_acc: 0.8524 | test_loss: 0.8062 | test_acc: 0.7227 | 
Epoch: 20 | train_loss: 0.4506 | train_acc: 0.8319 | test_loss: 0.9946 | test_acc: 0.6484 | 
Epoch: 21 | train_loss: 0.5492 | train_acc: 0.7899 | test_loss: 0.7435 | test_acc: 0.7422 | 
Epoch: 22 | train_loss: 0.4028 | train_acc: 0.8642 | test_loss: 0.8993 | test_acc: 0.7188 | 
Epoch: 23 | train_loss: 0.4406 | train_acc: 0.8244 | test_loss: 0.7881 | test_acc: 0.7070 | 
Epoch: 24 | train_loss: 0.4562 | train_acc: 0.8373 | test_loss: 0.7727 | test_acc: 0.7148 | 
Epoch: 25 | train_loss: 0.3935 | train_acc: 0.8534 | test_loss: 0.7341 | test_acc: 0.7422 | 
Epoch: 26 | train_loss: 0.4128 | train_acc: 0.8341 | test_loss: 0.7826 | test_acc: 0.7109 | 
Epoch: 27 | train_loss: 0.3307 | train_acc: 0.8976 | test_loss: 0.7545 | test_acc: 0.7578 | 
Epoch: 28 | train_loss: 0.3250 | train_acc: 0.8869 | test_loss: 0.7346 | test_acc: 0.7461 | 
Epoch: 29 | train_loss: 0.3540 | train_acc: 0.8610 | test_loss: 0.8190 | test_acc: 0.7422 | 
Epoch: 30 | train_loss: 0.3982 | train_acc: 0.8362 | test_loss: 0.8623 | test_acc: 0.6992 | 
Epoch: 31 | train_loss: 0.3310 | train_acc: 0.8750 | test_loss: 0.8183 | test_acc: 0.7344 | 
Epoch: 32 | train_loss: 0.3613 | train_acc: 0.8728 | test_loss: 0.8215 | test_acc: 0.6758 | 
Epoch: 33 | train_loss: 0.3250 | train_acc: 0.8621 | test_loss: 0.8413 | test_acc: 0.7578 | 
Epoch: 34 | train_loss: 0.3671 | train_acc: 0.8642 | test_loss: 0.8082 | test_acc: 0.7305 | 
Epoch: 35 | train_loss: 0.3515 | train_acc: 0.8642 | test_loss: 0.7629 | test_acc: 0.7461 | 
Epoch: 36 | train_loss: 0.2939 | train_acc: 0.8782 | test_loss: 0.7830 | test_acc: 0.7500 | 
Epoch: 37 | train_loss: 0.2731 | train_acc: 0.8976 | test_loss: 0.7880 | test_acc: 0.7461 | 
Epoch: 38 | train_loss: 0.2486 | train_acc: 0.9332 | test_loss: 1.0507 | test_acc: 0.5898 | 
Epoch: 39 | train_loss: 0.2835 | train_acc: 0.8739 | test_loss: 0.9072 | test_acc: 0.6211 | 
Epoch: 40 | train_loss: 0.2325 | train_acc: 0.9192 | test_loss: 0.8491 | test_acc: 0.7500 | 
Epoch: 41 | train_loss: 0.2014 | train_acc: 0.9386 | test_loss: 0.8283 | test_acc: 0.7305 | 
Epoch: 42 | train_loss: 0.2719 | train_acc: 0.8815 | test_loss: 0.8229 | test_acc: 0.7422 | 
Epoch: 43 | train_loss: 0.2417 | train_acc: 0.9106 | test_loss: 0.8001 | test_acc: 0.7461 | 
Epoch: 44 | train_loss: 0.1948 | train_acc: 0.9343 | test_loss: 0.8735 | test_acc: 0.7539 | 
Epoch: 45 | train_loss: 0.2153 | train_acc: 0.9343 | test_loss: 0.8053 | test_acc: 0.7656 | 
Epoch: 46 | train_loss: 0.2164 | train_acc: 0.9321 | test_loss: 0.8763 | test_acc: 0.7578 | 
Epoch: 47 | train_loss: 0.1908 | train_acc: 0.9397 | test_loss: 0.7721 | test_acc: 0.7695 | 
Epoch: 48 | train_loss: 0.2411 | train_acc: 0.9138 | test_loss: 0.6716 | test_acc: 0.7773 | 
Epoch: 49 | train_loss: 0.2858 | train_acc: 0.8998 | test_loss: 0.8223 | test_acc: 0.7500 | 
Epoch: 50 | train_loss: 0.2989 | train_acc: 0.8761 | test_loss: 0.7849 | test_acc: 0.7500 | 
⏱️ Total training time: 119.479 seconds
📊 Bands [137, 167, 447] -> Fitness: 0.7500
Dataset initialized with pre-loaded data. Total samples: 897
Band indices for training dataloader: [257, 206, 36]
Dataset initialized with pre-loaded data. Total samples: 226
Band indices for test dataloader: [257, 206, 36]
🔍 Starting evaluation of individual [257, 206, 36]
Epoch: 1 | train_loss: 1.3813 | train_acc: 0.2748 | test_loss: 1.3492 | test_acc: 0.4023 | 
Epoch: 2 | train_loss: 1.2707 | train_acc: 0.4009 | test_loss: 1.4596 | test_acc: 0.3867 | 
Epoch: 3 | train_loss: 1.2194 | train_acc: 0.4418 | test_loss: 1.2808 | test_acc: 0.4648 | 
Epoch: 4 | train_loss: 1.1318 | train_acc: 0.4881 | test_loss: 1.3010 | test_acc: 0.4648 | 
Epoch: 5 | train_loss: 1.0590 | train_acc: 0.5636 | test_loss: 1.2054 | test_acc: 0.5039 | 
Epoch: 6 | train_loss: 1.0280 | train_acc: 0.5603 | test_loss: 1.1833 | test_acc: 0.5391 | 
Epoch: 7 | train_loss: 0.9544 | train_acc: 0.6239 | test_loss: 1.1258 | test_acc: 0.5391 | 
Epoch: 8 | train_loss: 0.8283 | train_acc: 0.6735 | test_loss: 1.1456 | test_acc: 0.5586 | 
Epoch: 9 | train_loss: 0.8176 | train_acc: 0.6692 | test_loss: 1.1307 | test_acc: 0.5312 | 
Epoch: 10 | train_loss: 0.8377 | train_acc: 0.6552 | test_loss: 1.1625 | test_acc: 0.4570 | 
Epoch: 11 | train_loss: 0.8036 | train_acc: 0.6756 | test_loss: 1.3089 | test_acc: 0.5352 | 
Epoch: 12 | train_loss: 0.7193 | train_acc: 0.6821 | test_loss: 1.3371 | test_acc: 0.5430 | 
Epoch: 13 | train_loss: 0.6984 | train_acc: 0.7026 | test_loss: 1.3905 | test_acc: 0.4766 | 
Epoch: 14 | train_loss: 0.7013 | train_acc: 0.7144 | test_loss: 1.2321 | test_acc: 0.4922 | 
Epoch: 15 | train_loss: 0.6516 | train_acc: 0.7597 | test_loss: 1.2377 | test_acc: 0.5664 | 
Epoch: 16 | train_loss: 0.6717 | train_acc: 0.7403 | test_loss: 0.9869 | test_acc: 0.6445 | 
Epoch: 17 | train_loss: 0.6581 | train_acc: 0.7295 | test_loss: 0.9984 | test_acc: 0.6055 | 
Epoch: 18 | train_loss: 0.5897 | train_acc: 0.7888 | test_loss: 1.2704 | test_acc: 0.5156 | 
Epoch: 19 | train_loss: 0.5354 | train_acc: 0.7845 | test_loss: 1.0474 | test_acc: 0.6055 | 
Epoch: 20 | train_loss: 0.4945 | train_acc: 0.7953 | test_loss: 1.1014 | test_acc: 0.6641 | 
Epoch: 21 | train_loss: 0.5265 | train_acc: 0.8071 | test_loss: 1.0196 | test_acc: 0.6289 | 
Epoch: 22 | train_loss: 0.4477 | train_acc: 0.8103 | test_loss: 0.9508 | test_acc: 0.6953 | 
Epoch: 23 | train_loss: 0.4783 | train_acc: 0.8200 | test_loss: 1.0371 | test_acc: 0.6445 | 
Epoch: 24 | train_loss: 0.4873 | train_acc: 0.8071 | test_loss: 1.2292 | test_acc: 0.6523 | 
Epoch: 25 | train_loss: 0.5099 | train_acc: 0.8103 | test_loss: 1.0652 | test_acc: 0.6680 | 
Epoch: 26 | train_loss: 0.4806 | train_acc: 0.8190 | test_loss: 1.0331 | test_acc: 0.6758 | 
Epoch: 27 | train_loss: 0.4794 | train_acc: 0.8114 | test_loss: 1.1634 | test_acc: 0.5781 | 
Epoch: 28 | train_loss: 0.4089 | train_acc: 0.8297 | test_loss: 0.9799 | test_acc: 0.6523 | 
Epoch: 29 | train_loss: 0.4460 | train_acc: 0.8244 | test_loss: 1.0804 | test_acc: 0.6367 | 
Epoch: 30 | train_loss: 0.5067 | train_acc: 0.8200 | test_loss: 0.9562 | test_acc: 0.6914 | 
Epoch: 31 | train_loss: 0.4055 | train_acc: 0.8481 | test_loss: 1.0347 | test_acc: 0.6719 | 
Epoch: 32 | train_loss: 0.3213 | train_acc: 0.8847 | test_loss: 1.1691 | test_acc: 0.6172 | 
Epoch: 33 | train_loss: 0.3178 | train_acc: 0.8825 | test_loss: 1.3067 | test_acc: 0.5938 | 
Epoch: 34 | train_loss: 0.4202 | train_acc: 0.8524 | test_loss: 1.3280 | test_acc: 0.5664 | 
Epoch: 35 | train_loss: 0.3987 | train_acc: 0.8341 | test_loss: 1.0737 | test_acc: 0.6758 | 
Epoch: 36 | train_loss: 0.3889 | train_acc: 0.8707 | test_loss: 1.0677 | test_acc: 0.7031 | 
Epoch: 37 | train_loss: 0.2915 | train_acc: 0.9009 | test_loss: 1.1953 | test_acc: 0.6094 | 
Epoch: 38 | train_loss: 0.3236 | train_acc: 0.8847 | test_loss: 0.9527 | test_acc: 0.7031 | 
Epoch: 39 | train_loss: 0.3263 | train_acc: 0.8782 | test_loss: 1.1466 | test_acc: 0.6328 | 
Epoch: 40 | train_loss: 0.3522 | train_acc: 0.8534 | test_loss: 1.0045 | test_acc: 0.7070 | 
Epoch: 41 | train_loss: 0.3156 | train_acc: 0.8664 | test_loss: 1.2327 | test_acc: 0.6992 | 
Epoch: 42 | train_loss: 0.3450 | train_acc: 0.8610 | test_loss: 0.9565 | test_acc: 0.7188 | 
Epoch: 43 | train_loss: 0.4186 | train_acc: 0.8588 | test_loss: 1.1574 | test_acc: 0.6758 | 
Epoch: 44 | train_loss: 0.3189 | train_acc: 0.8879 | test_loss: 0.9580 | test_acc: 0.6445 | 
Epoch: 45 | train_loss: 0.3017 | train_acc: 0.8998 | test_loss: 0.9458 | test_acc: 0.7422 | 
Epoch: 46 | train_loss: 0.2678 | train_acc: 0.9116 | test_loss: 1.4064 | test_acc: 0.6289 | 
Epoch: 47 | train_loss: 0.2821 | train_acc: 0.8976 | test_loss: 1.0987 | test_acc: 0.7227 | 
Epoch: 48 | train_loss: 0.3008 | train_acc: 0.8696 | test_loss: 1.0285 | test_acc: 0.7305 | 
Epoch: 49 | train_loss: 0.4068 | train_acc: 0.8696 | test_loss: 1.1326 | test_acc: 0.7070 | 
Epoch: 50 | train_loss: 0.3653 | train_acc: 0.8631 | test_loss: 0.9913 | test_acc: 0.7188 | 
⏱️ Total training time: 115.554 seconds
📊 Bands [257, 206, 36] -> Fitness: 0.7188
Dataset initialized with pre-loaded data. Total samples: 897
Band indices for training dataloader: [151, 128, 89]
Dataset initialized with pre-loaded data. Total samples: 226
Band indices for test dataloader: [151, 128, 89]
🔍 Starting evaluation of individual [151, 128, 89]
Epoch: 1 | train_loss: 1.3621 | train_acc: 0.3459 | test_loss: 1.2876 | test_acc: 0.4023 | 
Epoch: 2 | train_loss: 1.2471 | train_acc: 0.4159 | test_loss: 1.2520 | test_acc: 0.3672 | 
Epoch: 3 | train_loss: 1.1398 | train_acc: 0.5065 | test_loss: 1.4632 | test_acc: 0.4102 | 
Epoch: 4 | train_loss: 1.0530 | train_acc: 0.5916 | test_loss: 1.2651 | test_acc: 0.5078 | 
Epoch: 5 | train_loss: 0.9431 | train_acc: 0.6034 | test_loss: 1.1875 | test_acc: 0.5391 | 
Epoch: 6 | train_loss: 0.9774 | train_acc: 0.6185 | test_loss: 1.1920 | test_acc: 0.5273 | 
Epoch: 7 | train_loss: 0.9018 | train_acc: 0.6228 | test_loss: 1.0786 | test_acc: 0.5820 | 
Epoch: 8 | train_loss: 0.7938 | train_acc: 0.6810 | test_loss: 0.9748 | test_acc: 0.6172 | 
Epoch: 9 | train_loss: 0.7414 | train_acc: 0.7349 | test_loss: 1.0581 | test_acc: 0.5547 | 
Epoch: 10 | train_loss: 0.7172 | train_acc: 0.7338 | test_loss: 0.9342 | test_acc: 0.6172 | 
Epoch: 11 | train_loss: 0.6709 | train_acc: 0.7468 | test_loss: 1.0242 | test_acc: 0.6406 | 
Epoch: 12 | train_loss: 0.6352 | train_acc: 0.7414 | test_loss: 0.8719 | test_acc: 0.7422 | 
Epoch: 13 | train_loss: 0.6426 | train_acc: 0.7489 | test_loss: 1.0286 | test_acc: 0.6094 | 
Epoch: 14 | train_loss: 0.6473 | train_acc: 0.7532 | test_loss: 0.9147 | test_acc: 0.6602 | 
Epoch: 15 | train_loss: 0.5533 | train_acc: 0.7748 | test_loss: 0.9381 | test_acc: 0.6133 | 
Epoch: 16 | train_loss: 0.5686 | train_acc: 0.7802 | test_loss: 0.9084 | test_acc: 0.6406 | 
Epoch: 17 | train_loss: 0.5598 | train_acc: 0.7780 | test_loss: 0.7864 | test_acc: 0.6914 | 
Epoch: 18 | train_loss: 0.4713 | train_acc: 0.8125 | test_loss: 1.0104 | test_acc: 0.6602 | 
Epoch: 19 | train_loss: 0.4592 | train_acc: 0.8147 | test_loss: 0.8772 | test_acc: 0.7188 | 
Epoch: 20 | train_loss: 0.4452 | train_acc: 0.8373 | test_loss: 0.9475 | test_acc: 0.6172 | 
Epoch: 21 | train_loss: 0.4353 | train_acc: 0.8211 | test_loss: 0.9980 | test_acc: 0.6953 | 
Epoch: 22 | train_loss: 0.3567 | train_acc: 0.8847 | test_loss: 0.8021 | test_acc: 0.7734 | 
Epoch: 23 | train_loss: 0.3282 | train_acc: 0.8847 | test_loss: 1.1376 | test_acc: 0.5859 | 
Epoch: 24 | train_loss: 0.3931 | train_acc: 0.8448 | test_loss: 0.9513 | test_acc: 0.6680 | 
Epoch: 25 | train_loss: 0.4028 | train_acc: 0.8341 | test_loss: 0.7351 | test_acc: 0.7031 | 
Epoch: 26 | train_loss: 0.3241 | train_acc: 0.8955 | test_loss: 0.9289 | test_acc: 0.6797 | 
Epoch: 27 | train_loss: 0.3354 | train_acc: 0.8675 | test_loss: 0.8421 | test_acc: 0.6797 | 
Epoch: 28 | train_loss: 0.4202 | train_acc: 0.8438 | test_loss: 0.7973 | test_acc: 0.7500 | 
Epoch: 29 | train_loss: 0.3064 | train_acc: 0.8966 | test_loss: 0.9393 | test_acc: 0.6914 | 
Epoch: 30 | train_loss: 0.2848 | train_acc: 0.9019 | test_loss: 0.8015 | test_acc: 0.7109 | 
Epoch: 31 | train_loss: 0.3599 | train_acc: 0.8556 | test_loss: 0.9163 | test_acc: 0.6992 | 
Epoch: 32 | train_loss: 0.3074 | train_acc: 0.8998 | test_loss: 0.9353 | test_acc: 0.6719 | 
Epoch: 33 | train_loss: 0.2997 | train_acc: 0.8793 | test_loss: 0.8624 | test_acc: 0.6992 | 
Epoch: 34 | train_loss: 0.2984 | train_acc: 0.8696 | test_loss: 0.8972 | test_acc: 0.6836 | 
Epoch: 35 | train_loss: 0.2899 | train_acc: 0.8772 | test_loss: 0.9187 | test_acc: 0.7266 | 
Epoch: 36 | train_loss: 0.3178 | train_acc: 0.8793 | test_loss: 0.9329 | test_acc: 0.6289 | 
Epoch: 37 | train_loss: 0.3846 | train_acc: 0.8804 | test_loss: 0.9679 | test_acc: 0.6406 | 
Epoch: 38 | train_loss: 0.2490 | train_acc: 0.9213 | test_loss: 0.8748 | test_acc: 0.6875 | 
Epoch: 39 | train_loss: 0.3796 | train_acc: 0.8825 | test_loss: 0.9267 | test_acc: 0.7422 | 
Epoch: 40 | train_loss: 0.2916 | train_acc: 0.8739 | test_loss: 0.7950 | test_acc: 0.6914 | 
Epoch: 41 | train_loss: 0.2469 | train_acc: 0.8922 | test_loss: 0.8104 | test_acc: 0.6875 | 
Epoch: 42 | train_loss: 0.2659 | train_acc: 0.9019 | test_loss: 0.8512 | test_acc: 0.7109 | 
Epoch: 43 | train_loss: 0.2718 | train_acc: 0.9095 | test_loss: 1.0658 | test_acc: 0.6875 | 
Epoch: 44 | train_loss: 0.2506 | train_acc: 0.9019 | test_loss: 0.7442 | test_acc: 0.8086 | 
Epoch: 45 | train_loss: 0.3138 | train_acc: 0.8922 | test_loss: 0.9619 | test_acc: 0.6953 | 
Epoch: 46 | train_loss: 0.2974 | train_acc: 0.8804 | test_loss: 0.7793 | test_acc: 0.7148 | 
Epoch: 47 | train_loss: 0.1976 | train_acc: 0.9343 | test_loss: 0.7099 | test_acc: 0.7188 | 
Epoch: 48 | train_loss: 0.1859 | train_acc: 0.9138 | test_loss: 0.8140 | test_acc: 0.7266 | 
Epoch: 49 | train_loss: 0.2378 | train_acc: 0.9116 | test_loss: 0.7950 | test_acc: 0.7227 | 
Epoch: 50 | train_loss: 0.1678 | train_acc: 0.9461 | test_loss: 0.9653 | test_acc: 0.7148 | 
⏱️ Total training time: 118.446 seconds
📊 Bands [151, 128, 89] -> Fitness: 0.7148
Dataset initialized with pre-loaded data. Total samples: 897
Band indices for training dataloader: [151, 134, 88]
Dataset initialized with pre-loaded data. Total samples: 226
Band indices for test dataloader: [151, 134, 88]
🔍 Starting evaluation of individual [151, 134, 88]
Epoch: 1 | train_loss: 1.3621 | train_acc: 0.3427 | test_loss: 1.5370 | test_acc: 0.2734 | 
Epoch: 2 | train_loss: 1.2493 | train_acc: 0.4375 | test_loss: 1.2614 | test_acc: 0.3945 | 
Epoch: 3 | train_loss: 1.1305 | train_acc: 0.4892 | test_loss: 1.1967 | test_acc: 0.5312 | 
Epoch: 4 | train_loss: 1.0376 | train_acc: 0.5474 | test_loss: 1.0929 | test_acc: 0.6055 | 
Epoch: 5 | train_loss: 0.9839 | train_acc: 0.6078 | test_loss: 1.0161 | test_acc: 0.6523 | 
Epoch: 6 | train_loss: 0.9139 | train_acc: 0.6476 | test_loss: 1.2010 | test_acc: 0.5078 | 
Epoch: 7 | train_loss: 0.8454 | train_acc: 0.6875 | test_loss: 1.0125 | test_acc: 0.6250 | 
Epoch: 8 | train_loss: 0.7808 | train_acc: 0.6713 | test_loss: 1.0181 | test_acc: 0.6055 | 
Epoch: 9 | train_loss: 0.8259 | train_acc: 0.6821 | test_loss: 0.9664 | test_acc: 0.5977 | 
Epoch: 10 | train_loss: 0.6925 | train_acc: 0.7188 | test_loss: 0.8844 | test_acc: 0.6367 | 
Epoch: 11 | train_loss: 0.6959 | train_acc: 0.7058 | test_loss: 0.9408 | test_acc: 0.6953 | 
Epoch: 12 | train_loss: 0.6467 | train_acc: 0.7306 | test_loss: 1.0337 | test_acc: 0.5508 | 
Epoch: 13 | train_loss: 0.6369 | train_acc: 0.7425 | test_loss: 1.0260 | test_acc: 0.5430 | 
Epoch: 14 | train_loss: 0.5903 | train_acc: 0.7586 | test_loss: 0.8939 | test_acc: 0.6250 | 
Epoch: 15 | train_loss: 0.6058 | train_acc: 0.7640 | test_loss: 0.9178 | test_acc: 0.6445 | 
Epoch: 16 | train_loss: 0.5233 | train_acc: 0.7877 | test_loss: 0.9488 | test_acc: 0.6523 | 
Epoch: 17 | train_loss: 0.5327 | train_acc: 0.7823 | test_loss: 0.8834 | test_acc: 0.6445 | 
Epoch: 18 | train_loss: 0.4838 | train_acc: 0.8265 | test_loss: 0.8058 | test_acc: 0.7344 | 
Epoch: 19 | train_loss: 0.3736 | train_acc: 0.8675 | test_loss: 0.8194 | test_acc: 0.7617 | 
Epoch: 20 | train_loss: 0.4193 | train_acc: 0.8438 | test_loss: 0.8561 | test_acc: 0.7578 | 
Epoch: 21 | train_loss: 0.4700 | train_acc: 0.8114 | test_loss: 0.8803 | test_acc: 0.7227 | 
Epoch: 22 | train_loss: 0.4488 | train_acc: 0.8642 | test_loss: 0.9515 | test_acc: 0.6289 | 
Epoch: 23 | train_loss: 0.3678 | train_acc: 0.8567 | test_loss: 0.8817 | test_acc: 0.6484 | 
Epoch: 24 | train_loss: 0.4322 | train_acc: 0.8534 | test_loss: 0.8417 | test_acc: 0.7031 | 
Epoch: 25 | train_loss: 0.3523 | train_acc: 0.8890 | test_loss: 0.8460 | test_acc: 0.7578 | 
Epoch: 26 | train_loss: 0.3828 | train_acc: 0.8459 | test_loss: 0.9172 | test_acc: 0.6836 | 
Epoch: 27 | train_loss: 0.4220 | train_acc: 0.8610 | test_loss: 0.8843 | test_acc: 0.6680 | 
Epoch: 28 | train_loss: 0.3288 | train_acc: 0.8858 | test_loss: 0.8676 | test_acc: 0.7578 | 
Epoch: 29 | train_loss: 0.3588 | train_acc: 0.8534 | test_loss: 0.6261 | test_acc: 0.7930 | 
Epoch: 30 | train_loss: 0.3648 | train_acc: 0.8610 | test_loss: 0.9442 | test_acc: 0.6289 | 
Epoch: 31 | train_loss: 0.2587 | train_acc: 0.9213 | test_loss: 0.8178 | test_acc: 0.6914 | 
Epoch: 32 | train_loss: 0.3117 | train_acc: 0.8696 | test_loss: 0.7292 | test_acc: 0.7852 | 
Epoch: 33 | train_loss: 0.3086 | train_acc: 0.8653 | test_loss: 0.7514 | test_acc: 0.7578 | 
Epoch: 34 | train_loss: 0.2687 | train_acc: 0.9116 | test_loss: 0.7602 | test_acc: 0.7695 | 
Epoch: 35 | train_loss: 0.2523 | train_acc: 0.9149 | test_loss: 0.7723 | test_acc: 0.7812 | 
Epoch: 36 | train_loss: 0.2141 | train_acc: 0.9246 | test_loss: 0.8527 | test_acc: 0.7539 | 
Epoch: 37 | train_loss: 0.2551 | train_acc: 0.8966 | test_loss: 0.8050 | test_acc: 0.7734 | 
Epoch: 38 | train_loss: 0.2945 | train_acc: 0.8976 | test_loss: 0.8453 | test_acc: 0.7930 | 
Epoch: 39 | train_loss: 0.2459 | train_acc: 0.9246 | test_loss: 0.6779 | test_acc: 0.7930 | 
Epoch: 40 | train_loss: 0.2445 | train_acc: 0.9278 | test_loss: 0.8016 | test_acc: 0.7852 | 
Epoch: 41 | train_loss: 0.3259 | train_acc: 0.8879 | test_loss: 0.9468 | test_acc: 0.6523 | 
Epoch: 42 | train_loss: 0.2175 | train_acc: 0.9310 | test_loss: 1.1250 | test_acc: 0.6250 | 
Epoch: 43 | train_loss: 0.3131 | train_acc: 0.8976 | test_loss: 0.8421 | test_acc: 0.7969 | 
Epoch: 44 | train_loss: 0.2059 | train_acc: 0.9418 | test_loss: 0.8897 | test_acc: 0.7148 | 
Epoch: 45 | train_loss: 0.2197 | train_acc: 0.9073 | test_loss: 1.0445 | test_acc: 0.7070 | 
Epoch: 46 | train_loss: 0.2731 | train_acc: 0.9095 | test_loss: 1.3663 | test_acc: 0.6406 | 
Epoch: 47 | train_loss: 0.2623 | train_acc: 0.9138 | test_loss: 0.8092 | test_acc: 0.7812 | 
Epoch: 48 | train_loss: 0.2743 | train_acc: 0.8912 | test_loss: 0.9365 | test_acc: 0.7461 | 
Epoch: 49 | train_loss: 0.2565 | train_acc: 0.8976 | test_loss: 0.9624 | test_acc: 0.7070 | 
Epoch: 50 | train_loss: 0.2246 | train_acc: 0.9246 | test_loss: 0.7614 | test_acc: 0.7773 | 
⏱️ Total training time: 107.316 seconds
📊 Bands [151, 134, 88] -> Fitness: 0.7773
Dataset initialized with pre-loaded data. Total samples: 897
Band indices for training dataloader: [151, 213, 132]
Dataset initialized with pre-loaded data. Total samples: 226
Band indices for test dataloader: [151, 213, 132]
🔍 Starting evaluation of individual [151, 213, 132]
Epoch: 1 | train_loss: 1.3739 | train_acc: 0.3093 | test_loss: 1.3531 | test_acc: 0.3633 | 
Epoch: 2 | train_loss: 1.2545 | train_acc: 0.4192 | test_loss: 1.5697 | test_acc: 0.3750 | 
Epoch: 3 | train_loss: 1.1532 | train_acc: 0.4806 | test_loss: 1.0549 | test_acc: 0.5742 | 
Epoch: 4 | train_loss: 1.0703 | train_acc: 0.5711 | test_loss: 1.0618 | test_acc: 0.6055 | 
Epoch: 5 | train_loss: 1.0002 | train_acc: 0.6099 | test_loss: 0.9764 | test_acc: 0.6133 | 
Epoch: 6 | train_loss: 0.9593 | train_acc: 0.5916 | test_loss: 1.0804 | test_acc: 0.4961 | 
Epoch: 7 | train_loss: 0.9021 | train_acc: 0.6325 | test_loss: 1.0003 | test_acc: 0.6016 | 
Epoch: 8 | train_loss: 0.8949 | train_acc: 0.6455 | test_loss: 0.9567 | test_acc: 0.6211 | 
Epoch: 9 | train_loss: 0.7862 | train_acc: 0.6767 | test_loss: 0.9209 | test_acc: 0.6719 | 
Epoch: 10 | train_loss: 0.7456 | train_acc: 0.6950 | test_loss: 1.0267 | test_acc: 0.6836 | 
Epoch: 11 | train_loss: 0.8327 | train_acc: 0.6692 | test_loss: 1.1138 | test_acc: 0.5938 | 
Epoch: 12 | train_loss: 0.6898 | train_acc: 0.7231 | test_loss: 1.0694 | test_acc: 0.5469 | 
Epoch: 13 | train_loss: 0.6109 | train_acc: 0.7511 | test_loss: 1.0053 | test_acc: 0.6719 | 
Epoch: 14 | train_loss: 0.6152 | train_acc: 0.7683 | test_loss: 1.1329 | test_acc: 0.5742 | 
Epoch: 15 | train_loss: 0.6108 | train_acc: 0.7640 | test_loss: 1.0746 | test_acc: 0.6562 | 
Epoch: 16 | train_loss: 0.5059 | train_acc: 0.8254 | test_loss: 0.9416 | test_acc: 0.6914 | 
Epoch: 17 | train_loss: 0.5460 | train_acc: 0.7737 | test_loss: 0.9610 | test_acc: 0.7070 | 
Epoch: 18 | train_loss: 0.5521 | train_acc: 0.7823 | test_loss: 0.8410 | test_acc: 0.6992 | 
Epoch: 19 | train_loss: 0.5397 | train_acc: 0.7920 | test_loss: 0.8592 | test_acc: 0.6875 | 
Epoch: 20 | train_loss: 0.5076 | train_acc: 0.8222 | test_loss: 0.9030 | test_acc: 0.7227 | 
Epoch: 21 | train_loss: 0.4659 | train_acc: 0.8384 | test_loss: 0.9210 | test_acc: 0.6250 | 
Epoch: 22 | train_loss: 0.4790 | train_acc: 0.8222 | test_loss: 0.8888 | test_acc: 0.6367 | 
Epoch: 23 | train_loss: 0.5183 | train_acc: 0.8060 | test_loss: 0.9041 | test_acc: 0.6484 | 
Epoch: 24 | train_loss: 0.4439 | train_acc: 0.8179 | test_loss: 0.9151 | test_acc: 0.7031 | 
Epoch: 25 | train_loss: 0.3961 | train_acc: 0.8556 | test_loss: 0.8810 | test_acc: 0.6445 | 
Epoch: 26 | train_loss: 0.3654 | train_acc: 0.8438 | test_loss: 0.7532 | test_acc: 0.7578 | 
Epoch: 27 | train_loss: 0.3493 | train_acc: 0.8793 | test_loss: 0.8372 | test_acc: 0.7227 | 
Epoch: 28 | train_loss: 0.3572 | train_acc: 0.8685 | test_loss: 0.8338 | test_acc: 0.7383 | 
Epoch: 29 | train_loss: 0.3569 | train_acc: 0.8502 | test_loss: 0.9213 | test_acc: 0.7070 | 
Epoch: 30 | train_loss: 0.2955 | train_acc: 0.8976 | test_loss: 0.7932 | test_acc: 0.7383 | 
Epoch: 31 | train_loss: 0.3326 | train_acc: 0.8696 | test_loss: 1.0248 | test_acc: 0.7227 | 
Epoch: 32 | train_loss: 0.2953 | train_acc: 0.9084 | test_loss: 0.8530 | test_acc: 0.7305 | 
Epoch: 33 | train_loss: 0.2898 | train_acc: 0.8998 | test_loss: 0.9318 | test_acc: 0.7422 | 
Epoch: 34 | train_loss: 0.3178 | train_acc: 0.8707 | test_loss: 0.8692 | test_acc: 0.7031 | 
Epoch: 35 | train_loss: 0.3874 | train_acc: 0.8588 | test_loss: 1.2428 | test_acc: 0.6367 | 
Epoch: 36 | train_loss: 0.3678 | train_acc: 0.8588 | test_loss: 0.9984 | test_acc: 0.7031 | 
Epoch: 37 | train_loss: 0.3517 | train_acc: 0.8513 | test_loss: 0.7965 | test_acc: 0.7344 | 
Epoch: 38 | train_loss: 0.3655 | train_acc: 0.8728 | test_loss: 0.9536 | test_acc: 0.6758 | 
Epoch: 39 | train_loss: 0.2686 | train_acc: 0.9159 | test_loss: 0.9187 | test_acc: 0.6484 | 
Epoch: 40 | train_loss: 0.2307 | train_acc: 0.9149 | test_loss: 1.0196 | test_acc: 0.6680 | 
Epoch: 41 | train_loss: 0.2196 | train_acc: 0.9030 | test_loss: 0.9361 | test_acc: 0.7148 | 
Epoch: 42 | train_loss: 0.2235 | train_acc: 0.9181 | test_loss: 1.1657 | test_acc: 0.6719 | 
Epoch: 43 | train_loss: 0.2556 | train_acc: 0.8890 | test_loss: 1.0364 | test_acc: 0.7070 | 
Epoch: 44 | train_loss: 0.3214 | train_acc: 0.8664 | test_loss: 0.8326 | test_acc: 0.7344 | 
Epoch: 45 | train_loss: 0.2670 | train_acc: 0.9062 | test_loss: 0.8133 | test_acc: 0.7305 | 
Epoch: 46 | train_loss: 0.2249 | train_acc: 0.9170 | test_loss: 0.9021 | test_acc: 0.7695 | 
Epoch: 47 | train_loss: 0.3437 | train_acc: 0.8998 | test_loss: 0.9133 | test_acc: 0.7461 | 
Epoch: 48 | train_loss: 0.2637 | train_acc: 0.9095 | test_loss: 1.0286 | test_acc: 0.7266 | 
Epoch: 49 | train_loss: 0.2792 | train_acc: 0.8847 | test_loss: 0.8553 | test_acc: 0.7266 | 
Epoch: 50 | train_loss: 0.2186 | train_acc: 0.9235 | test_loss: 0.8778 | test_acc: 0.6836 | 
⏱️ Total training time: 109.413 seconds
📊 Bands [151, 213, 132] -> Fitness: 0.6836
Dataset initialized with pre-loaded data. Total samples: 897
Band indices for training dataloader: [151, 323, 83]
Dataset initialized with pre-loaded data. Total samples: 226
Band indices for test dataloader: [151, 323, 83]
🔍 Starting evaluation of individual [151, 323, 83]
Epoch: 1 | train_loss: 1.3881 | train_acc: 0.2705 | test_loss: 1.3281 | test_acc: 0.3594 | 
Epoch: 2 | train_loss: 1.2670 | train_acc: 0.3987 | test_loss: 1.2849 | test_acc: 0.4219 | 
Epoch: 3 | train_loss: 1.2030 | train_acc: 0.4817 | test_loss: 1.2034 | test_acc: 0.5312 | 
Epoch: 4 | train_loss: 1.0984 | train_acc: 0.5539 | test_loss: 1.1454 | test_acc: 0.5547 | 
Epoch: 5 | train_loss: 1.0056 | train_acc: 0.5700 | test_loss: 1.2481 | test_acc: 0.4688 | 
Epoch: 6 | train_loss: 0.9530 | train_acc: 0.6218 | test_loss: 1.2066 | test_acc: 0.5625 | 
Epoch: 7 | train_loss: 0.9058 | train_acc: 0.6207 | test_loss: 1.2185 | test_acc: 0.5156 | 
Epoch: 8 | train_loss: 0.8176 | train_acc: 0.6670 | test_loss: 1.1263 | test_acc: 0.6133 | 
Epoch: 9 | train_loss: 0.8082 | train_acc: 0.6562 | test_loss: 0.9680 | test_acc: 0.6562 | 
Epoch: 10 | train_loss: 0.6871 | train_acc: 0.7543 | test_loss: 1.0733 | test_acc: 0.5625 | 
Epoch: 11 | train_loss: 0.6698 | train_acc: 0.7414 | test_loss: 0.9791 | test_acc: 0.6406 | 
Epoch: 12 | train_loss: 0.7399 | train_acc: 0.7091 | test_loss: 0.9360 | test_acc: 0.6836 | 
Epoch: 13 | train_loss: 0.7117 | train_acc: 0.7026 | test_loss: 1.1203 | test_acc: 0.6172 | 
Epoch: 14 | train_loss: 0.6095 | train_acc: 0.7565 | test_loss: 1.0378 | test_acc: 0.6484 | 
Epoch: 15 | train_loss: 0.6144 | train_acc: 0.7759 | test_loss: 1.0011 | test_acc: 0.6758 | 
Epoch: 16 | train_loss: 0.5737 | train_acc: 0.7856 | test_loss: 1.0139 | test_acc: 0.6680 | 
Epoch: 17 | train_loss: 0.4921 | train_acc: 0.8222 | test_loss: 0.9330 | test_acc: 0.6914 | 
Epoch: 18 | train_loss: 0.5788 | train_acc: 0.7942 | test_loss: 0.9005 | test_acc: 0.6992 | 
Epoch: 19 | train_loss: 0.5520 | train_acc: 0.7780 | test_loss: 0.8973 | test_acc: 0.7188 | 
Epoch: 20 | train_loss: 0.5773 | train_acc: 0.7737 | test_loss: 0.9704 | test_acc: 0.6719 | 
Epoch: 21 | train_loss: 0.4606 | train_acc: 0.8394 | test_loss: 0.8182 | test_acc: 0.7148 | 
Epoch: 22 | train_loss: 0.4470 | train_acc: 0.8082 | test_loss: 0.8819 | test_acc: 0.7031 | 
Epoch: 23 | train_loss: 0.4893 | train_acc: 0.8222 | test_loss: 0.9412 | test_acc: 0.6836 | 
Epoch: 24 | train_loss: 0.4731 | train_acc: 0.8060 | test_loss: 0.9399 | test_acc: 0.7188 | 
Epoch: 25 | train_loss: 0.4333 | train_acc: 0.8254 | test_loss: 0.9841 | test_acc: 0.6992 | 
Epoch: 26 | train_loss: 0.4830 | train_acc: 0.8179 | test_loss: 0.8912 | test_acc: 0.7227 | 
Epoch: 27 | train_loss: 0.4302 | train_acc: 0.8319 | test_loss: 0.9230 | test_acc: 0.7305 | 
Epoch: 28 | train_loss: 0.4370 | train_acc: 0.8448 | test_loss: 0.9829 | test_acc: 0.7070 | 
Epoch: 29 | train_loss: 0.3785 | train_acc: 0.8427 | test_loss: 0.8090 | test_acc: 0.7266 | 
Epoch: 30 | train_loss: 0.3703 | train_acc: 0.8481 | test_loss: 0.8396 | test_acc: 0.7227 | 
Epoch: 31 | train_loss: 0.3553 | train_acc: 0.8545 | test_loss: 0.8247 | test_acc: 0.7344 | 
Epoch: 32 | train_loss: 0.3073 | train_acc: 0.9009 | test_loss: 0.7991 | test_acc: 0.7578 | 
Epoch: 33 | train_loss: 0.3389 | train_acc: 0.8621 | test_loss: 0.8934 | test_acc: 0.7227 | 
Epoch: 34 | train_loss: 0.4054 | train_acc: 0.8653 | test_loss: 0.8982 | test_acc: 0.7500 | 
Epoch: 35 | train_loss: 0.3700 | train_acc: 0.8631 | test_loss: 0.9026 | test_acc: 0.7617 | 
Epoch: 36 | train_loss: 0.2783 | train_acc: 0.9073 | test_loss: 0.8614 | test_acc: 0.7461 | 
Epoch: 37 | train_loss: 0.2741 | train_acc: 0.8998 | test_loss: 0.9647 | test_acc: 0.7266 | 
Epoch: 38 | train_loss: 0.2495 | train_acc: 0.9213 | test_loss: 0.7728 | test_acc: 0.7773 | 
Epoch: 39 | train_loss: 0.3163 | train_acc: 0.8664 | test_loss: 0.8171 | test_acc: 0.7695 | 
Epoch: 40 | train_loss: 0.2765 | train_acc: 0.8836 | test_loss: 0.9217 | test_acc: 0.7461 | 
Epoch: 41 | train_loss: 0.2750 | train_acc: 0.8825 | test_loss: 0.9384 | test_acc: 0.7109 | 
Epoch: 42 | train_loss: 0.3928 | train_acc: 0.8707 | test_loss: 0.9265 | test_acc: 0.7344 | 
Epoch: 43 | train_loss: 0.2838 | train_acc: 0.8782 | test_loss: 0.8408 | test_acc: 0.7305 | 
Epoch: 44 | train_loss: 0.3693 | train_acc: 0.8847 | test_loss: 0.8534 | test_acc: 0.7383 | 
Epoch: 45 | train_loss: 0.3342 | train_acc: 0.8707 | test_loss: 0.7921 | test_acc: 0.7539 | 
Epoch: 46 | train_loss: 0.2937 | train_acc: 0.8847 | test_loss: 0.9113 | test_acc: 0.7461 | 
Epoch: 47 | train_loss: 0.2388 | train_acc: 0.9246 | test_loss: 0.9049 | test_acc: 0.7344 | 
Epoch: 48 | train_loss: 0.2786 | train_acc: 0.8944 | test_loss: 0.9847 | test_acc: 0.7344 | 
Epoch: 49 | train_loss: 0.2285 | train_acc: 0.8933 | test_loss: 0.8525 | test_acc: 0.7617 | 
Epoch: 50 | train_loss: 0.2489 | train_acc: 0.8922 | test_loss: 0.8303 | test_acc: 0.7578 | 
⏱️ Total training time: 113.023 seconds
📊 Bands [151, 323, 83] -> Fitness: 0.7578
Dataset initialized with pre-loaded data. Total samples: 897
Band indices for training dataloader: [158, 170, 114]
Dataset initialized with pre-loaded data. Total samples: 226
Band indices for test dataloader: [158, 170, 114]
🔍 Starting evaluation of individual [158, 170, 114]
Epoch: 1 | train_loss: 1.3585 | train_acc: 0.3394 | test_loss: 1.4326 | test_acc: 0.3750 | 
Epoch: 2 | train_loss: 1.2502 | train_acc: 0.4353 | test_loss: 1.3181 | test_acc: 0.3906 | 
Epoch: 3 | train_loss: 1.1313 | train_acc: 0.4838 | test_loss: 1.2834 | test_acc: 0.4922 | 
Epoch: 4 | train_loss: 1.0600 | train_acc: 0.5517 | test_loss: 1.1098 | test_acc: 0.5938 | 
Epoch: 5 | train_loss: 0.9254 | train_acc: 0.6325 | test_loss: 1.0738 | test_acc: 0.5664 | 
Epoch: 6 | train_loss: 0.9182 | train_acc: 0.6347 | test_loss: 0.9439 | test_acc: 0.6680 | 
Epoch: 7 | train_loss: 0.8015 | train_acc: 0.6961 | test_loss: 1.0692 | test_acc: 0.6367 | 
Epoch: 8 | train_loss: 0.7853 | train_acc: 0.6950 | test_loss: 1.2272 | test_acc: 0.6094 | 
Epoch: 9 | train_loss: 0.8265 | train_acc: 0.6756 | test_loss: 0.9907 | test_acc: 0.6484 | 
Epoch: 10 | train_loss: 0.7713 | train_acc: 0.6961 | test_loss: 0.9194 | test_acc: 0.6680 | 
Epoch: 11 | train_loss: 0.6531 | train_acc: 0.7371 | test_loss: 0.9664 | test_acc: 0.6758 | 
Epoch: 12 | train_loss: 0.6100 | train_acc: 0.7812 | test_loss: 0.8105 | test_acc: 0.6758 | 
Epoch: 13 | train_loss: 0.5750 | train_acc: 0.7877 | test_loss: 0.8723 | test_acc: 0.7070 | 
Epoch: 14 | train_loss: 0.5730 | train_acc: 0.7716 | test_loss: 0.9032 | test_acc: 0.6836 | 
Epoch: 15 | train_loss: 0.5188 | train_acc: 0.8297 | test_loss: 0.8886 | test_acc: 0.6953 | 
Epoch: 16 | train_loss: 0.4842 | train_acc: 0.8254 | test_loss: 0.9494 | test_acc: 0.7031 | 
Epoch: 17 | train_loss: 0.5702 | train_acc: 0.7759 | test_loss: 0.7785 | test_acc: 0.7070 | 
Epoch: 18 | train_loss: 0.5228 | train_acc: 0.7909 | test_loss: 0.8195 | test_acc: 0.7070 | 
Epoch: 19 | train_loss: 0.4898 | train_acc: 0.7748 | test_loss: 0.8596 | test_acc: 0.6953 | 
Epoch: 20 | train_loss: 0.4869 | train_acc: 0.8103 | test_loss: 0.8829 | test_acc: 0.6992 | 
Epoch: 21 | train_loss: 0.4286 | train_acc: 0.8265 | test_loss: 0.7674 | test_acc: 0.7461 | 
Epoch: 22 | train_loss: 0.4409 | train_acc: 0.8491 | test_loss: 0.9123 | test_acc: 0.6875 | 
Epoch: 23 | train_loss: 0.3754 | train_acc: 0.8696 | test_loss: 0.7688 | test_acc: 0.7305 | 
Epoch: 24 | train_loss: 0.4457 | train_acc: 0.8448 | test_loss: 0.7566 | test_acc: 0.7461 | 
Epoch: 25 | train_loss: 0.3809 | train_acc: 0.8728 | test_loss: 0.7361 | test_acc: 0.7656 | 
Epoch: 26 | train_loss: 0.4140 | train_acc: 0.8524 | test_loss: 0.8053 | test_acc: 0.7539 | 
Epoch: 27 | train_loss: 0.3867 | train_acc: 0.8524 | test_loss: 0.7251 | test_acc: 0.7422 | 
Epoch: 28 | train_loss: 0.4005 | train_acc: 0.8330 | test_loss: 0.7861 | test_acc: 0.7305 | 
Epoch: 29 | train_loss: 0.3933 | train_acc: 0.8481 | test_loss: 0.7923 | test_acc: 0.7383 | 
Epoch: 30 | train_loss: 0.3204 | train_acc: 0.8944 | test_loss: 0.7566 | test_acc: 0.7305 | 
Epoch: 31 | train_loss: 0.2867 | train_acc: 0.8836 | test_loss: 0.8180 | test_acc: 0.7344 | 
Epoch: 32 | train_loss: 0.3067 | train_acc: 0.8815 | test_loss: 0.8251 | test_acc: 0.7461 | 
Epoch: 33 | train_loss: 0.2816 | train_acc: 0.9127 | test_loss: 0.7946 | test_acc: 0.7617 | 
Epoch: 34 | train_loss: 0.2584 | train_acc: 0.9052 | test_loss: 0.8159 | test_acc: 0.7500 | 
Epoch: 35 | train_loss: 0.3145 | train_acc: 0.8869 | test_loss: 0.7303 | test_acc: 0.7734 | 
Epoch: 36 | train_loss: 0.3104 | train_acc: 0.8772 | test_loss: 0.7821 | test_acc: 0.7539 | 
Epoch: 37 | train_loss: 0.3543 | train_acc: 0.8685 | test_loss: 0.7292 | test_acc: 0.7734 | 
Epoch: 38 | train_loss: 0.2757 | train_acc: 0.8750 | test_loss: 0.7887 | test_acc: 0.7422 | 
Epoch: 39 | train_loss: 0.2737 | train_acc: 0.8836 | test_loss: 0.6818 | test_acc: 0.7773 | 
Epoch: 40 | train_loss: 0.2910 | train_acc: 0.8718 | test_loss: 0.7698 | test_acc: 0.7656 | 
Epoch: 41 | train_loss: 0.2559 | train_acc: 0.9235 | test_loss: 0.7123 | test_acc: 0.7734 | 
Epoch: 42 | train_loss: 0.2201 | train_acc: 0.9278 | test_loss: 0.8164 | test_acc: 0.7500 | 
Epoch: 43 | train_loss: 0.2496 | train_acc: 0.8847 | test_loss: 0.6922 | test_acc: 0.7695 | 
Epoch: 44 | train_loss: 0.3341 | train_acc: 0.8912 | test_loss: 0.7108 | test_acc: 0.7852 | 
Epoch: 45 | train_loss: 0.3281 | train_acc: 0.8998 | test_loss: 0.6604 | test_acc: 0.8047 | 
Epoch: 46 | train_loss: 0.2578 | train_acc: 0.8869 | test_loss: 0.7087 | test_acc: 0.7578 | 
Epoch: 47 | train_loss: 0.2302 | train_acc: 0.9235 | test_loss: 0.7103 | test_acc: 0.7734 | 
Epoch: 48 | train_loss: 0.1897 | train_acc: 0.9386 | test_loss: 0.7813 | test_acc: 0.7812 | 
Epoch: 49 | train_loss: 0.1974 | train_acc: 0.9418 | test_loss: 0.8643 | test_acc: 0.7461 | 
Epoch: 50 | train_loss: 0.2269 | train_acc: 0.9030 | test_loss: 0.8478 | test_acc: 0.7617 | 
⏱️ Total training time: 106.058 seconds
📊 Bands [158, 170, 114] -> Fitness: 0.7617
Dataset initialized with pre-loaded data. Total samples: 897
Band indices for training dataloader: [189, 181, 322]
Dataset initialized with pre-loaded data. Total samples: 226
Band indices for test dataloader: [189, 181, 322]
🔍 Starting evaluation of individual [189, 181, 322]
Epoch: 1 | train_loss: 1.3540 | train_acc: 0.3319 | test_loss: 1.4001 | test_acc: 0.2852 | 
Epoch: 2 | train_loss: 1.2407 | train_acc: 0.4494 | test_loss: 1.4702 | test_acc: 0.3594 | 
Epoch: 3 | train_loss: 1.1684 | train_acc: 0.4666 | test_loss: 1.3381 | test_acc: 0.4648 | 
Epoch: 4 | train_loss: 1.0891 | train_acc: 0.5431 | test_loss: 1.1533 | test_acc: 0.4609 | 
Epoch: 5 | train_loss: 1.0322 | train_acc: 0.5345 | test_loss: 1.1344 | test_acc: 0.5703 | 
Epoch: 6 | train_loss: 0.9421 | train_acc: 0.5862 | test_loss: 1.0163 | test_acc: 0.5977 | 
Epoch: 7 | train_loss: 0.9107 | train_acc: 0.6325 | test_loss: 1.1477 | test_acc: 0.5625 | 
Epoch: 8 | train_loss: 0.8900 | train_acc: 0.6325 | test_loss: 0.9825 | test_acc: 0.6484 | 
Epoch: 9 | train_loss: 0.8024 | train_acc: 0.6875 | test_loss: 1.1015 | test_acc: 0.5117 | 
Epoch: 10 | train_loss: 0.7735 | train_acc: 0.7004 | test_loss: 1.0251 | test_acc: 0.6289 | 
Epoch: 11 | train_loss: 0.8026 | train_acc: 0.6864 | test_loss: 0.9958 | test_acc: 0.6055 | 
Epoch: 12 | train_loss: 0.7260 | train_acc: 0.7349 | test_loss: 0.9742 | test_acc: 0.6680 | 
Epoch: 13 | train_loss: 0.6759 | train_acc: 0.7349 | test_loss: 1.0850 | test_acc: 0.5195 | 
Epoch: 14 | train_loss: 0.6515 | train_acc: 0.7360 | test_loss: 0.9851 | test_acc: 0.6094 | 
Epoch: 15 | train_loss: 0.5857 | train_acc: 0.7457 | test_loss: 1.0484 | test_acc: 0.6758 | 
Epoch: 16 | train_loss: 0.5563 | train_acc: 0.7996 | test_loss: 0.9222 | test_acc: 0.6484 | 
Epoch: 17 | train_loss: 0.5329 | train_acc: 0.7845 | test_loss: 0.8483 | test_acc: 0.7070 | 
Epoch: 18 | train_loss: 0.5218 | train_acc: 0.7942 | test_loss: 0.9684 | test_acc: 0.6602 | 
Epoch: 19 | train_loss: 0.5559 | train_acc: 0.8114 | test_loss: 1.0777 | test_acc: 0.6055 | 
Epoch: 20 | train_loss: 0.4760 | train_acc: 0.8319 | test_loss: 0.9723 | test_acc: 0.6875 | 
Epoch: 21 | train_loss: 0.5870 | train_acc: 0.7963 | test_loss: 1.0134 | test_acc: 0.6992 | 
Epoch: 22 | train_loss: 0.5033 | train_acc: 0.8147 | test_loss: 0.8086 | test_acc: 0.7344 | 
Epoch: 23 | train_loss: 0.5025 | train_acc: 0.8125 | test_loss: 0.9576 | test_acc: 0.6484 | 
Epoch: 24 | train_loss: 0.4446 | train_acc: 0.8416 | test_loss: 0.9300 | test_acc: 0.6992 | 
Epoch: 25 | train_loss: 0.4921 | train_acc: 0.8211 | test_loss: 0.8997 | test_acc: 0.6953 | 
Epoch: 26 | train_loss: 0.3901 | train_acc: 0.8739 | test_loss: 0.9610 | test_acc: 0.6875 | 
Epoch: 27 | train_loss: 0.3736 | train_acc: 0.8750 | test_loss: 0.9662 | test_acc: 0.7031 | 
Epoch: 28 | train_loss: 0.3874 | train_acc: 0.8718 | test_loss: 0.9620 | test_acc: 0.7188 | 
Epoch: 29 | train_loss: 0.4025 | train_acc: 0.8664 | test_loss: 0.9798 | test_acc: 0.7227 | 
Epoch: 30 | train_loss: 0.3552 | train_acc: 0.8524 | test_loss: 1.0485 | test_acc: 0.7109 | 
Epoch: 31 | train_loss: 0.4725 | train_acc: 0.8254 | test_loss: 0.8715 | test_acc: 0.7344 | 
Epoch: 32 | train_loss: 0.4164 | train_acc: 0.8330 | test_loss: 0.9455 | test_acc: 0.7188 | 
Epoch: 33 | train_loss: 0.3461 | train_acc: 0.8578 | test_loss: 0.9829 | test_acc: 0.6953 | 
Epoch: 34 | train_loss: 0.3410 | train_acc: 0.8438 | test_loss: 1.0327 | test_acc: 0.6836 | 
Epoch: 35 | train_loss: 0.3284 | train_acc: 0.8621 | test_loss: 0.9460 | test_acc: 0.7383 | 
Epoch: 36 | train_loss: 0.3963 | train_acc: 0.8470 | test_loss: 1.0352 | test_acc: 0.6992 | 
Epoch: 37 | train_loss: 0.3515 | train_acc: 0.8545 | test_loss: 0.9914 | test_acc: 0.7031 | 
Epoch: 38 | train_loss: 0.3920 | train_acc: 0.8491 | test_loss: 0.8416 | test_acc: 0.7305 | 
Epoch: 39 | train_loss: 0.3692 | train_acc: 0.8642 | test_loss: 0.8434 | test_acc: 0.7578 | 
Epoch: 40 | train_loss: 0.3473 | train_acc: 0.8739 | test_loss: 0.9124 | test_acc: 0.7383 | 
Epoch: 41 | train_loss: 0.3340 | train_acc: 0.8750 | test_loss: 0.8939 | test_acc: 0.7344 | 
Epoch: 42 | train_loss: 0.2555 | train_acc: 0.8987 | test_loss: 0.9463 | test_acc: 0.7266 | 
Epoch: 43 | train_loss: 0.3224 | train_acc: 0.8890 | test_loss: 0.9311 | test_acc: 0.7227 | 
Epoch: 44 | train_loss: 0.3270 | train_acc: 0.8718 | test_loss: 0.9615 | test_acc: 0.7227 | 
Epoch: 45 | train_loss: 0.3049 | train_acc: 0.9073 | test_loss: 0.8018 | test_acc: 0.7461 | 
Epoch: 46 | train_loss: 0.3051 | train_acc: 0.8836 | test_loss: 0.8771 | test_acc: 0.7031 | 
Epoch: 47 | train_loss: 0.2747 | train_acc: 0.8998 | test_loss: 0.8843 | test_acc: 0.7383 | 
Epoch: 48 | train_loss: 0.2731 | train_acc: 0.8815 | test_loss: 0.8831 | test_acc: 0.7539 | 
Epoch: 49 | train_loss: 0.2598 | train_acc: 0.8933 | test_loss: 0.9306 | test_acc: 0.7344 | 
Epoch: 50 | train_loss: 0.3250 | train_acc: 0.8976 | test_loss: 0.9552 | test_acc: 0.7383 | 
⏱️ Total training time: 108.492 seconds
📊 Bands [189, 181, 322] -> Fitness: 0.7383
Dataset initialized with pre-loaded data. Total samples: 897
Band indices for training dataloader: [172, 274, 405]
Dataset initialized with pre-loaded data. Total samples: 226
Band indices for test dataloader: [172, 274, 405]
🔍 Starting evaluation of individual [172, 274, 405]
Epoch: 1 | train_loss: 1.3647 | train_acc: 0.3319 | test_loss: 1.2666 | test_acc: 0.4609 | 
Epoch: 2 | train_loss: 1.2712 | train_acc: 0.3901 | test_loss: 1.2372 | test_acc: 0.4570 | 
Epoch: 3 | train_loss: 1.1939 | train_acc: 0.4731 | test_loss: 1.2868 | test_acc: 0.4609 | 
Epoch: 4 | train_loss: 1.0951 | train_acc: 0.5226 | test_loss: 1.2430 | test_acc: 0.5039 | 
Epoch: 5 | train_loss: 1.0111 | train_acc: 0.5593 | test_loss: 1.1969 | test_acc: 0.4648 | 
Epoch: 6 | train_loss: 0.9679 | train_acc: 0.5938 | test_loss: 1.0542 | test_acc: 0.5391 | 
Epoch: 7 | train_loss: 0.8967 | train_acc: 0.6164 | test_loss: 0.9943 | test_acc: 0.5859 | 
Epoch: 8 | train_loss: 0.8361 | train_acc: 0.6541 | test_loss: 1.2283 | test_acc: 0.5273 | 
Epoch: 9 | train_loss: 0.8124 | train_acc: 0.6713 | test_loss: 1.1752 | test_acc: 0.5547 | 
Epoch: 10 | train_loss: 0.7970 | train_acc: 0.6627 | test_loss: 0.9134 | test_acc: 0.6289 | 
Epoch: 11 | train_loss: 0.7354 | train_acc: 0.7220 | test_loss: 1.1133 | test_acc: 0.5859 | 
Epoch: 12 | train_loss: 0.6697 | train_acc: 0.7446 | test_loss: 0.9845 | test_acc: 0.5977 | 
Epoch: 13 | train_loss: 0.6046 | train_acc: 0.7586 | test_loss: 1.0242 | test_acc: 0.6523 | 
Epoch: 14 | train_loss: 0.6193 | train_acc: 0.7381 | test_loss: 1.0903 | test_acc: 0.6328 | 
Epoch: 15 | train_loss: 0.5983 | train_acc: 0.7748 | test_loss: 1.0661 | test_acc: 0.6172 | 
Epoch: 16 | train_loss: 0.5741 | train_acc: 0.7683 | test_loss: 0.9693 | test_acc: 0.6680 | 
Epoch: 17 | train_loss: 0.6196 | train_acc: 0.7629 | test_loss: 0.9012 | test_acc: 0.6992 | 
Epoch: 18 | train_loss: 0.5774 | train_acc: 0.7619 | test_loss: 0.9143 | test_acc: 0.6758 | 
Epoch: 19 | train_loss: 0.5016 | train_acc: 0.8136 | test_loss: 0.9776 | test_acc: 0.6719 | 
Epoch: 20 | train_loss: 0.4914 | train_acc: 0.8308 | test_loss: 0.9547 | test_acc: 0.6953 | 
Epoch: 21 | train_loss: 0.4842 | train_acc: 0.7963 | test_loss: 0.8997 | test_acc: 0.7070 | 
Epoch: 22 | train_loss: 0.4551 | train_acc: 0.8394 | test_loss: 0.8634 | test_acc: 0.6992 | 
Epoch: 23 | train_loss: 0.4881 | train_acc: 0.7985 | test_loss: 0.9513 | test_acc: 0.6719 | 
Epoch: 24 | train_loss: 0.4394 | train_acc: 0.8200 | test_loss: 0.9499 | test_acc: 0.6992 | 
Epoch: 25 | train_loss: 0.4532 | train_acc: 0.8211 | test_loss: 0.9318 | test_acc: 0.6797 | 
Epoch: 26 | train_loss: 0.4130 | train_acc: 0.8265 | test_loss: 0.9116 | test_acc: 0.7109 | 
Epoch: 27 | train_loss: 0.4868 | train_acc: 0.8394 | test_loss: 0.9151 | test_acc: 0.6953 | 
Epoch: 28 | train_loss: 0.4271 | train_acc: 0.8287 | test_loss: 0.9187 | test_acc: 0.6914 | 
Epoch: 29 | train_loss: 0.4197 | train_acc: 0.8179 | test_loss: 0.8613 | test_acc: 0.7070 | 
Epoch: 30 | train_loss: 0.3937 | train_acc: 0.8567 | test_loss: 0.8969 | test_acc: 0.7070 | 
Epoch: 31 | train_loss: 0.3430 | train_acc: 0.8513 | test_loss: 0.9314 | test_acc: 0.7266 | 
Epoch: 32 | train_loss: 0.3504 | train_acc: 0.8524 | test_loss: 1.0628 | test_acc: 0.6836 | 
Epoch: 33 | train_loss: 0.4140 | train_acc: 0.8351 | test_loss: 1.0091 | test_acc: 0.6836 | 
Epoch: 34 | train_loss: 0.3884 | train_acc: 0.8481 | test_loss: 0.8911 | test_acc: 0.7109 | 
Epoch: 35 | train_loss: 0.3428 | train_acc: 0.8772 | test_loss: 0.9941 | test_acc: 0.7109 | 
Epoch: 36 | train_loss: 0.3065 | train_acc: 0.8869 | test_loss: 1.0020 | test_acc: 0.6953 | 
Epoch: 37 | train_loss: 0.4376 | train_acc: 0.8362 | test_loss: 0.9677 | test_acc: 0.6680 | 
Epoch: 38 | train_loss: 0.2641 | train_acc: 0.9138 | test_loss: 0.9886 | test_acc: 0.6836 | 
Epoch: 39 | train_loss: 0.3683 | train_acc: 0.8567 | test_loss: 0.8589 | test_acc: 0.6992 | 
Epoch: 40 | train_loss: 0.4221 | train_acc: 0.8567 | test_loss: 0.8446 | test_acc: 0.7070 | 
Epoch: 41 | train_loss: 0.3224 | train_acc: 0.8653 | test_loss: 0.8471 | test_acc: 0.7148 | 
Epoch: 42 | train_loss: 0.3480 | train_acc: 0.8653 | test_loss: 0.7495 | test_acc: 0.7344 | 
Epoch: 43 | train_loss: 0.3218 | train_acc: 0.8772 | test_loss: 0.8019 | test_acc: 0.7227 | 
Epoch: 44 | train_loss: 0.3116 | train_acc: 0.8987 | test_loss: 0.7687 | test_acc: 0.7383 | 
Epoch: 45 | train_loss: 0.2389 | train_acc: 0.9116 | test_loss: 0.9404 | test_acc: 0.7148 | 
Epoch: 46 | train_loss: 0.2307 | train_acc: 0.9332 | test_loss: 0.8614 | test_acc: 0.7461 | 
Epoch: 47 | train_loss: 0.2497 | train_acc: 0.9170 | test_loss: 0.7634 | test_acc: 0.7422 | 
Epoch: 48 | train_loss: 0.3598 | train_acc: 0.8998 | test_loss: 0.7714 | test_acc: 0.7383 | 
Epoch: 49 | train_loss: 0.3225 | train_acc: 0.8610 | test_loss: 0.8348 | test_acc: 0.7266 | 
Epoch: 50 | train_loss: 0.3062 | train_acc: 0.8890 | test_loss: 0.8541 | test_acc: 0.6836 | 
⏱️ Total training time: 111.203 seconds
📊 Bands [172, 274, 405] -> Fitness: 0.6836
Dataset initialized with pre-loaded data. Total samples: 897
Band indices for training dataloader: [220, 135, 127]
Dataset initialized with pre-loaded data. Total samples: 226
Band indices for test dataloader: [220, 135, 127]
🔍 Starting evaluation of individual [220, 135, 127]
Epoch: 1 | train_loss: 1.3917 | train_acc: 0.2759 | test_loss: 1.2823 | test_acc: 0.4180 | 
Epoch: 2 | train_loss: 1.2625 | train_acc: 0.4030 | test_loss: 1.2531 | test_acc: 0.4375 | 
Epoch: 3 | train_loss: 1.1322 | train_acc: 0.5119 | test_loss: 1.2838 | test_acc: 0.5352 | 
Epoch: 4 | train_loss: 1.0893 | train_acc: 0.5183 | test_loss: 1.0904 | test_acc: 0.5664 | 
Epoch: 5 | train_loss: 1.0312 | train_acc: 0.5550 | test_loss: 1.0474 | test_acc: 0.5859 | 
Epoch: 6 | train_loss: 0.9445 | train_acc: 0.6153 | test_loss: 1.0539 | test_acc: 0.6172 | 
Epoch: 7 | train_loss: 0.9043 | train_acc: 0.6250 | test_loss: 0.9748 | test_acc: 0.6172 | 
Epoch: 8 | train_loss: 0.8258 | train_acc: 0.6810 | test_loss: 0.9751 | test_acc: 0.5508 | 
Epoch: 9 | train_loss: 0.7841 | train_acc: 0.6724 | test_loss: 0.8382 | test_acc: 0.6875 | 
Epoch: 10 | train_loss: 0.7311 | train_acc: 0.7069 | test_loss: 1.0088 | test_acc: 0.6328 | 
Epoch: 11 | train_loss: 0.7067 | train_acc: 0.7188 | test_loss: 0.8927 | test_acc: 0.6680 | 
Epoch: 12 | train_loss: 0.6037 | train_acc: 0.7586 | test_loss: 0.8852 | test_acc: 0.6641 | 
Epoch: 13 | train_loss: 0.6006 | train_acc: 0.7532 | test_loss: 0.8981 | test_acc: 0.6133 | 
Epoch: 14 | train_loss: 0.6134 | train_acc: 0.7478 | test_loss: 0.8902 | test_acc: 0.5898 | 
Epoch: 15 | train_loss: 0.5205 | train_acc: 0.8157 | test_loss: 0.8097 | test_acc: 0.6953 | 
Epoch: 16 | train_loss: 0.5393 | train_acc: 0.7909 | test_loss: 0.7461 | test_acc: 0.7109 | 
Epoch: 17 | train_loss: 0.4780 | train_acc: 0.8168 | test_loss: 0.7383 | test_acc: 0.7188 | 
Epoch: 18 | train_loss: 0.5227 | train_acc: 0.8168 | test_loss: 0.7185 | test_acc: 0.7305 | 
Epoch: 19 | train_loss: 0.4443 | train_acc: 0.8319 | test_loss: 0.7315 | test_acc: 0.7109 | 
Epoch: 20 | train_loss: 0.4183 | train_acc: 0.8244 | test_loss: 0.8485 | test_acc: 0.6914 | 
Epoch: 21 | train_loss: 0.4492 | train_acc: 0.8200 | test_loss: 0.8820 | test_acc: 0.6914 | 
Epoch: 22 | train_loss: 0.3927 | train_acc: 0.8621 | test_loss: 0.8837 | test_acc: 0.6875 | 
Epoch: 23 | train_loss: 0.3916 | train_acc: 0.8405 | test_loss: 0.7987 | test_acc: 0.6875 | 
Epoch: 24 | train_loss: 0.4347 | train_acc: 0.8351 | test_loss: 0.8888 | test_acc: 0.6328 | 
Epoch: 25 | train_loss: 0.3676 | train_acc: 0.8362 | test_loss: 0.8263 | test_acc: 0.6328 | 
Epoch: 26 | train_loss: 0.3318 | train_acc: 0.8847 | test_loss: 0.8695 | test_acc: 0.6484 | 
Epoch: 27 | train_loss: 0.3028 | train_acc: 0.8966 | test_loss: 0.8199 | test_acc: 0.6836 | 
Epoch: 28 | train_loss: 0.4104 | train_acc: 0.8362 | test_loss: 0.9327 | test_acc: 0.6367 | 
Epoch: 29 | train_loss: 0.3510 | train_acc: 0.8772 | test_loss: 0.7419 | test_acc: 0.7383 | 
Epoch: 30 | train_loss: 0.3051 | train_acc: 0.8998 | test_loss: 0.7161 | test_acc: 0.7812 | 
Epoch: 31 | train_loss: 0.2912 | train_acc: 0.8976 | test_loss: 0.9201 | test_acc: 0.6602 | 
Epoch: 32 | train_loss: 0.3064 | train_acc: 0.8879 | test_loss: 0.9110 | test_acc: 0.6914 | 
Epoch: 33 | train_loss: 0.2334 | train_acc: 0.9095 | test_loss: 0.8197 | test_acc: 0.7578 | 
Epoch: 34 | train_loss: 0.2662 | train_acc: 0.8869 | test_loss: 0.8341 | test_acc: 0.7109 | 
Epoch: 35 | train_loss: 0.3105 | train_acc: 0.8922 | test_loss: 0.8388 | test_acc: 0.7500 | 
Epoch: 36 | train_loss: 0.4203 | train_acc: 0.8728 | test_loss: 0.8628 | test_acc: 0.7148 | 
Epoch: 37 | train_loss: 0.3645 | train_acc: 0.8836 | test_loss: 0.7582 | test_acc: 0.7031 | 
Epoch: 38 | train_loss: 0.3210 | train_acc: 0.8879 | test_loss: 0.8423 | test_acc: 0.6719 | 
Epoch: 39 | train_loss: 0.3236 | train_acc: 0.8890 | test_loss: 0.8338 | test_acc: 0.6992 | 
Epoch: 40 | train_loss: 0.2713 | train_acc: 0.9106 | test_loss: 0.8725 | test_acc: 0.7344 | 
Epoch: 41 | train_loss: 0.2395 | train_acc: 0.9418 | test_loss: 0.8541 | test_acc: 0.6719 | 
Epoch: 42 | train_loss: 0.2948 | train_acc: 0.9052 | test_loss: 0.8276 | test_acc: 0.7500 | 
Epoch: 43 | train_loss: 0.2287 | train_acc: 0.8976 | test_loss: 0.8129 | test_acc: 0.7539 | 
Epoch: 44 | train_loss: 0.2185 | train_acc: 0.9300 | test_loss: 1.2471 | test_acc: 0.6602 | 
Epoch: 45 | train_loss: 0.1618 | train_acc: 0.9440 | test_loss: 1.1238 | test_acc: 0.6953 | 
Epoch: 46 | train_loss: 0.2957 | train_acc: 0.9149 | test_loss: 0.9365 | test_acc: 0.7070 | 
Epoch: 47 | train_loss: 0.2766 | train_acc: 0.9041 | test_loss: 0.8039 | test_acc: 0.7070 | 
Epoch: 48 | train_loss: 0.2030 | train_acc: 0.9343 | test_loss: 0.8989 | test_acc: 0.7031 | 
Epoch: 49 | train_loss: 0.2488 | train_acc: 0.8901 | test_loss: 0.7840 | test_acc: 0.7070 | 
Epoch: 50 | train_loss: 0.2010 | train_acc: 0.9343 | test_loss: 0.9451 | test_acc: 0.7188 | 
⏱️ Total training time: 109.371 seconds
📊 Bands [220, 135, 127] -> Fitness: 0.7188
4  	14    	0.759961	0.0387974	0.683594	0.804688	Individual('h', [150, 146, 91])
Dataset initialized with pre-loaded data. Total samples: 897
Band indices for training dataloader: [150, 155, 88]
Dataset initialized with pre-loaded data. Total samples: 226
Band indices for test dataloader: [150, 155, 88]
🔍 Starting evaluation of individual [150, 155, 88]
Epoch: 1 | train_loss: 1.3525 | train_acc: 0.3136 | test_loss: 1.4156 | test_acc: 0.2930 | 
Epoch: 2 | train_loss: 1.2590 | train_acc: 0.4159 | test_loss: 1.3390 | test_acc: 0.3711 | 
Epoch: 3 | train_loss: 1.1396 | train_acc: 0.5065 | test_loss: 1.1884 | test_acc: 0.4492 | 
Epoch: 4 | train_loss: 1.0671 | train_acc: 0.5625 | test_loss: 1.2742 | test_acc: 0.4297 | 
Epoch: 5 | train_loss: 1.1106 | train_acc: 0.5668 | test_loss: 1.1576 | test_acc: 0.5156 | 
Epoch: 6 | train_loss: 0.9292 | train_acc: 0.6444 | test_loss: 1.2203 | test_acc: 0.5039 | 
Epoch: 7 | train_loss: 0.8448 | train_acc: 0.6412 | test_loss: 1.2141 | test_acc: 0.4844 | 
Epoch: 8 | train_loss: 0.7945 | train_acc: 0.6724 | test_loss: 1.0756 | test_acc: 0.5781 | 
Epoch: 9 | train_loss: 0.7864 | train_acc: 0.6940 | test_loss: 1.0498 | test_acc: 0.6094 | 
Epoch: 10 | train_loss: 0.6458 | train_acc: 0.7446 | test_loss: 1.0821 | test_acc: 0.6172 | 
Epoch: 11 | train_loss: 0.6224 | train_acc: 0.7403 | test_loss: 0.9184 | test_acc: 0.6914 | 
Epoch: 12 | train_loss: 0.6202 | train_acc: 0.7597 | test_loss: 0.9060 | test_acc: 0.6172 | 
Epoch: 13 | train_loss: 0.6042 | train_acc: 0.7640 | test_loss: 0.9875 | test_acc: 0.6758 | 
Epoch: 14 | train_loss: 0.6281 | train_acc: 0.7662 | test_loss: 0.9672 | test_acc: 0.6055 | 
Epoch: 15 | train_loss: 0.5756 | train_acc: 0.7608 | test_loss: 0.9620 | test_acc: 0.5703 | 
Epoch: 16 | train_loss: 0.4438 | train_acc: 0.8438 | test_loss: 0.8700 | test_acc: 0.7188 | 
Epoch: 17 | train_loss: 0.4981 | train_acc: 0.7834 | test_loss: 0.9944 | test_acc: 0.6445 | 
Epoch: 18 | train_loss: 0.4965 | train_acc: 0.8190 | test_loss: 0.9953 | test_acc: 0.6289 | 
Epoch: 19 | train_loss: 0.4770 | train_acc: 0.8265 | test_loss: 0.8975 | test_acc: 0.7188 | 
Epoch: 20 | train_loss: 0.4357 | train_acc: 0.8491 | test_loss: 0.8956 | test_acc: 0.6914 | 
Epoch: 21 | train_loss: 0.3798 | train_acc: 0.8534 | test_loss: 0.9524 | test_acc: 0.7031 | 
Epoch: 22 | train_loss: 0.4449 | train_acc: 0.8330 | test_loss: 0.7337 | test_acc: 0.7461 | 
Epoch: 23 | train_loss: 0.3832 | train_acc: 0.8750 | test_loss: 0.8229 | test_acc: 0.7148 | 
Epoch: 24 | train_loss: 0.4718 | train_acc: 0.8610 | test_loss: 0.9280 | test_acc: 0.6328 | 
Epoch: 25 | train_loss: 0.3910 | train_acc: 0.8405 | test_loss: 0.7325 | test_acc: 0.7109 | 
Epoch: 26 | train_loss: 0.3322 | train_acc: 0.8772 | test_loss: 0.7081 | test_acc: 0.7500 | 
Epoch: 27 | train_loss: 0.3824 | train_acc: 0.8567 | test_loss: 0.8552 | test_acc: 0.7344 | 
Epoch: 28 | train_loss: 0.3432 | train_acc: 0.8524 | test_loss: 0.6353 | test_acc: 0.7852 | 
Epoch: 29 | train_loss: 0.3658 | train_acc: 0.8685 | test_loss: 0.8135 | test_acc: 0.7578 | 
Epoch: 30 | train_loss: 0.2870 | train_acc: 0.9084 | test_loss: 0.8394 | test_acc: 0.7305 | 
Epoch: 31 | train_loss: 0.3033 | train_acc: 0.8653 | test_loss: 0.8535 | test_acc: 0.7578 | 
Epoch: 32 | train_loss: 0.2545 | train_acc: 0.9235 | test_loss: 0.8318 | test_acc: 0.7578 | 
Epoch: 33 | train_loss: 0.2255 | train_acc: 0.9278 | test_loss: 0.8611 | test_acc: 0.6992 | 
Epoch: 34 | train_loss: 0.4708 | train_acc: 0.8890 | test_loss: 0.8199 | test_acc: 0.7539 | 
Epoch: 35 | train_loss: 0.2959 | train_acc: 0.8804 | test_loss: 0.7916 | test_acc: 0.7617 | 
Epoch: 36 | train_loss: 0.2620 | train_acc: 0.8879 | test_loss: 0.7044 | test_acc: 0.7969 | 
Epoch: 37 | train_loss: 0.2530 | train_acc: 0.8976 | test_loss: 0.7672 | test_acc: 0.7148 | 
Epoch: 38 | train_loss: 0.3152 | train_acc: 0.8987 | test_loss: 0.7131 | test_acc: 0.7812 | 
Epoch: 39 | train_loss: 0.2146 | train_acc: 0.9375 | test_loss: 0.8326 | test_acc: 0.7891 | 
Epoch: 40 | train_loss: 0.2532 | train_acc: 0.8987 | test_loss: 0.6953 | test_acc: 0.7891 | 
Epoch: 41 | train_loss: 0.2298 | train_acc: 0.9332 | test_loss: 0.7413 | test_acc: 0.7656 | 
Epoch: 42 | train_loss: 0.2568 | train_acc: 0.9149 | test_loss: 0.8096 | test_acc: 0.7695 | 
Epoch: 43 | train_loss: 0.2302 | train_acc: 0.9041 | test_loss: 0.8112 | test_acc: 0.7344 | 
Epoch: 44 | train_loss: 0.2444 | train_acc: 0.9052 | test_loss: 0.8722 | test_acc: 0.7227 | 
Epoch: 45 | train_loss: 0.2583 | train_acc: 0.8912 | test_loss: 0.6924 | test_acc: 0.7617 | 
Epoch: 46 | train_loss: 0.1525 | train_acc: 0.9461 | test_loss: 0.8081 | test_acc: 0.7422 | 
Epoch: 47 | train_loss: 0.1522 | train_acc: 0.9504 | test_loss: 0.8819 | test_acc: 0.7578 | 
Epoch: 48 | train_loss: 0.1599 | train_acc: 0.9267 | test_loss: 0.7412 | test_acc: 0.7734 | 
Epoch: 49 | train_loss: 0.1976 | train_acc: 0.9073 | test_loss: 0.7522 | test_acc: 0.7773 | 
Epoch: 50 | train_loss: 0.1926 | train_acc: 0.9300 | test_loss: 0.8349 | test_acc: 0.7500 | 
⏱️ Total training time: 110.618 seconds
📊 Bands [150, 155, 88] -> Fitness: 0.7500
Dataset initialized with pre-loaded data. Total samples: 897
Band indices for training dataloader: [149, 148, 87]
Dataset initialized with pre-loaded data. Total samples: 226
Band indices for test dataloader: [149, 148, 87]
🔍 Starting evaluation of individual [149, 148, 87]
Epoch: 1 | train_loss: 1.3638 | train_acc: 0.3244 | test_loss: 1.2880 | test_acc: 0.3477 | 
Epoch: 2 | train_loss: 1.2612 | train_acc: 0.4547 | test_loss: 1.6427 | test_acc: 0.4453 | 
Epoch: 3 | train_loss: 1.2125 | train_acc: 0.4504 | test_loss: 1.3218 | test_acc: 0.4375 | 
Epoch: 4 | train_loss: 1.1207 | train_acc: 0.4903 | test_loss: 1.2834 | test_acc: 0.5234 | 
Epoch: 5 | train_loss: 1.0485 | train_acc: 0.5550 | test_loss: 1.2622 | test_acc: 0.4844 | 
Epoch: 6 | train_loss: 0.9833 | train_acc: 0.5744 | test_loss: 1.2266 | test_acc: 0.4570 | 
Epoch: 7 | train_loss: 0.9848 | train_acc: 0.5927 | test_loss: 1.1404 | test_acc: 0.5000 | 
Epoch: 8 | train_loss: 0.9382 | train_acc: 0.6272 | test_loss: 1.0843 | test_acc: 0.5195 | 
Epoch: 9 | train_loss: 0.8479 | train_acc: 0.6466 | test_loss: 0.9972 | test_acc: 0.6289 | 
Epoch: 10 | train_loss: 0.7619 | train_acc: 0.6843 | test_loss: 0.9388 | test_acc: 0.5781 | 
Epoch: 11 | train_loss: 0.6803 | train_acc: 0.7112 | test_loss: 1.0957 | test_acc: 0.5938 | 
Epoch: 12 | train_loss: 0.6538 | train_acc: 0.7619 | test_loss: 1.0528 | test_acc: 0.5938 | 
Epoch: 13 | train_loss: 0.7008 | train_acc: 0.7177 | test_loss: 1.0276 | test_acc: 0.6094 | 
Epoch: 14 | train_loss: 0.6654 | train_acc: 0.7349 | test_loss: 1.0828 | test_acc: 0.5469 | 
Epoch: 15 | train_loss: 0.6337 | train_acc: 0.7802 | test_loss: 1.0780 | test_acc: 0.6133 | 
Epoch: 16 | train_loss: 0.5471 | train_acc: 0.8050 | test_loss: 0.9635 | test_acc: 0.6680 | 
Epoch: 17 | train_loss: 0.5690 | train_acc: 0.7845 | test_loss: 1.0069 | test_acc: 0.6016 | 
Epoch: 18 | train_loss: 0.5633 | train_acc: 0.7909 | test_loss: 0.9768 | test_acc: 0.5820 | 
Epoch: 19 | train_loss: 0.5604 | train_acc: 0.7780 | test_loss: 0.9570 | test_acc: 0.6172 | 
Epoch: 20 | train_loss: 0.4531 | train_acc: 0.8405 | test_loss: 0.9089 | test_acc: 0.7109 | 
Epoch: 21 | train_loss: 0.4308 | train_acc: 0.8416 | test_loss: 1.2523 | test_acc: 0.5625 | 
Epoch: 22 | train_loss: 0.4865 | train_acc: 0.7963 | test_loss: 0.9838 | test_acc: 0.6680 | 
Epoch: 23 | train_loss: 0.4012 | train_acc: 0.8642 | test_loss: 0.9005 | test_acc: 0.6562 | 
Epoch: 24 | train_loss: 0.3313 | train_acc: 0.8815 | test_loss: 0.9537 | test_acc: 0.6016 | 
Epoch: 25 | train_loss: 0.3608 | train_acc: 0.8728 | test_loss: 1.1403 | test_acc: 0.5391 | 
Epoch: 26 | train_loss: 0.3638 | train_acc: 0.8793 | test_loss: 1.0728 | test_acc: 0.6523 | 
Epoch: 27 | train_loss: 0.3693 | train_acc: 0.8491 | test_loss: 0.9943 | test_acc: 0.6523 | 
Epoch: 28 | train_loss: 0.3452 | train_acc: 0.8588 | test_loss: 1.1854 | test_acc: 0.6094 | 
Epoch: 29 | train_loss: 0.3821 | train_acc: 0.8578 | test_loss: 1.0350 | test_acc: 0.5859 | 
Epoch: 30 | train_loss: 0.3098 | train_acc: 0.8825 | test_loss: 1.0079 | test_acc: 0.6641 | 
Epoch: 31 | train_loss: 0.3331 | train_acc: 0.8912 | test_loss: 0.9712 | test_acc: 0.6523 | 
Epoch: 32 | train_loss: 0.3435 | train_acc: 0.8750 | test_loss: 1.2330 | test_acc: 0.6016 | 
Epoch: 33 | train_loss: 0.3805 | train_acc: 0.8545 | test_loss: 0.9384 | test_acc: 0.6914 | 
Epoch: 34 | train_loss: 0.2758 | train_acc: 0.8944 | test_loss: 1.1708 | test_acc: 0.5820 | 
Epoch: 35 | train_loss: 0.3822 | train_acc: 0.8685 | test_loss: 1.0955 | test_acc: 0.6797 | 
Epoch: 36 | train_loss: 0.3497 | train_acc: 0.8588 | test_loss: 1.1418 | test_acc: 0.6445 | 
Epoch: 37 | train_loss: 0.3512 | train_acc: 0.8664 | test_loss: 0.8408 | test_acc: 0.6758 | 
Epoch: 38 | train_loss: 0.2795 | train_acc: 0.9138 | test_loss: 0.8982 | test_acc: 0.7070 | 
Epoch: 39 | train_loss: 0.2459 | train_acc: 0.9106 | test_loss: 0.9614 | test_acc: 0.6797 | 
Epoch: 40 | train_loss: 0.2031 | train_acc: 0.9192 | test_loss: 1.0256 | test_acc: 0.7070 | 
Epoch: 41 | train_loss: 0.2052 | train_acc: 0.9300 | test_loss: 1.0847 | test_acc: 0.6875 | 
Epoch: 42 | train_loss: 0.2544 | train_acc: 0.8998 | test_loss: 0.9527 | test_acc: 0.6602 | 
Epoch: 43 | train_loss: 0.2971 | train_acc: 0.8879 | test_loss: 1.1130 | test_acc: 0.6250 | 
Epoch: 44 | train_loss: 0.2317 | train_acc: 0.8998 | test_loss: 1.0200 | test_acc: 0.6797 | 
Epoch: 45 | train_loss: 0.2337 | train_acc: 0.9224 | test_loss: 1.0741 | test_acc: 0.6523 | 
Epoch: 46 | train_loss: 0.1932 | train_acc: 0.9440 | test_loss: 1.0517 | test_acc: 0.6758 | 
Epoch: 47 | train_loss: 0.2971 | train_acc: 0.8912 | test_loss: 1.2456 | test_acc: 0.6953 | 
Epoch: 48 | train_loss: 0.2523 | train_acc: 0.9278 | test_loss: 1.1483 | test_acc: 0.6562 | 
Epoch: 49 | train_loss: 0.2628 | train_acc: 0.8890 | test_loss: 1.0575 | test_acc: 0.5977 | 
Epoch: 50 | train_loss: 0.2400 | train_acc: 0.9278 | test_loss: 0.9777 | test_acc: 0.5781 | 
⏱️ Total training time: 121.175 seconds
📊 Bands [149, 148, 87] -> Fitness: 0.5781
Dataset initialized with pre-loaded data. Total samples: 897
Band indices for training dataloader: [151, 112, 85]
Dataset initialized with pre-loaded data. Total samples: 226
Band indices for test dataloader: [151, 112, 85]
🔍 Starting evaluation of individual [151, 112, 85]
Epoch: 1 | train_loss: 1.3386 | train_acc: 0.3685 | test_loss: 1.4980 | test_acc: 0.4453 | 
Epoch: 2 | train_loss: 1.2689 | train_acc: 0.4159 | test_loss: 1.2074 | test_acc: 0.5000 | 
Epoch: 3 | train_loss: 1.1461 | train_acc: 0.5269 | test_loss: 1.0703 | test_acc: 0.5859 | 
Epoch: 4 | train_loss: 1.0842 | train_acc: 0.5097 | test_loss: 1.0726 | test_acc: 0.5742 | 
Epoch: 5 | train_loss: 0.9755 | train_acc: 0.5981 | test_loss: 1.1780 | test_acc: 0.5820 | 
Epoch: 6 | train_loss: 0.9578 | train_acc: 0.5830 | test_loss: 1.0874 | test_acc: 0.6211 | 
Epoch: 7 | train_loss: 0.8917 | train_acc: 0.6282 | test_loss: 0.9789 | test_acc: 0.6484 | 
Epoch: 8 | train_loss: 0.8068 | train_acc: 0.6649 | test_loss: 0.9323 | test_acc: 0.6758 | 
Epoch: 9 | train_loss: 0.7872 | train_acc: 0.6983 | test_loss: 0.9714 | test_acc: 0.6172 | 
Epoch: 10 | train_loss: 0.7568 | train_acc: 0.7155 | test_loss: 0.9070 | test_acc: 0.6758 | 
Epoch: 11 | train_loss: 0.6784 | train_acc: 0.7241 | test_loss: 0.8966 | test_acc: 0.6211 | 
Epoch: 12 | train_loss: 0.6791 | train_acc: 0.7597 | test_loss: 0.8993 | test_acc: 0.5703 | 
Epoch: 13 | train_loss: 0.6883 | train_acc: 0.7263 | test_loss: 0.8790 | test_acc: 0.6367 | 
Epoch: 14 | train_loss: 0.5921 | train_acc: 0.7575 | test_loss: 0.8875 | test_acc: 0.5977 | 
Epoch: 15 | train_loss: 0.5140 | train_acc: 0.7996 | test_loss: 0.8521 | test_acc: 0.6836 | 
Epoch: 16 | train_loss: 0.5384 | train_acc: 0.8136 | test_loss: 0.8560 | test_acc: 0.6719 | 
Epoch: 17 | train_loss: 0.4701 | train_acc: 0.8481 | test_loss: 0.9190 | test_acc: 0.6719 | 
Epoch: 18 | train_loss: 0.5341 | train_acc: 0.7920 | test_loss: 0.8166 | test_acc: 0.7031 | 
Epoch: 19 | train_loss: 0.3913 | train_acc: 0.8707 | test_loss: 0.7743 | test_acc: 0.7539 | 
Epoch: 20 | train_loss: 0.5243 | train_acc: 0.8351 | test_loss: 0.9676 | test_acc: 0.6914 | 
Epoch: 21 | train_loss: 0.4642 | train_acc: 0.8028 | test_loss: 0.9269 | test_acc: 0.7500 | 
Epoch: 22 | train_loss: 0.4060 | train_acc: 0.8685 | test_loss: 0.8802 | test_acc: 0.7461 | 
Epoch: 23 | train_loss: 0.4817 | train_acc: 0.8276 | test_loss: 0.9186 | test_acc: 0.6484 | 
Epoch: 24 | train_loss: 0.4018 | train_acc: 0.8599 | test_loss: 0.9626 | test_acc: 0.6758 | 
Epoch: 25 | train_loss: 0.4166 | train_acc: 0.8362 | test_loss: 1.0105 | test_acc: 0.6406 | 
Epoch: 26 | train_loss: 0.3450 | train_acc: 0.8901 | test_loss: 1.0329 | test_acc: 0.6914 | 
Epoch: 27 | train_loss: 0.3653 | train_acc: 0.8772 | test_loss: 0.7356 | test_acc: 0.7461 | 
Epoch: 28 | train_loss: 0.3838 | train_acc: 0.8588 | test_loss: 0.9753 | test_acc: 0.6719 | 
Epoch: 29 | train_loss: 0.3581 | train_acc: 0.8534 | test_loss: 0.7759 | test_acc: 0.7500 | 
Epoch: 30 | train_loss: 0.3020 | train_acc: 0.8922 | test_loss: 0.7850 | test_acc: 0.6953 | 
Epoch: 31 | train_loss: 0.2766 | train_acc: 0.8922 | test_loss: 0.9340 | test_acc: 0.6875 | 
Epoch: 32 | train_loss: 0.3552 | train_acc: 0.8642 | test_loss: 0.8313 | test_acc: 0.7656 | 
Epoch: 33 | train_loss: 0.2823 | train_acc: 0.8847 | test_loss: 0.8457 | test_acc: 0.6953 | 
Epoch: 34 | train_loss: 0.3380 | train_acc: 0.8696 | test_loss: 0.8061 | test_acc: 0.7109 | 
Epoch: 35 | train_loss: 0.2842 | train_acc: 0.9127 | test_loss: 0.8250 | test_acc: 0.6797 | 
Epoch: 36 | train_loss: 0.3011 | train_acc: 0.8696 | test_loss: 0.8077 | test_acc: 0.7617 | 
Epoch: 37 | train_loss: 0.2404 | train_acc: 0.9235 | test_loss: 0.9755 | test_acc: 0.6680 | 
Epoch: 38 | train_loss: 0.3590 | train_acc: 0.8825 | test_loss: 0.9675 | test_acc: 0.6953 | 
Epoch: 39 | train_loss: 0.2578 | train_acc: 0.8966 | test_loss: 0.9240 | test_acc: 0.6992 | 
Epoch: 40 | train_loss: 0.3034 | train_acc: 0.9009 | test_loss: 1.1010 | test_acc: 0.6875 | 
Epoch: 41 | train_loss: 0.2588 | train_acc: 0.8869 | test_loss: 0.9488 | test_acc: 0.7148 | 
Epoch: 42 | train_loss: 0.2171 | train_acc: 0.9159 | test_loss: 0.9404 | test_acc: 0.7070 | 
Epoch: 43 | train_loss: 0.2254 | train_acc: 0.9310 | test_loss: 0.8414 | test_acc: 0.7812 | 
Epoch: 44 | train_loss: 0.2103 | train_acc: 0.9246 | test_loss: 0.8217 | test_acc: 0.7891 | 
Epoch: 45 | train_loss: 0.1839 | train_acc: 0.9418 | test_loss: 0.8781 | test_acc: 0.7695 | 
Epoch: 46 | train_loss: 0.3139 | train_acc: 0.8890 | test_loss: 0.8784 | test_acc: 0.7031 | 
Epoch: 47 | train_loss: 0.2358 | train_acc: 0.8944 | test_loss: 0.7255 | test_acc: 0.7812 | 
Epoch: 48 | train_loss: 0.2429 | train_acc: 0.9019 | test_loss: 0.9149 | test_acc: 0.7148 | 
Epoch: 49 | train_loss: 0.2205 | train_acc: 0.9332 | test_loss: 0.7526 | test_acc: 0.8008 | 
Epoch: 50 | train_loss: 0.1778 | train_acc: 0.9364 | test_loss: 0.7280 | test_acc: 0.7812 | 
⏱️ Total training time: 109.876 seconds
📊 Bands [151, 112, 85] -> Fitness: 0.7812
Dataset initialized with pre-loaded data. Total samples: 897
Band indices for training dataloader: [151, 150, 92]
Dataset initialized with pre-loaded data. Total samples: 226
Band indices for test dataloader: [151, 150, 92]
🔍 Starting evaluation of individual [151, 150, 92]
Epoch: 1 | train_loss: 1.3650 | train_acc: 0.3405 | test_loss: 1.2971 | test_acc: 0.4102 | 
Epoch: 2 | train_loss: 1.2548 | train_acc: 0.4073 | test_loss: 1.4001 | test_acc: 0.3906 | 
Epoch: 3 | train_loss: 1.1844 | train_acc: 0.5000 | test_loss: 1.1448 | test_acc: 0.5156 | 
Epoch: 4 | train_loss: 1.1133 | train_acc: 0.5323 | test_loss: 1.1226 | test_acc: 0.5820 | 
Epoch: 5 | train_loss: 1.0580 | train_acc: 0.5841 | test_loss: 1.2247 | test_acc: 0.4844 | 
Epoch: 6 | train_loss: 0.9954 | train_acc: 0.5991 | test_loss: 1.0310 | test_acc: 0.5625 | 
Epoch: 7 | train_loss: 0.8810 | train_acc: 0.6746 | test_loss: 1.1908 | test_acc: 0.5234 | 
Epoch: 8 | train_loss: 0.8603 | train_acc: 0.6293 | test_loss: 1.2050 | test_acc: 0.5430 | 
Epoch: 9 | train_loss: 0.8037 | train_acc: 0.6703 | test_loss: 1.1703 | test_acc: 0.5000 | 
Epoch: 10 | train_loss: 0.7373 | train_acc: 0.7295 | test_loss: 0.9609 | test_acc: 0.6250 | 
Epoch: 11 | train_loss: 0.8213 | train_acc: 0.6767 | test_loss: 1.0720 | test_acc: 0.5938 | 
Epoch: 12 | train_loss: 0.6838 | train_acc: 0.7457 | test_loss: 1.1993 | test_acc: 0.5430 | 
Epoch: 13 | train_loss: 0.6550 | train_acc: 0.7371 | test_loss: 0.9234 | test_acc: 0.5820 | 
Epoch: 14 | train_loss: 0.6046 | train_acc: 0.7726 | test_loss: 0.9939 | test_acc: 0.5977 | 
Epoch: 15 | train_loss: 0.6318 | train_acc: 0.7392 | test_loss: 1.1608 | test_acc: 0.5391 | 
Epoch: 16 | train_loss: 0.5699 | train_acc: 0.7586 | test_loss: 1.2219 | test_acc: 0.5898 | 
Epoch: 17 | train_loss: 0.5913 | train_acc: 0.7511 | test_loss: 1.1662 | test_acc: 0.5938 | 
Epoch: 18 | train_loss: 0.5638 | train_acc: 0.7683 | test_loss: 0.9201 | test_acc: 0.6172 | 
Epoch: 19 | train_loss: 0.4642 | train_acc: 0.8222 | test_loss: 1.0023 | test_acc: 0.6328 | 
Epoch: 20 | train_loss: 0.6050 | train_acc: 0.8039 | test_loss: 1.0053 | test_acc: 0.5898 | 
Epoch: 21 | train_loss: 0.4794 | train_acc: 0.8017 | test_loss: 1.1021 | test_acc: 0.6133 | 
Epoch: 22 | train_loss: 0.5095 | train_acc: 0.8060 | test_loss: 0.9443 | test_acc: 0.6406 | 
Epoch: 23 | train_loss: 0.4720 | train_acc: 0.8276 | test_loss: 1.0694 | test_acc: 0.6523 | 
Epoch: 24 | train_loss: 0.4496 | train_acc: 0.8136 | test_loss: 0.9384 | test_acc: 0.6680 | 
Epoch: 25 | train_loss: 0.4334 | train_acc: 0.8222 | test_loss: 1.0670 | test_acc: 0.6055 | 
Epoch: 26 | train_loss: 0.3787 | train_acc: 0.8438 | test_loss: 1.4694 | test_acc: 0.5664 | 
Epoch: 27 | train_loss: 0.4382 | train_acc: 0.8341 | test_loss: 1.3118 | test_acc: 0.5977 | 
Epoch: 28 | train_loss: 0.3852 | train_acc: 0.8438 | test_loss: 1.2258 | test_acc: 0.5664 | 
Epoch: 29 | train_loss: 0.4369 | train_acc: 0.8244 | test_loss: 1.0875 | test_acc: 0.6875 | 
Epoch: 30 | train_loss: 0.3812 | train_acc: 0.8739 | test_loss: 1.0953 | test_acc: 0.5859 | 
Epoch: 31 | train_loss: 0.3355 | train_acc: 0.8578 | test_loss: 1.4650 | test_acc: 0.5391 | 
Epoch: 32 | train_loss: 0.3198 | train_acc: 0.8890 | test_loss: 0.9901 | test_acc: 0.6836 | 
Epoch: 33 | train_loss: 0.3730 | train_acc: 0.8696 | test_loss: 1.1261 | test_acc: 0.6680 | 
Epoch: 34 | train_loss: 0.3364 | train_acc: 0.8675 | test_loss: 1.1368 | test_acc: 0.6523 | 
Epoch: 35 | train_loss: 0.2993 | train_acc: 0.8966 | test_loss: 0.8942 | test_acc: 0.6836 | 
Epoch: 36 | train_loss: 0.3501 | train_acc: 0.8815 | test_loss: 1.0108 | test_acc: 0.6719 | 
Epoch: 37 | train_loss: 0.3002 | train_acc: 0.8955 | test_loss: 1.0294 | test_acc: 0.6719 | 
Epoch: 38 | train_loss: 0.2946 | train_acc: 0.8793 | test_loss: 1.1941 | test_acc: 0.6602 | 
Epoch: 39 | train_loss: 0.3073 | train_acc: 0.8739 | test_loss: 1.1000 | test_acc: 0.6875 | 
Epoch: 40 | train_loss: 0.2446 | train_acc: 0.9181 | test_loss: 1.1576 | test_acc: 0.6484 | 
Epoch: 41 | train_loss: 0.3134 | train_acc: 0.8912 | test_loss: 1.0903 | test_acc: 0.6914 | 
Epoch: 42 | train_loss: 0.3048 | train_acc: 0.8933 | test_loss: 0.9246 | test_acc: 0.6992 | 
Epoch: 43 | train_loss: 0.2614 | train_acc: 0.8955 | test_loss: 0.8868 | test_acc: 0.7500 | 
Epoch: 44 | train_loss: 0.2776 | train_acc: 0.8836 | test_loss: 0.8313 | test_acc: 0.6992 | 
Epoch: 45 | train_loss: 0.2338 | train_acc: 0.8998 | test_loss: 0.9935 | test_acc: 0.7305 | 
Epoch: 46 | train_loss: 0.2570 | train_acc: 0.9300 | test_loss: 1.0943 | test_acc: 0.6758 | 
Epoch: 47 | train_loss: 0.2950 | train_acc: 0.8944 | test_loss: 0.9974 | test_acc: 0.6680 | 
Epoch: 48 | train_loss: 0.2432 | train_acc: 0.8966 | test_loss: 0.9323 | test_acc: 0.7695 | 
Epoch: 49 | train_loss: 0.2346 | train_acc: 0.9364 | test_loss: 1.2348 | test_acc: 0.6680 | 
Epoch: 50 | train_loss: 0.2261 | train_acc: 0.9062 | test_loss: 0.8795 | test_acc: 0.7734 | 
⏱️ Total training time: 104.147 seconds
📊 Bands [151, 150, 92] -> Fitness: 0.7734
Dataset initialized with pre-loaded data. Total samples: 897
Band indices for training dataloader: [146, 141, 92]
Dataset initialized with pre-loaded data. Total samples: 226
Band indices for test dataloader: [146, 141, 92]
🔍 Starting evaluation of individual [146, 141, 92]
Epoch: 1 | train_loss: 1.3756 | train_acc: 0.3006 | test_loss: 1.3009 | test_acc: 0.4336 | 
Epoch: 2 | train_loss: 1.2430 | train_acc: 0.4095 | test_loss: 1.1718 | test_acc: 0.4648 | 
Epoch: 3 | train_loss: 1.1450 | train_acc: 0.5259 | test_loss: 1.2718 | test_acc: 0.4648 | 
Epoch: 4 | train_loss: 1.0621 | train_acc: 0.5603 | test_loss: 1.1809 | test_acc: 0.5586 | 
Epoch: 5 | train_loss: 0.9908 | train_acc: 0.5776 | test_loss: 1.0196 | test_acc: 0.5859 | 
Epoch: 6 | train_loss: 0.9184 | train_acc: 0.6304 | test_loss: 1.0615 | test_acc: 0.6133 | 
Epoch: 7 | train_loss: 0.9514 | train_acc: 0.6034 | test_loss: 1.1062 | test_acc: 0.5352 | 
Epoch: 8 | train_loss: 0.8269 | train_acc: 0.6681 | test_loss: 0.9714 | test_acc: 0.6133 | 
Epoch: 9 | train_loss: 0.7384 | train_acc: 0.7241 | test_loss: 1.0570 | test_acc: 0.5352 | 
Epoch: 10 | train_loss: 0.6944 | train_acc: 0.7489 | test_loss: 0.9637 | test_acc: 0.6680 | 
Epoch: 11 | train_loss: 0.7344 | train_acc: 0.7037 | test_loss: 0.9924 | test_acc: 0.5938 | 
Epoch: 12 | train_loss: 0.6469 | train_acc: 0.7349 | test_loss: 1.0066 | test_acc: 0.5938 | 
Epoch: 13 | train_loss: 0.5899 | train_acc: 0.7662 | test_loss: 1.0730 | test_acc: 0.6367 | 
Epoch: 14 | train_loss: 0.5156 | train_acc: 0.8125 | test_loss: 0.9848 | test_acc: 0.6484 | 
Epoch: 15 | train_loss: 0.5775 | train_acc: 0.7737 | test_loss: 0.8381 | test_acc: 0.6523 | 
Epoch: 16 | train_loss: 0.5166 | train_acc: 0.8190 | test_loss: 1.0166 | test_acc: 0.6094 | 
Epoch: 17 | train_loss: 0.5542 | train_acc: 0.7920 | test_loss: 0.9670 | test_acc: 0.6445 | 
Epoch: 18 | train_loss: 0.4760 | train_acc: 0.8287 | test_loss: 1.1492 | test_acc: 0.6367 | 
Epoch: 19 | train_loss: 0.4478 | train_acc: 0.8200 | test_loss: 1.3283 | test_acc: 0.5938 | 
Epoch: 20 | train_loss: 0.4464 | train_acc: 0.8265 | test_loss: 0.9272 | test_acc: 0.6094 | 
Epoch: 21 | train_loss: 0.4327 | train_acc: 0.8168 | test_loss: 1.0132 | test_acc: 0.6914 | 
Epoch: 22 | train_loss: 0.4250 | train_acc: 0.8513 | test_loss: 0.9004 | test_acc: 0.6602 | 
Epoch: 23 | train_loss: 0.4284 | train_acc: 0.8631 | test_loss: 0.9489 | test_acc: 0.6211 | 
Epoch: 24 | train_loss: 0.3563 | train_acc: 0.8728 | test_loss: 0.9245 | test_acc: 0.6758 | 
Epoch: 25 | train_loss: 0.4268 | train_acc: 0.8621 | test_loss: 1.0718 | test_acc: 0.6641 | 
Epoch: 26 | train_loss: 0.3963 | train_acc: 0.8319 | test_loss: 1.0820 | test_acc: 0.6406 | 
Epoch: 27 | train_loss: 0.3093 | train_acc: 0.8976 | test_loss: 0.9737 | test_acc: 0.6758 | 
Epoch: 28 | train_loss: 0.4367 | train_acc: 0.8761 | test_loss: 0.9171 | test_acc: 0.6680 | 
Epoch: 29 | train_loss: 0.3615 | train_acc: 0.8491 | test_loss: 1.0393 | test_acc: 0.6758 | 
Epoch: 30 | train_loss: 0.3873 | train_acc: 0.8394 | test_loss: 1.0007 | test_acc: 0.6719 | 
Epoch: 31 | train_loss: 0.2773 | train_acc: 0.9138 | test_loss: 0.8091 | test_acc: 0.7500 | 
Epoch: 32 | train_loss: 0.2628 | train_acc: 0.9095 | test_loss: 0.9160 | test_acc: 0.6914 | 
Epoch: 33 | train_loss: 0.3293 | train_acc: 0.8578 | test_loss: 1.0849 | test_acc: 0.6562 | 
Epoch: 34 | train_loss: 0.2797 | train_acc: 0.8933 | test_loss: 0.8919 | test_acc: 0.7148 | 
Epoch: 35 | train_loss: 0.2817 | train_acc: 0.8966 | test_loss: 0.8655 | test_acc: 0.7227 | 
Epoch: 36 | train_loss: 0.2324 | train_acc: 0.9192 | test_loss: 0.9346 | test_acc: 0.7188 | 
Epoch: 37 | train_loss: 0.1952 | train_acc: 0.9278 | test_loss: 0.8952 | test_acc: 0.8164 | 
Epoch: 38 | train_loss: 0.1934 | train_acc: 0.9321 | test_loss: 0.7292 | test_acc: 0.8125 | 
Epoch: 39 | train_loss: 0.2156 | train_acc: 0.9267 | test_loss: 0.9415 | test_acc: 0.7188 | 
Epoch: 40 | train_loss: 0.2576 | train_acc: 0.8858 | test_loss: 0.9904 | test_acc: 0.7031 | 
Epoch: 41 | train_loss: 0.2694 | train_acc: 0.9149 | test_loss: 0.8189 | test_acc: 0.7578 | 
Epoch: 42 | train_loss: 0.2914 | train_acc: 0.8944 | test_loss: 0.9419 | test_acc: 0.6953 | 
Epoch: 43 | train_loss: 0.2739 | train_acc: 0.9149 | test_loss: 0.9616 | test_acc: 0.7227 | 
Epoch: 44 | train_loss: 0.2769 | train_acc: 0.9073 | test_loss: 0.7837 | test_acc: 0.7852 | 
Epoch: 45 | train_loss: 0.3077 | train_acc: 0.8858 | test_loss: 0.8326 | test_acc: 0.7734 | 
Epoch: 46 | train_loss: 0.2905 | train_acc: 0.8933 | test_loss: 0.8143 | test_acc: 0.7656 | 
Epoch: 47 | train_loss: 0.2603 | train_acc: 0.9192 | test_loss: 0.9464 | test_acc: 0.6992 | 
Epoch: 48 | train_loss: 0.2873 | train_acc: 0.8976 | test_loss: 0.9980 | test_acc: 0.7148 | 
Epoch: 49 | train_loss: 0.2336 | train_acc: 0.9343 | test_loss: 0.9962 | test_acc: 0.6953 | 
Epoch: 50 | train_loss: 0.2055 | train_acc: 0.9095 | test_loss: 1.1246 | test_acc: 0.6914 | 
⏱️ Total training time: 110.393 seconds
📊 Bands [146, 141, 92] -> Fitness: 0.6914
Dataset initialized with pre-loaded data. Total samples: 897
Band indices for training dataloader: [161, 174, 112]
Dataset initialized with pre-loaded data. Total samples: 226
Band indices for test dataloader: [161, 174, 112]
🔍 Starting evaluation of individual [161, 174, 112]
Epoch: 1 | train_loss: 1.3627 | train_acc: 0.3190 | test_loss: 1.3186 | test_acc: 0.3242 | 
Epoch: 2 | train_loss: 1.2339 | train_acc: 0.4580 | test_loss: 1.2568 | test_acc: 0.4492 | 
Epoch: 3 | train_loss: 1.1754 | train_acc: 0.4752 | test_loss: 1.1483 | test_acc: 0.4961 | 
Epoch: 4 | train_loss: 1.0499 | train_acc: 0.5679 | test_loss: 1.1245 | test_acc: 0.5742 | 
Epoch: 5 | train_loss: 0.9749 | train_acc: 0.6153 | test_loss: 1.2348 | test_acc: 0.5156 | 
Epoch: 6 | train_loss: 0.8933 | train_acc: 0.6606 | test_loss: 1.0306 | test_acc: 0.6562 | 
Epoch: 7 | train_loss: 0.8656 | train_acc: 0.6659 | test_loss: 1.0243 | test_acc: 0.5859 | 
Epoch: 8 | train_loss: 0.8356 | train_acc: 0.6595 | test_loss: 1.0273 | test_acc: 0.6484 | 
Epoch: 9 | train_loss: 0.7983 | train_acc: 0.6638 | test_loss: 0.9546 | test_acc: 0.6758 | 
Epoch: 10 | train_loss: 0.7018 | train_acc: 0.7522 | test_loss: 0.9929 | test_acc: 0.6719 | 
Epoch: 11 | train_loss: 0.6328 | train_acc: 0.7500 | test_loss: 1.0686 | test_acc: 0.6250 | 
Epoch: 12 | train_loss: 0.5922 | train_acc: 0.7866 | test_loss: 1.0467 | test_acc: 0.6602 | 
Epoch: 13 | train_loss: 0.6026 | train_acc: 0.7737 | test_loss: 1.1855 | test_acc: 0.6133 | 
Epoch: 14 | train_loss: 0.5490 | train_acc: 0.7845 | test_loss: 0.8851 | test_acc: 0.6758 | 
Epoch: 15 | train_loss: 0.6051 | train_acc: 0.7597 | test_loss: 1.0052 | test_acc: 0.6875 | 
Epoch: 16 | train_loss: 0.4667 | train_acc: 0.8050 | test_loss: 0.7465 | test_acc: 0.7148 | 
Epoch: 17 | train_loss: 0.5324 | train_acc: 0.7866 | test_loss: 0.8478 | test_acc: 0.7070 | 
Epoch: 18 | train_loss: 0.4648 | train_acc: 0.8459 | test_loss: 0.9340 | test_acc: 0.6875 | 
Epoch: 19 | train_loss: 0.4558 | train_acc: 0.8093 | test_loss: 0.8301 | test_acc: 0.7148 | 
Epoch: 20 | train_loss: 0.4393 | train_acc: 0.8524 | test_loss: 0.8232 | test_acc: 0.7188 | 
Epoch: 21 | train_loss: 0.4710 | train_acc: 0.8222 | test_loss: 0.8182 | test_acc: 0.7344 | 
Epoch: 22 | train_loss: 0.4201 | train_acc: 0.8168 | test_loss: 0.8017 | test_acc: 0.7031 | 
Epoch: 23 | train_loss: 0.3861 | train_acc: 0.8793 | test_loss: 0.8752 | test_acc: 0.7070 | 
Epoch: 24 | train_loss: 0.4169 | train_acc: 0.8599 | test_loss: 1.0250 | test_acc: 0.7109 | 
Epoch: 25 | train_loss: 0.3910 | train_acc: 0.8416 | test_loss: 0.7688 | test_acc: 0.7188 | 
Epoch: 26 | train_loss: 0.4443 | train_acc: 0.8341 | test_loss: 0.8244 | test_acc: 0.6836 | 
Epoch: 27 | train_loss: 0.3406 | train_acc: 0.8955 | test_loss: 0.9849 | test_acc: 0.6328 | 
Epoch: 28 | train_loss: 0.4281 | train_acc: 0.8394 | test_loss: 0.7850 | test_acc: 0.7539 | 
Epoch: 29 | train_loss: 0.3519 | train_acc: 0.8621 | test_loss: 0.7852 | test_acc: 0.7500 | 
Epoch: 30 | train_loss: 0.3444 | train_acc: 0.8750 | test_loss: 0.7360 | test_acc: 0.7461 | 
Epoch: 31 | train_loss: 0.3176 | train_acc: 0.8696 | test_loss: 0.8160 | test_acc: 0.7461 | 
Epoch: 32 | train_loss: 0.3420 | train_acc: 0.8707 | test_loss: 0.7365 | test_acc: 0.7773 | 
Epoch: 33 | train_loss: 0.2899 | train_acc: 0.8739 | test_loss: 0.7531 | test_acc: 0.7500 | 
Epoch: 34 | train_loss: 0.2535 | train_acc: 0.9181 | test_loss: 0.7932 | test_acc: 0.7695 | 
Epoch: 35 | train_loss: 0.3478 | train_acc: 0.8879 | test_loss: 0.8832 | test_acc: 0.7070 | 
Epoch: 36 | train_loss: 0.2840 | train_acc: 0.8804 | test_loss: 0.9073 | test_acc: 0.7422 | 
Epoch: 37 | train_loss: 0.3127 | train_acc: 0.8621 | test_loss: 0.7519 | test_acc: 0.7500 | 
Epoch: 38 | train_loss: 0.2775 | train_acc: 0.8987 | test_loss: 0.7285 | test_acc: 0.6992 | 
Epoch: 39 | train_loss: 0.3111 | train_acc: 0.8879 | test_loss: 0.8114 | test_acc: 0.7578 | 
Epoch: 40 | train_loss: 0.2694 | train_acc: 0.9106 | test_loss: 0.8276 | test_acc: 0.7422 | 
Epoch: 41 | train_loss: 0.3616 | train_acc: 0.8998 | test_loss: 0.8116 | test_acc: 0.7539 | 
Epoch: 42 | train_loss: 0.2420 | train_acc: 0.9321 | test_loss: 0.7910 | test_acc: 0.7461 | 
Epoch: 43 | train_loss: 0.2269 | train_acc: 0.9052 | test_loss: 0.9070 | test_acc: 0.7461 | 
Epoch: 44 | train_loss: 0.2517 | train_acc: 0.9030 | test_loss: 0.7811 | test_acc: 0.7539 | 
Epoch: 45 | train_loss: 0.2767 | train_acc: 0.8944 | test_loss: 0.7273 | test_acc: 0.7773 | 
Epoch: 46 | train_loss: 0.2360 | train_acc: 0.8998 | test_loss: 0.6942 | test_acc: 0.7578 | 
Epoch: 47 | train_loss: 0.2261 | train_acc: 0.9321 | test_loss: 0.8121 | test_acc: 0.7852 | 
Epoch: 48 | train_loss: 0.2617 | train_acc: 0.9106 | test_loss: 0.6482 | test_acc: 0.7969 | 
Epoch: 49 | train_loss: 0.2304 | train_acc: 0.8998 | test_loss: 0.6750 | test_acc: 0.7930 | 
Epoch: 50 | train_loss: 0.1842 | train_acc: 0.9386 | test_loss: 0.7151 | test_acc: 0.8086 | 
⏱️ Total training time: 102.872 seconds
📊 Bands [161, 174, 112] -> Fitness: 0.8086
Dataset initialized with pre-loaded data. Total samples: 897
Band indices for training dataloader: [151, 241, 82]
Dataset initialized with pre-loaded data. Total samples: 226
Band indices for test dataloader: [151, 241, 82]
🔍 Starting evaluation of individual [151, 241, 82]
Epoch: 1 | train_loss: 1.3878 | train_acc: 0.2780 | test_loss: 1.2975 | test_acc: 0.4141 | 
Epoch: 2 | train_loss: 1.2765 | train_acc: 0.3976 | test_loss: 1.2923 | test_acc: 0.4102 | 
Epoch: 3 | train_loss: 1.1483 | train_acc: 0.4860 | test_loss: 1.1824 | test_acc: 0.5586 | 
Epoch: 4 | train_loss: 1.0913 | train_acc: 0.5334 | test_loss: 1.2145 | test_acc: 0.4922 | 
Epoch: 5 | train_loss: 1.0053 | train_acc: 0.6207 | test_loss: 1.0817 | test_acc: 0.5625 | 
Epoch: 6 | train_loss: 0.9291 | train_acc: 0.6034 | test_loss: 1.0094 | test_acc: 0.6289 | 
Epoch: 7 | train_loss: 0.8602 | train_acc: 0.6444 | test_loss: 1.0517 | test_acc: 0.6328 | 
Epoch: 8 | train_loss: 0.8398 | train_acc: 0.6584 | test_loss: 1.0572 | test_acc: 0.5664 | 
Epoch: 9 | train_loss: 0.7445 | train_acc: 0.7295 | test_loss: 1.0011 | test_acc: 0.6055 | 
Epoch: 10 | train_loss: 0.7092 | train_acc: 0.7004 | test_loss: 1.1774 | test_acc: 0.5547 | 
Epoch: 11 | train_loss: 0.6612 | train_acc: 0.7543 | test_loss: 1.0398 | test_acc: 0.5312 | 
Epoch: 12 | train_loss: 0.7116 | train_acc: 0.7511 | test_loss: 1.1255 | test_acc: 0.6016 | 
Epoch: 13 | train_loss: 0.6862 | train_acc: 0.7468 | test_loss: 0.9754 | test_acc: 0.6914 | 
Epoch: 14 | train_loss: 0.7229 | train_acc: 0.7252 | test_loss: 1.1818 | test_acc: 0.6172 | 
Epoch: 15 | train_loss: 0.5624 | train_acc: 0.8017 | test_loss: 0.9063 | test_acc: 0.6953 | 
Epoch: 16 | train_loss: 0.5586 | train_acc: 0.7802 | test_loss: 0.8849 | test_acc: 0.6836 | 
Epoch: 17 | train_loss: 0.5182 | train_acc: 0.7920 | test_loss: 0.9427 | test_acc: 0.6406 | 
Epoch: 18 | train_loss: 0.4918 | train_acc: 0.7899 | test_loss: 0.9255 | test_acc: 0.7305 | 
Epoch: 19 | train_loss: 0.4914 | train_acc: 0.8060 | test_loss: 0.8574 | test_acc: 0.6992 | 
Epoch: 20 | train_loss: 0.4061 | train_acc: 0.8308 | test_loss: 0.8970 | test_acc: 0.7148 | 
Epoch: 21 | train_loss: 0.4147 | train_acc: 0.8222 | test_loss: 0.8968 | test_acc: 0.7031 | 
Epoch: 22 | train_loss: 0.3890 | train_acc: 0.8631 | test_loss: 0.9701 | test_acc: 0.6328 | 
Epoch: 23 | train_loss: 0.3879 | train_acc: 0.8610 | test_loss: 0.8851 | test_acc: 0.6953 | 
Epoch: 24 | train_loss: 0.4067 | train_acc: 0.8502 | test_loss: 0.8452 | test_acc: 0.7031 | 
Epoch: 25 | train_loss: 0.3946 | train_acc: 0.8491 | test_loss: 0.8873 | test_acc: 0.7070 | 
Epoch: 26 | train_loss: 0.4086 | train_acc: 0.8491 | test_loss: 0.9441 | test_acc: 0.7109 | 
Epoch: 27 | train_loss: 0.3633 | train_acc: 0.8772 | test_loss: 0.8733 | test_acc: 0.7070 | 
Epoch: 28 | train_loss: 0.3426 | train_acc: 0.8707 | test_loss: 0.9784 | test_acc: 0.6641 | 
Epoch: 29 | train_loss: 0.4344 | train_acc: 0.8373 | test_loss: 0.9524 | test_acc: 0.6602 | 
Epoch: 30 | train_loss: 0.3398 | train_acc: 0.8901 | test_loss: 0.9789 | test_acc: 0.6484 | 
Epoch: 31 | train_loss: 0.3192 | train_acc: 0.8836 | test_loss: 1.0062 | test_acc: 0.6289 | 
Epoch: 32 | train_loss: 0.3312 | train_acc: 0.8545 | test_loss: 0.9927 | test_acc: 0.6953 | 
Epoch: 33 | train_loss: 0.3833 | train_acc: 0.8631 | test_loss: 1.0016 | test_acc: 0.7031 | 
Epoch: 34 | train_loss: 0.2980 | train_acc: 0.8966 | test_loss: 0.8887 | test_acc: 0.6914 | 
Epoch: 35 | train_loss: 0.3063 | train_acc: 0.8804 | test_loss: 0.9536 | test_acc: 0.6914 | 
Epoch: 36 | train_loss: 0.2574 | train_acc: 0.9062 | test_loss: 0.9500 | test_acc: 0.6641 | 
Epoch: 37 | train_loss: 0.2823 | train_acc: 0.8912 | test_loss: 0.8239 | test_acc: 0.7773 | 
Epoch: 38 | train_loss: 0.3513 | train_acc: 0.8869 | test_loss: 0.8328 | test_acc: 0.7422 | 
Epoch: 39 | train_loss: 0.3326 | train_acc: 0.8761 | test_loss: 0.8184 | test_acc: 0.7383 | 
Epoch: 40 | train_loss: 0.2598 | train_acc: 0.8901 | test_loss: 0.8991 | test_acc: 0.7305 | 
Epoch: 41 | train_loss: 0.3117 | train_acc: 0.8847 | test_loss: 0.8421 | test_acc: 0.7578 | 
Epoch: 42 | train_loss: 0.3120 | train_acc: 0.8955 | test_loss: 0.7988 | test_acc: 0.7773 | 
Epoch: 43 | train_loss: 0.2365 | train_acc: 0.9267 | test_loss: 0.9173 | test_acc: 0.7617 | 
Epoch: 44 | train_loss: 0.2278 | train_acc: 0.8976 | test_loss: 1.0021 | test_acc: 0.7227 | 
Epoch: 45 | train_loss: 0.2262 | train_acc: 0.9030 | test_loss: 1.0275 | test_acc: 0.7227 | 
Epoch: 46 | train_loss: 0.2658 | train_acc: 0.8869 | test_loss: 1.0196 | test_acc: 0.7383 | 
Epoch: 47 | train_loss: 0.2801 | train_acc: 0.8879 | test_loss: 0.9401 | test_acc: 0.7422 | 
Epoch: 48 | train_loss: 0.3229 | train_acc: 0.8901 | test_loss: 0.8776 | test_acc: 0.7344 | 
Epoch: 49 | train_loss: 0.2213 | train_acc: 0.9116 | test_loss: 0.9785 | test_acc: 0.7539 | 
Epoch: 50 | train_loss: 0.2206 | train_acc: 0.9256 | test_loss: 1.0936 | test_acc: 0.7305 | 
⏱️ Total training time: 116.473 seconds
📊 Bands [151, 241, 82] -> Fitness: 0.7305
Dataset initialized with pre-loaded data. Total samples: 897
Band indices for training dataloader: [151, 199, 88]
Dataset initialized with pre-loaded data. Total samples: 226
Band indices for test dataloader: [151, 199, 88]
🔍 Starting evaluation of individual [151, 199, 88]
Epoch: 1 | train_loss: 1.3669 | train_acc: 0.2899 | test_loss: 1.2836 | test_acc: 0.4180 | 
Epoch: 2 | train_loss: 1.2731 | train_acc: 0.4256 | test_loss: 1.2690 | test_acc: 0.4688 | 
Epoch: 3 | train_loss: 1.1761 | train_acc: 0.4903 | test_loss: 1.2465 | test_acc: 0.4609 | 
Epoch: 4 | train_loss: 1.1021 | train_acc: 0.5097 | test_loss: 1.2486 | test_acc: 0.4766 | 
Epoch: 5 | train_loss: 0.9740 | train_acc: 0.6056 | test_loss: 1.1167 | test_acc: 0.6055 | 
Epoch: 6 | train_loss: 0.9813 | train_acc: 0.5700 | test_loss: 1.1453 | test_acc: 0.5273 | 
Epoch: 7 | train_loss: 0.9025 | train_acc: 0.6325 | test_loss: 1.0407 | test_acc: 0.6094 | 
Epoch: 8 | train_loss: 0.8123 | train_acc: 0.6821 | test_loss: 1.0541 | test_acc: 0.5703 | 
Epoch: 9 | train_loss: 0.7236 | train_acc: 0.7177 | test_loss: 0.9847 | test_acc: 0.5859 | 
Epoch: 10 | train_loss: 0.6993 | train_acc: 0.7284 | test_loss: 1.0988 | test_acc: 0.6172 | 
Epoch: 11 | train_loss: 0.6985 | train_acc: 0.7252 | test_loss: 1.2157 | test_acc: 0.5820 | 
Epoch: 12 | train_loss: 0.6752 | train_acc: 0.7306 | test_loss: 1.3318 | test_acc: 0.5781 | 
Epoch: 13 | train_loss: 0.6462 | train_acc: 0.7328 | test_loss: 1.2307 | test_acc: 0.5391 | 
Epoch: 14 | train_loss: 0.5902 | train_acc: 0.7500 | test_loss: 1.1518 | test_acc: 0.5352 | 
Epoch: 15 | train_loss: 0.5937 | train_acc: 0.7619 | test_loss: 1.0604 | test_acc: 0.5352 | 
Epoch: 16 | train_loss: 0.5622 | train_acc: 0.7845 | test_loss: 0.9278 | test_acc: 0.6211 | 
Epoch: 17 | train_loss: 0.4696 | train_acc: 0.7942 | test_loss: 1.2262 | test_acc: 0.5703 | 
Epoch: 18 | train_loss: 0.5013 | train_acc: 0.8039 | test_loss: 1.1734 | test_acc: 0.6172 | 
Epoch: 19 | train_loss: 0.4440 | train_acc: 0.8254 | test_loss: 0.9198 | test_acc: 0.6641 | 
Epoch: 20 | train_loss: 0.4675 | train_acc: 0.8416 | test_loss: 0.8188 | test_acc: 0.6914 | 
Epoch: 21 | train_loss: 0.4579 | train_acc: 0.8308 | test_loss: 1.0801 | test_acc: 0.5938 | 
Epoch: 22 | train_loss: 0.3847 | train_acc: 0.8513 | test_loss: 0.8929 | test_acc: 0.7148 | 
Epoch: 23 | train_loss: 0.3715 | train_acc: 0.8858 | test_loss: 1.0704 | test_acc: 0.6641 | 
Epoch: 24 | train_loss: 0.3286 | train_acc: 0.8901 | test_loss: 0.8398 | test_acc: 0.7383 | 
Epoch: 25 | train_loss: 0.3482 | train_acc: 0.8836 | test_loss: 1.1058 | test_acc: 0.6523 | 
Epoch: 26 | train_loss: 0.3592 | train_acc: 0.8621 | test_loss: 0.8866 | test_acc: 0.7266 | 
Epoch: 27 | train_loss: 0.4789 | train_acc: 0.8696 | test_loss: 0.9113 | test_acc: 0.6875 | 
Epoch: 28 | train_loss: 0.3481 | train_acc: 0.8685 | test_loss: 0.8009 | test_acc: 0.6992 | 
Epoch: 29 | train_loss: 0.3271 | train_acc: 0.8696 | test_loss: 0.8750 | test_acc: 0.7344 | 
Epoch: 30 | train_loss: 0.3950 | train_acc: 0.8438 | test_loss: 0.9341 | test_acc: 0.6797 | 
Epoch: 31 | train_loss: 0.3708 | train_acc: 0.8599 | test_loss: 1.0050 | test_acc: 0.6758 | 
Epoch: 32 | train_loss: 0.3607 | train_acc: 0.8815 | test_loss: 0.7414 | test_acc: 0.7773 | 
Epoch: 33 | train_loss: 0.3472 | train_acc: 0.8793 | test_loss: 0.7370 | test_acc: 0.7422 | 
Epoch: 34 | train_loss: 0.2840 | train_acc: 0.9084 | test_loss: 0.7650 | test_acc: 0.7500 | 
Epoch: 35 | train_loss: 0.2825 | train_acc: 0.8912 | test_loss: 0.7342 | test_acc: 0.7695 | 
Epoch: 36 | train_loss: 0.2644 | train_acc: 0.8825 | test_loss: 0.9203 | test_acc: 0.7500 | 
Epoch: 37 | train_loss: 0.2842 | train_acc: 0.8847 | test_loss: 0.9656 | test_acc: 0.6875 | 
Epoch: 38 | train_loss: 0.2133 | train_acc: 0.9224 | test_loss: 0.9883 | test_acc: 0.6992 | 
Epoch: 39 | train_loss: 0.2709 | train_acc: 0.9019 | test_loss: 1.0616 | test_acc: 0.7383 | 
Epoch: 40 | train_loss: 0.2070 | train_acc: 0.9332 | test_loss: 0.8910 | test_acc: 0.7422 | 
Epoch: 41 | train_loss: 0.1703 | train_acc: 0.9429 | test_loss: 0.8609 | test_acc: 0.7812 | 
Epoch: 42 | train_loss: 0.1674 | train_acc: 0.9429 | test_loss: 1.0798 | test_acc: 0.6445 | 
Epoch: 43 | train_loss: 0.3349 | train_acc: 0.8879 | test_loss: 0.8428 | test_acc: 0.7734 | 
Epoch: 44 | train_loss: 0.2785 | train_acc: 0.9062 | test_loss: 0.8637 | test_acc: 0.6992 | 
Epoch: 45 | train_loss: 0.2507 | train_acc: 0.8944 | test_loss: 0.9579 | test_acc: 0.6797 | 
Epoch: 46 | train_loss: 0.2773 | train_acc: 0.8966 | test_loss: 0.7827 | test_acc: 0.7539 | 
Epoch: 47 | train_loss: 0.2441 | train_acc: 0.8998 | test_loss: 0.7278 | test_acc: 0.7422 | 
Epoch: 48 | train_loss: 0.3065 | train_acc: 0.8858 | test_loss: 0.8017 | test_acc: 0.6875 | 
Epoch: 49 | train_loss: 0.3052 | train_acc: 0.8815 | test_loss: 0.6695 | test_acc: 0.7891 | 
Epoch: 50 | train_loss: 0.2900 | train_acc: 0.8966 | test_loss: 0.8479 | test_acc: 0.6406 | 
⏱️ Total training time: 113.346 seconds
📊 Bands [151, 199, 88] -> Fitness: 0.6406
Bands [151, 118, 87] found in history. Returning cached fitness.
Bands [151, 118, 87] found in history. Returning cached fitness.
Bands [151, 118, 87] found in history. Returning cached fitness.
Bands [150, 146, 91] found in history. Returning cached fitness.
Bands [150, 146, 91] found in history. Returning cached fitness.
5  	13    	0.768164	0.0611584	0.578125	0.808594	Individual('h', [161, 174, 112])
Dataset initialized with pre-loaded data. Total samples: 897
Band indices for training dataloader: [150, 144, 91]
Dataset initialized with pre-loaded data. Total samples: 226
Band indices for test dataloader: [150, 144, 91]
🔍 Starting evaluation of individual [150, 144, 91]
Epoch: 1 | train_loss: 1.3781 | train_acc: 0.3114 | test_loss: 1.3848 | test_acc: 0.3516 | 
Epoch: 2 | train_loss: 1.2696 | train_acc: 0.4203 | test_loss: 1.1928 | test_acc: 0.4961 | 
Epoch: 3 | train_loss: 1.1457 | train_acc: 0.4989 | test_loss: 1.1581 | test_acc: 0.5078 | 
Epoch: 4 | train_loss: 1.0564 | train_acc: 0.5539 | test_loss: 1.1730 | test_acc: 0.5195 | 
Epoch: 5 | train_loss: 0.9615 | train_acc: 0.5938 | test_loss: 1.1719 | test_acc: 0.5547 | 
Epoch: 6 | train_loss: 0.9306 | train_acc: 0.5981 | test_loss: 1.0861 | test_acc: 0.5898 | 
Epoch: 7 | train_loss: 0.8986 | train_acc: 0.6261 | test_loss: 0.9877 | test_acc: 0.5469 | 
Epoch: 8 | train_loss: 0.8449 | train_acc: 0.6562 | test_loss: 1.0460 | test_acc: 0.5977 | 
Epoch: 9 | train_loss: 0.7788 | train_acc: 0.6886 | test_loss: 1.1488 | test_acc: 0.5820 | 
Epoch: 10 | train_loss: 0.6712 | train_acc: 0.7489 | test_loss: 0.8873 | test_acc: 0.6523 | 
Epoch: 11 | train_loss: 0.6167 | train_acc: 0.7457 | test_loss: 0.8918 | test_acc: 0.6445 | 
Epoch: 12 | train_loss: 0.7058 | train_acc: 0.7435 | test_loss: 0.8259 | test_acc: 0.6836 | 
Epoch: 13 | train_loss: 0.6339 | train_acc: 0.7478 | test_loss: 0.9245 | test_acc: 0.6172 | 
Epoch: 14 | train_loss: 0.5563 | train_acc: 0.8093 | test_loss: 0.8735 | test_acc: 0.6719 | 
Epoch: 15 | train_loss: 0.5056 | train_acc: 0.8319 | test_loss: 0.8386 | test_acc: 0.6680 | 
Epoch: 16 | train_loss: 0.5333 | train_acc: 0.7888 | test_loss: 0.9215 | test_acc: 0.6719 | 
Epoch: 17 | train_loss: 0.5403 | train_acc: 0.7812 | test_loss: 0.7958 | test_acc: 0.7031 | 
Epoch: 18 | train_loss: 0.4838 | train_acc: 0.8341 | test_loss: 0.9324 | test_acc: 0.6836 | 
Epoch: 19 | train_loss: 0.4739 | train_acc: 0.8039 | test_loss: 0.7279 | test_acc: 0.7266 | 
Epoch: 20 | train_loss: 0.4806 | train_acc: 0.8276 | test_loss: 0.8317 | test_acc: 0.7266 | 
Epoch: 21 | train_loss: 0.4431 | train_acc: 0.8200 | test_loss: 0.7561 | test_acc: 0.7500 | 
Epoch: 22 | train_loss: 0.4040 | train_acc: 0.8578 | test_loss: 0.7444 | test_acc: 0.7344 | 
Epoch: 23 | train_loss: 0.3995 | train_acc: 0.8319 | test_loss: 0.8279 | test_acc: 0.7461 | 
Epoch: 24 | train_loss: 0.3799 | train_acc: 0.8470 | test_loss: 0.7619 | test_acc: 0.7539 | 
Epoch: 25 | train_loss: 0.3439 | train_acc: 0.8739 | test_loss: 0.7830 | test_acc: 0.7461 | 
Epoch: 26 | train_loss: 0.3587 | train_acc: 0.8448 | test_loss: 0.6832 | test_acc: 0.7578 | 
Epoch: 27 | train_loss: 0.3105 | train_acc: 0.8901 | test_loss: 0.6937 | test_acc: 0.7578 | 
Epoch: 28 | train_loss: 0.2850 | train_acc: 0.9159 | test_loss: 0.8069 | test_acc: 0.7422 | 
Epoch: 29 | train_loss: 0.3284 | train_acc: 0.8815 | test_loss: 0.8227 | test_acc: 0.7188 | 
Epoch: 30 | train_loss: 0.3388 | train_acc: 0.8782 | test_loss: 0.9108 | test_acc: 0.7422 | 
Epoch: 31 | train_loss: 0.3162 | train_acc: 0.8653 | test_loss: 0.8867 | test_acc: 0.7344 | 
Epoch: 32 | train_loss: 0.3328 | train_acc: 0.8728 | test_loss: 0.7567 | test_acc: 0.7773 | 
Epoch: 33 | train_loss: 0.2976 | train_acc: 0.8685 | test_loss: 0.9247 | test_acc: 0.7344 | 
Epoch: 34 | train_loss: 0.3069 | train_acc: 0.8621 | test_loss: 0.7932 | test_acc: 0.7188 | 
Epoch: 35 | train_loss: 0.3321 | train_acc: 0.8718 | test_loss: 0.7193 | test_acc: 0.7773 | 
Epoch: 36 | train_loss: 0.3040 | train_acc: 0.8675 | test_loss: 0.6490 | test_acc: 0.7930 | 
Epoch: 37 | train_loss: 0.3079 | train_acc: 0.8858 | test_loss: 0.7517 | test_acc: 0.7617 | 
Epoch: 38 | train_loss: 0.2615 | train_acc: 0.9203 | test_loss: 0.6937 | test_acc: 0.7578 | 
Epoch: 39 | train_loss: 0.3466 | train_acc: 0.8664 | test_loss: 0.8128 | test_acc: 0.7383 | 
Epoch: 40 | train_loss: 0.2982 | train_acc: 0.8825 | test_loss: 0.7574 | test_acc: 0.7188 | 
Epoch: 41 | train_loss: 0.2404 | train_acc: 0.9170 | test_loss: 0.8560 | test_acc: 0.7305 | 
Epoch: 42 | train_loss: 0.2151 | train_acc: 0.9084 | test_loss: 0.7689 | test_acc: 0.7656 | 
Epoch: 43 | train_loss: 0.2272 | train_acc: 0.8998 | test_loss: 1.0398 | test_acc: 0.6953 | 
Epoch: 44 | train_loss: 0.2679 | train_acc: 0.9127 | test_loss: 0.7379 | test_acc: 0.7500 | 
Epoch: 45 | train_loss: 0.2889 | train_acc: 0.8869 | test_loss: 0.8033 | test_acc: 0.7656 | 
Epoch: 46 | train_loss: 0.2521 | train_acc: 0.9278 | test_loss: 0.9536 | test_acc: 0.7422 | 
Epoch: 47 | train_loss: 0.1984 | train_acc: 0.9407 | test_loss: 0.9807 | test_acc: 0.7148 | 
Epoch: 48 | train_loss: 0.3210 | train_acc: 0.9170 | test_loss: 0.7837 | test_acc: 0.7734 | 
Epoch: 49 | train_loss: 0.2437 | train_acc: 0.9235 | test_loss: 0.8553 | test_acc: 0.6953 | 
Epoch: 50 | train_loss: 0.2062 | train_acc: 0.9429 | test_loss: 0.7903 | test_acc: 0.7422 | 
⏱️ Total training time: 105.191 seconds
📊 Bands [150, 144, 91] -> Fitness: 0.7422
Bands [150, 146, 91] found in history. Returning cached fitness.
Dataset initialized with pre-loaded data. Total samples: 897
Band indices for training dataloader: [162, 182, 115]
Dataset initialized with pre-loaded data. Total samples: 226
Band indices for test dataloader: [162, 182, 115]
🔍 Starting evaluation of individual [162, 182, 115]
Epoch: 1 | train_loss: 1.3689 | train_acc: 0.2909 | test_loss: 1.2350 | test_acc: 0.3867 | 
Epoch: 2 | train_loss: 1.2427 | train_acc: 0.4440 | test_loss: 1.1969 | test_acc: 0.4961 | 
Epoch: 3 | train_loss: 1.1296 | train_acc: 0.4849 | test_loss: 1.2453 | test_acc: 0.5273 | 
Epoch: 4 | train_loss: 1.0614 | train_acc: 0.5700 | test_loss: 1.0906 | test_acc: 0.6016 | 
Epoch: 5 | train_loss: 0.9889 | train_acc: 0.5647 | test_loss: 0.9646 | test_acc: 0.5820 | 
Epoch: 6 | train_loss: 0.9179 | train_acc: 0.6369 | test_loss: 1.0040 | test_acc: 0.6094 | 
Epoch: 7 | train_loss: 0.8262 | train_acc: 0.6746 | test_loss: 0.9258 | test_acc: 0.6367 | 
Epoch: 8 | train_loss: 0.8365 | train_acc: 0.6778 | test_loss: 0.8923 | test_acc: 0.6641 | 
Epoch: 9 | train_loss: 0.7466 | train_acc: 0.6735 | test_loss: 1.0278 | test_acc: 0.6250 | 
Epoch: 10 | train_loss: 0.7205 | train_acc: 0.7241 | test_loss: 0.9567 | test_acc: 0.6406 | 
Epoch: 11 | train_loss: 0.6844 | train_acc: 0.7317 | test_loss: 0.8738 | test_acc: 0.6758 | 
Epoch: 12 | train_loss: 0.5947 | train_acc: 0.7640 | test_loss: 0.8541 | test_acc: 0.7031 | 
Epoch: 13 | train_loss: 0.6236 | train_acc: 0.7705 | test_loss: 0.8756 | test_acc: 0.6758 | 
Epoch: 14 | train_loss: 0.6539 | train_acc: 0.7651 | test_loss: 0.8365 | test_acc: 0.6797 | 
Epoch: 15 | train_loss: 0.5259 | train_acc: 0.7909 | test_loss: 0.8313 | test_acc: 0.6797 | 
Epoch: 16 | train_loss: 0.5669 | train_acc: 0.7791 | test_loss: 0.8466 | test_acc: 0.7148 | 
Epoch: 17 | train_loss: 0.4909 | train_acc: 0.8416 | test_loss: 0.7376 | test_acc: 0.7109 | 
Epoch: 18 | train_loss: 0.4730 | train_acc: 0.8103 | test_loss: 0.8821 | test_acc: 0.7188 | 
Epoch: 19 | train_loss: 0.4413 | train_acc: 0.8513 | test_loss: 0.9371 | test_acc: 0.6914 | 
Epoch: 20 | train_loss: 0.5284 | train_acc: 0.8017 | test_loss: 0.7928 | test_acc: 0.7422 | 
Epoch: 21 | train_loss: 0.4409 | train_acc: 0.8459 | test_loss: 0.7463 | test_acc: 0.7422 | 
Epoch: 22 | train_loss: 0.4179 | train_acc: 0.8394 | test_loss: 0.7948 | test_acc: 0.7539 | 
Epoch: 23 | train_loss: 0.4045 | train_acc: 0.8373 | test_loss: 0.7124 | test_acc: 0.7578 | 
Epoch: 24 | train_loss: 0.4290 | train_acc: 0.8190 | test_loss: 0.7428 | test_acc: 0.7266 | 
Epoch: 25 | train_loss: 0.3768 | train_acc: 0.8567 | test_loss: 0.6533 | test_acc: 0.7617 | 
Epoch: 26 | train_loss: 0.3190 | train_acc: 0.9019 | test_loss: 0.8755 | test_acc: 0.7227 | 
Epoch: 27 | train_loss: 0.3437 | train_acc: 0.8793 | test_loss: 0.8169 | test_acc: 0.7461 | 
Epoch: 28 | train_loss: 0.2908 | train_acc: 0.9062 | test_loss: 0.7331 | test_acc: 0.7500 | 
Epoch: 29 | train_loss: 0.3054 | train_acc: 0.8728 | test_loss: 0.7725 | test_acc: 0.7266 | 
Epoch: 30 | train_loss: 0.4249 | train_acc: 0.8491 | test_loss: 0.7580 | test_acc: 0.7539 | 
Epoch: 31 | train_loss: 0.3626 | train_acc: 0.8534 | test_loss: 0.6507 | test_acc: 0.8086 | 
Epoch: 32 | train_loss: 0.2909 | train_acc: 0.8825 | test_loss: 0.8629 | test_acc: 0.7500 | 
Epoch: 33 | train_loss: 0.3043 | train_acc: 0.8750 | test_loss: 0.8663 | test_acc: 0.7539 | 
Epoch: 34 | train_loss: 0.3185 | train_acc: 0.8825 | test_loss: 0.8434 | test_acc: 0.7500 | 
Epoch: 35 | train_loss: 0.2751 | train_acc: 0.9127 | test_loss: 0.6852 | test_acc: 0.7773 | 
Epoch: 36 | train_loss: 0.2945 | train_acc: 0.8664 | test_loss: 0.7634 | test_acc: 0.7344 | 
Epoch: 37 | train_loss: 0.2620 | train_acc: 0.8879 | test_loss: 0.8346 | test_acc: 0.7344 | 
Epoch: 38 | train_loss: 0.3543 | train_acc: 0.8642 | test_loss: 0.7215 | test_acc: 0.7773 | 
Epoch: 39 | train_loss: 0.2823 | train_acc: 0.8890 | test_loss: 0.7509 | test_acc: 0.7773 | 
Epoch: 40 | train_loss: 0.2637 | train_acc: 0.9278 | test_loss: 0.7001 | test_acc: 0.7930 | 
Epoch: 41 | train_loss: 0.3102 | train_acc: 0.8772 | test_loss: 0.7977 | test_acc: 0.7773 | 
Epoch: 42 | train_loss: 0.2406 | train_acc: 0.9181 | test_loss: 0.7778 | test_acc: 0.7812 | 
Epoch: 43 | train_loss: 0.2531 | train_acc: 0.8976 | test_loss: 0.7456 | test_acc: 0.7734 | 
Epoch: 44 | train_loss: 0.2389 | train_acc: 0.9267 | test_loss: 0.6970 | test_acc: 0.7852 | 
Epoch: 45 | train_loss: 0.2826 | train_acc: 0.9041 | test_loss: 0.7874 | test_acc: 0.7695 | 
Epoch: 46 | train_loss: 0.2314 | train_acc: 0.9278 | test_loss: 0.7581 | test_acc: 0.7656 | 
Epoch: 47 | train_loss: 0.2197 | train_acc: 0.9149 | test_loss: 0.7124 | test_acc: 0.7930 | 
Epoch: 48 | train_loss: 0.3172 | train_acc: 0.8901 | test_loss: 0.8801 | test_acc: 0.7422 | 
Epoch: 49 | train_loss: 0.2444 | train_acc: 0.8944 | test_loss: 0.6491 | test_acc: 0.8086 | 
Epoch: 50 | train_loss: 0.2275 | train_acc: 0.9343 | test_loss: 0.5916 | test_acc: 0.8047 | 
⏱️ Total training time: 115.622 seconds
📊 Bands [162, 182, 115] -> Fitness: 0.8047
Dataset initialized with pre-loaded data. Total samples: 897
Band indices for training dataloader: [148, 137, 87]
Dataset initialized with pre-loaded data. Total samples: 226
Band indices for test dataloader: [148, 137, 87]
🔍 Starting evaluation of individual [148, 137, 87]
Epoch: 1 | train_loss: 1.3845 | train_acc: 0.2974 | test_loss: 1.3371 | test_acc: 0.3516 | 
Epoch: 2 | train_loss: 1.2733 | train_acc: 0.4127 | test_loss: 1.3802 | test_acc: 0.4844 | 
Epoch: 3 | train_loss: 1.1463 | train_acc: 0.5194 | test_loss: 1.4699 | test_acc: 0.3984 | 
Epoch: 4 | train_loss: 1.0964 | train_acc: 0.5366 | test_loss: 1.3794 | test_acc: 0.5234 | 
Epoch: 5 | train_loss: 0.9857 | train_acc: 0.5948 | test_loss: 1.2555 | test_acc: 0.4883 | 
Epoch: 6 | train_loss: 0.9842 | train_acc: 0.5733 | test_loss: 1.1612 | test_acc: 0.5156 | 
Epoch: 7 | train_loss: 0.8810 | train_acc: 0.6369 | test_loss: 0.9917 | test_acc: 0.6445 | 
Epoch: 8 | train_loss: 0.8266 | train_acc: 0.6659 | test_loss: 1.0694 | test_acc: 0.5312 | 
Epoch: 9 | train_loss: 0.7787 | train_acc: 0.6746 | test_loss: 1.0051 | test_acc: 0.5000 | 
Epoch: 10 | train_loss: 0.7240 | train_acc: 0.6918 | test_loss: 1.1055 | test_acc: 0.5703 | 
Epoch: 11 | train_loss: 0.6885 | train_acc: 0.7155 | test_loss: 1.0238 | test_acc: 0.5820 | 
Epoch: 12 | train_loss: 0.6860 | train_acc: 0.7328 | test_loss: 0.9347 | test_acc: 0.6562 | 
Epoch: 13 | train_loss: 0.6365 | train_acc: 0.7769 | test_loss: 1.1902 | test_acc: 0.5859 | 
Epoch: 14 | train_loss: 0.6415 | train_acc: 0.7511 | test_loss: 0.9836 | test_acc: 0.5977 | 
Epoch: 15 | train_loss: 0.5996 | train_acc: 0.7575 | test_loss: 0.8905 | test_acc: 0.6211 | 
Epoch: 16 | train_loss: 0.5883 | train_acc: 0.7963 | test_loss: 0.9893 | test_acc: 0.6211 | 
Epoch: 17 | train_loss: 0.5084 | train_acc: 0.7920 | test_loss: 0.7840 | test_acc: 0.6797 | 
Epoch: 18 | train_loss: 0.5378 | train_acc: 0.8093 | test_loss: 1.2087 | test_acc: 0.5938 | 
Epoch: 19 | train_loss: 0.5145 | train_acc: 0.8103 | test_loss: 1.4430 | test_acc: 0.5547 | 
Epoch: 20 | train_loss: 0.4379 | train_acc: 0.8200 | test_loss: 0.9989 | test_acc: 0.6328 | 
Epoch: 21 | train_loss: 0.4514 | train_acc: 0.8211 | test_loss: 0.9046 | test_acc: 0.6680 | 
Epoch: 22 | train_loss: 0.4782 | train_acc: 0.8114 | test_loss: 1.1464 | test_acc: 0.5781 | 
Epoch: 23 | train_loss: 0.5166 | train_acc: 0.8114 | test_loss: 0.7709 | test_acc: 0.7461 | 
Epoch: 24 | train_loss: 0.4258 | train_acc: 0.8222 | test_loss: 0.8543 | test_acc: 0.7227 | 
Epoch: 25 | train_loss: 0.4004 | train_acc: 0.8394 | test_loss: 0.8921 | test_acc: 0.7148 | 
Epoch: 26 | train_loss: 0.3808 | train_acc: 0.8631 | test_loss: 0.8548 | test_acc: 0.7188 | 
Epoch: 27 | train_loss: 0.3634 | train_acc: 0.8470 | test_loss: 0.8320 | test_acc: 0.7266 | 
Epoch: 28 | train_loss: 0.3111 | train_acc: 0.8922 | test_loss: 0.8365 | test_acc: 0.7383 | 
Epoch: 29 | train_loss: 0.3436 | train_acc: 0.8825 | test_loss: 1.0702 | test_acc: 0.6758 | 
Epoch: 30 | train_loss: 0.3744 | train_acc: 0.8588 | test_loss: 1.0642 | test_acc: 0.6367 | 
Epoch: 31 | train_loss: 0.3347 | train_acc: 0.8858 | test_loss: 0.7903 | test_acc: 0.6914 | 
Epoch: 32 | train_loss: 0.3122 | train_acc: 0.8922 | test_loss: 0.8001 | test_acc: 0.7031 | 
Epoch: 33 | train_loss: 0.3446 | train_acc: 0.8707 | test_loss: 0.7585 | test_acc: 0.7383 | 
Epoch: 34 | train_loss: 0.2838 | train_acc: 0.9073 | test_loss: 0.8112 | test_acc: 0.7383 | 
Epoch: 35 | train_loss: 0.2858 | train_acc: 0.8890 | test_loss: 1.0470 | test_acc: 0.6602 | 
Epoch: 36 | train_loss: 0.3499 | train_acc: 0.8739 | test_loss: 0.7891 | test_acc: 0.7578 | 
Epoch: 37 | train_loss: 0.3185 | train_acc: 0.8912 | test_loss: 1.0247 | test_acc: 0.7109 | 
Epoch: 38 | train_loss: 0.2898 | train_acc: 0.8847 | test_loss: 0.7915 | test_acc: 0.7773 | 
Epoch: 39 | train_loss: 0.3387 | train_acc: 0.8815 | test_loss: 0.8496 | test_acc: 0.7578 | 
Epoch: 40 | train_loss: 0.2808 | train_acc: 0.8966 | test_loss: 0.8621 | test_acc: 0.7500 | 
Epoch: 41 | train_loss: 0.1894 | train_acc: 0.9343 | test_loss: 0.8669 | test_acc: 0.7109 | 
Epoch: 42 | train_loss: 0.2125 | train_acc: 0.9095 | test_loss: 0.9167 | test_acc: 0.7266 | 
Epoch: 43 | train_loss: 0.2231 | train_acc: 0.9030 | test_loss: 0.9653 | test_acc: 0.7617 | 
Epoch: 44 | train_loss: 0.2656 | train_acc: 0.9041 | test_loss: 0.7369 | test_acc: 0.7578 | 
Epoch: 45 | train_loss: 0.2582 | train_acc: 0.8879 | test_loss: 0.8408 | test_acc: 0.7617 | 
Epoch: 46 | train_loss: 0.2189 | train_acc: 0.9310 | test_loss: 0.9950 | test_acc: 0.6992 | 
Epoch: 47 | train_loss: 0.2377 | train_acc: 0.9030 | test_loss: 1.1469 | test_acc: 0.7031 | 
Epoch: 48 | train_loss: 0.1998 | train_acc: 0.9494 | test_loss: 1.3221 | test_acc: 0.7031 | 
Epoch: 49 | train_loss: 0.3278 | train_acc: 0.8955 | test_loss: 1.0631 | test_acc: 0.6836 | 
Epoch: 50 | train_loss: 0.2867 | train_acc: 0.8922 | test_loss: 0.8045 | test_acc: 0.6797 | 
⏱️ Total training time: 109.175 seconds
📊 Bands [148, 137, 87] -> Fitness: 0.6797
Bands [151, 145, 91] found in history. Returning cached fitness.
Bands [151, 145, 91] found in history. Returning cached fitness.
Bands [151, 145, 91] found in history. Returning cached fitness.
Bands [151, 145, 91] found in history. Returning cached fitness.
Bands [150, 146, 91] found in history. Returning cached fitness.
Bands [150, 146, 91] found in history. Returning cached fitness.
Dataset initialized with pre-loaded data. Total samples: 897
Band indices for training dataloader: [144, 138, 86]
Dataset initialized with pre-loaded data. Total samples: 226
Band indices for test dataloader: [144, 138, 86]
🔍 Starting evaluation of individual [144, 138, 86]
Epoch: 1 | train_loss: 1.3624 | train_acc: 0.3265 | test_loss: 1.2728 | test_acc: 0.4609 | 
Epoch: 2 | train_loss: 1.2380 | train_acc: 0.4289 | test_loss: 1.2678 | test_acc: 0.5117 | 
Epoch: 3 | train_loss: 1.1857 | train_acc: 0.4612 | test_loss: 1.1304 | test_acc: 0.5195 | 
Epoch: 4 | train_loss: 1.0722 | train_acc: 0.5496 | test_loss: 1.0511 | test_acc: 0.5938 | 
Epoch: 5 | train_loss: 1.0317 | train_acc: 0.5560 | test_loss: 1.0238 | test_acc: 0.6250 | 
Epoch: 6 | train_loss: 0.9449 | train_acc: 0.5970 | test_loss: 1.2155 | test_acc: 0.5781 | 
Epoch: 7 | train_loss: 0.8823 | train_acc: 0.6584 | test_loss: 1.0040 | test_acc: 0.5938 | 
Epoch: 8 | train_loss: 0.8277 | train_acc: 0.6530 | test_loss: 1.0504 | test_acc: 0.6094 | 
Epoch: 9 | train_loss: 0.7653 | train_acc: 0.6853 | test_loss: 1.0699 | test_acc: 0.5977 | 
Epoch: 10 | train_loss: 0.6866 | train_acc: 0.7371 | test_loss: 0.9769 | test_acc: 0.6406 | 
Epoch: 11 | train_loss: 0.6789 | train_acc: 0.7468 | test_loss: 1.0039 | test_acc: 0.6328 | 
Epoch: 12 | train_loss: 0.7588 | train_acc: 0.7080 | test_loss: 1.0757 | test_acc: 0.5859 | 
Epoch: 13 | train_loss: 0.6399 | train_acc: 0.7349 | test_loss: 0.9567 | test_acc: 0.6797 | 
Epoch: 14 | train_loss: 0.5848 | train_acc: 0.7608 | test_loss: 0.8901 | test_acc: 0.6992 | 
Epoch: 15 | train_loss: 0.5026 | train_acc: 0.8050 | test_loss: 0.9216 | test_acc: 0.7070 | 
Epoch: 16 | train_loss: 0.6852 | train_acc: 0.7489 | test_loss: 0.7994 | test_acc: 0.6953 | 
Epoch: 17 | train_loss: 0.5521 | train_acc: 0.8006 | test_loss: 0.9771 | test_acc: 0.6914 | 
Epoch: 18 | train_loss: 0.4804 | train_acc: 0.8168 | test_loss: 0.8246 | test_acc: 0.7305 | 
Epoch: 19 | train_loss: 0.3907 | train_acc: 0.8739 | test_loss: 1.0080 | test_acc: 0.6797 | 
Epoch: 20 | train_loss: 0.4914 | train_acc: 0.8082 | test_loss: 0.8643 | test_acc: 0.6562 | 
Epoch: 21 | train_loss: 0.4617 | train_acc: 0.8405 | test_loss: 0.7855 | test_acc: 0.7344 | 
Epoch: 22 | train_loss: 0.4838 | train_acc: 0.8427 | test_loss: 0.9731 | test_acc: 0.7031 | 
Epoch: 23 | train_loss: 0.4278 | train_acc: 0.8341 | test_loss: 0.8756 | test_acc: 0.7148 | 
Epoch: 24 | train_loss: 0.3493 | train_acc: 0.8890 | test_loss: 0.8499 | test_acc: 0.7422 | 
Epoch: 25 | train_loss: 0.3878 | train_acc: 0.8524 | test_loss: 0.8147 | test_acc: 0.7148 | 
Epoch: 26 | train_loss: 0.3933 | train_acc: 0.8394 | test_loss: 0.7969 | test_acc: 0.7305 | 
Epoch: 27 | train_loss: 0.3905 | train_acc: 0.8459 | test_loss: 0.9853 | test_acc: 0.6797 | 
Epoch: 28 | train_loss: 0.3649 | train_acc: 0.8836 | test_loss: 0.7982 | test_acc: 0.7617 | 
Epoch: 29 | train_loss: 0.3572 | train_acc: 0.8513 | test_loss: 0.7693 | test_acc: 0.7383 | 
Epoch: 30 | train_loss: 0.3375 | train_acc: 0.8728 | test_loss: 0.8613 | test_acc: 0.6641 | 
Epoch: 31 | train_loss: 0.3345 | train_acc: 0.8793 | test_loss: 0.7409 | test_acc: 0.7422 | 
Epoch: 32 | train_loss: 0.2952 | train_acc: 0.9041 | test_loss: 0.8292 | test_acc: 0.7305 | 
Epoch: 33 | train_loss: 0.3127 | train_acc: 0.8664 | test_loss: 0.7449 | test_acc: 0.7695 | 
Epoch: 34 | train_loss: 0.2935 | train_acc: 0.9052 | test_loss: 0.8865 | test_acc: 0.7188 | 
Epoch: 35 | train_loss: 0.3514 | train_acc: 0.8718 | test_loss: 0.7990 | test_acc: 0.7578 | 
Epoch: 36 | train_loss: 0.3107 | train_acc: 0.8707 | test_loss: 0.7566 | test_acc: 0.7578 | 
Epoch: 37 | train_loss: 0.2449 | train_acc: 0.8955 | test_loss: 0.8482 | test_acc: 0.7500 | 
Epoch: 38 | train_loss: 0.3446 | train_acc: 0.8879 | test_loss: 0.9069 | test_acc: 0.7422 | 
Epoch: 39 | train_loss: 0.3127 | train_acc: 0.9073 | test_loss: 0.7204 | test_acc: 0.7539 | 
Epoch: 40 | train_loss: 0.2462 | train_acc: 0.8901 | test_loss: 0.9264 | test_acc: 0.7031 | 
Epoch: 41 | train_loss: 0.3245 | train_acc: 0.9095 | test_loss: 0.7686 | test_acc: 0.7812 | 
Epoch: 42 | train_loss: 0.2681 | train_acc: 0.8912 | test_loss: 0.6705 | test_acc: 0.8008 | 
Epoch: 43 | train_loss: 0.2179 | train_acc: 0.9321 | test_loss: 0.7966 | test_acc: 0.7695 | 
Epoch: 44 | train_loss: 0.2514 | train_acc: 0.9052 | test_loss: 0.7449 | test_acc: 0.7773 | 
Epoch: 45 | train_loss: 0.1941 | train_acc: 0.9321 | test_loss: 0.8473 | test_acc: 0.6992 | 
Epoch: 46 | train_loss: 0.2286 | train_acc: 0.9052 | test_loss: 0.8628 | test_acc: 0.7031 | 
Epoch: 47 | train_loss: 0.2259 | train_acc: 0.9138 | test_loss: 0.9022 | test_acc: 0.7656 | 
Epoch: 48 | train_loss: 0.2712 | train_acc: 0.9127 | test_loss: 0.9273 | test_acc: 0.6953 | 
Epoch: 49 | train_loss: 0.2274 | train_acc: 0.8998 | test_loss: 0.8498 | test_acc: 0.7422 | 
Epoch: 50 | train_loss: 0.2077 | train_acc: 0.9300 | test_loss: 0.7422 | test_acc: 0.7695 | 
⏱️ Total training time: 110.223 seconds
📊 Bands [144, 138, 86] -> Fitness: 0.7695
Dataset initialized with pre-loaded data. Total samples: 897
Band indices for training dataloader: [151, 157, 93]
Dataset initialized with pre-loaded data. Total samples: 226
Band indices for test dataloader: [151, 157, 93]
🔍 Starting evaluation of individual [151, 157, 93]
Epoch: 1 | train_loss: 1.3617 | train_acc: 0.3093 | test_loss: 1.3504 | test_acc: 0.3711 | 
Epoch: 2 | train_loss: 1.2674 | train_acc: 0.3901 | test_loss: 1.2746 | test_acc: 0.3984 | 
Epoch: 3 | train_loss: 1.1636 | train_acc: 0.4828 | test_loss: 1.4379 | test_acc: 0.4023 | 
Epoch: 4 | train_loss: 1.0456 | train_acc: 0.5614 | test_loss: 1.5237 | test_acc: 0.3750 | 
Epoch: 5 | train_loss: 1.0366 | train_acc: 0.5981 | test_loss: 1.0953 | test_acc: 0.6016 | 
Epoch: 6 | train_loss: 0.8933 | train_acc: 0.6724 | test_loss: 1.2206 | test_acc: 0.4688 | 
Epoch: 7 | train_loss: 0.8687 | train_acc: 0.6724 | test_loss: 1.0008 | test_acc: 0.5820 | 
Epoch: 8 | train_loss: 0.8083 | train_acc: 0.6789 | test_loss: 1.0571 | test_acc: 0.5977 | 
Epoch: 9 | train_loss: 0.7402 | train_acc: 0.6950 | test_loss: 0.9172 | test_acc: 0.6680 | 
Epoch: 10 | train_loss: 0.7325 | train_acc: 0.7188 | test_loss: 0.8838 | test_acc: 0.6289 | 
Epoch: 11 | train_loss: 0.6442 | train_acc: 0.7328 | test_loss: 0.9257 | test_acc: 0.6758 | 
Epoch: 12 | train_loss: 0.6351 | train_acc: 0.7381 | test_loss: 0.8570 | test_acc: 0.6992 | 
Epoch: 13 | train_loss: 0.6082 | train_acc: 0.7705 | test_loss: 0.9719 | test_acc: 0.6016 | 
Epoch: 14 | train_loss: 0.5445 | train_acc: 0.8136 | test_loss: 1.0348 | test_acc: 0.6016 | 
Epoch: 15 | train_loss: 0.5373 | train_acc: 0.7953 | test_loss: 1.0426 | test_acc: 0.6602 | 
Epoch: 16 | train_loss: 0.4825 | train_acc: 0.8287 | test_loss: 0.8152 | test_acc: 0.6914 | 
Epoch: 17 | train_loss: 0.5040 | train_acc: 0.7974 | test_loss: 0.8659 | test_acc: 0.7109 | 
Epoch: 18 | train_loss: 0.4521 | train_acc: 0.8265 | test_loss: 1.0977 | test_acc: 0.6680 | 
Epoch: 19 | train_loss: 0.4449 | train_acc: 0.8502 | test_loss: 0.6974 | test_acc: 0.7539 | 
Epoch: 20 | train_loss: 0.4527 | train_acc: 0.8341 | test_loss: 0.8729 | test_acc: 0.6875 | 
Epoch: 21 | train_loss: 0.4372 | train_acc: 0.8642 | test_loss: 0.8929 | test_acc: 0.6797 | 
Epoch: 22 | train_loss: 0.3358 | train_acc: 0.8912 | test_loss: 1.0032 | test_acc: 0.6680 | 
Epoch: 23 | train_loss: 0.4619 | train_acc: 0.8556 | test_loss: 1.2802 | test_acc: 0.6172 | 
Epoch: 24 | train_loss: 0.5103 | train_acc: 0.8060 | test_loss: 0.7678 | test_acc: 0.7227 | 
Epoch: 25 | train_loss: 0.4016 | train_acc: 0.8438 | test_loss: 0.7953 | test_acc: 0.7070 | 
Epoch: 26 | train_loss: 0.4116 | train_acc: 0.8578 | test_loss: 0.9186 | test_acc: 0.6914 | 
Epoch: 27 | train_loss: 0.3918 | train_acc: 0.8545 | test_loss: 0.9138 | test_acc: 0.6992 | 
Epoch: 28 | train_loss: 0.3575 | train_acc: 0.8502 | test_loss: 0.8291 | test_acc: 0.7266 | 
Epoch: 29 | train_loss: 0.3354 | train_acc: 0.8534 | test_loss: 0.7411 | test_acc: 0.7539 | 
Epoch: 30 | train_loss: 0.3226 | train_acc: 0.8879 | test_loss: 0.9136 | test_acc: 0.6797 | 
Epoch: 31 | train_loss: 0.3284 | train_acc: 0.8772 | test_loss: 0.8119 | test_acc: 0.7070 | 
Epoch: 32 | train_loss: 0.3423 | train_acc: 0.8642 | test_loss: 0.9399 | test_acc: 0.6328 | 
Epoch: 33 | train_loss: 0.4188 | train_acc: 0.8513 | test_loss: 0.7714 | test_acc: 0.6797 | 
Epoch: 34 | train_loss: 0.3186 | train_acc: 0.8772 | test_loss: 0.7775 | test_acc: 0.7109 | 
Epoch: 35 | train_loss: 0.2753 | train_acc: 0.8955 | test_loss: 0.8444 | test_acc: 0.7031 | 
Epoch: 36 | train_loss: 0.3166 | train_acc: 0.8922 | test_loss: 0.8826 | test_acc: 0.6758 | 
Epoch: 37 | train_loss: 0.2236 | train_acc: 0.9321 | test_loss: 1.2089 | test_acc: 0.6719 | 
Epoch: 38 | train_loss: 0.3143 | train_acc: 0.8847 | test_loss: 1.0426 | test_acc: 0.7148 | 
Epoch: 39 | train_loss: 0.2503 | train_acc: 0.9084 | test_loss: 0.7097 | test_acc: 0.7656 | 
Epoch: 40 | train_loss: 0.2072 | train_acc: 0.9440 | test_loss: 1.0207 | test_acc: 0.6914 | 
Epoch: 41 | train_loss: 0.2800 | train_acc: 0.9062 | test_loss: 0.8568 | test_acc: 0.6758 | 
Epoch: 42 | train_loss: 0.2156 | train_acc: 0.9267 | test_loss: 0.8241 | test_acc: 0.7070 | 
Epoch: 43 | train_loss: 0.1795 | train_acc: 0.9418 | test_loss: 0.9067 | test_acc: 0.6953 | 
Epoch: 44 | train_loss: 0.2120 | train_acc: 0.9407 | test_loss: 0.7593 | test_acc: 0.7695 | 
Epoch: 45 | train_loss: 0.3080 | train_acc: 0.9009 | test_loss: 0.7915 | test_acc: 0.7578 | 
Epoch: 46 | train_loss: 0.2403 | train_acc: 0.9159 | test_loss: 0.8529 | test_acc: 0.6836 | 
Epoch: 47 | train_loss: 0.2104 | train_acc: 0.9084 | test_loss: 1.1396 | test_acc: 0.6758 | 
Epoch: 48 | train_loss: 0.2472 | train_acc: 0.8998 | test_loss: 0.8398 | test_acc: 0.7227 | 
Epoch: 49 | train_loss: 0.2274 | train_acc: 0.9192 | test_loss: 0.7699 | test_acc: 0.7812 | 
Epoch: 50 | train_loss: 0.1932 | train_acc: 0.9181 | test_loss: 0.6833 | test_acc: 0.8008 | 
⏱️ Total training time: 112.867 seconds
📊 Bands [151, 157, 93] -> Fitness: 0.8008
6  	12    	0.792578	0.0299765	0.679688	0.804688	Individual('h', [161, 174, 112])
Bands [151, 145, 91] found in history. Returning cached fitness.
Dataset initialized with pre-loaded data. Total samples: 897
Band indices for training dataloader: [151, 146, 91]
Dataset initialized with pre-loaded data. Total samples: 226
Band indices for test dataloader: [151, 146, 91]
🔍 Starting evaluation of individual [151, 146, 91]
Epoch: 1 | train_loss: 1.3523 | train_acc: 0.3427 | test_loss: 1.2962 | test_acc: 0.3789 | 
Epoch: 2 | train_loss: 1.2427 | train_acc: 0.4203 | test_loss: 1.2291 | test_acc: 0.4453 | 
Epoch: 3 | train_loss: 1.1156 | train_acc: 0.5485 | test_loss: 1.2067 | test_acc: 0.4844 | 
Epoch: 4 | train_loss: 1.0341 | train_acc: 0.5744 | test_loss: 1.1213 | test_acc: 0.5469 | 
Epoch: 5 | train_loss: 1.0178 | train_acc: 0.5916 | test_loss: 1.1749 | test_acc: 0.5586 | 
Epoch: 6 | train_loss: 0.9558 | train_acc: 0.5894 | test_loss: 1.0574 | test_acc: 0.6016 | 
Epoch: 7 | train_loss: 0.8653 | train_acc: 0.6724 | test_loss: 0.9539 | test_acc: 0.6133 | 
Epoch: 8 | train_loss: 0.7798 | train_acc: 0.6659 | test_loss: 1.1109 | test_acc: 0.6094 | 
Epoch: 9 | train_loss: 0.7135 | train_acc: 0.7026 | test_loss: 1.0006 | test_acc: 0.6328 | 
Epoch: 10 | train_loss: 0.6643 | train_acc: 0.7381 | test_loss: 1.2284 | test_acc: 0.5664 | 
Epoch: 11 | train_loss: 0.6814 | train_acc: 0.7500 | test_loss: 0.9321 | test_acc: 0.6328 | 
Epoch: 12 | train_loss: 0.5840 | train_acc: 0.7802 | test_loss: 1.1154 | test_acc: 0.6289 | 
Epoch: 13 | train_loss: 0.6221 | train_acc: 0.7522 | test_loss: 1.3273 | test_acc: 0.5664 | 
Epoch: 14 | train_loss: 0.5718 | train_acc: 0.7478 | test_loss: 0.8866 | test_acc: 0.6445 | 
Epoch: 15 | train_loss: 0.5589 | train_acc: 0.7748 | test_loss: 0.7992 | test_acc: 0.6680 | 
Epoch: 16 | train_loss: 0.5202 | train_acc: 0.7845 | test_loss: 0.8463 | test_acc: 0.7227 | 
Epoch: 17 | train_loss: 0.5138 | train_acc: 0.7920 | test_loss: 0.8823 | test_acc: 0.7227 | 
Epoch: 18 | train_loss: 0.5159 | train_acc: 0.8136 | test_loss: 0.8741 | test_acc: 0.7188 | 
Epoch: 19 | train_loss: 0.4529 | train_acc: 0.8071 | test_loss: 0.8039 | test_acc: 0.6562 | 
Epoch: 20 | train_loss: 0.4982 | train_acc: 0.8157 | test_loss: 0.7290 | test_acc: 0.7500 | 
Epoch: 21 | train_loss: 0.4155 | train_acc: 0.8341 | test_loss: 0.7335 | test_acc: 0.7344 | 
Epoch: 22 | train_loss: 0.3818 | train_acc: 0.8438 | test_loss: 0.8142 | test_acc: 0.7422 | 
Epoch: 23 | train_loss: 0.4315 | train_acc: 0.8179 | test_loss: 0.9075 | test_acc: 0.7031 | 
Epoch: 24 | train_loss: 0.3610 | train_acc: 0.8470 | test_loss: 0.7562 | test_acc: 0.7539 | 
Epoch: 25 | train_loss: 0.4001 | train_acc: 0.8405 | test_loss: 0.8964 | test_acc: 0.7422 | 
Epoch: 26 | train_loss: 0.4393 | train_acc: 0.8373 | test_loss: 0.7680 | test_acc: 0.7344 | 
Epoch: 27 | train_loss: 0.4600 | train_acc: 0.8362 | test_loss: 0.7041 | test_acc: 0.7539 | 
Epoch: 28 | train_loss: 0.2857 | train_acc: 0.9106 | test_loss: 0.8927 | test_acc: 0.6523 | 
Epoch: 29 | train_loss: 0.3770 | train_acc: 0.8642 | test_loss: 0.7784 | test_acc: 0.7383 | 
Epoch: 30 | train_loss: 0.3273 | train_acc: 0.8890 | test_loss: 0.8513 | test_acc: 0.6758 | 
Epoch: 31 | train_loss: 0.3239 | train_acc: 0.8772 | test_loss: 0.6833 | test_acc: 0.7695 | 
Epoch: 32 | train_loss: 0.2836 | train_acc: 0.9127 | test_loss: 0.7510 | test_acc: 0.7773 | 
Epoch: 33 | train_loss: 0.4148 | train_acc: 0.8728 | test_loss: 0.6570 | test_acc: 0.7891 | 
Epoch: 34 | train_loss: 0.3036 | train_acc: 0.8664 | test_loss: 0.8278 | test_acc: 0.7422 | 
Epoch: 35 | train_loss: 0.3053 | train_acc: 0.8825 | test_loss: 0.6869 | test_acc: 0.7734 | 
Epoch: 36 | train_loss: 0.3738 | train_acc: 0.8728 | test_loss: 0.8071 | test_acc: 0.7305 | 
Epoch: 37 | train_loss: 0.3095 | train_acc: 0.8804 | test_loss: 0.6698 | test_acc: 0.7617 | 
Epoch: 38 | train_loss: 0.2917 | train_acc: 0.8847 | test_loss: 0.7452 | test_acc: 0.7266 | 
Epoch: 39 | train_loss: 0.3081 | train_acc: 0.8922 | test_loss: 0.7164 | test_acc: 0.7695 | 
Epoch: 40 | train_loss: 0.2479 | train_acc: 0.9073 | test_loss: 0.6255 | test_acc: 0.7812 | 
Epoch: 41 | train_loss: 0.3056 | train_acc: 0.8782 | test_loss: 0.8098 | test_acc: 0.7305 | 
Epoch: 42 | train_loss: 0.2709 | train_acc: 0.8987 | test_loss: 0.6906 | test_acc: 0.7734 | 
Epoch: 43 | train_loss: 0.3770 | train_acc: 0.8793 | test_loss: 0.6676 | test_acc: 0.7617 | 
Epoch: 44 | train_loss: 0.2762 | train_acc: 0.8761 | test_loss: 0.7936 | test_acc: 0.7500 | 
Epoch: 45 | train_loss: 0.2759 | train_acc: 0.8922 | test_loss: 0.6653 | test_acc: 0.7812 | 
Epoch: 46 | train_loss: 0.2138 | train_acc: 0.9300 | test_loss: 0.6824 | test_acc: 0.7812 | 
Epoch: 47 | train_loss: 0.2034 | train_acc: 0.9030 | test_loss: 0.6681 | test_acc: 0.7695 | 
Epoch: 48 | train_loss: 0.2648 | train_acc: 0.8879 | test_loss: 0.6144 | test_acc: 0.7930 | 
Epoch: 49 | train_loss: 0.2830 | train_acc: 0.8890 | test_loss: 0.6387 | test_acc: 0.7852 | 
Epoch: 50 | train_loss: 0.2536 | train_acc: 0.8933 | test_loss: 0.6657 | test_acc: 0.7969 | 
⏱️ Total training time: 107.928 seconds
📊 Bands [151, 146, 91] -> Fitness: 0.7969
Dataset initialized with pre-loaded data. Total samples: 897
Band indices for training dataloader: [149, 144, 91]
Dataset initialized with pre-loaded data. Total samples: 226
Band indices for test dataloader: [149, 144, 91]
🔍 Starting evaluation of individual [149, 144, 91]
Epoch: 1 | train_loss: 1.3756 | train_acc: 0.3017 | test_loss: 1.2806 | test_acc: 0.4727 | 
Epoch: 2 | train_loss: 1.2694 | train_acc: 0.4203 | test_loss: 1.1465 | test_acc: 0.5703 | 
Epoch: 3 | train_loss: 1.1831 | train_acc: 0.4784 | test_loss: 1.0804 | test_acc: 0.5547 | 
Epoch: 4 | train_loss: 1.0953 | train_acc: 0.5345 | test_loss: 1.0328 | test_acc: 0.5664 | 
Epoch: 5 | train_loss: 1.0267 | train_acc: 0.5668 | test_loss: 1.0301 | test_acc: 0.5664 | 
Epoch: 6 | train_loss: 0.9393 | train_acc: 0.6433 | test_loss: 0.9617 | test_acc: 0.6094 | 
Epoch: 7 | train_loss: 0.8270 | train_acc: 0.6444 | test_loss: 0.9380 | test_acc: 0.6094 | 
Epoch: 8 | train_loss: 0.7837 | train_acc: 0.6843 | test_loss: 0.9568 | test_acc: 0.6797 | 
Epoch: 9 | train_loss: 0.7791 | train_acc: 0.6843 | test_loss: 1.0344 | test_acc: 0.6133 | 
Epoch: 10 | train_loss: 0.7167 | train_acc: 0.7015 | test_loss: 1.0188 | test_acc: 0.6523 | 
Epoch: 11 | train_loss: 0.6619 | train_acc: 0.7522 | test_loss: 1.1745 | test_acc: 0.6367 | 
Epoch: 12 | train_loss: 0.6821 | train_acc: 0.7575 | test_loss: 0.8818 | test_acc: 0.6797 | 
Epoch: 13 | train_loss: 0.7008 | train_acc: 0.7349 | test_loss: 0.7947 | test_acc: 0.7148 | 
Epoch: 14 | train_loss: 0.5449 | train_acc: 0.8093 | test_loss: 1.0277 | test_acc: 0.6172 | 
Epoch: 15 | train_loss: 0.5841 | train_acc: 0.7608 | test_loss: 0.8315 | test_acc: 0.6719 | 
Epoch: 16 | train_loss: 0.5401 | train_acc: 0.7963 | test_loss: 0.8244 | test_acc: 0.6680 | 
Epoch: 17 | train_loss: 0.5177 | train_acc: 0.7963 | test_loss: 0.8218 | test_acc: 0.7109 | 
Epoch: 18 | train_loss: 0.4778 | train_acc: 0.8394 | test_loss: 0.8456 | test_acc: 0.7031 | 
Epoch: 19 | train_loss: 0.4652 | train_acc: 0.8179 | test_loss: 0.7749 | test_acc: 0.7266 | 
Epoch: 20 | train_loss: 0.4386 | train_acc: 0.8254 | test_loss: 0.6922 | test_acc: 0.7578 | 
Epoch: 21 | train_loss: 0.4381 | train_acc: 0.8384 | test_loss: 0.8500 | test_acc: 0.6562 | 
Epoch: 22 | train_loss: 0.4667 | train_acc: 0.8136 | test_loss: 0.7572 | test_acc: 0.7422 | 
Epoch: 23 | train_loss: 0.3742 | train_acc: 0.8772 | test_loss: 0.9577 | test_acc: 0.7305 | 
Epoch: 24 | train_loss: 0.4413 | train_acc: 0.8373 | test_loss: 0.7789 | test_acc: 0.7500 | 
Epoch: 25 | train_loss: 0.3298 | train_acc: 0.8836 | test_loss: 0.7918 | test_acc: 0.7227 | 
Epoch: 26 | train_loss: 0.3675 | train_acc: 0.8470 | test_loss: 0.8053 | test_acc: 0.7188 | 
Epoch: 27 | train_loss: 0.3509 | train_acc: 0.8524 | test_loss: 0.8055 | test_acc: 0.7578 | 
Epoch: 28 | train_loss: 0.4855 | train_acc: 0.8427 | test_loss: 0.7039 | test_acc: 0.7656 | 
Epoch: 29 | train_loss: 0.4342 | train_acc: 0.8341 | test_loss: 0.6835 | test_acc: 0.7969 | 
Epoch: 30 | train_loss: 0.3081 | train_acc: 0.8653 | test_loss: 0.6883 | test_acc: 0.7695 | 
Epoch: 31 | train_loss: 0.2678 | train_acc: 0.9149 | test_loss: 0.8225 | test_acc: 0.7656 | 
Epoch: 32 | train_loss: 0.2964 | train_acc: 0.8685 | test_loss: 0.7606 | test_acc: 0.7344 | 
Epoch: 33 | train_loss: 0.3108 | train_acc: 0.8815 | test_loss: 0.7707 | test_acc: 0.7695 | 
Epoch: 34 | train_loss: 0.2941 | train_acc: 0.9116 | test_loss: 0.7130 | test_acc: 0.7812 | 
Epoch: 35 | train_loss: 0.3291 | train_acc: 0.8836 | test_loss: 0.8216 | test_acc: 0.7578 | 
Epoch: 36 | train_loss: 0.2662 | train_acc: 0.9159 | test_loss: 0.8231 | test_acc: 0.7266 | 
Epoch: 37 | train_loss: 0.2819 | train_acc: 0.8922 | test_loss: 0.7878 | test_acc: 0.7422 | 
Epoch: 38 | train_loss: 0.2369 | train_acc: 0.9192 | test_loss: 0.7576 | test_acc: 0.7773 | 
Epoch: 39 | train_loss: 0.2025 | train_acc: 0.9310 | test_loss: 0.8185 | test_acc: 0.7695 | 
Epoch: 40 | train_loss: 0.2201 | train_acc: 0.9019 | test_loss: 0.7644 | test_acc: 0.7578 | 
Epoch: 41 | train_loss: 0.2655 | train_acc: 0.9138 | test_loss: 0.7784 | test_acc: 0.7500 | 
Epoch: 42 | train_loss: 0.5838 | train_acc: 0.8976 | test_loss: 0.7143 | test_acc: 0.7578 | 
Epoch: 43 | train_loss: 0.3283 | train_acc: 0.8761 | test_loss: 0.8149 | test_acc: 0.7227 | 
Epoch: 44 | train_loss: 0.2935 | train_acc: 0.8966 | test_loss: 0.8476 | test_acc: 0.7812 | 
Epoch: 45 | train_loss: 0.3680 | train_acc: 0.8621 | test_loss: 0.9458 | test_acc: 0.7617 | 
Epoch: 46 | train_loss: 0.3552 | train_acc: 0.8664 | test_loss: 0.7331 | test_acc: 0.7617 | 
Epoch: 47 | train_loss: 0.2829 | train_acc: 0.8836 | test_loss: 0.8654 | test_acc: 0.7578 | 
Epoch: 48 | train_loss: 0.2114 | train_acc: 0.9364 | test_loss: 0.7819 | test_acc: 0.8164 | 
Epoch: 49 | train_loss: 0.2178 | train_acc: 0.9353 | test_loss: 0.7151 | test_acc: 0.7891 | 
Epoch: 50 | train_loss: 0.2720 | train_acc: 0.9019 | test_loss: 0.8101 | test_acc: 0.7734 | 
⏱️ Total training time: 111.733 seconds
📊 Bands [149, 144, 91] -> Fitness: 0.7734
Dataset initialized with pre-loaded data. Total samples: 897
Band indices for training dataloader: [149, 145, 91]
Dataset initialized with pre-loaded data. Total samples: 226
Band indices for test dataloader: [149, 145, 91]
🔍 Starting evaluation of individual [149, 145, 91]
Epoch: 1 | train_loss: 1.3742 | train_acc: 0.3200 | test_loss: 1.3255 | test_acc: 0.3594 | 
Epoch: 2 | train_loss: 1.2571 | train_acc: 0.4159 | test_loss: 1.2328 | test_acc: 0.4961 | 
Epoch: 3 | train_loss: 1.1681 | train_acc: 0.4838 | test_loss: 1.1189 | test_acc: 0.5312 | 
Epoch: 4 | train_loss: 1.1348 | train_acc: 0.4957 | test_loss: 1.2126 | test_acc: 0.4961 | 
Epoch: 5 | train_loss: 1.0238 | train_acc: 0.5841 | test_loss: 1.2708 | test_acc: 0.4766 | 
Epoch: 6 | train_loss: 0.9112 | train_acc: 0.6455 | test_loss: 1.9328 | test_acc: 0.4180 | 
Epoch: 7 | train_loss: 0.8668 | train_acc: 0.6832 | test_loss: 1.1727 | test_acc: 0.5117 | 
Epoch: 8 | train_loss: 0.8405 | train_acc: 0.6422 | test_loss: 1.0991 | test_acc: 0.5703 | 
Epoch: 9 | train_loss: 0.7948 | train_acc: 0.6800 | test_loss: 0.9002 | test_acc: 0.6289 | 
Epoch: 10 | train_loss: 0.7411 | train_acc: 0.7015 | test_loss: 0.8897 | test_acc: 0.6250 | 
Epoch: 11 | train_loss: 0.6644 | train_acc: 0.7619 | test_loss: 0.8759 | test_acc: 0.6797 | 
Epoch: 12 | train_loss: 0.6898 | train_acc: 0.7317 | test_loss: 0.7936 | test_acc: 0.6992 | 
Epoch: 13 | train_loss: 0.5356 | train_acc: 0.7931 | test_loss: 0.8613 | test_acc: 0.6719 | 
Epoch: 14 | train_loss: 0.6029 | train_acc: 0.7608 | test_loss: 1.2229 | test_acc: 0.5898 | 
Epoch: 15 | train_loss: 0.5298 | train_acc: 0.8039 | test_loss: 0.7781 | test_acc: 0.7031 | 
Epoch: 16 | train_loss: 0.4695 | train_acc: 0.8276 | test_loss: 0.8874 | test_acc: 0.6445 | 
Epoch: 17 | train_loss: 0.4649 | train_acc: 0.8222 | test_loss: 0.7608 | test_acc: 0.7383 | 
Epoch: 18 | train_loss: 0.4572 | train_acc: 0.8071 | test_loss: 0.7913 | test_acc: 0.7344 | 
Epoch: 19 | train_loss: 0.4550 | train_acc: 0.8481 | test_loss: 0.6490 | test_acc: 0.7812 | 
Epoch: 20 | train_loss: 0.5089 | train_acc: 0.8308 | test_loss: 0.7614 | test_acc: 0.7227 | 
Epoch: 21 | train_loss: 0.4298 | train_acc: 0.8254 | test_loss: 0.6384 | test_acc: 0.7578 | 
Epoch: 22 | train_loss: 0.3707 | train_acc: 0.8739 | test_loss: 0.8042 | test_acc: 0.7344 | 
Epoch: 23 | train_loss: 0.3362 | train_acc: 0.8761 | test_loss: 0.7870 | test_acc: 0.6914 | 
Epoch: 24 | train_loss: 0.3641 | train_acc: 0.8513 | test_loss: 0.6434 | test_acc: 0.7617 | 
Epoch: 25 | train_loss: 0.3875 | train_acc: 0.8707 | test_loss: 0.6995 | test_acc: 0.6992 | 
Epoch: 26 | train_loss: 0.4105 | train_acc: 0.8534 | test_loss: 0.7126 | test_acc: 0.7148 | 
Epoch: 27 | train_loss: 0.3600 | train_acc: 0.8664 | test_loss: 0.6848 | test_acc: 0.7383 | 
Epoch: 28 | train_loss: 0.4144 | train_acc: 0.8707 | test_loss: 0.7638 | test_acc: 0.7617 | 
Epoch: 29 | train_loss: 0.2991 | train_acc: 0.8987 | test_loss: 0.6422 | test_acc: 0.7930 | 
Epoch: 30 | train_loss: 0.2742 | train_acc: 0.9019 | test_loss: 0.6674 | test_acc: 0.7773 | 
Epoch: 31 | train_loss: 0.3009 | train_acc: 0.8685 | test_loss: 0.8806 | test_acc: 0.7266 | 
Epoch: 32 | train_loss: 0.3223 | train_acc: 0.8772 | test_loss: 0.7228 | test_acc: 0.7461 | 
Epoch: 33 | train_loss: 0.2509 | train_acc: 0.9159 | test_loss: 0.7107 | test_acc: 0.7852 | 
Epoch: 34 | train_loss: 0.3240 | train_acc: 0.8879 | test_loss: 0.7777 | test_acc: 0.7734 | 
Epoch: 35 | train_loss: 0.3215 | train_acc: 0.8718 | test_loss: 0.6924 | test_acc: 0.7773 | 
Epoch: 36 | train_loss: 0.2968 | train_acc: 0.8944 | test_loss: 0.7983 | test_acc: 0.7656 | 
Epoch: 37 | train_loss: 0.2506 | train_acc: 0.9267 | test_loss: 0.7138 | test_acc: 0.7695 | 
Epoch: 38 | train_loss: 0.2506 | train_acc: 0.8901 | test_loss: 0.8057 | test_acc: 0.7812 | 
Epoch: 39 | train_loss: 0.2477 | train_acc: 0.8815 | test_loss: 0.8105 | test_acc: 0.7070 | 
Epoch: 40 | train_loss: 0.2287 | train_acc: 0.9170 | test_loss: 0.7057 | test_acc: 0.7930 | 
Epoch: 41 | train_loss: 0.2781 | train_acc: 0.8869 | test_loss: 0.7440 | test_acc: 0.7656 | 
Epoch: 42 | train_loss: 0.2366 | train_acc: 0.9073 | test_loss: 0.8695 | test_acc: 0.7578 | 
Epoch: 43 | train_loss: 0.2363 | train_acc: 0.9353 | test_loss: 0.7951 | test_acc: 0.7500 | 
Epoch: 44 | train_loss: 0.2307 | train_acc: 0.8869 | test_loss: 0.7330 | test_acc: 0.7969 | 
Epoch: 45 | train_loss: 0.2132 | train_acc: 0.9332 | test_loss: 0.8364 | test_acc: 0.7539 | 
Epoch: 46 | train_loss: 0.3847 | train_acc: 0.9009 | test_loss: 0.8524 | test_acc: 0.7383 | 
Epoch: 47 | train_loss: 0.3567 | train_acc: 0.8664 | test_loss: 0.8914 | test_acc: 0.6953 | 
Epoch: 48 | train_loss: 0.2340 | train_acc: 0.9009 | test_loss: 0.7695 | test_acc: 0.6992 | 
Epoch: 49 | train_loss: 0.1841 | train_acc: 0.9397 | test_loss: 0.8764 | test_acc: 0.7695 | 
Epoch: 50 | train_loss: 0.3007 | train_acc: 0.9073 | test_loss: 1.0875 | test_acc: 0.6914 | 
⏱️ Total training time: 105.969 seconds
📊 Bands [149, 145, 91] -> Fitness: 0.6914
Bands [151, 145, 91] found in history. Returning cached fitness.
Dataset initialized with pre-loaded data. Total samples: 897
Band indices for training dataloader: [149, 146, 91]
Dataset initialized with pre-loaded data. Total samples: 226
Band indices for test dataloader: [149, 146, 91]
🔍 Starting evaluation of individual [149, 146, 91]
Epoch: 1 | train_loss: 1.3701 | train_acc: 0.3319 | test_loss: 1.3585 | test_acc: 0.3672 | 
Epoch: 2 | train_loss: 1.2776 | train_acc: 0.3998 | test_loss: 1.4782 | test_acc: 0.4570 | 
Epoch: 3 | train_loss: 1.1952 | train_acc: 0.4731 | test_loss: 1.4358 | test_acc: 0.4688 | 
Epoch: 4 | train_loss: 1.1328 | train_acc: 0.5442 | test_loss: 1.0986 | test_acc: 0.5039 | 
Epoch: 5 | train_loss: 0.9878 | train_acc: 0.5765 | test_loss: 1.0858 | test_acc: 0.5703 | 
Epoch: 6 | train_loss: 0.9593 | train_acc: 0.5927 | test_loss: 0.9743 | test_acc: 0.5898 | 
Epoch: 7 | train_loss: 0.9002 | train_acc: 0.6175 | test_loss: 1.0152 | test_acc: 0.5664 | 
Epoch: 8 | train_loss: 0.7975 | train_acc: 0.7144 | test_loss: 1.1746 | test_acc: 0.5859 | 
Epoch: 9 | train_loss: 0.8268 | train_acc: 0.6713 | test_loss: 1.1617 | test_acc: 0.5781 | 
Epoch: 10 | train_loss: 0.7427 | train_acc: 0.7058 | test_loss: 0.8908 | test_acc: 0.5898 | 
Epoch: 11 | train_loss: 0.7430 | train_acc: 0.7198 | test_loss: 0.9249 | test_acc: 0.6172 | 
Epoch: 12 | train_loss: 0.7474 | train_acc: 0.7101 | test_loss: 0.8345 | test_acc: 0.6992 | 
Epoch: 13 | train_loss: 0.6121 | train_acc: 0.7478 | test_loss: 0.8698 | test_acc: 0.6133 | 
Epoch: 14 | train_loss: 0.6382 | train_acc: 0.7489 | test_loss: 0.9064 | test_acc: 0.6211 | 
Epoch: 15 | train_loss: 0.5525 | train_acc: 0.7942 | test_loss: 0.7517 | test_acc: 0.7148 | 
Epoch: 16 | train_loss: 0.5588 | train_acc: 0.8028 | test_loss: 0.8316 | test_acc: 0.6484 | 
Epoch: 17 | train_loss: 0.5500 | train_acc: 0.7845 | test_loss: 0.7686 | test_acc: 0.7227 | 
Epoch: 18 | train_loss: 0.4587 | train_acc: 0.8384 | test_loss: 0.7220 | test_acc: 0.7461 | 
Epoch: 19 | train_loss: 0.4348 | train_acc: 0.8233 | test_loss: 0.7778 | test_acc: 0.7188 | 
Epoch: 20 | train_loss: 0.5262 | train_acc: 0.8082 | test_loss: 0.8249 | test_acc: 0.6836 | 
Epoch: 21 | train_loss: 0.3979 | train_acc: 0.8545 | test_loss: 0.8199 | test_acc: 0.7383 | 
Epoch: 22 | train_loss: 0.4420 | train_acc: 0.8330 | test_loss: 0.7585 | test_acc: 0.7031 | 
Epoch: 23 | train_loss: 0.3815 | train_acc: 0.8470 | test_loss: 0.7273 | test_acc: 0.7266 | 
Epoch: 24 | train_loss: 0.3944 | train_acc: 0.8513 | test_loss: 0.8862 | test_acc: 0.7227 | 
Epoch: 25 | train_loss: 0.3718 | train_acc: 0.8556 | test_loss: 0.9914 | test_acc: 0.6289 | 
Epoch: 26 | train_loss: 0.3674 | train_acc: 0.8761 | test_loss: 0.8122 | test_acc: 0.7227 | 
Epoch: 27 | train_loss: 0.3493 | train_acc: 0.8653 | test_loss: 0.8712 | test_acc: 0.7148 | 
Epoch: 28 | train_loss: 0.3668 | train_acc: 0.8825 | test_loss: 0.9493 | test_acc: 0.6875 | 
Epoch: 29 | train_loss: 0.3425 | train_acc: 0.8879 | test_loss: 0.7409 | test_acc: 0.7422 | 
Epoch: 30 | train_loss: 0.3234 | train_acc: 0.9073 | test_loss: 0.7929 | test_acc: 0.6992 | 
Epoch: 31 | train_loss: 0.3211 | train_acc: 0.8642 | test_loss: 0.8059 | test_acc: 0.7227 | 
Epoch: 32 | train_loss: 0.3411 | train_acc: 0.8707 | test_loss: 0.8954 | test_acc: 0.7148 | 
Epoch: 33 | train_loss: 0.2775 | train_acc: 0.9062 | test_loss: 0.7981 | test_acc: 0.7383 | 
Epoch: 34 | train_loss: 0.2804 | train_acc: 0.8879 | test_loss: 0.8273 | test_acc: 0.7461 | 
Epoch: 35 | train_loss: 0.2574 | train_acc: 0.9181 | test_loss: 0.8499 | test_acc: 0.7344 | 
Epoch: 36 | train_loss: 0.3397 | train_acc: 0.8739 | test_loss: 0.8240 | test_acc: 0.7305 | 
Epoch: 37 | train_loss: 0.2978 | train_acc: 0.9127 | test_loss: 0.6871 | test_acc: 0.7578 | 
Epoch: 38 | train_loss: 0.2617 | train_acc: 0.9095 | test_loss: 0.7360 | test_acc: 0.7383 | 
Epoch: 39 | train_loss: 0.2998 | train_acc: 0.8901 | test_loss: 0.7125 | test_acc: 0.7773 | 
Epoch: 40 | train_loss: 0.2498 | train_acc: 0.9256 | test_loss: 0.8236 | test_acc: 0.7500 | 
Epoch: 41 | train_loss: 0.2929 | train_acc: 0.8858 | test_loss: 0.9560 | test_acc: 0.7461 | 
Epoch: 42 | train_loss: 0.2549 | train_acc: 0.9116 | test_loss: 0.7836 | test_acc: 0.7266 | 
Epoch: 43 | train_loss: 0.2909 | train_acc: 0.8836 | test_loss: 0.8203 | test_acc: 0.7656 | 
Epoch: 44 | train_loss: 0.2553 | train_acc: 0.9203 | test_loss: 0.8804 | test_acc: 0.7344 | 
Epoch: 45 | train_loss: 0.2760 | train_acc: 0.8912 | test_loss: 0.6944 | test_acc: 0.7812 | 
Epoch: 46 | train_loss: 0.2938 | train_acc: 0.8933 | test_loss: 0.6854 | test_acc: 0.7734 | 
Epoch: 47 | train_loss: 0.1870 | train_acc: 0.9461 | test_loss: 0.6573 | test_acc: 0.7695 | 
Epoch: 48 | train_loss: 0.2067 | train_acc: 0.9106 | test_loss: 0.7283 | test_acc: 0.8008 | 
Epoch: 49 | train_loss: 0.4044 | train_acc: 0.8804 | test_loss: 0.8355 | test_acc: 0.7383 | 
Epoch: 50 | train_loss: 0.2402 | train_acc: 0.9289 | test_loss: 0.7947 | test_acc: 0.7695 | 
⏱️ Total training time: 104.443 seconds
📊 Bands [149, 146, 91] -> Fitness: 0.7695
Dataset initialized with pre-loaded data. Total samples: 897
Band indices for training dataloader: [151, 144, 91]
Dataset initialized with pre-loaded data. Total samples: 226
Band indices for test dataloader: [151, 144, 91]
🔍 Starting evaluation of individual [151, 144, 91]
Epoch: 1 | train_loss: 1.3704 | train_acc: 0.2953 | test_loss: 1.3659 | test_acc: 0.4102 | 
Epoch: 2 | train_loss: 1.2539 | train_acc: 0.4580 | test_loss: 1.2686 | test_acc: 0.3633 | 
Epoch: 3 | train_loss: 1.1630 | train_acc: 0.5022 | test_loss: 1.0705 | test_acc: 0.5117 | 
Epoch: 4 | train_loss: 1.0900 | train_acc: 0.5291 | test_loss: 1.1689 | test_acc: 0.5508 | 
Epoch: 5 | train_loss: 1.0054 | train_acc: 0.5399 | test_loss: 1.1857 | test_acc: 0.5195 | 
Epoch: 6 | train_loss: 0.8900 | train_acc: 0.6530 | test_loss: 1.0060 | test_acc: 0.6133 | 
Epoch: 7 | train_loss: 0.8392 | train_acc: 0.6681 | test_loss: 1.6207 | test_acc: 0.4570 | 
Epoch: 8 | train_loss: 0.8119 | train_acc: 0.6875 | test_loss: 1.2700 | test_acc: 0.5508 | 
Epoch: 9 | train_loss: 0.8034 | train_acc: 0.6681 | test_loss: 1.0030 | test_acc: 0.6094 | 
Epoch: 10 | train_loss: 0.6770 | train_acc: 0.7435 | test_loss: 0.9189 | test_acc: 0.6641 | 
Epoch: 11 | train_loss: 0.7476 | train_acc: 0.7080 | test_loss: 1.0244 | test_acc: 0.5781 | 
Epoch: 12 | train_loss: 0.6781 | train_acc: 0.7166 | test_loss: 0.9058 | test_acc: 0.6367 | 
Epoch: 13 | train_loss: 0.5786 | train_acc: 0.7920 | test_loss: 1.1306 | test_acc: 0.5586 | 
Epoch: 14 | train_loss: 0.5648 | train_acc: 0.7640 | test_loss: 0.9614 | test_acc: 0.6641 | 
Epoch: 15 | train_loss: 0.5612 | train_acc: 0.8125 | test_loss: 0.9794 | test_acc: 0.6484 | 
Epoch: 16 | train_loss: 0.5369 | train_acc: 0.8168 | test_loss: 0.8438 | test_acc: 0.6992 | 
Epoch: 17 | train_loss: 0.4755 | train_acc: 0.8244 | test_loss: 1.1326 | test_acc: 0.6328 | 
Epoch: 18 | train_loss: 0.4167 | train_acc: 0.8502 | test_loss: 0.9858 | test_acc: 0.6758 | 
Epoch: 19 | train_loss: 0.5372 | train_acc: 0.8103 | test_loss: 0.9507 | test_acc: 0.6484 | 
Epoch: 20 | train_loss: 0.4415 | train_acc: 0.8147 | test_loss: 1.0555 | test_acc: 0.6875 | 
Epoch: 21 | train_loss: 0.4295 | train_acc: 0.8297 | test_loss: 0.9436 | test_acc: 0.6914 | 
Epoch: 22 | train_loss: 0.4554 | train_acc: 0.8287 | test_loss: 0.8730 | test_acc: 0.7070 | 
Epoch: 23 | train_loss: 0.4141 | train_acc: 0.8631 | test_loss: 0.7999 | test_acc: 0.7148 | 
Epoch: 24 | train_loss: 0.3693 | train_acc: 0.8750 | test_loss: 0.9221 | test_acc: 0.6875 | 
Epoch: 25 | train_loss: 0.4117 | train_acc: 0.8610 | test_loss: 0.8199 | test_acc: 0.7500 | 
Epoch: 26 | train_loss: 0.2903 | train_acc: 0.9019 | test_loss: 0.9995 | test_acc: 0.6758 | 
Epoch: 27 | train_loss: 0.4424 | train_acc: 0.8502 | test_loss: 0.9481 | test_acc: 0.7266 | 
Epoch: 28 | train_loss: 0.3846 | train_acc: 0.8642 | test_loss: 0.7597 | test_acc: 0.7305 | 
Epoch: 29 | train_loss: 0.3442 | train_acc: 0.9030 | test_loss: 0.7255 | test_acc: 0.7617 | 
Epoch: 30 | train_loss: 0.2980 | train_acc: 0.8912 | test_loss: 0.8644 | test_acc: 0.7188 | 
Epoch: 31 | train_loss: 0.2811 | train_acc: 0.9116 | test_loss: 0.8010 | test_acc: 0.7539 | 
Epoch: 32 | train_loss: 0.3175 | train_acc: 0.8825 | test_loss: 0.8569 | test_acc: 0.7578 | 
Epoch: 33 | train_loss: 0.3440 | train_acc: 0.8685 | test_loss: 0.7265 | test_acc: 0.7539 | 
Epoch: 34 | train_loss: 0.3607 | train_acc: 0.8675 | test_loss: 0.7887 | test_acc: 0.7617 | 
Epoch: 35 | train_loss: 0.2976 | train_acc: 0.8782 | test_loss: 0.8656 | test_acc: 0.7656 | 
Epoch: 36 | train_loss: 0.2952 | train_acc: 0.9030 | test_loss: 0.8586 | test_acc: 0.6641 | 
Epoch: 37 | train_loss: 0.2612 | train_acc: 0.9041 | test_loss: 0.7209 | test_acc: 0.7812 | 
Epoch: 38 | train_loss: 0.2149 | train_acc: 0.9267 | test_loss: 0.7889 | test_acc: 0.7852 | 
Epoch: 39 | train_loss: 0.1919 | train_acc: 0.9310 | test_loss: 0.8112 | test_acc: 0.7852 | 
Epoch: 40 | train_loss: 0.3001 | train_acc: 0.8976 | test_loss: 0.6973 | test_acc: 0.7773 | 
Epoch: 41 | train_loss: 0.2675 | train_acc: 0.8847 | test_loss: 0.7737 | test_acc: 0.7891 | 
Epoch: 42 | train_loss: 0.3468 | train_acc: 0.8815 | test_loss: 0.8406 | test_acc: 0.7617 | 
Epoch: 43 | train_loss: 0.2149 | train_acc: 0.9246 | test_loss: 0.7493 | test_acc: 0.7812 | 
Epoch: 44 | train_loss: 0.2146 | train_acc: 0.9386 | test_loss: 0.7426 | test_acc: 0.7930 | 
Epoch: 45 | train_loss: 0.3067 | train_acc: 0.8944 | test_loss: 0.8705 | test_acc: 0.7422 | 
Epoch: 46 | train_loss: 0.3044 | train_acc: 0.8987 | test_loss: 0.8306 | test_acc: 0.7852 | 
Epoch: 47 | train_loss: 0.2553 | train_acc: 0.8890 | test_loss: 0.8184 | test_acc: 0.7773 | 
Epoch: 48 | train_loss: 0.2786 | train_acc: 0.9127 | test_loss: 0.7791 | test_acc: 0.7852 | 
Epoch: 49 | train_loss: 0.2797 | train_acc: 0.9062 | test_loss: 0.9009 | test_acc: 0.7578 | 
Epoch: 50 | train_loss: 0.2838 | train_acc: 0.9030 | test_loss: 0.8011 | test_acc: 0.7656 | 
⏱️ Total training time: 110.455 seconds
📊 Bands [151, 144, 91] -> Fitness: 0.7656
Bands [150, 146, 91] found in history. Returning cached fitness.
Bands [150, 146, 91] found in history. Returning cached fitness.
Bands [150, 146, 91] found in history. Returning cached fitness.
Bands [150, 146, 91] found in history. Returning cached fitness.
Bands [151, 145, 91] found in history. Returning cached fitness.
Bands [151, 145, 91] found in history. Returning cached fitness.
Bands [151, 145, 91] found in history. Returning cached fitness.
Bands [151, 145, 91] found in history. Returning cached fitness.
Bands [150, 146, 91] found in history. Returning cached fitness.
Bands [150, 146, 91] found in history. Returning cached fitness.
7  	17    	0.793359	0.0265194	0.691406	0.804688	Individual('h', [161, 174, 112])
Bands [150, 144, 91] found in history. Returning cached fitness.
Bands [150, 146, 91] found in history. Returning cached fitness.
Bands [150, 146, 91] found in history. Returning cached fitness.
Bands [150, 146, 91] found in history. Returning cached fitness.
Bands [150, 146, 91] found in history. Returning cached fitness.
Bands [150, 146, 91] found in history. Returning cached fitness.
Bands [149, 145, 91] found in history. Returning cached fitness.
Bands [151, 145, 91] found in history. Returning cached fitness.
Bands [149, 144, 91] found in history. Returning cached fitness.
Bands [151, 146, 91] found in history. Returning cached fitness.
Bands [151, 145, 91] found in history. Returning cached fitness.
Bands [151, 145, 91] found in history. Returning cached fitness.
Bands [151, 145, 91] found in history. Returning cached fitness.
Bands [151, 145, 91] found in history. Returning cached fitness.
Bands [150, 146, 91] found in history. Returning cached fitness.
Bands [150, 146, 91] found in history. Returning cached fitness.
Bands [149, 145, 91] found in history. Returning cached fitness.
Bands [151, 145, 91] found in history. Returning cached fitness.
Dataset initialized with pre-loaded data. Total samples: 897
Band indices for training dataloader: [150, 145, 91]
Dataset initialized with pre-loaded data. Total samples: 226
Band indices for test dataloader: [150, 145, 91]
🔍 Starting evaluation of individual [150, 145, 91]
Epoch: 1 | train_loss: 1.3754 | train_acc: 0.2888 | test_loss: 1.3254 | test_acc: 0.4062 | 
Epoch: 2 | train_loss: 1.2712 | train_acc: 0.4073 | test_loss: 1.2275 | test_acc: 0.4102 | 
Epoch: 3 | train_loss: 1.1621 | train_acc: 0.4806 | test_loss: 1.2912 | test_acc: 0.4766 | 
Epoch: 4 | train_loss: 1.0736 | train_acc: 0.5528 | test_loss: 1.0816 | test_acc: 0.5820 | 
Epoch: 5 | train_loss: 1.0060 | train_acc: 0.5582 | test_loss: 1.1279 | test_acc: 0.5391 | 
Epoch: 6 | train_loss: 0.9024 | train_acc: 0.6196 | test_loss: 0.9873 | test_acc: 0.6172 | 
Epoch: 7 | train_loss: 0.8790 | train_acc: 0.6562 | test_loss: 1.0707 | test_acc: 0.5312 | 
Epoch: 8 | train_loss: 0.8610 | train_acc: 0.6444 | test_loss: 1.0524 | test_acc: 0.5742 | 
Epoch: 9 | train_loss: 0.7644 | train_acc: 0.6713 | test_loss: 1.0884 | test_acc: 0.6328 | 
Epoch: 10 | train_loss: 0.6867 | train_acc: 0.7338 | test_loss: 1.4133 | test_acc: 0.5703 | 
Epoch: 11 | train_loss: 0.7175 | train_acc: 0.7134 | test_loss: 1.3762 | test_acc: 0.5664 | 
Epoch: 12 | train_loss: 0.6274 | train_acc: 0.7489 | test_loss: 1.1802 | test_acc: 0.5742 | 
Epoch: 13 | train_loss: 0.6149 | train_acc: 0.7597 | test_loss: 0.9073 | test_acc: 0.6602 | 
Epoch: 14 | train_loss: 0.6167 | train_acc: 0.7737 | test_loss: 1.0232 | test_acc: 0.5508 | 
Epoch: 15 | train_loss: 0.5794 | train_acc: 0.7597 | test_loss: 0.8792 | test_acc: 0.6914 | 
Epoch: 16 | train_loss: 0.5534 | train_acc: 0.7834 | test_loss: 0.8465 | test_acc: 0.6875 | 
Epoch: 17 | train_loss: 0.5502 | train_acc: 0.7716 | test_loss: 0.8348 | test_acc: 0.6914 | 
Epoch: 18 | train_loss: 0.5162 | train_acc: 0.7942 | test_loss: 0.7826 | test_acc: 0.6719 | 
Epoch: 19 | train_loss: 0.4893 | train_acc: 0.8168 | test_loss: 1.0943 | test_acc: 0.5742 | 
Epoch: 20 | train_loss: 0.5155 | train_acc: 0.8006 | test_loss: 0.8338 | test_acc: 0.6172 | 
Epoch: 21 | train_loss: 0.4060 | train_acc: 0.8685 | test_loss: 0.8930 | test_acc: 0.6055 | 
Epoch: 22 | train_loss: 0.4942 | train_acc: 0.8308 | test_loss: 1.0175 | test_acc: 0.6367 | 
Epoch: 23 | train_loss: 0.3644 | train_acc: 0.8836 | test_loss: 0.7454 | test_acc: 0.7109 | 
Epoch: 24 | train_loss: 0.4234 | train_acc: 0.8448 | test_loss: 0.6989 | test_acc: 0.7539 | 
Epoch: 25 | train_loss: 0.3094 | train_acc: 0.8912 | test_loss: 0.7946 | test_acc: 0.7383 | 
Epoch: 26 | train_loss: 0.3058 | train_acc: 0.8912 | test_loss: 0.9944 | test_acc: 0.6172 | 
Epoch: 27 | train_loss: 0.3679 | train_acc: 0.8804 | test_loss: 0.7519 | test_acc: 0.7461 | 
Epoch: 28 | train_loss: 0.2803 | train_acc: 0.8847 | test_loss: 0.6994 | test_acc: 0.7734 | 
Epoch: 29 | train_loss: 0.3209 | train_acc: 0.8976 | test_loss: 0.9598 | test_acc: 0.6172 | 
Epoch: 30 | train_loss: 0.3147 | train_acc: 0.8912 | test_loss: 0.8733 | test_acc: 0.6914 | 
Epoch: 31 | train_loss: 0.3679 | train_acc: 0.8588 | test_loss: 0.7802 | test_acc: 0.7539 | 
Epoch: 32 | train_loss: 0.3221 | train_acc: 0.8739 | test_loss: 0.7087 | test_acc: 0.7695 | 
Epoch: 33 | train_loss: 0.3362 | train_acc: 0.8631 | test_loss: 0.6498 | test_acc: 0.7930 | 
Epoch: 34 | train_loss: 0.3026 | train_acc: 0.8825 | test_loss: 0.7295 | test_acc: 0.7773 | 
Epoch: 35 | train_loss: 0.4091 | train_acc: 0.8405 | test_loss: 0.7063 | test_acc: 0.7891 | 
Epoch: 36 | train_loss: 0.3296 | train_acc: 0.8804 | test_loss: 0.6385 | test_acc: 0.8164 | 
Epoch: 37 | train_loss: 0.2926 | train_acc: 0.9019 | test_loss: 0.6872 | test_acc: 0.7539 | 
Epoch: 38 | train_loss: 0.2272 | train_acc: 0.9278 | test_loss: 0.6248 | test_acc: 0.7969 | 
Epoch: 39 | train_loss: 0.2170 | train_acc: 0.9278 | test_loss: 0.7465 | test_acc: 0.7227 | 
Epoch: 40 | train_loss: 0.3061 | train_acc: 0.8836 | test_loss: 0.8263 | test_acc: 0.6523 | 
Epoch: 41 | train_loss: 0.2804 | train_acc: 0.8869 | test_loss: 0.6341 | test_acc: 0.7852 | 
Epoch: 42 | train_loss: 0.2728 | train_acc: 0.8869 | test_loss: 0.8698 | test_acc: 0.7031 | 
Epoch: 43 | train_loss: 0.2859 | train_acc: 0.8750 | test_loss: 0.6505 | test_acc: 0.8125 | 
Epoch: 44 | train_loss: 0.2583 | train_acc: 0.8869 | test_loss: 0.8020 | test_acc: 0.7188 | 
Epoch: 45 | train_loss: 0.2009 | train_acc: 0.9375 | test_loss: 0.8537 | test_acc: 0.7109 | 
Epoch: 46 | train_loss: 0.2449 | train_acc: 0.9009 | test_loss: 0.7969 | test_acc: 0.7734 | 
Epoch: 47 | train_loss: 0.2087 | train_acc: 0.9235 | test_loss: 0.8675 | test_acc: 0.6680 | 
Epoch: 48 | train_loss: 0.2206 | train_acc: 0.9052 | test_loss: 0.6994 | test_acc: 0.7930 | 
Epoch: 49 | train_loss: 0.2243 | train_acc: 0.8976 | test_loss: 0.8174 | test_acc: 0.7656 | 
Epoch: 50 | train_loss: 0.2786 | train_acc: 0.8966 | test_loss: 0.6251 | test_acc: 0.7891 | 
⏱️ Total training time: 108.220 seconds
📊 Bands [150, 145, 91] -> Fitness: 0.7891
Bands [150, 145, 91] found in history. Returning cached fitness.
8  	20    	0.786719	0.0350998	0.691406	0.804688	Individual('h', [161, 174, 112])
Bands [149, 144, 91] found in history. Returning cached fitness.
Bands [151, 146, 91] found in history. Returning cached fitness.
Bands [149, 144, 91] found in history. Returning cached fitness.
Bands [151, 146, 91] found in history. Returning cached fitness.
Bands [150, 144, 91] found in history. Returning cached fitness.
Bands [150, 146, 91] found in history. Returning cached fitness.
Bands [150, 144, 91] found in history. Returning cached fitness.
Bands [150, 146, 91] found in history. Returning cached fitness.
Bands [150, 146, 91] found in history. Returning cached fitness.
Bands [150, 146, 91] found in history. Returning cached fitness.
Bands [151, 145, 91] found in history. Returning cached fitness.
Bands [151, 145, 91] found in history. Returning cached fitness.
Bands [150, 144, 91] found in history. Returning cached fitness.
Bands [150, 146, 91] found in history. Returning cached fitness.
Bands [151, 145, 91] found in history. Returning cached fitness.
Bands [151, 145, 91] found in history. Returning cached fitness.
Bands [150, 146, 91] found in history. Returning cached fitness.
Bands [150, 146, 91] found in history. Returning cached fitness.
9  	18    	0.791406	0.0226562	0.742188	0.804688	Individual('h', [161, 174, 112])
Bands [150, 146, 91] found in history. Returning cached fitness.
Bands [150, 146, 91] found in history. Returning cached fitness.
Bands [151, 145, 91] found in history. Returning cached fitness.
Bands [149, 145, 91] found in history. Returning cached fitness.
Bands [150, 146, 91] found in history. Returning cached fitness.
Bands [150, 146, 91] found in history. Returning cached fitness.
Bands [150, 144, 91] found in history. Returning cached fitness.
Bands [150, 146, 91] found in history. Returning cached fitness.
Bands [150, 144, 91] found in history. Returning cached fitness.
Bands [150, 146, 91] found in history. Returning cached fitness.
Bands [150, 146, 91] found in history. Returning cached fitness.
Bands [150, 146, 91] found in history. Returning cached fitness.
Bands [150, 146, 91] found in history. Returning cached fitness.
Bands [150, 146, 91] found in history. Returning cached fitness.
10 	14    	0.791211	0.0299911	0.691406	0.804688	Individual('h', [161, 174, 112])
Bands [150, 146, 91] found in history. Returning cached fitness.
Bands [150, 146, 91] found in history. Returning cached fitness.
Bands [150, 145, 91] found in history. Returning cached fitness.
Bands [150, 145, 91] found in history. Returning cached fitness.
Bands [150, 146, 91] found in history. Returning cached fitness.
Bands [150, 146, 91] found in history. Returning cached fitness.
Bands [150, 146, 91] found in history. Returning cached fitness.
Bands [150, 146, 91] found in history. Returning cached fitness.
Bands [150, 146, 91] found in history. Returning cached fitness.
Bands [150, 146, 91] found in history. Returning cached fitness.
Bands [150, 146, 91] found in history. Returning cached fitness.
Bands [151, 145, 91] found in history. Returning cached fitness.
Bands [151, 145, 91] found in history. Returning cached fitness.
Bands [150, 146, 91] found in history. Returning cached fitness.
Bands [150, 146, 91] found in history. Returning cached fitness.
Bands [149, 144, 91] found in history. Returning cached fitness.
Bands [151, 146, 91] found in history. Returning cached fitness.
Bands [150, 145, 91] found in history. Returning cached fitness.
Bands [150, 145, 91] found in history. Returning cached fitness.
11 	19    	0.799609	0.00865567	0.773438	0.804688	Individual('h', [161, 174, 112])
Bands [150, 146, 91] found in history. Returning cached fitness.
Bands [150, 146, 91] found in history. Returning cached fitness.
Bands [150, 146, 91] found in history. Returning cached fitness.
Bands [150, 146, 91] found in history. Returning cached fitness.
Bands [150, 146, 91] found in history. Returning cached fitness.
Bands [150, 144, 91] found in history. Returning cached fitness.
Bands [150, 146, 91] found in history. Returning cached fitness.
Bands [150, 144, 91] found in history. Returning cached fitness.
Bands [150, 146, 91] found in history. Returning cached fitness.
Bands [150, 146, 91] found in history. Returning cached fitness.
Bands [150, 145, 91] found in history. Returning cached fitness.
Bands [150, 145, 91] found in history. Returning cached fitness.
Bands [149, 145, 91] found in history. Returning cached fitness.
Bands [151, 145, 91] found in history. Returning cached fitness.
12 	14    	0.791211	0.0295813 	0.691406	0.804688	Individual('h', [161, 174, 112])
Bands [150, 146, 91] found in history. Returning cached fitness.
Bands [150, 146, 91] found in history. Returning cached fitness.
Bands [150, 146, 91] found in history. Returning cached fitness.
Bands [150, 146, 91] found in history. Returning cached fitness.
Bands [150, 146, 91] found in history. Returning cached fitness.
Bands [150, 146, 91] found in history. Returning cached fitness.
Bands [150, 144, 91] found in history. Returning cached fitness.
Bands [150, 146, 91] found in history. Returning cached fitness.
Bands [150, 146, 91] found in history. Returning cached fitness.
Bands [150, 146, 91] found in history. Returning cached fitness.
Bands [150, 146, 91] found in history. Returning cached fitness.
Bands [150, 146, 91] found in history. Returning cached fitness.
Bands [150, 146, 91] found in history. Returning cached fitness.
Bands [150, 146, 91] found in history. Returning cached fitness.
Bands [150, 146, 91] found in history. Returning cached fitness.
Bands [150, 146, 91] found in history. Returning cached fitness.
Bands [149, 144, 91] found in history. Returning cached fitness.
Bands [151, 146, 91] found in history. Returning cached fitness.
13 	18    	0.799609	0.0148797 	0.742188	0.804688	Individual('h', [161, 174, 112])
Bands [150, 146, 91] found in history. Returning cached fitness.
Bands [150, 146, 91] found in history. Returning cached fitness.
Bands [150, 146, 91] found in history. Returning cached fitness.
Bands [150, 146, 91] found in history. Returning cached fitness.
Bands [150, 146, 91] found in history. Returning cached fitness.
Bands [150, 146, 91] found in history. Returning cached fitness.
Bands [150, 146, 91] found in history. Returning cached fitness.
Bands [150, 146, 91] found in history. Returning cached fitness.
Bands [150, 146, 91] found in history. Returning cached fitness.
Bands [150, 146, 91] found in history. Returning cached fitness.
Bands [150, 146, 91] found in history. Returning cached fitness.
Bands [150, 146, 91] found in history. Returning cached fitness.
Bands [150, 146, 91] found in history. Returning cached fitness.
Bands [150, 146, 91] found in history. Returning cached fitness.
Bands [150, 146, 91] found in history. Returning cached fitness.
14 	15    	0.804688	0         	0.804688	0.804688	Individual('h', [161, 174, 112])
Bands [150, 146, 91] found in history. Returning cached fitness.
Bands [150, 146, 91] found in history. Returning cached fitness.
Bands [150, 146, 91] found in history. Returning cached fitness.
Bands [150, 146, 91] found in history. Returning cached fitness.
Bands [150, 146, 91] found in history. Returning cached fitness.
Bands [150, 146, 91] found in history. Returning cached fitness.
Bands [150, 146, 91] found in history. Returning cached fitness.
Bands [150, 146, 91] found in history. Returning cached fitness.
Bands [150, 146, 91] found in history. Returning cached fitness.
Bands [150, 146, 91] found in history. Returning cached fitness.
Bands [150, 146, 91] found in history. Returning cached fitness.
Bands [150, 146, 91] found in history. Returning cached fitness.
Bands [150, 146, 91] found in history. Returning cached fitness.
Bands [150, 146, 91] found in history. Returning cached fitness.
Bands [150, 146, 91] found in history. Returning cached fitness.
Bands [150, 146, 91] found in history. Returning cached fitness.
Bands [150, 146, 91] found in history. Returning cached fitness.
Bands [150, 146, 91] found in history. Returning cached fitness.
15 	18    	0.804688	0         	0.804688	0.804688	Individual('h', [161, 174, 112])
Bands [150, 146, 91] found in history. Returning cached fitness.
Bands [150, 146, 91] found in history. Returning cached fitness.
Bands [150, 146, 91] found in history. Returning cached fitness.
Bands [150, 146, 91] found in history. Returning cached fitness.
Bands [150, 146, 91] found in history. Returning cached fitness.
Bands [150, 146, 91] found in history. Returning cached fitness.
Bands [150, 146, 91] found in history. Returning cached fitness.
Bands [150, 146, 91] found in history. Returning cached fitness.
Bands [150, 146, 91] found in history. Returning cached fitness.
Bands [150, 146, 91] found in history. Returning cached fitness.
Bands [150, 146, 91] found in history. Returning cached fitness.
Bands [150, 146, 91] found in history. Returning cached fitness.
Bands [150, 146, 91] found in history. Returning cached fitness.
Bands [150, 146, 91] found in history. Returning cached fitness.
16 	14    	0.804688	0         	0.804688	0.804688	Individual('h', [161, 174, 112])
Bands [150, 146, 91] found in history. Returning cached fitness.
Bands [150, 146, 91] found in history. Returning cached fitness.
Bands [150, 146, 91] found in history. Returning cached fitness.
Bands [150, 146, 91] found in history. Returning cached fitness.
Bands [150, 146, 91] found in history. Returning cached fitness.
Bands [150, 146, 91] found in history. Returning cached fitness.
Bands [150, 146, 91] found in history. Returning cached fitness.
Bands [150, 146, 91] found in history. Returning cached fitness.
Bands [150, 146, 91] found in history. Returning cached fitness.
Bands [150, 146, 91] found in history. Returning cached fitness.
Bands [150, 146, 91] found in history. Returning cached fitness.
Bands [150, 146, 91] found in history. Returning cached fitness.
Bands [150, 146, 91] found in history. Returning cached fitness.
Bands [150, 146, 91] found in history. Returning cached fitness.
Bands [150, 146, 91] found in history. Returning cached fitness.
Bands [150, 146, 91] found in history. Returning cached fitness.
Bands [150, 146, 91] found in history. Returning cached fitness.
Bands [150, 146, 91] found in history. Returning cached fitness.
17 	18    	0.804688	0         	0.804688	0.804688	Individual('h', [161, 174, 112])
Bands [150, 146, 91] found in history. Returning cached fitness.
Bands [150, 146, 91] found in history. Returning cached fitness.
Bands [150, 146, 91] found in history. Returning cached fitness.
Bands [150, 146, 91] found in history. Returning cached fitness.
Bands [150, 146, 91] found in history. Returning cached fitness.
Bands [150, 146, 91] found in history. Returning cached fitness.
Bands [150, 146, 91] found in history. Returning cached fitness.
Bands [150, 146, 91] found in history. Returning cached fitness.
Bands [150, 146, 91] found in history. Returning cached fitness.
Bands [150, 146, 91] found in history. Returning cached fitness.
Bands [150, 146, 91] found in history. Returning cached fitness.
Dataset initialized with pre-loaded data. Total samples: 897
Band indices for training dataloader: [150, 147, 91]
Dataset initialized with pre-loaded data. Total samples: 226
Band indices for test dataloader: [150, 147, 91]
🔍 Starting evaluation of individual [150, 147, 91]
Epoch: 1 | train_loss: 1.3680 | train_acc: 0.3179 | test_loss: 1.3554 | test_acc: 0.3906 | 
Epoch: 2 | train_loss: 1.2665 | train_acc: 0.4213 | test_loss: 1.2653 | test_acc: 0.4414 | 
Epoch: 3 | train_loss: 1.2047 | train_acc: 0.4752 | test_loss: 1.2293 | test_acc: 0.4727 | 
Epoch: 4 | train_loss: 1.1054 | train_acc: 0.5226 | test_loss: 1.2227 | test_acc: 0.5195 | 
Epoch: 5 | train_loss: 1.0532 | train_acc: 0.5377 | test_loss: 1.1684 | test_acc: 0.5820 | 
Epoch: 6 | train_loss: 0.9472 | train_acc: 0.6315 | test_loss: 1.2161 | test_acc: 0.5391 | 
Epoch: 7 | train_loss: 0.9085 | train_acc: 0.6185 | test_loss: 1.1150 | test_acc: 0.5430 | 
Epoch: 8 | train_loss: 0.8393 | train_acc: 0.6509 | test_loss: 0.9626 | test_acc: 0.6055 | 
Epoch: 9 | train_loss: 0.8632 | train_acc: 0.6703 | test_loss: 1.1337 | test_acc: 0.5430 | 
Epoch: 10 | train_loss: 0.7492 | train_acc: 0.6972 | test_loss: 1.0964 | test_acc: 0.6133 | 
Epoch: 11 | train_loss: 0.6627 | train_acc: 0.7381 | test_loss: 0.9781 | test_acc: 0.5938 | 
Epoch: 12 | train_loss: 0.7232 | train_acc: 0.7252 | test_loss: 1.0868 | test_acc: 0.6055 | 
Epoch: 13 | train_loss: 0.6321 | train_acc: 0.7716 | test_loss: 1.0088 | test_acc: 0.6484 | 
Epoch: 14 | train_loss: 0.6261 | train_acc: 0.7662 | test_loss: 1.0181 | test_acc: 0.6094 | 
Epoch: 15 | train_loss: 0.5419 | train_acc: 0.7845 | test_loss: 1.3439 | test_acc: 0.6172 | 
Epoch: 16 | train_loss: 0.5004 | train_acc: 0.8276 | test_loss: 0.9178 | test_acc: 0.6875 | 
Epoch: 17 | train_loss: 0.5290 | train_acc: 0.7942 | test_loss: 1.0192 | test_acc: 0.6602 | 
Epoch: 18 | train_loss: 0.5775 | train_acc: 0.7856 | test_loss: 0.8568 | test_acc: 0.6641 | 
Epoch: 19 | train_loss: 0.4926 | train_acc: 0.8481 | test_loss: 0.9265 | test_acc: 0.6797 | 
Epoch: 20 | train_loss: 0.4410 | train_acc: 0.8211 | test_loss: 1.2095 | test_acc: 0.6250 | 
Epoch: 21 | train_loss: 0.4240 | train_acc: 0.8233 | test_loss: 1.1982 | test_acc: 0.5703 | 
Epoch: 22 | train_loss: 0.4861 | train_acc: 0.8373 | test_loss: 0.9694 | test_acc: 0.6484 | 
Epoch: 23 | train_loss: 0.5782 | train_acc: 0.8308 | test_loss: 0.8685 | test_acc: 0.7500 | 
Epoch: 24 | train_loss: 0.3615 | train_acc: 0.8815 | test_loss: 0.8845 | test_acc: 0.7227 | 
Epoch: 25 | train_loss: 0.3215 | train_acc: 0.8858 | test_loss: 0.8969 | test_acc: 0.7539 | 
Epoch: 26 | train_loss: 0.3489 | train_acc: 0.8675 | test_loss: 0.8708 | test_acc: 0.6641 | 
Epoch: 27 | train_loss: 0.3605 | train_acc: 0.8502 | test_loss: 0.8538 | test_acc: 0.7422 | 
Epoch: 28 | train_loss: 0.4332 | train_acc: 0.8416 | test_loss: 0.9004 | test_acc: 0.7188 | 
Epoch: 29 | train_loss: 0.4351 | train_acc: 0.8502 | test_loss: 0.7521 | test_acc: 0.6992 | 
Epoch: 30 | train_loss: 0.2754 | train_acc: 0.9062 | test_loss: 0.9160 | test_acc: 0.6836 | 
Epoch: 31 | train_loss: 0.2674 | train_acc: 0.8998 | test_loss: 0.9905 | test_acc: 0.6758 | 
Epoch: 32 | train_loss: 0.3582 | train_acc: 0.8653 | test_loss: 0.8422 | test_acc: 0.7344 | 
Epoch: 33 | train_loss: 0.3921 | train_acc: 0.8470 | test_loss: 0.8439 | test_acc: 0.6953 | 
Epoch: 34 | train_loss: 0.3676 | train_acc: 0.8858 | test_loss: 0.7949 | test_acc: 0.7500 | 
Epoch: 35 | train_loss: 0.4327 | train_acc: 0.8481 | test_loss: 1.0408 | test_acc: 0.6602 | 
Epoch: 36 | train_loss: 0.3066 | train_acc: 0.8901 | test_loss: 0.7681 | test_acc: 0.7461 | 
Epoch: 37 | train_loss: 0.2782 | train_acc: 0.8858 | test_loss: 0.9319 | test_acc: 0.6445 | 
Epoch: 38 | train_loss: 0.2601 | train_acc: 0.8804 | test_loss: 0.9740 | test_acc: 0.7461 | 
Epoch: 39 | train_loss: 0.2853 | train_acc: 0.8815 | test_loss: 1.0044 | test_acc: 0.6289 | 
Epoch: 40 | train_loss: 0.2763 | train_acc: 0.8922 | test_loss: 0.7924 | test_acc: 0.7305 | 
Epoch: 41 | train_loss: 0.2201 | train_acc: 0.9310 | test_loss: 0.7639 | test_acc: 0.7734 | 
Epoch: 42 | train_loss: 0.2931 | train_acc: 0.8912 | test_loss: 0.8835 | test_acc: 0.7461 | 
Epoch: 43 | train_loss: 0.2720 | train_acc: 0.9073 | test_loss: 0.8616 | test_acc: 0.7383 | 
Epoch: 44 | train_loss: 0.2434 | train_acc: 0.8836 | test_loss: 0.7742 | test_acc: 0.7617 | 
Epoch: 45 | train_loss: 0.2891 | train_acc: 0.8815 | test_loss: 0.7689 | test_acc: 0.7500 | 
Epoch: 46 | train_loss: 0.2581 | train_acc: 0.8966 | test_loss: 0.9738 | test_acc: 0.6680 | 
Epoch: 47 | train_loss: 0.3479 | train_acc: 0.8912 | test_loss: 0.8817 | test_acc: 0.7344 | 
Epoch: 48 | train_loss: 0.2565 | train_acc: 0.9073 | test_loss: 0.8752 | test_acc: 0.7461 | 
Epoch: 49 | train_loss: 0.2084 | train_acc: 0.9386 | test_loss: 0.7681 | test_acc: 0.7617 | 
Epoch: 50 | train_loss: 0.2033 | train_acc: 0.9116 | test_loss: 0.9772 | test_acc: 0.6914 | 
⏱️ Total training time: 101.689 seconds
📊 Bands [150, 147, 91] -> Fitness: 0.6914
Bands [150, 146, 91] found in history. Returning cached fitness.
Bands [150, 146, 91] found in history. Returning cached fitness.
18 	14    	0.799023	0.0246891 	0.691406	0.804688	Individual('h', [161, 174, 112])
Bands [150, 146, 91] found in history. Returning cached fitness.
Bands [150, 146, 91] found in history. Returning cached fitness.
Bands [150, 146, 91] found in history. Returning cached fitness.
Bands [150, 146, 91] found in history. Returning cached fitness.
Bands [150, 146, 91] found in history. Returning cached fitness.
Bands [150, 146, 91] found in history. Returning cached fitness.
Bands [150, 146, 91] found in history. Returning cached fitness.
Bands [150, 146, 91] found in history. Returning cached fitness.
Bands [150, 146, 91] found in history. Returning cached fitness.
Bands [150, 146, 91] found in history. Returning cached fitness.
Bands [150, 146, 91] found in history. Returning cached fitness.
Bands [150, 146, 91] found in history. Returning cached fitness.
Bands [150, 146, 91] found in history. Returning cached fitness.
Bands [150, 146, 91] found in history. Returning cached fitness.
Bands [150, 146, 91] found in history. Returning cached fitness.
Bands [150, 146, 91] found in history. Returning cached fitness.
Bands [150, 146, 91] found in history. Returning cached fitness.
Bands [150, 146, 91] found in history. Returning cached fitness.
19 	18    	0.804688	0         	0.804688	0.804688	Individual('h', [161, 174, 112])
Bands [150, 146, 91] found in history. Returning cached fitness.
Bands [150, 146, 91] found in history. Returning cached fitness.
Bands [150, 146, 91] found in history. Returning cached fitness.
Bands [150, 146, 91] found in history. Returning cached fitness.
Bands [150, 146, 91] found in history. Returning cached fitness.
Bands [150, 146, 91] found in history. Returning cached fitness.
Bands [150, 146, 91] found in history. Returning cached fitness.
Bands [150, 146, 91] found in history. Returning cached fitness.
Bands [150, 146, 91] found in history. Returning cached fitness.
Bands [150, 146, 91] found in history. Returning cached fitness.
Bands [150, 146, 91] found in history. Returning cached fitness.
Bands [150, 146, 91] found in history. Returning cached fitness.
Bands [150, 146, 91] found in history. Returning cached fitness.
Bands [150, 146, 91] found in history. Returning cached fitness.
Bands [150, 146, 91] found in history. Returning cached fitness.
Bands [150, 146, 91] found in history. Returning cached fitness.
Bands [150, 146, 91] found in history. Returning cached fitness.
Bands [150, 146, 91] found in history. Returning cached fitness.
Bands [150, 146, 91] found in history. Returning cached fitness.
Bands [150, 146, 91] found in history. Returning cached fitness.
20 	20    	0.804688	0         	0.804688	0.804688	Individual('h', [161, 174, 112])
Bands [150, 146, 91] found in history. Returning cached fitness.
Bands [150, 146, 91] found in history. Returning cached fitness.
Bands [150, 146, 91] found in history. Returning cached fitness.
Bands [150, 146, 91] found in history. Returning cached fitness.
Bands [150, 146, 91] found in history. Returning cached fitness.
Bands [150, 146, 91] found in history. Returning cached fitness.
Bands [150, 146, 91] found in history. Returning cached fitness.
Bands [150, 146, 91] found in history. Returning cached fitness.
Bands [150, 146, 91] found in history. Returning cached fitness.
Bands [150, 146, 91] found in history. Returning cached fitness.
Bands [150, 146, 91] found in history. Returning cached fitness.
Bands [150, 146, 91] found in history. Returning cached fitness.
Bands [150, 146, 91] found in history. Returning cached fitness.
Bands [150, 146, 91] found in history. Returning cached fitness.
21 	14    	0.804688	0         	0.804688	0.804688	Individual('h', [161, 174, 112])
Bands [150, 146, 91] found in history. Returning cached fitness.
Bands [150, 146, 91] found in history. Returning cached fitness.
Bands [150, 146, 91] found in history. Returning cached fitness.
Bands [150, 146, 91] found in history. Returning cached fitness.
Bands [150, 146, 91] found in history. Returning cached fitness.
Bands [150, 146, 91] found in history. Returning cached fitness.
Bands [150, 146, 91] found in history. Returning cached fitness.
Bands [150, 146, 91] found in history. Returning cached fitness.
Bands [150, 146, 91] found in history. Returning cached fitness.
Bands [150, 146, 91] found in history. Returning cached fitness.
Bands [150, 146, 91] found in history. Returning cached fitness.
Bands [150, 146, 91] found in history. Returning cached fitness.
Bands [150, 146, 91] found in history. Returning cached fitness.
Bands [150, 146, 91] found in history. Returning cached fitness.
Bands [150, 146, 91] found in history. Returning cached fitness.
Bands [150, 146, 91] found in history. Returning cached fitness.
22 	16    	0.804688	0         	0.804688	0.804688	Individual('h', [161, 174, 112])
Bands [150, 146, 91] found in history. Returning cached fitness.
Bands [150, 146, 91] found in history. Returning cached fitness.
Bands [150, 146, 91] found in history. Returning cached fitness.
Bands [150, 146, 91] found in history. Returning cached fitness.
Bands [150, 146, 91] found in history. Returning cached fitness.
Bands [150, 146, 91] found in history. Returning cached fitness.
Bands [150, 146, 91] found in history. Returning cached fitness.
Bands [150, 146, 91] found in history. Returning cached fitness.
Bands [150, 146, 91] found in history. Returning cached fitness.
Bands [150, 146, 91] found in history. Returning cached fitness.
Bands [150, 146, 91] found in history. Returning cached fitness.
Bands [150, 146, 91] found in history. Returning cached fitness.
Bands [150, 146, 91] found in history. Returning cached fitness.
Bands [150, 146, 91] found in history. Returning cached fitness.
Bands [150, 146, 91] found in history. Returning cached fitness.
Bands [150, 146, 91] found in history. Returning cached fitness.
23 	16    	0.804688	0         	0.804688	0.804688	Individual('h', [161, 174, 112])
Bands [150, 146, 91] found in history. Returning cached fitness.
Bands [150, 146, 91] found in history. Returning cached fitness.
Bands [150, 146, 91] found in history. Returning cached fitness.
Bands [150, 146, 91] found in history. Returning cached fitness.
Bands [150, 146, 91] found in history. Returning cached fitness.
Bands [150, 146, 91] found in history. Returning cached fitness.
Bands [150, 146, 91] found in history. Returning cached fitness.
Bands [150, 146, 91] found in history. Returning cached fitness.
Bands [150, 146, 91] found in history. Returning cached fitness.
Bands [150, 146, 91] found in history. Returning cached fitness.
Bands [150, 146, 91] found in history. Returning cached fitness.
Bands [150, 146, 91] found in history. Returning cached fitness.
Bands [150, 146, 91] found in history. Returning cached fitness.
Bands [150, 146, 91] found in history. Returning cached fitness.
24 	14    	0.804688	0         	0.804688	0.804688	Individual('h', [161, 174, 112])
Bands [150, 146, 91] found in history. Returning cached fitness.
Bands [150, 146, 91] found in history. Returning cached fitness.
Bands [150, 146, 91] found in history. Returning cached fitness.
Bands [150, 146, 91] found in history. Returning cached fitness.
Bands [150, 146, 91] found in history. Returning cached fitness.
Bands [150, 146, 91] found in history. Returning cached fitness.
Bands [150, 146, 91] found in history. Returning cached fitness.
Bands [150, 146, 91] found in history. Returning cached fitness.
Bands [150, 146, 91] found in history. Returning cached fitness.
Bands [150, 146, 91] found in history. Returning cached fitness.
Bands [150, 146, 91] found in history. Returning cached fitness.
Bands [150, 146, 91] found in history. Returning cached fitness.
Bands [150, 146, 91] found in history. Returning cached fitness.
Bands [150, 146, 91] found in history. Returning cached fitness.
Bands [150, 146, 91] found in history. Returning cached fitness.
Bands [150, 146, 91] found in history. Returning cached fitness.
Bands [150, 146, 91] found in history. Returning cached fitness.
Bands [150, 146, 91] found in history. Returning cached fitness.
25 	18    	0.804688	0         	0.804688	0.804688	Individual('h', [161, 174, 112])
Dataset initialized with pre-loaded data. Total samples: 897
Band indices for training dataloader: [150, 146, 90]
Dataset initialized with pre-loaded data. Total samples: 226
Band indices for test dataloader: [150, 146, 90]
🔍 Starting evaluation of individual [150, 146, 90]
Epoch: 1 | train_loss: 1.3783 | train_acc: 0.3017 | test_loss: 1.3677 | test_acc: 0.3320 | 
Epoch: 2 | train_loss: 1.2601 | train_acc: 0.4353 | test_loss: 1.2435 | test_acc: 0.4258 | 
Epoch: 3 | train_loss: 1.1634 | train_acc: 0.4968 | test_loss: 1.3348 | test_acc: 0.4648 | 
Epoch: 4 | train_loss: 1.0539 | train_acc: 0.5571 | test_loss: 1.0986 | test_acc: 0.5117 | 
Epoch: 5 | train_loss: 1.0304 | train_acc: 0.5733 | test_loss: 1.2972 | test_acc: 0.4922 | 
Epoch: 6 | train_loss: 0.9261 | train_acc: 0.6153 | test_loss: 1.1747 | test_acc: 0.5195 | 
Epoch: 7 | train_loss: 0.9341 | train_acc: 0.6088 | test_loss: 1.0415 | test_acc: 0.5898 | 
Epoch: 8 | train_loss: 0.7902 | train_acc: 0.7047 | test_loss: 0.9964 | test_acc: 0.6055 | 
Epoch: 9 | train_loss: 0.7701 | train_acc: 0.6929 | test_loss: 0.9387 | test_acc: 0.5977 | 
Epoch: 10 | train_loss: 0.7114 | train_acc: 0.7177 | test_loss: 1.0941 | test_acc: 0.5352 | 
Epoch: 11 | train_loss: 0.7309 | train_acc: 0.6972 | test_loss: 1.0942 | test_acc: 0.5898 | 
Epoch: 12 | train_loss: 0.6595 | train_acc: 0.7349 | test_loss: 0.9058 | test_acc: 0.6953 | 
Epoch: 13 | train_loss: 0.7287 | train_acc: 0.7317 | test_loss: 0.8286 | test_acc: 0.7227 | 
Epoch: 14 | train_loss: 0.6328 | train_acc: 0.7554 | test_loss: 0.9880 | test_acc: 0.6211 | 
Epoch: 15 | train_loss: 0.5428 | train_acc: 0.7866 | test_loss: 0.9192 | test_acc: 0.6641 | 
Epoch: 16 | train_loss: 0.5290 | train_acc: 0.7748 | test_loss: 0.7626 | test_acc: 0.7305 | 
Epoch: 17 | train_loss: 0.5173 | train_acc: 0.8071 | test_loss: 0.8933 | test_acc: 0.7109 | 
Epoch: 18 | train_loss: 0.4369 | train_acc: 0.8190 | test_loss: 0.8664 | test_acc: 0.7461 | 
Epoch: 19 | train_loss: 0.4339 | train_acc: 0.8513 | test_loss: 0.8589 | test_acc: 0.7070 | 
Epoch: 20 | train_loss: 0.4892 | train_acc: 0.8190 | test_loss: 1.0617 | test_acc: 0.5781 | 
Epoch: 21 | train_loss: 0.3829 | train_acc: 0.8556 | test_loss: 0.8940 | test_acc: 0.7070 | 
Epoch: 22 | train_loss: 0.4436 | train_acc: 0.8244 | test_loss: 0.9710 | test_acc: 0.6641 | 
Epoch: 23 | train_loss: 0.3757 | train_acc: 0.8448 | test_loss: 0.9958 | test_acc: 0.6211 | 
Epoch: 24 | train_loss: 0.3753 | train_acc: 0.8502 | test_loss: 0.7782 | test_acc: 0.7734 | 
Epoch: 25 | train_loss: 0.3792 | train_acc: 0.8707 | test_loss: 0.8003 | test_acc: 0.7422 | 
Epoch: 26 | train_loss: 0.3429 | train_acc: 0.8578 | test_loss: 0.9236 | test_acc: 0.7305 | 
Epoch: 27 | train_loss: 0.3249 | train_acc: 0.8976 | test_loss: 0.9628 | test_acc: 0.6836 | 
Epoch: 28 | train_loss: 0.3605 | train_acc: 0.8534 | test_loss: 0.7089 | test_acc: 0.7734 | 
Epoch: 29 | train_loss: 0.3680 | train_acc: 0.8696 | test_loss: 0.7490 | test_acc: 0.6719 | 
Epoch: 30 | train_loss: 0.2996 | train_acc: 0.8955 | test_loss: 0.7890 | test_acc: 0.7578 | 
Epoch: 31 | train_loss: 0.3567 | train_acc: 0.8761 | test_loss: 0.7922 | test_acc: 0.7148 | 
Epoch: 32 | train_loss: 0.3250 | train_acc: 0.8739 | test_loss: 0.7307 | test_acc: 0.7891 | 
Epoch: 33 | train_loss: 0.3126 | train_acc: 0.8804 | test_loss: 0.7644 | test_acc: 0.7070 | 
Epoch: 34 | train_loss: 0.2345 | train_acc: 0.9321 | test_loss: 0.8830 | test_acc: 0.7344 | 
Epoch: 35 | train_loss: 0.2761 | train_acc: 0.8707 | test_loss: 0.9538 | test_acc: 0.7109 | 
Epoch: 36 | train_loss: 0.2845 | train_acc: 0.8675 | test_loss: 0.8004 | test_acc: 0.7070 | 
Epoch: 37 | train_loss: 0.3090 | train_acc: 0.8621 | test_loss: 0.9440 | test_acc: 0.6992 | 
Epoch: 38 | train_loss: 0.2350 | train_acc: 0.8901 | test_loss: 0.9113 | test_acc: 0.7188 | 
Epoch: 39 | train_loss: 0.3147 | train_acc: 0.8782 | test_loss: 1.1589 | test_acc: 0.6250 | 
Epoch: 40 | train_loss: 0.2538 | train_acc: 0.9095 | test_loss: 0.7873 | test_acc: 0.7656 | 
Epoch: 41 | train_loss: 0.2492 | train_acc: 0.9019 | test_loss: 0.8731 | test_acc: 0.7031 | 
Epoch: 42 | train_loss: 0.2502 | train_acc: 0.9159 | test_loss: 0.9283 | test_acc: 0.6992 | 
Epoch: 43 | train_loss: 0.1926 | train_acc: 0.9407 | test_loss: 1.1053 | test_acc: 0.6602 | 
Epoch: 44 | train_loss: 0.2621 | train_acc: 0.8922 | test_loss: 0.9922 | test_acc: 0.7070 | 
Epoch: 45 | train_loss: 0.2203 | train_acc: 0.9256 | test_loss: 0.8587 | test_acc: 0.7070 | 
Epoch: 46 | train_loss: 0.3915 | train_acc: 0.8912 | test_loss: 0.6920 | test_acc: 0.7891 | 
Epoch: 47 | train_loss: 0.2845 | train_acc: 0.8879 | test_loss: 0.6572 | test_acc: 0.8008 | 
Epoch: 48 | train_loss: 0.2853 | train_acc: 0.9062 | test_loss: 0.8210 | test_acc: 0.7656 | 
Epoch: 49 | train_loss: 0.2840 | train_acc: 0.8869 | test_loss: 0.8734 | test_acc: 0.7305 | 
Epoch: 50 | train_loss: 0.2927 | train_acc: 0.9041 | test_loss: 0.8105 | test_acc: 0.7734 | 
⏱️ Total training time: 106.597 seconds
📊 Bands [150, 146, 90] -> Fitness: 0.7734
Bands [150, 146, 90] found in history. Returning cached fitness.
Bands [150, 146, 91] found in history. Returning cached fitness.
Bands [150, 146, 91] found in history. Returning cached fitness.
Bands [150, 146, 91] found in history. Returning cached fitness.
Bands [150, 146, 91] found in history. Returning cached fitness.
Bands [150, 146, 91] found in history. Returning cached fitness.
Bands [150, 146, 91] found in history. Returning cached fitness.
Bands [150, 146, 91] found in history. Returning cached fitness.
Bands [150, 146, 91] found in history. Returning cached fitness.
Bands [150, 146, 91] found in history. Returning cached fitness.
Bands [150, 146, 91] found in history. Returning cached fitness.
Bands [150, 146, 91] found in history. Returning cached fitness.
Bands [150, 146, 91] found in history. Returning cached fitness.
Bands [150, 146, 91] found in history. Returning cached fitness.
Bands [150, 146, 91] found in history. Returning cached fitness.
26 	16    	0.801562	0.009375  	0.773438	0.804688	Individual('h', [161, 174, 112])
Bands [150, 146, 91] found in history. Returning cached fitness.
Bands [150, 146, 91] found in history. Returning cached fitness.
Bands [150, 146, 91] found in history. Returning cached fitness.
Bands [150, 146, 91] found in history. Returning cached fitness.
Bands [150, 146, 91] found in history. Returning cached fitness.
Bands [150, 146, 91] found in history. Returning cached fitness.
Bands [150, 146, 91] found in history. Returning cached fitness.
Bands [150, 146, 91] found in history. Returning cached fitness.
Bands [150, 146, 91] found in history. Returning cached fitness.
Bands [150, 146, 91] found in history. Returning cached fitness.
Bands [150, 146, 91] found in history. Returning cached fitness.
Bands [150, 146, 91] found in history. Returning cached fitness.
Bands [150, 146, 91] found in history. Returning cached fitness.
Bands [150, 146, 91] found in history. Returning cached fitness.
Bands [150, 146, 91] found in history. Returning cached fitness.
Bands [150, 146, 91] found in history. Returning cached fitness.
Bands [150, 146, 91] found in history. Returning cached fitness.
Bands [150, 146, 91] found in history. Returning cached fitness.
27 	18    	0.804688	0         	0.804688	0.804688	Individual('h', [161, 174, 112])
Bands [150, 146, 91] found in history. Returning cached fitness.
Bands [150, 146, 91] found in history. Returning cached fitness.
Bands [150, 146, 91] found in history. Returning cached fitness.
Bands [150, 146, 91] found in history. Returning cached fitness.
Bands [150, 146, 91] found in history. Returning cached fitness.
Bands [150, 146, 91] found in history. Returning cached fitness.
Bands [150, 146, 91] found in history. Returning cached fitness.
Bands [150, 146, 91] found in history. Returning cached fitness.
Bands [150, 146, 91] found in history. Returning cached fitness.
Bands [150, 146, 91] found in history. Returning cached fitness.
Bands [150, 146, 91] found in history. Returning cached fitness.
Bands [150, 146, 91] found in history. Returning cached fitness.
Bands [150, 146, 91] found in history. Returning cached fitness.
Bands [150, 146, 91] found in history. Returning cached fitness.
Bands [150, 146, 91] found in history. Returning cached fitness.
Bands [150, 146, 91] found in history. Returning cached fitness.
Bands [150, 146, 91] found in history. Returning cached fitness.
Bands [150, 146, 91] found in history. Returning cached fitness.
28 	18    	0.804688	0         	0.804688	0.804688	Individual('h', [161, 174, 112])
Bands [150, 146, 91] found in history. Returning cached fitness.
Bands [150, 146, 91] found in history. Returning cached fitness.
Bands [150, 146, 91] found in history. Returning cached fitness.
Bands [150, 146, 91] found in history. Returning cached fitness.
Bands [150, 146, 91] found in history. Returning cached fitness.
Bands [150, 146, 91] found in history. Returning cached fitness.
Bands [150, 146, 91] found in history. Returning cached fitness.
Bands [150, 146, 91] found in history. Returning cached fitness.
Bands [150, 146, 91] found in history. Returning cached fitness.
Bands [150, 146, 91] found in history. Returning cached fitness.
Bands [150, 146, 91] found in history. Returning cached fitness.
Bands [150, 146, 91] found in history. Returning cached fitness.
Bands [150, 146, 91] found in history. Returning cached fitness.
Bands [150, 146, 91] found in history. Returning cached fitness.
Bands [150, 146, 91] found in history. Returning cached fitness.
Bands [150, 146, 91] found in history. Returning cached fitness.
29 	16    	0.804688	0         	0.804688	0.804688	Individual('h', [161, 174, 112])
Bands [150, 146, 91] found in history. Returning cached fitness.
Bands [150, 146, 91] found in history. Returning cached fitness.
Bands [150, 146, 91] found in history. Returning cached fitness.
Bands [150, 146, 91] found in history. Returning cached fitness.
Bands [150, 146, 91] found in history. Returning cached fitness.
Bands [150, 146, 91] found in history. Returning cached fitness.
Bands [150, 146, 91] found in history. Returning cached fitness.
Bands [150, 146, 91] found in history. Returning cached fitness.
Bands [150, 146, 91] found in history. Returning cached fitness.
Bands [150, 146, 91] found in history. Returning cached fitness.
Bands [150, 146, 91] found in history. Returning cached fitness.
Bands [150, 146, 91] found in history. Returning cached fitness.
30 	12    	0.804688	0         	0.804688	0.804688	Individual('h', [161, 174, 112])
Bands [150, 146, 91] found in history. Returning cached fitness.
Bands [150, 146, 91] found in history. Returning cached fitness.
Bands [150, 146, 90] found in history. Returning cached fitness.
Bands [150, 146, 90] found in history. Returning cached fitness.
Bands [150, 146, 91] found in history. Returning cached fitness.
Bands [150, 146, 91] found in history. Returning cached fitness.
Bands [150, 146, 91] found in history. Returning cached fitness.
Bands [150, 146, 91] found in history. Returning cached fitness.
Bands [150, 146, 91] found in history. Returning cached fitness.
Bands [150, 146, 91] found in history. Returning cached fitness.
Bands [150, 146, 91] found in history. Returning cached fitness.
Bands [150, 146, 91] found in history. Returning cached fitness.
Bands [150, 146, 91] found in history. Returning cached fitness.
Bands [150, 146, 91] found in history. Returning cached fitness.
Bands [150, 146, 91] found in history. Returning cached fitness.
Bands [150, 146, 91] found in history. Returning cached fitness.
Bands [150, 146, 91] found in history. Returning cached fitness.
Bands [150, 146, 91] found in history. Returning cached fitness.
31 	18    	0.801562	0.009375  	0.773438	0.804688	Individual('h', [161, 174, 112])
Bands [150, 146, 91] found in history. Returning cached fitness.
Bands [150, 146, 91] found in history. Returning cached fitness.
Bands [150, 146, 91] found in history. Returning cached fitness.
Bands [150, 146, 91] found in history. Returning cached fitness.
Bands [150, 146, 91] found in history. Returning cached fitness.
Bands [150, 146, 91] found in history. Returning cached fitness.
Bands [150, 146, 91] found in history. Returning cached fitness.
Bands [150, 146, 91] found in history. Returning cached fitness.
Bands [150, 146, 91] found in history. Returning cached fitness.
Bands [150, 146, 91] found in history. Returning cached fitness.
Bands [150, 146, 91] found in history. Returning cached fitness.
Bands [150, 146, 91] found in history. Returning cached fitness.
Bands [150, 146, 91] found in history. Returning cached fitness.
Bands [150, 146, 91] found in history. Returning cached fitness.
Bands [150, 146, 91] found in history. Returning cached fitness.
Bands [150, 146, 91] found in history. Returning cached fitness.
Bands [150, 146, 91] found in history. Returning cached fitness.
Bands [150, 146, 91] found in history. Returning cached fitness.
32 	18    	0.804688	0         	0.804688	0.804688	Individual('h', [161, 174, 112])
Bands [150, 146, 91] found in history. Returning cached fitness.
Bands [150, 146, 91] found in history. Returning cached fitness.
Bands [150, 146, 91] found in history. Returning cached fitness.
Bands [150, 146, 91] found in history. Returning cached fitness.
Bands [150, 146, 91] found in history. Returning cached fitness.
Bands [150, 146, 91] found in history. Returning cached fitness.
Bands [150, 146, 91] found in history. Returning cached fitness.
Bands [150, 146, 91] found in history. Returning cached fitness.
Bands [150, 146, 91] found in history. Returning cached fitness.
Bands [150, 146, 91] found in history. Returning cached fitness.
Bands [150, 146, 91] found in history. Returning cached fitness.
Bands [150, 146, 91] found in history. Returning cached fitness.
Bands [150, 146, 91] found in history. Returning cached fitness.
Bands [150, 146, 91] found in history. Returning cached fitness.
Bands [150, 146, 91] found in history. Returning cached fitness.
Bands [150, 146, 91] found in history. Returning cached fitness.
Bands [150, 146, 91] found in history. Returning cached fitness.
Bands [150, 146, 91] found in history. Returning cached fitness.
33 	18    	0.804688	0         	0.804688	0.804688	Individual('h', [161, 174, 112])
Bands [150, 146, 91] found in history. Returning cached fitness.
Bands [150, 146, 91] found in history. Returning cached fitness.
Bands [150, 146, 91] found in history. Returning cached fitness.
Bands [150, 146, 91] found in history. Returning cached fitness.
Bands [150, 146, 91] found in history. Returning cached fitness.
Bands [150, 146, 91] found in history. Returning cached fitness.
Bands [150, 146, 91] found in history. Returning cached fitness.
Bands [150, 146, 91] found in history. Returning cached fitness.
Bands [150, 146, 91] found in history. Returning cached fitness.
Bands [150, 146, 91] found in history. Returning cached fitness.
Bands [150, 146, 91] found in history. Returning cached fitness.
Bands [150, 146, 91] found in history. Returning cached fitness.
34 	12    	0.804688	0         	0.804688	0.804688	Individual('h', [161, 174, 112])
Bands [150, 146, 91] found in history. Returning cached fitness.
Bands [150, 146, 91] found in history. Returning cached fitness.
Bands [150, 146, 91] found in history. Returning cached fitness.
Bands [150, 146, 91] found in history. Returning cached fitness.
Bands [150, 146, 91] found in history. Returning cached fitness.
Bands [150, 146, 91] found in history. Returning cached fitness.
Bands [150, 146, 91] found in history. Returning cached fitness.
Bands [150, 146, 91] found in history. Returning cached fitness.
Bands [150, 146, 91] found in history. Returning cached fitness.
Bands [150, 146, 91] found in history. Returning cached fitness.
Bands [150, 146, 91] found in history. Returning cached fitness.
Bands [150, 146, 91] found in history. Returning cached fitness.
Bands [150, 146, 91] found in history. Returning cached fitness.
Bands [150, 146, 91] found in history. Returning cached fitness.
35 	14    	0.804688	0         	0.804688	0.804688	Individual('h', [161, 174, 112])
Bands [150, 146, 91] found in history. Returning cached fitness.
Bands [150, 146, 91] found in history. Returning cached fitness.
Bands [150, 146, 91] found in history. Returning cached fitness.
Bands [150, 146, 91] found in history. Returning cached fitness.
Bands [150, 146, 91] found in history. Returning cached fitness.
Bands [150, 146, 91] found in history. Returning cached fitness.
Bands [150, 146, 91] found in history. Returning cached fitness.
Bands [150, 146, 91] found in history. Returning cached fitness.
Bands [150, 146, 91] found in history. Returning cached fitness.
Bands [150, 146, 91] found in history. Returning cached fitness.
Bands [150, 146, 91] found in history. Returning cached fitness.
Bands [150, 146, 91] found in history. Returning cached fitness.
Bands [150, 146, 91] found in history. Returning cached fitness.
Bands [150, 146, 91] found in history. Returning cached fitness.
Bands [150, 146, 91] found in history. Returning cached fitness.
36 	15    	0.804688	0         	0.804688	0.804688	Individual('h', [161, 174, 112])
Bands [150, 146, 91] found in history. Returning cached fitness.
Bands [150, 146, 91] found in history. Returning cached fitness.
Bands [150, 146, 91] found in history. Returning cached fitness.
Bands [150, 146, 91] found in history. Returning cached fitness.
Bands [150, 146, 91] found in history. Returning cached fitness.
Bands [150, 146, 91] found in history. Returning cached fitness.
Bands [150, 146, 91] found in history. Returning cached fitness.
Bands [150, 146, 91] found in history. Returning cached fitness.
Bands [150, 146, 91] found in history. Returning cached fitness.
Bands [150, 146, 91] found in history. Returning cached fitness.
Bands [150, 146, 91] found in history. Returning cached fitness.
Bands [150, 146, 91] found in history. Returning cached fitness.
Bands [150, 146, 91] found in history. Returning cached fitness.
Bands [150, 146, 91] found in history. Returning cached fitness.
Bands [150, 146, 91] found in history. Returning cached fitness.
Bands [150, 146, 91] found in history. Returning cached fitness.
Bands [150, 146, 91] found in history. Returning cached fitness.
Bands [150, 146, 91] found in history. Returning cached fitness.
37 	18    	0.804688	0         	0.804688	0.804688	Individual('h', [161, 174, 112])
Bands [150, 146, 91] found in history. Returning cached fitness.
Bands [150, 146, 91] found in history. Returning cached fitness.
Bands [150, 146, 91] found in history. Returning cached fitness.
Bands [150, 146, 91] found in history. Returning cached fitness.
Bands [150, 146, 91] found in history. Returning cached fitness.
Bands [150, 145, 91] found in history. Returning cached fitness.
Bands [150, 146, 91] found in history. Returning cached fitness.
Bands [150, 146, 91] found in history. Returning cached fitness.
Bands [150, 146, 91] found in history. Returning cached fitness.
Bands [150, 146, 91] found in history. Returning cached fitness.
Bands [150, 146, 91] found in history. Returning cached fitness.
Bands [150, 146, 91] found in history. Returning cached fitness.
Bands [150, 146, 91] found in history. Returning cached fitness.
Bands [150, 146, 91] found in history. Returning cached fitness.
Bands [150, 146, 91] found in history. Returning cached fitness.
Bands [150, 146, 91] found in history. Returning cached fitness.
38 	16    	0.803906	0.00340539	0.789062	0.804688	Individual('h', [161, 174, 112])
Bands [150, 146, 91] found in history. Returning cached fitness.
Bands [150, 146, 91] found in history. Returning cached fitness.
Bands [150, 146, 91] found in history. Returning cached fitness.
Bands [150, 146, 91] found in history. Returning cached fitness.
Bands [150, 146, 91] found in history. Returning cached fitness.
Bands [150, 146, 91] found in history. Returning cached fitness.
Bands [150, 146, 91] found in history. Returning cached fitness.
Bands [150, 146, 91] found in history. Returning cached fitness.
Bands [150, 146, 91] found in history. Returning cached fitness.
Bands [150, 146, 91] found in history. Returning cached fitness.
Bands [150, 146, 91] found in history. Returning cached fitness.
Bands [150, 146, 91] found in history. Returning cached fitness.
Bands [150, 146, 91] found in history. Returning cached fitness.
Bands [150, 146, 91] found in history. Returning cached fitness.
Bands [150, 146, 91] found in history. Returning cached fitness.
Bands [150, 146, 91] found in history. Returning cached fitness.
39 	16    	0.804688	0         	0.804688	0.804688	Individual('h', [161, 174, 112])
Bands [150, 146, 91] found in history. Returning cached fitness.
Bands [150, 146, 91] found in history. Returning cached fitness.
Bands [150, 146, 91] found in history. Returning cached fitness.
Bands [150, 146, 91] found in history. Returning cached fitness.
Bands [150, 146, 91] found in history. Returning cached fitness.
Bands [150, 146, 91] found in history. Returning cached fitness.
Bands [150, 146, 91] found in history. Returning cached fitness.
Bands [150, 146, 91] found in history. Returning cached fitness.
Bands [150, 146, 91] found in history. Returning cached fitness.
Bands [150, 146, 91] found in history. Returning cached fitness.
Bands [150, 146, 91] found in history. Returning cached fitness.
Bands [150, 146, 91] found in history. Returning cached fitness.
Bands [150, 146, 91] found in history. Returning cached fitness.
Bands [150, 146, 91] found in history. Returning cached fitness.
40 	14    	0.804688	0         	0.804688	0.804688	Individual('h', [161, 174, 112])
Bands [150, 146, 91] found in history. Returning cached fitness.
Bands [150, 146, 91] found in history. Returning cached fitness.
Bands [150, 146, 91] found in history. Returning cached fitness.
Bands [150, 146, 91] found in history. Returning cached fitness.
Bands [150, 146, 91] found in history. Returning cached fitness.
Bands [150, 146, 91] found in history. Returning cached fitness.
Bands [150, 146, 91] found in history. Returning cached fitness.
Bands [150, 146, 91] found in history. Returning cached fitness.
Bands [150, 146, 91] found in history. Returning cached fitness.
Bands [150, 146, 91] found in history. Returning cached fitness.
Bands [150, 146, 91] found in history. Returning cached fitness.
Bands [150, 146, 91] found in history. Returning cached fitness.
Bands [150, 146, 91] found in history. Returning cached fitness.
Bands [150, 146, 91] found in history. Returning cached fitness.
Bands [150, 146, 91] found in history. Returning cached fitness.
Bands [150, 146, 91] found in history. Returning cached fitness.
41 	16    	0.804688	0         	0.804688	0.804688	Individual('h', [161, 174, 112])
Bands [150, 146, 91] found in history. Returning cached fitness.
Bands [150, 146, 91] found in history. Returning cached fitness.
Bands [150, 146, 91] found in history. Returning cached fitness.
Bands [150, 146, 91] found in history. Returning cached fitness.
Bands [150, 146, 91] found in history. Returning cached fitness.
Bands [150, 146, 91] found in history. Returning cached fitness.
Bands [150, 146, 91] found in history. Returning cached fitness.
Bands [150, 146, 91] found in history. Returning cached fitness.
Bands [150, 146, 91] found in history. Returning cached fitness.
Bands [150, 146, 91] found in history. Returning cached fitness.
Bands [150, 146, 91] found in history. Returning cached fitness.
Bands [150, 146, 91] found in history. Returning cached fitness.
42 	12    	0.804688	0         	0.804688	0.804688	Individual('h', [161, 174, 112])
Bands [150, 146, 91] found in history. Returning cached fitness.
Bands [150, 146, 91] found in history. Returning cached fitness.
Bands [150, 146, 91] found in history. Returning cached fitness.
Bands [150, 146, 91] found in history. Returning cached fitness.
Bands [150, 146, 91] found in history. Returning cached fitness.
Bands [150, 146, 91] found in history. Returning cached fitness.
Bands [150, 146, 91] found in history. Returning cached fitness.
Bands [150, 146, 91] found in history. Returning cached fitness.
Bands [150, 146, 91] found in history. Returning cached fitness.
Bands [150, 146, 91] found in history. Returning cached fitness.
Bands [150, 146, 91] found in history. Returning cached fitness.
Bands [150, 146, 91] found in history. Returning cached fitness.
Bands [150, 146, 91] found in history. Returning cached fitness.
Bands [150, 146, 91] found in history. Returning cached fitness.
Bands [150, 146, 91] found in history. Returning cached fitness.
Bands [150, 146, 91] found in history. Returning cached fitness.
43 	16    	0.804688	0         	0.804688	0.804688	Individual('h', [161, 174, 112])
Bands [150, 146, 91] found in history. Returning cached fitness.
Bands [150, 146, 91] found in history. Returning cached fitness.
Bands [150, 146, 91] found in history. Returning cached fitness.
Bands [150, 146, 91] found in history. Returning cached fitness.
Bands [150, 146, 91] found in history. Returning cached fitness.
Bands [150, 146, 91] found in history. Returning cached fitness.
Bands [150, 146, 91] found in history. Returning cached fitness.
Bands [150, 146, 91] found in history. Returning cached fitness.
Bands [150, 146, 91] found in history. Returning cached fitness.
Bands [150, 146, 91] found in history. Returning cached fitness.
Bands [150, 146, 91] found in history. Returning cached fitness.
Bands [150, 146, 91] found in history. Returning cached fitness.
Bands [150, 146, 91] found in history. Returning cached fitness.
Bands [150, 146, 91] found in history. Returning cached fitness.
44 	14    	0.804688	0         	0.804688	0.804688	Individual('h', [161, 174, 112])
Bands [150, 146, 91] found in history. Returning cached fitness.
Bands [150, 146, 91] found in history. Returning cached fitness.
Bands [150, 146, 91] found in history. Returning cached fitness.
Bands [150, 146, 91] found in history. Returning cached fitness.
Bands [150, 146, 91] found in history. Returning cached fitness.
Bands [150, 146, 91] found in history. Returning cached fitness.
Bands [150, 146, 91] found in history. Returning cached fitness.
Bands [150, 146, 91] found in history. Returning cached fitness.
Bands [150, 146, 91] found in history. Returning cached fitness.
Bands [150, 146, 91] found in history. Returning cached fitness.
Bands [150, 146, 91] found in history. Returning cached fitness.
Bands [150, 146, 91] found in history. Returning cached fitness.
Bands [150, 146, 91] found in history. Returning cached fitness.
Bands [150, 146, 91] found in history. Returning cached fitness.
Bands [150, 146, 91] found in history. Returning cached fitness.
Bands [150, 146, 91] found in history. Returning cached fitness.
45 	16    	0.804688	0         	0.804688	0.804688	Individual('h', [161, 174, 112])
Bands [150, 146, 91] found in history. Returning cached fitness.
Bands [150, 146, 91] found in history. Returning cached fitness.
Bands [150, 146, 91] found in history. Returning cached fitness.
Bands [150, 146, 91] found in history. Returning cached fitness.
Bands [150, 146, 91] found in history. Returning cached fitness.
Bands [150, 146, 91] found in history. Returning cached fitness.
Bands [150, 146, 91] found in history. Returning cached fitness.
Bands [150, 146, 91] found in history. Returning cached fitness.
Bands [150, 146, 91] found in history. Returning cached fitness.
Bands [150, 146, 91] found in history. Returning cached fitness.
Bands [150, 146, 91] found in history. Returning cached fitness.
Bands [150, 146, 91] found in history. Returning cached fitness.
Bands [150, 146, 91] found in history. Returning cached fitness.
Bands [150, 146, 91] found in history. Returning cached fitness.
Bands [150, 146, 91] found in history. Returning cached fitness.
Bands [150, 146, 91] found in history. Returning cached fitness.
Bands [150, 146, 91] found in history. Returning cached fitness.
Bands [150, 146, 91] found in history. Returning cached fitness.
Bands [150, 146, 91] found in history. Returning cached fitness.
46 	19    	0.804688	0         	0.804688	0.804688	Individual('h', [161, 174, 112])
Bands [150, 146, 91] found in history. Returning cached fitness.
Bands [150, 146, 91] found in history. Returning cached fitness.
Bands [150, 146, 91] found in history. Returning cached fitness.
Bands [150, 146, 91] found in history. Returning cached fitness.
Bands [150, 146, 91] found in history. Returning cached fitness.
Bands [150, 146, 91] found in history. Returning cached fitness.
Bands [150, 146, 91] found in history. Returning cached fitness.
Bands [150, 146, 91] found in history. Returning cached fitness.
Bands [150, 146, 91] found in history. Returning cached fitness.
Bands [150, 146, 91] found in history. Returning cached fitness.
Bands [150, 146, 91] found in history. Returning cached fitness.
Bands [150, 146, 91] found in history. Returning cached fitness.
Bands [150, 146, 91] found in history. Returning cached fitness.
Bands [150, 146, 91] found in history. Returning cached fitness.
Bands [150, 146, 91] found in history. Returning cached fitness.
Bands [150, 146, 91] found in history. Returning cached fitness.
47 	16    	0.804688	0         	0.804688	0.804688	Individual('h', [161, 174, 112])
Bands [150, 146, 91] found in history. Returning cached fitness.
Bands [150, 146, 91] found in history. Returning cached fitness.
Bands [150, 146, 91] found in history. Returning cached fitness.
Bands [150, 146, 91] found in history. Returning cached fitness.
Bands [150, 146, 91] found in history. Returning cached fitness.
Bands [150, 146, 91] found in history. Returning cached fitness.
Bands [150, 146, 91] found in history. Returning cached fitness.
Bands [150, 146, 91] found in history. Returning cached fitness.
Bands [150, 146, 91] found in history. Returning cached fitness.
Bands [150, 146, 91] found in history. Returning cached fitness.
Bands [150, 146, 91] found in history. Returning cached fitness.
Bands [150, 146, 91] found in history. Returning cached fitness.
Bands [150, 146, 91] found in history. Returning cached fitness.
Bands [150, 146, 91] found in history. Returning cached fitness.
Bands [150, 146, 91] found in history. Returning cached fitness.
Bands [150, 146, 91] found in history. Returning cached fitness.
Bands [150, 146, 91] found in history. Returning cached fitness.
Bands [150, 146, 91] found in history. Returning cached fitness.
Bands [150, 146, 91] found in history. Returning cached fitness.
Bands [150, 146, 91] found in history. Returning cached fitness.
48 	20    	0.804688	0         	0.804688	0.804688	Individual('h', [161, 174, 112])
Bands [150, 146, 91] found in history. Returning cached fitness.
Bands [150, 146, 91] found in history. Returning cached fitness.
Bands [150, 146, 91] found in history. Returning cached fitness.
Bands [150, 146, 91] found in history. Returning cached fitness.
Bands [150, 146, 90] found in history. Returning cached fitness.
Bands [150, 146, 90] found in history. Returning cached fitness.
Bands [150, 146, 91] found in history. Returning cached fitness.
Bands [150, 146, 91] found in history. Returning cached fitness.
Bands [150, 146, 91] found in history. Returning cached fitness.
Bands [150, 146, 91] found in history. Returning cached fitness.
Bands [150, 146, 91] found in history. Returning cached fitness.
Bands [150, 146, 91] found in history. Returning cached fitness.
Bands [150, 146, 91] found in history. Returning cached fitness.
Bands [150, 146, 91] found in history. Returning cached fitness.
Bands [150, 146, 91] found in history. Returning cached fitness.
Bands [150, 146, 91] found in history. Returning cached fitness.
Bands [150, 146, 91] found in history. Returning cached fitness.
Bands [150, 146, 91] found in history. Returning cached fitness.
Bands [150, 146, 91] found in history. Returning cached fitness.
Bands [150, 146, 91] found in history. Returning cached fitness.
49 	20    	0.801562	0.009375  	0.773438	0.804688	Individual('h', [161, 174, 112])
Bands [150, 146, 91] found in history. Returning cached fitness.
Bands [150, 146, 91] found in history. Returning cached fitness.
Bands [150, 146, 91] found in history. Returning cached fitness.
Bands [150, 146, 91] found in history. Returning cached fitness.
Bands [150, 146, 91] found in history. Returning cached fitness.
Bands [150, 146, 91] found in history. Returning cached fitness.
Bands [150, 146, 91] found in history. Returning cached fitness.
Bands [150, 146, 91] found in history. Returning cached fitness.
Bands [150, 146, 91] found in history. Returning cached fitness.
Bands [150, 146, 91] found in history. Returning cached fitness.
Bands [150, 146, 91] found in history. Returning cached fitness.
Bands [150, 146, 91] found in history. Returning cached fitness.
Bands [150, 146, 91] found in history. Returning cached fitness.
Bands [150, 146, 91] found in history. Returning cached fitness.
50 	14    	0.804688	0         	0.804688	0.804688	Individual('h', [161, 174, 112])
⏱️ Total runtime: 145.7 minutes (8742.4 seconds)
🏆 Best individual: Individual('h', [161, 174, 112]) -> Fitness: 0.80859375
📊 GA statistics saved to 'out/tables/exp_01_ga_stats.csv'
📈 CNN training results for best individual saved to 'out/tables/exp_01_cnn_results_161_174_112.csv'
📝 Classification report saved to 'out/tables/exp_01_classification_report_161_174_112.csv'
📋 Confusion matrix saved to 'out/tables/exp_01_confusion_matrix_161_174_112.csv'
🖼️ Confusion matrix plot saved to 'out/figures/exp_01_confusion_matrix_161_174_112.png'
📈 Loss curves plots for the best individual saved to 'out/figures/exp_01_cnn_results_161_174_112.png'
