🎯 Optimizing RGB band selection from 448 total bands
📊 Pre-loading hypercubes...
✅ All hypercubes loaded into memory!
Dataset initialized with pre-loaded data. Total samples: 897
Band indices for training dataloader: [197, 317, 325]
Dataset initialized with pre-loaded data. Total samples: 226
Band indices for test dataloader: [197, 317, 325]
🔍 Starting evaluation of individual [197, 317, 325]
Epoch: 1 | train_loss: 1.3953 | train_acc: 0.2575 | test_loss: 1.3163 | test_acc: 0.4062 | 
Epoch: 2 | train_loss: 1.3288 | train_acc: 0.3373 | test_loss: 1.2542 | test_acc: 0.4570 | 
Epoch: 3 | train_loss: 1.2469 | train_acc: 0.3998 | test_loss: 1.2861 | test_acc: 0.3516 | 
Epoch: 4 | train_loss: 1.1813 | train_acc: 0.4623 | test_loss: 1.3862 | test_acc: 0.4375 | 
Epoch: 5 | train_loss: 1.1615 | train_acc: 0.4989 | test_loss: 1.2224 | test_acc: 0.5156 | 
Epoch: 6 | train_loss: 1.0961 | train_acc: 0.5205 | test_loss: 1.4541 | test_acc: 0.4102 | 
Epoch: 7 | train_loss: 1.0232 | train_acc: 0.5916 | test_loss: 1.0974 | test_acc: 0.6016 | 
Epoch: 8 | train_loss: 0.9955 | train_acc: 0.5916 | test_loss: 1.1637 | test_acc: 0.5352 | 
Epoch: 9 | train_loss: 0.8802 | train_acc: 0.6142 | test_loss: 1.2859 | test_acc: 0.5859 | 
Epoch: 10 | train_loss: 0.8974 | train_acc: 0.6175 | test_loss: 0.9975 | test_acc: 0.6406 | 
Epoch: 11 | train_loss: 0.8226 | train_acc: 0.6789 | test_loss: 1.1208 | test_acc: 0.6172 | 
Epoch: 12 | train_loss: 0.8186 | train_acc: 0.6778 | test_loss: 1.0127 | test_acc: 0.6328 | 
Epoch: 13 | train_loss: 0.7979 | train_acc: 0.6983 | test_loss: 0.9968 | test_acc: 0.6445 | 
Epoch: 14 | train_loss: 0.7216 | train_acc: 0.7037 | test_loss: 1.0094 | test_acc: 0.6680 | 
Epoch: 15 | train_loss: 0.7014 | train_acc: 0.7101 | test_loss: 1.1083 | test_acc: 0.6094 | 
Epoch: 16 | train_loss: 0.7519 | train_acc: 0.6832 | test_loss: 0.9835 | test_acc: 0.6367 | 
Epoch: 17 | train_loss: 0.7458 | train_acc: 0.7037 | test_loss: 0.9686 | test_acc: 0.6328 | 
Epoch: 18 | train_loss: 0.6284 | train_acc: 0.7532 | test_loss: 0.9994 | test_acc: 0.6328 | 
Epoch: 19 | train_loss: 0.6197 | train_acc: 0.7812 | test_loss: 1.0973 | test_acc: 0.6406 | 
Epoch: 20 | train_loss: 0.6281 | train_acc: 0.7565 | test_loss: 1.1294 | test_acc: 0.5977 | 
Epoch: 21 | train_loss: 0.6143 | train_acc: 0.7522 | test_loss: 0.9550 | test_acc: 0.6758 | 
Epoch: 22 | train_loss: 0.5776 | train_acc: 0.7759 | test_loss: 1.0406 | test_acc: 0.6719 | 
Epoch: 23 | train_loss: 0.6527 | train_acc: 0.7629 | test_loss: 0.9512 | test_acc: 0.6602 | 
Epoch: 24 | train_loss: 0.5445 | train_acc: 0.7985 | test_loss: 0.8862 | test_acc: 0.6562 | 
Epoch: 25 | train_loss: 0.5216 | train_acc: 0.7920 | test_loss: 0.9172 | test_acc: 0.6875 | 
Epoch: 26 | train_loss: 0.5165 | train_acc: 0.8103 | test_loss: 0.9420 | test_acc: 0.6758 | 
Epoch: 27 | train_loss: 0.5043 | train_acc: 0.7996 | test_loss: 0.9760 | test_acc: 0.6914 | 
Epoch: 28 | train_loss: 0.4450 | train_acc: 0.8394 | test_loss: 1.0073 | test_acc: 0.6914 | 
Epoch: 29 | train_loss: 0.4658 | train_acc: 0.8341 | test_loss: 0.9854 | test_acc: 0.6914 | 
Epoch: 30 | train_loss: 0.4345 | train_acc: 0.8405 | test_loss: 0.9692 | test_acc: 0.7070 | 
Epoch: 31 | train_loss: 0.4807 | train_acc: 0.8330 | test_loss: 1.2319 | test_acc: 0.5703 | 
Epoch: 32 | train_loss: 0.4715 | train_acc: 0.8211 | test_loss: 0.8925 | test_acc: 0.7148 | 
Epoch: 33 | train_loss: 0.4058 | train_acc: 0.8470 | test_loss: 1.0017 | test_acc: 0.6445 | 
Epoch: 34 | train_loss: 0.5244 | train_acc: 0.8265 | test_loss: 0.8320 | test_acc: 0.7148 | 
Epoch: 35 | train_loss: 0.4446 | train_acc: 0.8200 | test_loss: 0.9215 | test_acc: 0.6719 | 
Epoch: 36 | train_loss: 0.4313 | train_acc: 0.8179 | test_loss: 0.9423 | test_acc: 0.7070 | 
Epoch: 37 | train_loss: 0.3875 | train_acc: 0.8567 | test_loss: 0.9149 | test_acc: 0.7070 | 
Epoch: 38 | train_loss: 0.4014 | train_acc: 0.8308 | test_loss: 0.8926 | test_acc: 0.7109 | 
Epoch: 39 | train_loss: 0.4220 | train_acc: 0.8319 | test_loss: 0.9126 | test_acc: 0.7109 | 
Epoch: 40 | train_loss: 0.3375 | train_acc: 0.8750 | test_loss: 1.0422 | test_acc: 0.6719 | 
Epoch: 41 | train_loss: 0.4847 | train_acc: 0.8416 | test_loss: 1.1405 | test_acc: 0.6953 | 
Epoch: 42 | train_loss: 0.4166 | train_acc: 0.8642 | test_loss: 0.9078 | test_acc: 0.6992 | 
Epoch: 43 | train_loss: 0.3924 | train_acc: 0.8481 | test_loss: 0.9203 | test_acc: 0.7188 | 
Epoch: 44 | train_loss: 0.3641 | train_acc: 0.8481 | test_loss: 1.0481 | test_acc: 0.6445 | 
Epoch: 45 | train_loss: 0.4197 | train_acc: 0.8233 | test_loss: 0.9800 | test_acc: 0.7070 | 
Epoch: 46 | train_loss: 0.4152 | train_acc: 0.8416 | test_loss: 1.0055 | test_acc: 0.6836 | 
Epoch: 47 | train_loss: 0.3282 | train_acc: 0.8772 | test_loss: 1.0715 | test_acc: 0.6680 | 
Epoch: 48 | train_loss: 0.2911 | train_acc: 0.8944 | test_loss: 0.9782 | test_acc: 0.6836 | 
Epoch: 49 | train_loss: 0.2904 | train_acc: 0.8987 | test_loss: 0.9888 | test_acc: 0.6875 | 
Epoch: 50 | train_loss: 0.3148 | train_acc: 0.8621 | test_loss: 1.0763 | test_acc: 0.6875 | 
⏱️ Total training time: 89.885 seconds
📊 Bands [197, 317, 325] -> Fitness: 0.6875
Dataset initialized with pre-loaded data. Total samples: 897
Band indices for training dataloader: [387, 394, 178]
Dataset initialized with pre-loaded data. Total samples: 226
Band indices for test dataloader: [387, 394, 178]
🔍 Starting evaluation of individual [387, 394, 178]
Epoch: 1 | train_loss: 1.3786 | train_acc: 0.3039 | test_loss: 1.3077 | test_acc: 0.3672 | 
Epoch: 2 | train_loss: 1.3033 | train_acc: 0.4116 | test_loss: 1.4607 | test_acc: 0.3750 | 
Epoch: 3 | train_loss: 1.2329 | train_acc: 0.4213 | test_loss: 1.1939 | test_acc: 0.4531 | 
Epoch: 4 | train_loss: 1.1162 | train_acc: 0.5312 | test_loss: 1.2228 | test_acc: 0.4648 | 
Epoch: 5 | train_loss: 1.0955 | train_acc: 0.5011 | test_loss: 1.3804 | test_acc: 0.5078 | 
Epoch: 6 | train_loss: 1.0731 | train_acc: 0.5614 | test_loss: 1.2026 | test_acc: 0.5156 | 
Epoch: 7 | train_loss: 1.0488 | train_acc: 0.5711 | test_loss: 1.1060 | test_acc: 0.5195 | 
Epoch: 8 | train_loss: 0.9037 | train_acc: 0.6088 | test_loss: 1.2483 | test_acc: 0.5078 | 
Epoch: 9 | train_loss: 0.9212 | train_acc: 0.6131 | test_loss: 1.2037 | test_acc: 0.5156 | 
Epoch: 10 | train_loss: 0.8409 | train_acc: 0.6498 | test_loss: 1.1176 | test_acc: 0.5625 | 
Epoch: 11 | train_loss: 0.8321 | train_acc: 0.6713 | test_loss: 1.1132 | test_acc: 0.5703 | 
Epoch: 12 | train_loss: 0.7625 | train_acc: 0.6961 | test_loss: 1.0205 | test_acc: 0.6328 | 
Epoch: 13 | train_loss: 0.7762 | train_acc: 0.6616 | test_loss: 1.2125 | test_acc: 0.5000 | 
Epoch: 14 | train_loss: 0.7157 | train_acc: 0.7015 | test_loss: 0.9860 | test_acc: 0.6211 | 
Epoch: 15 | train_loss: 0.6667 | train_acc: 0.7188 | test_loss: 0.9960 | test_acc: 0.6523 | 
Epoch: 16 | train_loss: 0.6428 | train_acc: 0.7554 | test_loss: 1.0681 | test_acc: 0.6094 | 
Epoch: 17 | train_loss: 0.7127 | train_acc: 0.7565 | test_loss: 1.0569 | test_acc: 0.6133 | 
Epoch: 18 | train_loss: 0.6946 | train_acc: 0.7015 | test_loss: 1.0414 | test_acc: 0.6250 | 
Epoch: 19 | train_loss: 0.6274 | train_acc: 0.7705 | test_loss: 0.9240 | test_acc: 0.6680 | 
Epoch: 20 | train_loss: 0.5447 | train_acc: 0.8103 | test_loss: 0.9107 | test_acc: 0.6914 | 
Epoch: 21 | train_loss: 0.5299 | train_acc: 0.8211 | test_loss: 1.0106 | test_acc: 0.6602 | 
Epoch: 22 | train_loss: 0.5682 | train_acc: 0.7726 | test_loss: 0.9692 | test_acc: 0.6562 | 
Epoch: 23 | train_loss: 0.6123 | train_acc: 0.7586 | test_loss: 0.9742 | test_acc: 0.6602 | 
Epoch: 24 | train_loss: 0.5280 | train_acc: 0.8147 | test_loss: 0.9289 | test_acc: 0.6719 | 
Epoch: 25 | train_loss: 0.5566 | train_acc: 0.7856 | test_loss: 0.9492 | test_acc: 0.6953 | 
Epoch: 26 | train_loss: 0.4979 | train_acc: 0.8028 | test_loss: 1.0080 | test_acc: 0.6719 | 
Epoch: 27 | train_loss: 0.4777 | train_acc: 0.8006 | test_loss: 1.0585 | test_acc: 0.6133 | 
Epoch: 28 | train_loss: 0.5201 | train_acc: 0.8222 | test_loss: 0.8494 | test_acc: 0.6914 | 
Epoch: 29 | train_loss: 0.4824 | train_acc: 0.8082 | test_loss: 0.9024 | test_acc: 0.6445 | 
Epoch: 30 | train_loss: 0.4510 | train_acc: 0.8222 | test_loss: 1.1655 | test_acc: 0.6484 | 
Epoch: 31 | train_loss: 0.4176 | train_acc: 0.8481 | test_loss: 0.9474 | test_acc: 0.6953 | 
Epoch: 32 | train_loss: 0.4416 | train_acc: 0.8103 | test_loss: 1.0873 | test_acc: 0.6094 | 
Epoch: 33 | train_loss: 0.3585 | train_acc: 0.8804 | test_loss: 1.0063 | test_acc: 0.7031 | 
Epoch: 34 | train_loss: 0.4162 | train_acc: 0.8438 | test_loss: 1.0483 | test_acc: 0.6289 | 
Epoch: 35 | train_loss: 0.4071 | train_acc: 0.8200 | test_loss: 1.1892 | test_acc: 0.6367 | 
Epoch: 36 | train_loss: 0.4061 | train_acc: 0.8610 | test_loss: 1.0191 | test_acc: 0.6133 | 
Epoch: 37 | train_loss: 0.3286 | train_acc: 0.8782 | test_loss: 1.0695 | test_acc: 0.6445 | 
Epoch: 38 | train_loss: 0.3829 | train_acc: 0.8308 | test_loss: 0.9077 | test_acc: 0.7422 | 
Epoch: 39 | train_loss: 0.4269 | train_acc: 0.8330 | test_loss: 0.8985 | test_acc: 0.6797 | 
Epoch: 40 | train_loss: 0.4181 | train_acc: 0.8427 | test_loss: 1.1264 | test_acc: 0.6719 | 
Epoch: 41 | train_loss: 0.3337 | train_acc: 0.9009 | test_loss: 1.1657 | test_acc: 0.6992 | 
Epoch: 42 | train_loss: 0.3340 | train_acc: 0.8976 | test_loss: 1.0558 | test_acc: 0.6797 | 
Epoch: 43 | train_loss: 0.3780 | train_acc: 0.8556 | test_loss: 0.9768 | test_acc: 0.7344 | 
Epoch: 44 | train_loss: 0.2984 | train_acc: 0.8879 | test_loss: 1.0041 | test_acc: 0.6445 | 
Epoch: 45 | train_loss: 0.3084 | train_acc: 0.8772 | test_loss: 1.0310 | test_acc: 0.6758 | 
Epoch: 46 | train_loss: 0.3533 | train_acc: 0.8448 | test_loss: 0.9220 | test_acc: 0.7188 | 
Epoch: 47 | train_loss: 0.3197 | train_acc: 0.8825 | test_loss: 0.9538 | test_acc: 0.7188 | 
Epoch: 48 | train_loss: 0.3797 | train_acc: 0.8750 | test_loss: 1.0151 | test_acc: 0.6562 | 
Epoch: 49 | train_loss: 0.2844 | train_acc: 0.8987 | test_loss: 1.1166 | test_acc: 0.6328 | 
Epoch: 50 | train_loss: 0.2920 | train_acc: 0.9030 | test_loss: 1.0208 | test_acc: 0.6758 | 
⏱️ Total training time: 88.455 seconds
📊 Bands [387, 394, 178] -> Fitness: 0.6758
Dataset initialized with pre-loaded data. Total samples: 897
Band indices for training dataloader: [331, 348, 310]
Dataset initialized with pre-loaded data. Total samples: 226
Band indices for test dataloader: [331, 348, 310]
🔍 Starting evaluation of individual [331, 348, 310]
Epoch: 1 | train_loss: 1.3854 | train_acc: 0.2705 | test_loss: 1.4216 | test_acc: 0.4102 | 
Epoch: 2 | train_loss: 1.3034 | train_acc: 0.3912 | test_loss: 1.3421 | test_acc: 0.3828 | 
Epoch: 3 | train_loss: 1.2528 | train_acc: 0.4321 | test_loss: 1.5259 | test_acc: 0.3086 | 
Epoch: 4 | train_loss: 1.1686 | train_acc: 0.4925 | test_loss: 1.2875 | test_acc: 0.4336 | 
Epoch: 5 | train_loss: 1.1345 | train_acc: 0.4752 | test_loss: 1.1360 | test_acc: 0.5039 | 
Epoch: 6 | train_loss: 1.0430 | train_acc: 0.5399 | test_loss: 1.2467 | test_acc: 0.4648 | 
Epoch: 7 | train_loss: 0.9772 | train_acc: 0.5733 | test_loss: 1.2634 | test_acc: 0.5039 | 
Epoch: 8 | train_loss: 0.9610 | train_acc: 0.6131 | test_loss: 1.1881 | test_acc: 0.5156 | 
Epoch: 9 | train_loss: 0.9583 | train_acc: 0.6078 | test_loss: 1.1756 | test_acc: 0.5039 | 
Epoch: 10 | train_loss: 0.9002 | train_acc: 0.6207 | test_loss: 1.1691 | test_acc: 0.4844 | 
Epoch: 11 | train_loss: 0.9226 | train_acc: 0.6002 | test_loss: 1.2809 | test_acc: 0.4688 | 
Epoch: 12 | train_loss: 0.9380 | train_acc: 0.6045 | test_loss: 1.1961 | test_acc: 0.4688 | 
Epoch: 13 | train_loss: 0.8281 | train_acc: 0.6433 | test_loss: 1.1343 | test_acc: 0.5039 | 
Epoch: 14 | train_loss: 0.7780 | train_acc: 0.6864 | test_loss: 1.2837 | test_acc: 0.4961 | 
Epoch: 15 | train_loss: 0.8116 | train_acc: 0.6584 | test_loss: 1.1323 | test_acc: 0.5703 | 
Epoch: 16 | train_loss: 0.7112 | train_acc: 0.7500 | test_loss: 1.1797 | test_acc: 0.5742 | 
Epoch: 17 | train_loss: 0.6193 | train_acc: 0.7823 | test_loss: 1.3008 | test_acc: 0.5117 | 
Epoch: 18 | train_loss: 0.7067 | train_acc: 0.7457 | test_loss: 1.4328 | test_acc: 0.5117 | 
Epoch: 19 | train_loss: 0.6791 | train_acc: 0.7489 | test_loss: 1.1973 | test_acc: 0.5938 | 
Epoch: 20 | train_loss: 0.5723 | train_acc: 0.8050 | test_loss: 1.1668 | test_acc: 0.6016 | 
Epoch: 21 | train_loss: 0.5676 | train_acc: 0.7737 | test_loss: 1.1616 | test_acc: 0.5469 | 
Epoch: 22 | train_loss: 0.6312 | train_acc: 0.7360 | test_loss: 1.3261 | test_acc: 0.5664 | 
Epoch: 23 | train_loss: 0.6126 | train_acc: 0.7392 | test_loss: 1.1302 | test_acc: 0.5508 | 
Epoch: 24 | train_loss: 0.5878 | train_acc: 0.7619 | test_loss: 1.1721 | test_acc: 0.4844 | 
Epoch: 25 | train_loss: 0.6079 | train_acc: 0.7812 | test_loss: 1.2737 | test_acc: 0.5391 | 
Epoch: 26 | train_loss: 0.6295 | train_acc: 0.7468 | test_loss: 1.0305 | test_acc: 0.5898 | 
Epoch: 27 | train_loss: 0.5515 | train_acc: 0.7877 | test_loss: 1.0854 | test_acc: 0.5898 | 
Epoch: 28 | train_loss: 0.4860 | train_acc: 0.8006 | test_loss: 1.1493 | test_acc: 0.5859 | 
Epoch: 29 | train_loss: 0.5872 | train_acc: 0.7629 | test_loss: 1.0317 | test_acc: 0.6211 | 
Epoch: 30 | train_loss: 0.5503 | train_acc: 0.7812 | test_loss: 1.1699 | test_acc: 0.5469 | 
Epoch: 31 | train_loss: 0.5442 | train_acc: 0.7759 | test_loss: 1.0459 | test_acc: 0.5703 | 
Epoch: 32 | train_loss: 0.5059 | train_acc: 0.7856 | test_loss: 1.0852 | test_acc: 0.5820 | 
Epoch: 33 | train_loss: 0.4667 | train_acc: 0.8394 | test_loss: 1.1427 | test_acc: 0.5820 | 
Epoch: 34 | train_loss: 0.4626 | train_acc: 0.8147 | test_loss: 1.0277 | test_acc: 0.6055 | 
Epoch: 35 | train_loss: 0.4582 | train_acc: 0.8190 | test_loss: 1.0931 | test_acc: 0.5898 | 
Epoch: 36 | train_loss: 0.4693 | train_acc: 0.8157 | test_loss: 1.0801 | test_acc: 0.6445 | 
Epoch: 37 | train_loss: 0.5104 | train_acc: 0.8060 | test_loss: 1.1830 | test_acc: 0.6133 | 
Epoch: 38 | train_loss: 0.4902 | train_acc: 0.8287 | test_loss: 1.0460 | test_acc: 0.5820 | 
Epoch: 39 | train_loss: 0.4518 | train_acc: 0.8287 | test_loss: 1.1899 | test_acc: 0.5430 | 
Epoch: 40 | train_loss: 0.4370 | train_acc: 0.8599 | test_loss: 1.1043 | test_acc: 0.6484 | 
Epoch: 41 | train_loss: 0.4041 | train_acc: 0.8621 | test_loss: 1.0092 | test_acc: 0.6289 | 
Epoch: 42 | train_loss: 0.3842 | train_acc: 0.8610 | test_loss: 1.0600 | test_acc: 0.6406 | 
Epoch: 43 | train_loss: 0.3546 | train_acc: 0.8481 | test_loss: 1.1085 | test_acc: 0.6406 | 
Epoch: 44 | train_loss: 0.5249 | train_acc: 0.8341 | test_loss: 1.0301 | test_acc: 0.6836 | 
Epoch: 45 | train_loss: 0.4179 | train_acc: 0.8330 | test_loss: 1.2035 | test_acc: 0.5898 | 
Epoch: 46 | train_loss: 0.4337 | train_acc: 0.8427 | test_loss: 1.2441 | test_acc: 0.5703 | 
Epoch: 47 | train_loss: 0.3792 | train_acc: 0.8524 | test_loss: 1.1097 | test_acc: 0.5898 | 
Epoch: 48 | train_loss: 0.3414 | train_acc: 0.8836 | test_loss: 1.1968 | test_acc: 0.5742 | 
Epoch: 49 | train_loss: 0.3570 | train_acc: 0.8793 | test_loss: 1.2276 | test_acc: 0.5938 | 
Epoch: 50 | train_loss: 0.3890 | train_acc: 0.8869 | test_loss: 1.2599 | test_acc: 0.6055 | 
⏱️ Total training time: 82.000 seconds
📊 Bands [331, 348, 310] -> Fitness: 0.6055
Dataset initialized with pre-loaded data. Total samples: 897
Band indices for training dataloader: [358, 363, 231]
Dataset initialized with pre-loaded data. Total samples: 226
Band indices for test dataloader: [358, 363, 231]
🔍 Starting evaluation of individual [358, 363, 231]
Epoch: 1 | train_loss: 1.3845 | train_acc: 0.2856 | test_loss: 1.2953 | test_acc: 0.4102 | 
Epoch: 2 | train_loss: 1.2821 | train_acc: 0.4095 | test_loss: 1.3659 | test_acc: 0.3633 | 
Epoch: 3 | train_loss: 1.1968 | train_acc: 0.4957 | test_loss: 1.3231 | test_acc: 0.4375 | 
Epoch: 4 | train_loss: 1.1212 | train_acc: 0.5097 | test_loss: 1.2151 | test_acc: 0.4922 | 
Epoch: 5 | train_loss: 1.0252 | train_acc: 0.5733 | test_loss: 1.2619 | test_acc: 0.4258 | 
Epoch: 6 | train_loss: 1.0287 | train_acc: 0.5679 | test_loss: 1.2321 | test_acc: 0.5273 | 
Epoch: 7 | train_loss: 0.9716 | train_acc: 0.5765 | test_loss: 1.1076 | test_acc: 0.5430 | 
Epoch: 8 | train_loss: 0.8689 | train_acc: 0.6282 | test_loss: 1.1690 | test_acc: 0.5547 | 
Epoch: 9 | train_loss: 0.7799 | train_acc: 0.6972 | test_loss: 1.1675 | test_acc: 0.5352 | 
Epoch: 10 | train_loss: 0.8668 | train_acc: 0.6724 | test_loss: 1.1409 | test_acc: 0.5273 | 
Epoch: 11 | train_loss: 0.7505 | train_acc: 0.6800 | test_loss: 1.0355 | test_acc: 0.5938 | 
Epoch: 12 | train_loss: 0.6957 | train_acc: 0.7306 | test_loss: 1.1923 | test_acc: 0.5664 | 
Epoch: 13 | train_loss: 0.6962 | train_acc: 0.7425 | test_loss: 1.0465 | test_acc: 0.6406 | 
Epoch: 14 | train_loss: 0.6551 | train_acc: 0.7317 | test_loss: 1.0084 | test_acc: 0.6641 | 
Epoch: 15 | train_loss: 0.5778 | train_acc: 0.7888 | test_loss: 0.9656 | test_acc: 0.6758 | 
Epoch: 16 | train_loss: 0.6116 | train_acc: 0.7565 | test_loss: 0.9395 | test_acc: 0.6719 | 
Epoch: 17 | train_loss: 0.5279 | train_acc: 0.7791 | test_loss: 1.2055 | test_acc: 0.5625 | 
Epoch: 18 | train_loss: 0.5669 | train_acc: 0.7629 | test_loss: 0.9980 | test_acc: 0.6875 | 
Epoch: 19 | train_loss: 0.4847 | train_acc: 0.8341 | test_loss: 0.9547 | test_acc: 0.7109 | 
Epoch: 20 | train_loss: 0.5685 | train_acc: 0.8028 | test_loss: 1.0721 | test_acc: 0.6758 | 
Epoch: 21 | train_loss: 0.5516 | train_acc: 0.7996 | test_loss: 0.9669 | test_acc: 0.6875 | 
Epoch: 22 | train_loss: 0.5403 | train_acc: 0.8050 | test_loss: 0.9261 | test_acc: 0.7031 | 
Epoch: 23 | train_loss: 0.4664 | train_acc: 0.8017 | test_loss: 1.1026 | test_acc: 0.6992 | 
Epoch: 24 | train_loss: 0.4730 | train_acc: 0.7996 | test_loss: 1.1750 | test_acc: 0.6719 | 
Epoch: 25 | train_loss: 0.4670 | train_acc: 0.8114 | test_loss: 0.9949 | test_acc: 0.6875 | 
Epoch: 26 | train_loss: 0.4367 | train_acc: 0.8254 | test_loss: 0.8604 | test_acc: 0.7266 | 
Epoch: 27 | train_loss: 0.5006 | train_acc: 0.8157 | test_loss: 0.9529 | test_acc: 0.7188 | 
Epoch: 28 | train_loss: 0.3821 | train_acc: 0.8470 | test_loss: 1.0429 | test_acc: 0.6953 | 
Epoch: 29 | train_loss: 0.4467 | train_acc: 0.8233 | test_loss: 0.9869 | test_acc: 0.7109 | 
Epoch: 30 | train_loss: 0.3804 | train_acc: 0.8610 | test_loss: 0.9677 | test_acc: 0.6992 | 
Epoch: 31 | train_loss: 0.3453 | train_acc: 0.8858 | test_loss: 0.9647 | test_acc: 0.7344 | 
Epoch: 32 | train_loss: 0.3997 | train_acc: 0.8534 | test_loss: 0.9064 | test_acc: 0.7266 | 
Epoch: 33 | train_loss: 0.4033 | train_acc: 0.8578 | test_loss: 0.8825 | test_acc: 0.7422 | 
Epoch: 34 | train_loss: 0.3982 | train_acc: 0.8502 | test_loss: 0.8568 | test_acc: 0.7188 | 
Epoch: 35 | train_loss: 0.3175 | train_acc: 0.8912 | test_loss: 0.8766 | test_acc: 0.7852 | 
Epoch: 36 | train_loss: 0.3309 | train_acc: 0.8685 | test_loss: 0.9465 | test_acc: 0.7227 | 
Epoch: 37 | train_loss: 0.2942 | train_acc: 0.8998 | test_loss: 0.9010 | test_acc: 0.7109 | 
Epoch: 38 | train_loss: 0.3614 | train_acc: 0.8869 | test_loss: 0.9190 | test_acc: 0.7539 | 
Epoch: 39 | train_loss: 0.2964 | train_acc: 0.8793 | test_loss: 0.7716 | test_acc: 0.7656 | 
Epoch: 40 | train_loss: 0.3355 | train_acc: 0.8685 | test_loss: 0.9464 | test_acc: 0.7539 | 
Epoch: 41 | train_loss: 0.2923 | train_acc: 0.8718 | test_loss: 0.8110 | test_acc: 0.7500 | 
Epoch: 42 | train_loss: 0.3299 | train_acc: 0.8912 | test_loss: 0.8276 | test_acc: 0.7617 | 
Epoch: 43 | train_loss: 0.2221 | train_acc: 0.9213 | test_loss: 0.9910 | test_acc: 0.7266 | 
Epoch: 44 | train_loss: 0.2868 | train_acc: 0.8836 | test_loss: 1.0131 | test_acc: 0.7539 | 
Epoch: 45 | train_loss: 0.2723 | train_acc: 0.9052 | test_loss: 0.8690 | test_acc: 0.7422 | 
Epoch: 46 | train_loss: 0.2982 | train_acc: 0.8793 | test_loss: 1.0433 | test_acc: 0.7266 | 
Epoch: 47 | train_loss: 0.2388 | train_acc: 0.9138 | test_loss: 0.9235 | test_acc: 0.7461 | 
Epoch: 48 | train_loss: 0.4151 | train_acc: 0.8836 | test_loss: 1.0184 | test_acc: 0.6758 | 
Epoch: 49 | train_loss: 0.2882 | train_acc: 0.9127 | test_loss: 0.8258 | test_acc: 0.7617 | 
Epoch: 50 | train_loss: 0.2944 | train_acc: 0.8998 | test_loss: 0.8605 | test_acc: 0.7734 | 
⏱️ Total training time: 82.712 seconds
📊 Bands [358, 363, 231] -> Fitness: 0.7734
Dataset initialized with pre-loaded data. Total samples: 897
Band indices for training dataloader: [81, 389, 182]
Dataset initialized with pre-loaded data. Total samples: 226
Band indices for test dataloader: [81, 389, 182]
🔍 Starting evaluation of individual [81, 389, 182]
Epoch: 1 | train_loss: 1.3875 | train_acc: 0.2931 | test_loss: 1.3099 | test_acc: 0.4062 | 
Epoch: 2 | train_loss: 1.2941 | train_acc: 0.4106 | test_loss: 1.2836 | test_acc: 0.5234 | 
Epoch: 3 | train_loss: 1.2005 | train_acc: 0.4515 | test_loss: 1.2078 | test_acc: 0.4648 | 
Epoch: 4 | train_loss: 1.1076 | train_acc: 0.5162 | test_loss: 1.1849 | test_acc: 0.4727 | 
Epoch: 5 | train_loss: 1.0822 | train_acc: 0.5474 | test_loss: 1.2301 | test_acc: 0.5195 | 
Epoch: 6 | train_loss: 0.9888 | train_acc: 0.6024 | test_loss: 1.3430 | test_acc: 0.5195 | 
Epoch: 7 | train_loss: 0.9672 | train_acc: 0.5808 | test_loss: 1.1605 | test_acc: 0.5352 | 
Epoch: 8 | train_loss: 0.8793 | train_acc: 0.6509 | test_loss: 1.1042 | test_acc: 0.6250 | 
Epoch: 9 | train_loss: 0.9250 | train_acc: 0.6336 | test_loss: 1.0150 | test_acc: 0.6328 | 
Epoch: 10 | train_loss: 0.8889 | train_acc: 0.6455 | test_loss: 1.1142 | test_acc: 0.5938 | 
Epoch: 11 | train_loss: 0.7520 | train_acc: 0.7037 | test_loss: 0.9946 | test_acc: 0.6211 | 
Epoch: 12 | train_loss: 0.7085 | train_acc: 0.7037 | test_loss: 1.5627 | test_acc: 0.5117 | 
Epoch: 13 | train_loss: 0.7014 | train_acc: 0.7328 | test_loss: 0.9712 | test_acc: 0.6289 | 
Epoch: 14 | train_loss: 0.7017 | train_acc: 0.7166 | test_loss: 1.0792 | test_acc: 0.5938 | 
Epoch: 15 | train_loss: 0.7246 | train_acc: 0.7414 | test_loss: 1.1032 | test_acc: 0.5664 | 
Epoch: 16 | train_loss: 0.6672 | train_acc: 0.7338 | test_loss: 1.0970 | test_acc: 0.6055 | 
Epoch: 17 | train_loss: 0.6727 | train_acc: 0.7101 | test_loss: 1.0193 | test_acc: 0.5742 | 
Epoch: 18 | train_loss: 0.6054 | train_acc: 0.7543 | test_loss: 1.1052 | test_acc: 0.5703 | 
Epoch: 19 | train_loss: 0.5600 | train_acc: 0.7985 | test_loss: 0.9862 | test_acc: 0.6484 | 
Epoch: 20 | train_loss: 0.5365 | train_acc: 0.7834 | test_loss: 0.9307 | test_acc: 0.7031 | 
Epoch: 21 | train_loss: 0.5101 | train_acc: 0.7953 | test_loss: 0.8904 | test_acc: 0.7070 | 
Epoch: 22 | train_loss: 0.5861 | train_acc: 0.7920 | test_loss: 0.8501 | test_acc: 0.7031 | 
Epoch: 23 | train_loss: 0.5497 | train_acc: 0.7866 | test_loss: 0.8456 | test_acc: 0.6836 | 
Epoch: 24 | train_loss: 0.4812 | train_acc: 0.8330 | test_loss: 0.9166 | test_acc: 0.6875 | 
Epoch: 25 | train_loss: 0.4721 | train_acc: 0.8103 | test_loss: 0.9036 | test_acc: 0.6758 | 
Epoch: 26 | train_loss: 0.5033 | train_acc: 0.8006 | test_loss: 0.8476 | test_acc: 0.7070 | 
Epoch: 27 | train_loss: 0.4610 | train_acc: 0.8082 | test_loss: 1.0736 | test_acc: 0.5898 | 
Epoch: 28 | train_loss: 0.4594 | train_acc: 0.8233 | test_loss: 0.9810 | test_acc: 0.6602 | 
Epoch: 29 | train_loss: 0.4146 | train_acc: 0.8578 | test_loss: 1.0845 | test_acc: 0.6562 | 
Epoch: 30 | train_loss: 0.4571 | train_acc: 0.8233 | test_loss: 1.1811 | test_acc: 0.5703 | 
Epoch: 31 | train_loss: 0.4196 | train_acc: 0.8308 | test_loss: 1.0951 | test_acc: 0.6445 | 
Epoch: 32 | train_loss: 0.3896 | train_acc: 0.8599 | test_loss: 0.9983 | test_acc: 0.7031 | 
Epoch: 33 | train_loss: 0.3529 | train_acc: 0.8491 | test_loss: 1.2201 | test_acc: 0.6953 | 
Epoch: 34 | train_loss: 0.3823 | train_acc: 0.8685 | test_loss: 0.9941 | test_acc: 0.6719 | 
Epoch: 35 | train_loss: 0.3973 | train_acc: 0.8448 | test_loss: 1.0174 | test_acc: 0.7227 | 
Epoch: 36 | train_loss: 0.3545 | train_acc: 0.8675 | test_loss: 0.9262 | test_acc: 0.7031 | 
Epoch: 37 | train_loss: 0.4136 | train_acc: 0.8578 | test_loss: 0.8486 | test_acc: 0.7148 | 
Epoch: 38 | train_loss: 0.3591 | train_acc: 0.8524 | test_loss: 0.8670 | test_acc: 0.7266 | 
Epoch: 39 | train_loss: 0.3454 | train_acc: 0.8793 | test_loss: 0.9832 | test_acc: 0.6914 | 
Epoch: 40 | train_loss: 0.3273 | train_acc: 0.8955 | test_loss: 0.9354 | test_acc: 0.7031 | 
Epoch: 41 | train_loss: 0.3281 | train_acc: 0.8761 | test_loss: 0.9830 | test_acc: 0.6719 | 
Epoch: 42 | train_loss: 0.2931 | train_acc: 0.9019 | test_loss: 0.9494 | test_acc: 0.7188 | 
Epoch: 43 | train_loss: 0.2720 | train_acc: 0.9116 | test_loss: 0.9428 | test_acc: 0.7188 | 
Epoch: 44 | train_loss: 0.2978 | train_acc: 0.8847 | test_loss: 0.8752 | test_acc: 0.7461 | 
Epoch: 45 | train_loss: 0.2883 | train_acc: 0.8804 | test_loss: 0.7927 | test_acc: 0.7539 | 
Epoch: 46 | train_loss: 0.3219 | train_acc: 0.8761 | test_loss: 0.8486 | test_acc: 0.7422 | 
Epoch: 47 | train_loss: 0.2760 | train_acc: 0.9030 | test_loss: 0.9408 | test_acc: 0.7148 | 
Epoch: 48 | train_loss: 0.2657 | train_acc: 0.8922 | test_loss: 1.0914 | test_acc: 0.6992 | 
Epoch: 49 | train_loss: 0.2807 | train_acc: 0.9073 | test_loss: 0.8847 | test_acc: 0.7070 | 
Epoch: 50 | train_loss: 0.2864 | train_acc: 0.8793 | test_loss: 1.0984 | test_acc: 0.6602 | 
⏱️ Total training time: 92.037 seconds
📊 Bands [81, 389, 182] -> Fitness: 0.6602
Dataset initialized with pre-loaded data. Total samples: 897
Band indices for training dataloader: [56, 95, 139]
Dataset initialized with pre-loaded data. Total samples: 226
Band indices for test dataloader: [56, 95, 139]
🔍 Starting evaluation of individual [56, 95, 139]
Epoch: 1 | train_loss: 1.3482 | train_acc: 0.3524 | test_loss: 1.5530 | test_acc: 0.2852 | 
Epoch: 2 | train_loss: 1.2727 | train_acc: 0.4547 | test_loss: 1.2965 | test_acc: 0.3242 | 
Epoch: 3 | train_loss: 1.1428 | train_acc: 0.4914 | test_loss: 1.3223 | test_acc: 0.3438 | 
Epoch: 4 | train_loss: 1.0543 | train_acc: 0.5711 | test_loss: 1.1757 | test_acc: 0.4883 | 
Epoch: 5 | train_loss: 0.9667 | train_acc: 0.5970 | test_loss: 1.1147 | test_acc: 0.5703 | 
Epoch: 6 | train_loss: 0.8788 | train_acc: 0.6897 | test_loss: 1.0450 | test_acc: 0.5391 | 
Epoch: 7 | train_loss: 0.8413 | train_acc: 0.6584 | test_loss: 0.9762 | test_acc: 0.6836 | 
Epoch: 8 | train_loss: 0.7391 | train_acc: 0.7338 | test_loss: 0.9418 | test_acc: 0.6406 | 
Epoch: 9 | train_loss: 0.7424 | train_acc: 0.7080 | test_loss: 0.9581 | test_acc: 0.5977 | 
Epoch: 10 | train_loss: 0.6861 | train_acc: 0.7478 | test_loss: 0.8864 | test_acc: 0.6836 | 
Epoch: 11 | train_loss: 0.6522 | train_acc: 0.7425 | test_loss: 0.9534 | test_acc: 0.6836 | 
Epoch: 12 | train_loss: 0.6210 | train_acc: 0.7651 | test_loss: 1.0586 | test_acc: 0.6094 | 
Epoch: 13 | train_loss: 0.5820 | train_acc: 0.7737 | test_loss: 0.8519 | test_acc: 0.7383 | 
Epoch: 14 | train_loss: 0.5403 | train_acc: 0.7996 | test_loss: 1.0343 | test_acc: 0.6836 | 
Epoch: 15 | train_loss: 0.6016 | train_acc: 0.7780 | test_loss: 0.9877 | test_acc: 0.6992 | 
Epoch: 16 | train_loss: 0.4636 | train_acc: 0.8297 | test_loss: 1.0447 | test_acc: 0.6289 | 
Epoch: 17 | train_loss: 0.5305 | train_acc: 0.7834 | test_loss: 0.9551 | test_acc: 0.6133 | 
Epoch: 18 | train_loss: 0.4645 | train_acc: 0.8330 | test_loss: 0.8699 | test_acc: 0.7109 | 
Epoch: 19 | train_loss: 0.4276 | train_acc: 0.8513 | test_loss: 0.8326 | test_acc: 0.7500 | 
Epoch: 20 | train_loss: 0.4714 | train_acc: 0.8438 | test_loss: 0.9088 | test_acc: 0.7227 | 
Epoch: 21 | train_loss: 0.4847 | train_acc: 0.8028 | test_loss: 0.7176 | test_acc: 0.7500 | 
Epoch: 22 | train_loss: 0.4886 | train_acc: 0.8330 | test_loss: 0.7223 | test_acc: 0.7578 | 
Epoch: 23 | train_loss: 0.3969 | train_acc: 0.8621 | test_loss: 1.1032 | test_acc: 0.6211 | 
Epoch: 24 | train_loss: 0.3300 | train_acc: 0.8718 | test_loss: 0.8387 | test_acc: 0.7148 | 
Epoch: 25 | train_loss: 0.3662 | train_acc: 0.8513 | test_loss: 1.0753 | test_acc: 0.5977 | 
Epoch: 26 | train_loss: 0.3447 | train_acc: 0.8567 | test_loss: 0.8299 | test_acc: 0.6875 | 
Epoch: 27 | train_loss: 0.2768 | train_acc: 0.9106 | test_loss: 0.8855 | test_acc: 0.7266 | 
Epoch: 28 | train_loss: 0.2860 | train_acc: 0.8858 | test_loss: 0.8019 | test_acc: 0.6953 | 
Epoch: 29 | train_loss: 0.3533 | train_acc: 0.8578 | test_loss: 0.6381 | test_acc: 0.7969 | 
Epoch: 30 | train_loss: 0.3095 | train_acc: 0.9030 | test_loss: 0.7613 | test_acc: 0.7539 | 
Epoch: 31 | train_loss: 0.3639 | train_acc: 0.8621 | test_loss: 0.9087 | test_acc: 0.6641 | 
Epoch: 32 | train_loss: 0.2388 | train_acc: 0.9170 | test_loss: 0.6678 | test_acc: 0.7773 | 
Epoch: 33 | train_loss: 0.2902 | train_acc: 0.9041 | test_loss: 1.0459 | test_acc: 0.6250 | 
Epoch: 34 | train_loss: 0.2450 | train_acc: 0.9224 | test_loss: 1.0133 | test_acc: 0.6523 | 
Epoch: 35 | train_loss: 0.2334 | train_acc: 0.9181 | test_loss: 0.7135 | test_acc: 0.7500 | 
Epoch: 36 | train_loss: 0.2146 | train_acc: 0.9256 | test_loss: 1.0603 | test_acc: 0.6406 | 
Epoch: 37 | train_loss: 0.2318 | train_acc: 0.9256 | test_loss: 1.5933 | test_acc: 0.6172 | 
Epoch: 38 | train_loss: 0.2118 | train_acc: 0.9267 | test_loss: 1.3093 | test_acc: 0.6172 | 
Epoch: 39 | train_loss: 0.2267 | train_acc: 0.9019 | test_loss: 1.1108 | test_acc: 0.6445 | 
Epoch: 40 | train_loss: 0.3152 | train_acc: 0.8631 | test_loss: 0.8269 | test_acc: 0.7500 | 
Epoch: 41 | train_loss: 0.3127 | train_acc: 0.8804 | test_loss: 0.9346 | test_acc: 0.6367 | 
Epoch: 42 | train_loss: 0.2001 | train_acc: 0.9289 | test_loss: 0.9323 | test_acc: 0.6836 | 
Epoch: 43 | train_loss: 0.2239 | train_acc: 0.9116 | test_loss: 0.9241 | test_acc: 0.7461 | 
Epoch: 44 | train_loss: 0.4258 | train_acc: 0.8966 | test_loss: 1.0203 | test_acc: 0.6914 | 
Epoch: 45 | train_loss: 0.3056 | train_acc: 0.8685 | test_loss: 1.1421 | test_acc: 0.7344 | 
Epoch: 46 | train_loss: 0.2688 | train_acc: 0.8912 | test_loss: 0.9122 | test_acc: 0.7461 | 
Epoch: 47 | train_loss: 0.3381 | train_acc: 0.8761 | test_loss: 0.9528 | test_acc: 0.6680 | 
Epoch: 48 | train_loss: 0.2822 | train_acc: 0.8987 | test_loss: 0.8538 | test_acc: 0.7461 | 
Epoch: 49 | train_loss: 0.2122 | train_acc: 0.9461 | test_loss: 0.8669 | test_acc: 0.7461 | 
Epoch: 50 | train_loss: 0.1832 | train_acc: 0.9407 | test_loss: 0.8600 | test_acc: 0.7500 | 
⏱️ Total training time: 97.563 seconds
📊 Bands [56, 95, 139] -> Fitness: 0.7500
Dataset initialized with pre-loaded data. Total samples: 897
Band indices for training dataloader: [276, 158, 262]
Dataset initialized with pre-loaded data. Total samples: 226
Band indices for test dataloader: [276, 158, 262]
🔍 Starting evaluation of individual [276, 158, 262]
Epoch: 1 | train_loss: 1.3707 | train_acc: 0.3006 | test_loss: 1.3127 | test_acc: 0.4141 | 
Epoch: 2 | train_loss: 1.2731 | train_acc: 0.3944 | test_loss: 1.3026 | test_acc: 0.4336 | 
Epoch: 3 | train_loss: 1.1782 | train_acc: 0.4558 | test_loss: 1.2089 | test_acc: 0.4922 | 
Epoch: 4 | train_loss: 1.1020 | train_acc: 0.5054 | test_loss: 1.1041 | test_acc: 0.5664 | 
Epoch: 5 | train_loss: 1.0759 | train_acc: 0.5474 | test_loss: 1.0964 | test_acc: 0.5430 | 
Epoch: 6 | train_loss: 0.9591 | train_acc: 0.5776 | test_loss: 1.1103 | test_acc: 0.5625 | 
Epoch: 7 | train_loss: 0.9187 | train_acc: 0.6228 | test_loss: 1.1012 | test_acc: 0.5547 | 
Epoch: 8 | train_loss: 0.8825 | train_acc: 0.6282 | test_loss: 1.3213 | test_acc: 0.4727 | 
Epoch: 9 | train_loss: 0.8259 | train_acc: 0.6875 | test_loss: 1.1549 | test_acc: 0.4648 | 
Epoch: 10 | train_loss: 0.7752 | train_acc: 0.6767 | test_loss: 1.2365 | test_acc: 0.4766 | 
Epoch: 11 | train_loss: 0.8371 | train_acc: 0.6789 | test_loss: 1.1065 | test_acc: 0.5000 | 
Epoch: 12 | train_loss: 0.7843 | train_acc: 0.6810 | test_loss: 0.9939 | test_acc: 0.6211 | 
Epoch: 13 | train_loss: 0.7139 | train_acc: 0.7037 | test_loss: 0.9657 | test_acc: 0.6211 | 
Epoch: 14 | train_loss: 0.6974 | train_acc: 0.7155 | test_loss: 1.3167 | test_acc: 0.4883 | 
Epoch: 15 | train_loss: 0.6537 | train_acc: 0.7360 | test_loss: 1.0068 | test_acc: 0.5820 | 
Epoch: 16 | train_loss: 0.6490 | train_acc: 0.7414 | test_loss: 0.9220 | test_acc: 0.6953 | 
Epoch: 17 | train_loss: 0.5631 | train_acc: 0.7963 | test_loss: 0.9248 | test_acc: 0.6172 | 
Epoch: 18 | train_loss: 0.5794 | train_acc: 0.7759 | test_loss: 1.0582 | test_acc: 0.6445 | 
Epoch: 19 | train_loss: 0.5792 | train_acc: 0.7705 | test_loss: 0.8961 | test_acc: 0.6992 | 
Epoch: 20 | train_loss: 0.5017 | train_acc: 0.8254 | test_loss: 1.0533 | test_acc: 0.6797 | 
Epoch: 21 | train_loss: 0.5672 | train_acc: 0.7845 | test_loss: 1.0268 | test_acc: 0.7109 | 
Epoch: 22 | train_loss: 0.5220 | train_acc: 0.7974 | test_loss: 0.9436 | test_acc: 0.6367 | 
Epoch: 23 | train_loss: 0.4422 | train_acc: 0.8147 | test_loss: 1.1766 | test_acc: 0.6328 | 
Epoch: 24 | train_loss: 0.4652 | train_acc: 0.8405 | test_loss: 1.1536 | test_acc: 0.6094 | 
Epoch: 25 | train_loss: 0.4841 | train_acc: 0.8071 | test_loss: 1.0160 | test_acc: 0.6914 | 
Epoch: 26 | train_loss: 0.4767 | train_acc: 0.8481 | test_loss: 0.8954 | test_acc: 0.7109 | 
Epoch: 27 | train_loss: 0.4944 | train_acc: 0.8071 | test_loss: 1.0846 | test_acc: 0.6641 | 
Epoch: 28 | train_loss: 0.4185 | train_acc: 0.8319 | test_loss: 0.8300 | test_acc: 0.7461 | 
Epoch: 29 | train_loss: 0.4751 | train_acc: 0.8179 | test_loss: 0.8744 | test_acc: 0.7070 | 
Epoch: 30 | train_loss: 0.4056 | train_acc: 0.8341 | test_loss: 0.9049 | test_acc: 0.6758 | 
Epoch: 31 | train_loss: 0.4447 | train_acc: 0.8362 | test_loss: 0.9225 | test_acc: 0.7188 | 
Epoch: 32 | train_loss: 0.3894 | train_acc: 0.8610 | test_loss: 0.8278 | test_acc: 0.7500 | 
Epoch: 33 | train_loss: 0.3934 | train_acc: 0.8362 | test_loss: 0.9515 | test_acc: 0.7070 | 
Epoch: 34 | train_loss: 0.3971 | train_acc: 0.8610 | test_loss: 1.0179 | test_acc: 0.6914 | 
Epoch: 35 | train_loss: 0.3256 | train_acc: 0.8772 | test_loss: 0.8638 | test_acc: 0.7500 | 
Epoch: 36 | train_loss: 0.3491 | train_acc: 0.8696 | test_loss: 0.9034 | test_acc: 0.7266 | 
Epoch: 37 | train_loss: 0.3342 | train_acc: 0.8890 | test_loss: 0.8299 | test_acc: 0.7266 | 
Epoch: 38 | train_loss: 0.3621 | train_acc: 0.8728 | test_loss: 0.9976 | test_acc: 0.7227 | 
Epoch: 39 | train_loss: 0.3067 | train_acc: 0.8944 | test_loss: 0.9390 | test_acc: 0.7656 | 
Epoch: 40 | train_loss: 0.3140 | train_acc: 0.8890 | test_loss: 0.8884 | test_acc: 0.7344 | 
Epoch: 41 | train_loss: 0.3361 | train_acc: 0.8675 | test_loss: 1.0409 | test_acc: 0.7500 | 
Epoch: 42 | train_loss: 0.2411 | train_acc: 0.9256 | test_loss: 0.9029 | test_acc: 0.7305 | 
Epoch: 43 | train_loss: 0.2513 | train_acc: 0.9138 | test_loss: 1.0019 | test_acc: 0.7500 | 
Epoch: 44 | train_loss: 0.3685 | train_acc: 0.8772 | test_loss: 0.7877 | test_acc: 0.7266 | 
Epoch: 45 | train_loss: 0.3207 | train_acc: 0.8815 | test_loss: 1.0281 | test_acc: 0.7344 | 
Epoch: 46 | train_loss: 0.2715 | train_acc: 0.9181 | test_loss: 0.9586 | test_acc: 0.6836 | 
Epoch: 47 | train_loss: 0.3859 | train_acc: 0.8879 | test_loss: 1.3378 | test_acc: 0.6914 | 
Epoch: 48 | train_loss: 0.3215 | train_acc: 0.8685 | test_loss: 0.9092 | test_acc: 0.7188 | 
Epoch: 49 | train_loss: 0.3662 | train_acc: 0.8642 | test_loss: 1.0141 | test_acc: 0.6992 | 
Epoch: 50 | train_loss: 0.3114 | train_acc: 0.8750 | test_loss: 1.0040 | test_acc: 0.7266 | 
⏱️ Total training time: 106.948 seconds
📊 Bands [276, 158, 262] -> Fitness: 0.7266
Dataset initialized with pre-loaded data. Total samples: 897
Band indices for training dataloader: [17, 207, 137]
Dataset initialized with pre-loaded data. Total samples: 226
Band indices for test dataloader: [17, 207, 137]
🔍 Starting evaluation of individual [17, 207, 137]
Epoch: 1 | train_loss: 1.3525 | train_acc: 0.3394 | test_loss: 1.3800 | test_acc: 0.2891 | 
Epoch: 2 | train_loss: 1.2653 | train_acc: 0.4149 | test_loss: 1.2499 | test_acc: 0.4688 | 
Epoch: 3 | train_loss: 1.1510 | train_acc: 0.5259 | test_loss: 1.1988 | test_acc: 0.4453 | 
Epoch: 4 | train_loss: 1.1469 | train_acc: 0.4871 | test_loss: 1.1236 | test_acc: 0.5430 | 
Epoch: 5 | train_loss: 1.0368 | train_acc: 0.5636 | test_loss: 1.1500 | test_acc: 0.5195 | 
Epoch: 6 | train_loss: 0.9626 | train_acc: 0.6067 | test_loss: 1.0561 | test_acc: 0.5391 | 
Epoch: 7 | train_loss: 0.9567 | train_acc: 0.5991 | test_loss: 0.9443 | test_acc: 0.6445 | 
Epoch: 8 | train_loss: 0.8254 | train_acc: 0.6897 | test_loss: 1.0316 | test_acc: 0.6016 | 
Epoch: 9 | train_loss: 0.7669 | train_acc: 0.6929 | test_loss: 1.0254 | test_acc: 0.6133 | 
Epoch: 10 | train_loss: 0.9006 | train_acc: 0.6595 | test_loss: 0.9294 | test_acc: 0.6562 | 
Epoch: 11 | train_loss: 0.7301 | train_acc: 0.7457 | test_loss: 0.9828 | test_acc: 0.5820 | 
Epoch: 12 | train_loss: 0.7050 | train_acc: 0.7177 | test_loss: 0.9266 | test_acc: 0.6602 | 
Epoch: 13 | train_loss: 0.6691 | train_acc: 0.7241 | test_loss: 1.0578 | test_acc: 0.6172 | 
Epoch: 14 | train_loss: 0.6386 | train_acc: 0.7608 | test_loss: 1.0573 | test_acc: 0.5625 | 
Epoch: 15 | train_loss: 0.6620 | train_acc: 0.7371 | test_loss: 1.0340 | test_acc: 0.6328 | 
Epoch: 16 | train_loss: 0.6303 | train_acc: 0.7629 | test_loss: 1.0092 | test_acc: 0.5977 | 
Epoch: 17 | train_loss: 0.6566 | train_acc: 0.7586 | test_loss: 0.8590 | test_acc: 0.6484 | 
Epoch: 18 | train_loss: 0.5019 | train_acc: 0.8222 | test_loss: 1.0283 | test_acc: 0.6680 | 
Epoch: 19 | train_loss: 0.5367 | train_acc: 0.8093 | test_loss: 1.0306 | test_acc: 0.6328 | 
Epoch: 20 | train_loss: 0.6088 | train_acc: 0.8028 | test_loss: 0.9257 | test_acc: 0.6953 | 
Epoch: 21 | train_loss: 0.5527 | train_acc: 0.8190 | test_loss: 0.8740 | test_acc: 0.6562 | 
Epoch: 22 | train_loss: 0.5030 | train_acc: 0.7974 | test_loss: 0.9295 | test_acc: 0.6797 | 
Epoch: 23 | train_loss: 0.4185 | train_acc: 0.8502 | test_loss: 0.9437 | test_acc: 0.6602 | 
Epoch: 24 | train_loss: 0.3525 | train_acc: 0.8804 | test_loss: 1.0777 | test_acc: 0.6875 | 
Epoch: 25 | train_loss: 0.3613 | train_acc: 0.8578 | test_loss: 1.0852 | test_acc: 0.6680 | 
Epoch: 26 | train_loss: 0.4257 | train_acc: 0.8351 | test_loss: 1.2421 | test_acc: 0.6445 | 
Epoch: 27 | train_loss: 0.4216 | train_acc: 0.8351 | test_loss: 0.8607 | test_acc: 0.6875 | 
Epoch: 28 | train_loss: 0.3620 | train_acc: 0.8502 | test_loss: 0.8794 | test_acc: 0.7148 | 
Epoch: 29 | train_loss: 0.3710 | train_acc: 0.8481 | test_loss: 0.9147 | test_acc: 0.7227 | 
Epoch: 30 | train_loss: 0.3788 | train_acc: 0.8513 | test_loss: 1.0834 | test_acc: 0.6211 | 
Epoch: 31 | train_loss: 0.4765 | train_acc: 0.8373 | test_loss: 1.0989 | test_acc: 0.6992 | 
Epoch: 32 | train_loss: 0.4086 | train_acc: 0.8675 | test_loss: 0.9411 | test_acc: 0.6250 | 
Epoch: 33 | train_loss: 0.3781 | train_acc: 0.8481 | test_loss: 1.1607 | test_acc: 0.6211 | 
Epoch: 34 | train_loss: 0.3654 | train_acc: 0.8567 | test_loss: 1.2280 | test_acc: 0.6289 | 
Epoch: 35 | train_loss: 0.3571 | train_acc: 0.8470 | test_loss: 1.0678 | test_acc: 0.6914 | 
Epoch: 36 | train_loss: 0.2799 | train_acc: 0.8869 | test_loss: 1.0111 | test_acc: 0.6914 | 
Epoch: 37 | train_loss: 0.2863 | train_acc: 0.8728 | test_loss: 0.9201 | test_acc: 0.7227 | 
Epoch: 38 | train_loss: 0.3843 | train_acc: 0.8728 | test_loss: 0.8978 | test_acc: 0.7031 | 
Epoch: 39 | train_loss: 0.3296 | train_acc: 0.8696 | test_loss: 0.8406 | test_acc: 0.7383 | 
Epoch: 40 | train_loss: 0.2507 | train_acc: 0.9181 | test_loss: 1.0357 | test_acc: 0.7070 | 
Epoch: 41 | train_loss: 0.2493 | train_acc: 0.8912 | test_loss: 1.0282 | test_acc: 0.7148 | 
Epoch: 42 | train_loss: 0.2880 | train_acc: 0.8782 | test_loss: 1.1000 | test_acc: 0.6953 | 
Epoch: 43 | train_loss: 0.2637 | train_acc: 0.8858 | test_loss: 1.0239 | test_acc: 0.6680 | 
Epoch: 44 | train_loss: 0.3275 | train_acc: 0.8869 | test_loss: 1.0137 | test_acc: 0.6445 | 
Epoch: 45 | train_loss: 0.3126 | train_acc: 0.8750 | test_loss: 1.1824 | test_acc: 0.5859 | 
Epoch: 46 | train_loss: 0.2989 | train_acc: 0.8836 | test_loss: 1.1409 | test_acc: 0.7148 | 
Epoch: 47 | train_loss: 0.3484 | train_acc: 0.8836 | test_loss: 1.0708 | test_acc: 0.7109 | 
Epoch: 48 | train_loss: 0.2491 | train_acc: 0.9159 | test_loss: 1.1369 | test_acc: 0.6523 | 
Epoch: 49 | train_loss: 0.2623 | train_acc: 0.8858 | test_loss: 1.0492 | test_acc: 0.6680 | 
Epoch: 50 | train_loss: 0.2956 | train_acc: 0.8696 | test_loss: 0.9855 | test_acc: 0.7227 | 
⏱️ Total training time: 91.670 seconds
📊 Bands [17, 207, 137] -> Fitness: 0.7227
Dataset initialized with pre-loaded data. Total samples: 897
Band indices for training dataloader: [53, 285, 246]
Dataset initialized with pre-loaded data. Total samples: 226
Band indices for test dataloader: [53, 285, 246]
🔍 Starting evaluation of individual [53, 285, 246]
Epoch: 1 | train_loss: 1.3851 | train_acc: 0.3265 | test_loss: 1.2978 | test_acc: 0.4336 | 
Epoch: 2 | train_loss: 1.2704 | train_acc: 0.4181 | test_loss: 1.3319 | test_acc: 0.4219 | 
Epoch: 3 | train_loss: 1.1721 | train_acc: 0.4763 | test_loss: 1.1797 | test_acc: 0.4453 | 
Epoch: 4 | train_loss: 1.0919 | train_acc: 0.5463 | test_loss: 1.2097 | test_acc: 0.5234 | 
Epoch: 5 | train_loss: 1.0225 | train_acc: 0.5625 | test_loss: 1.0303 | test_acc: 0.5820 | 
Epoch: 6 | train_loss: 0.9680 | train_acc: 0.6239 | test_loss: 1.2171 | test_acc: 0.5117 | 
Epoch: 7 | train_loss: 0.9010 | train_acc: 0.6034 | test_loss: 1.0436 | test_acc: 0.6094 | 
Epoch: 8 | train_loss: 0.8347 | train_acc: 0.6713 | test_loss: 1.1472 | test_acc: 0.5625 | 
Epoch: 9 | train_loss: 0.7863 | train_acc: 0.6853 | test_loss: 1.3936 | test_acc: 0.5625 | 
Epoch: 10 | train_loss: 0.7415 | train_acc: 0.7231 | test_loss: 1.1177 | test_acc: 0.6172 | 
Epoch: 11 | train_loss: 0.7103 | train_acc: 0.7241 | test_loss: 1.1254 | test_acc: 0.6172 | 
Epoch: 12 | train_loss: 0.7910 | train_acc: 0.7284 | test_loss: 1.1685 | test_acc: 0.6367 | 
Epoch: 13 | train_loss: 0.7058 | train_acc: 0.7091 | test_loss: 1.0524 | test_acc: 0.6406 | 
Epoch: 14 | train_loss: 0.6766 | train_acc: 0.7425 | test_loss: 0.9388 | test_acc: 0.6914 | 
Epoch: 15 | train_loss: 0.6099 | train_acc: 0.7662 | test_loss: 1.0922 | test_acc: 0.6758 | 
Epoch: 16 | train_loss: 0.5906 | train_acc: 0.7705 | test_loss: 0.9330 | test_acc: 0.6758 | 
Epoch: 17 | train_loss: 0.5938 | train_acc: 0.7866 | test_loss: 0.9864 | test_acc: 0.6016 | 
Epoch: 18 | train_loss: 0.5475 | train_acc: 0.7759 | test_loss: 0.8960 | test_acc: 0.7109 | 
Epoch: 19 | train_loss: 0.4909 | train_acc: 0.8050 | test_loss: 0.9483 | test_acc: 0.6719 | 
Epoch: 20 | train_loss: 0.4761 | train_acc: 0.8244 | test_loss: 0.9744 | test_acc: 0.6797 | 
Epoch: 21 | train_loss: 0.4840 | train_acc: 0.8168 | test_loss: 0.9690 | test_acc: 0.6758 | 
Epoch: 22 | train_loss: 0.4440 | train_acc: 0.8448 | test_loss: 1.0836 | test_acc: 0.6758 | 
Epoch: 23 | train_loss: 0.4520 | train_acc: 0.8190 | test_loss: 0.8995 | test_acc: 0.7148 | 
Epoch: 24 | train_loss: 0.4026 | train_acc: 0.8351 | test_loss: 0.9352 | test_acc: 0.7266 | 
Epoch: 25 | train_loss: 0.4998 | train_acc: 0.8168 | test_loss: 0.9083 | test_acc: 0.6992 | 
Epoch: 26 | train_loss: 0.4838 | train_acc: 0.8190 | test_loss: 0.8663 | test_acc: 0.7461 | 
Epoch: 27 | train_loss: 0.3719 | train_acc: 0.8825 | test_loss: 0.8348 | test_acc: 0.7383 | 
Epoch: 28 | train_loss: 0.4123 | train_acc: 0.8362 | test_loss: 0.9145 | test_acc: 0.6992 | 
Epoch: 29 | train_loss: 0.3959 | train_acc: 0.8416 | test_loss: 0.7679 | test_acc: 0.7422 | 
Epoch: 30 | train_loss: 0.3982 | train_acc: 0.8782 | test_loss: 0.9376 | test_acc: 0.6953 | 
Epoch: 31 | train_loss: 0.4194 | train_acc: 0.8599 | test_loss: 0.9677 | test_acc: 0.7109 | 
Epoch: 32 | train_loss: 0.3271 | train_acc: 0.8901 | test_loss: 0.8970 | test_acc: 0.7070 | 
Epoch: 33 | train_loss: 0.3656 | train_acc: 0.8513 | test_loss: 0.8208 | test_acc: 0.7266 | 
Epoch: 34 | train_loss: 0.3423 | train_acc: 0.8578 | test_loss: 0.9076 | test_acc: 0.7305 | 
Epoch: 35 | train_loss: 0.3210 | train_acc: 0.8675 | test_loss: 0.8212 | test_acc: 0.7500 | 
Epoch: 36 | train_loss: 0.3045 | train_acc: 0.9062 | test_loss: 0.8406 | test_acc: 0.7539 | 
Epoch: 37 | train_loss: 0.2180 | train_acc: 0.9278 | test_loss: 0.8877 | test_acc: 0.7578 | 
Epoch: 38 | train_loss: 0.3691 | train_acc: 0.8869 | test_loss: 0.9385 | test_acc: 0.7500 | 
Epoch: 39 | train_loss: 0.3198 | train_acc: 0.8631 | test_loss: 0.7724 | test_acc: 0.7344 | 
Epoch: 40 | train_loss: 0.2853 | train_acc: 0.8847 | test_loss: 0.9325 | test_acc: 0.7109 | 
Epoch: 41 | train_loss: 0.2396 | train_acc: 0.8987 | test_loss: 0.9949 | test_acc: 0.7305 | 
Epoch: 42 | train_loss: 0.2519 | train_acc: 0.8869 | test_loss: 1.0010 | test_acc: 0.7227 | 
Epoch: 43 | train_loss: 0.3791 | train_acc: 0.8825 | test_loss: 0.8174 | test_acc: 0.7188 | 
Epoch: 44 | train_loss: 0.2690 | train_acc: 0.9116 | test_loss: 0.9762 | test_acc: 0.7305 | 
Epoch: 45 | train_loss: 0.2210 | train_acc: 0.9256 | test_loss: 0.9673 | test_acc: 0.7227 | 
Epoch: 46 | train_loss: 0.1851 | train_acc: 0.9353 | test_loss: 0.8972 | test_acc: 0.7148 | 
Epoch: 47 | train_loss: 0.2163 | train_acc: 0.9321 | test_loss: 1.0646 | test_acc: 0.7461 | 
Epoch: 48 | train_loss: 0.2178 | train_acc: 0.9407 | test_loss: 0.9354 | test_acc: 0.7422 | 
Epoch: 49 | train_loss: 0.3356 | train_acc: 0.9009 | test_loss: 1.0097 | test_acc: 0.7344 | 
Epoch: 50 | train_loss: 0.2633 | train_acc: 0.8890 | test_loss: 0.8822 | test_acc: 0.7305 | 
⏱️ Total training time: 85.928 seconds
📊 Bands [53, 285, 246] -> Fitness: 0.7305
Dataset initialized with pre-loaded data. Total samples: 897
Band indices for training dataloader: [326, 381, 300]
Dataset initialized with pre-loaded data. Total samples: 226
Band indices for test dataloader: [326, 381, 300]
🔍 Starting evaluation of individual [326, 381, 300]
Epoch: 1 | train_loss: 1.3813 | train_acc: 0.2769 | test_loss: 1.2926 | test_acc: 0.4023 | 
Epoch: 2 | train_loss: 1.3081 | train_acc: 0.3750 | test_loss: 1.4468 | test_acc: 0.3555 | 
Epoch: 3 | train_loss: 1.2382 | train_acc: 0.4278 | test_loss: 1.5269 | test_acc: 0.3398 | 
Epoch: 4 | train_loss: 1.1872 | train_acc: 0.4881 | test_loss: 1.2610 | test_acc: 0.4727 | 
Epoch: 5 | train_loss: 1.1536 | train_acc: 0.4720 | test_loss: 1.1716 | test_acc: 0.4922 | 
Epoch: 6 | train_loss: 1.0920 | train_acc: 0.5334 | test_loss: 1.2174 | test_acc: 0.4844 | 
Epoch: 7 | train_loss: 0.9774 | train_acc: 0.6164 | test_loss: 1.0763 | test_acc: 0.4922 | 
Epoch: 8 | train_loss: 0.9823 | train_acc: 0.5787 | test_loss: 1.0724 | test_acc: 0.5820 | 
Epoch: 9 | train_loss: 0.9243 | train_acc: 0.6153 | test_loss: 1.2318 | test_acc: 0.5078 | 
Epoch: 10 | train_loss: 0.9078 | train_acc: 0.6412 | test_loss: 1.0992 | test_acc: 0.5703 | 
Epoch: 11 | train_loss: 0.9402 | train_acc: 0.6401 | test_loss: 1.0605 | test_acc: 0.5938 | 
Epoch: 12 | train_loss: 0.8637 | train_acc: 0.6433 | test_loss: 1.1415 | test_acc: 0.6094 | 
Epoch: 13 | train_loss: 0.8192 | train_acc: 0.6584 | test_loss: 1.1397 | test_acc: 0.5898 | 
Epoch: 14 | train_loss: 0.7962 | train_acc: 0.6627 | test_loss: 1.1817 | test_acc: 0.5195 | 
Epoch: 15 | train_loss: 0.8099 | train_acc: 0.7004 | test_loss: 1.1783 | test_acc: 0.5938 | 
Epoch: 16 | train_loss: 0.7071 | train_acc: 0.7274 | test_loss: 1.2226 | test_acc: 0.5703 | 
Epoch: 17 | train_loss: 0.7152 | train_acc: 0.7080 | test_loss: 1.1114 | test_acc: 0.6172 | 
Epoch: 18 | train_loss: 0.6817 | train_acc: 0.7069 | test_loss: 1.1525 | test_acc: 0.5781 | 
Epoch: 19 | train_loss: 0.7155 | train_acc: 0.7155 | test_loss: 1.1286 | test_acc: 0.6133 | 
Epoch: 20 | train_loss: 0.6477 | train_acc: 0.7672 | test_loss: 1.1687 | test_acc: 0.5781 | 
Epoch: 21 | train_loss: 0.6651 | train_acc: 0.7123 | test_loss: 1.1256 | test_acc: 0.5938 | 
Epoch: 22 | train_loss: 0.5856 | train_acc: 0.7651 | test_loss: 1.0620 | test_acc: 0.6367 | 
Epoch: 23 | train_loss: 0.6126 | train_acc: 0.7575 | test_loss: 1.0267 | test_acc: 0.6484 | 
Epoch: 24 | train_loss: 0.6142 | train_acc: 0.7554 | test_loss: 1.0979 | test_acc: 0.6055 | 
Epoch: 25 | train_loss: 0.5627 | train_acc: 0.7683 | test_loss: 1.2135 | test_acc: 0.5352 | 
Epoch: 26 | train_loss: 0.5774 | train_acc: 0.7834 | test_loss: 1.1570 | test_acc: 0.6250 | 
Epoch: 27 | train_loss: 0.5167 | train_acc: 0.8071 | test_loss: 1.1797 | test_acc: 0.6250 | 
Epoch: 28 | train_loss: 0.5580 | train_acc: 0.7856 | test_loss: 1.0002 | test_acc: 0.6367 | 
Epoch: 29 | train_loss: 0.5443 | train_acc: 0.7856 | test_loss: 1.1468 | test_acc: 0.6016 | 
Epoch: 30 | train_loss: 0.4893 | train_acc: 0.8179 | test_loss: 1.0408 | test_acc: 0.6133 | 
Epoch: 31 | train_loss: 0.5411 | train_acc: 0.7996 | test_loss: 1.1821 | test_acc: 0.6680 | 
Epoch: 32 | train_loss: 0.4969 | train_acc: 0.7996 | test_loss: 1.1931 | test_acc: 0.6562 | 
Epoch: 33 | train_loss: 0.4313 | train_acc: 0.8103 | test_loss: 1.0227 | test_acc: 0.6641 | 
Epoch: 34 | train_loss: 0.4185 | train_acc: 0.8211 | test_loss: 1.3537 | test_acc: 0.5859 | 
Epoch: 35 | train_loss: 0.4246 | train_acc: 0.8578 | test_loss: 1.5570 | test_acc: 0.5703 | 
Epoch: 36 | train_loss: 0.4357 | train_acc: 0.8200 | test_loss: 1.0706 | test_acc: 0.6133 | 
Epoch: 37 | train_loss: 0.4266 | train_acc: 0.8524 | test_loss: 1.1517 | test_acc: 0.6133 | 
Epoch: 38 | train_loss: 0.4105 | train_acc: 0.8675 | test_loss: 1.1869 | test_acc: 0.6680 | 
Epoch: 39 | train_loss: 0.4352 | train_acc: 0.8297 | test_loss: 0.9860 | test_acc: 0.6719 | 
Epoch: 40 | train_loss: 0.4143 | train_acc: 0.8502 | test_loss: 1.1242 | test_acc: 0.6211 | 
Epoch: 41 | train_loss: 0.4645 | train_acc: 0.8050 | test_loss: 1.1158 | test_acc: 0.6250 | 
Epoch: 42 | train_loss: 0.4400 | train_acc: 0.8448 | test_loss: 1.0284 | test_acc: 0.6328 | 
Epoch: 43 | train_loss: 0.3696 | train_acc: 0.8610 | test_loss: 1.0185 | test_acc: 0.6250 | 
Epoch: 44 | train_loss: 0.4065 | train_acc: 0.8459 | test_loss: 0.9714 | test_acc: 0.6680 | 
Epoch: 45 | train_loss: 0.3419 | train_acc: 0.8847 | test_loss: 1.0573 | test_acc: 0.6602 | 
Epoch: 46 | train_loss: 0.3726 | train_acc: 0.8491 | test_loss: 1.2706 | test_acc: 0.6641 | 
Epoch: 47 | train_loss: 0.3955 | train_acc: 0.8308 | test_loss: 1.0655 | test_acc: 0.6719 | 
Epoch: 48 | train_loss: 0.3892 | train_acc: 0.8373 | test_loss: 1.2383 | test_acc: 0.6094 | 
Epoch: 49 | train_loss: 0.4136 | train_acc: 0.8319 | test_loss: 1.1285 | test_acc: 0.6758 | 
Epoch: 50 | train_loss: 0.3854 | train_acc: 0.8502 | test_loss: 1.0274 | test_acc: 0.6836 | 
⏱️ Total training time: 85.239 seconds
📊 Bands [326, 381, 300] -> Fitness: 0.6836
Dataset initialized with pre-loaded data. Total samples: 897
Band indices for training dataloader: [322, 425, 10]
Dataset initialized with pre-loaded data. Total samples: 226
Band indices for test dataloader: [322, 425, 10]
🔍 Starting evaluation of individual [322, 425, 10]
Epoch: 1 | train_loss: 1.3955 | train_acc: 0.2672 | test_loss: 1.3322 | test_acc: 0.3125 | 
Epoch: 2 | train_loss: 1.2898 | train_acc: 0.3599 | test_loss: 1.2848 | test_acc: 0.4180 | 
Epoch: 3 | train_loss: 1.2591 | train_acc: 0.4106 | test_loss: 1.3437 | test_acc: 0.3828 | 
Epoch: 4 | train_loss: 1.1887 | train_acc: 0.4784 | test_loss: 1.3337 | test_acc: 0.3906 | 
Epoch: 5 | train_loss: 1.1165 | train_acc: 0.5043 | test_loss: 1.3927 | test_acc: 0.4453 | 
Epoch: 6 | train_loss: 1.0577 | train_acc: 0.5366 | test_loss: 1.2626 | test_acc: 0.4570 | 
Epoch: 7 | train_loss: 0.9690 | train_acc: 0.6002 | test_loss: 1.3406 | test_acc: 0.4336 | 
Epoch: 8 | train_loss: 0.9415 | train_acc: 0.5959 | test_loss: 1.2421 | test_acc: 0.4492 | 
Epoch: 9 | train_loss: 0.9187 | train_acc: 0.6207 | test_loss: 1.2483 | test_acc: 0.5039 | 
Epoch: 10 | train_loss: 0.8605 | train_acc: 0.6379 | test_loss: 1.4139 | test_acc: 0.4453 | 
Epoch: 11 | train_loss: 0.8365 | train_acc: 0.6476 | test_loss: 1.3854 | test_acc: 0.4688 | 
Epoch: 12 | train_loss: 0.7983 | train_acc: 0.6875 | test_loss: 1.3185 | test_acc: 0.5000 | 
Epoch: 13 | train_loss: 0.7659 | train_acc: 0.6907 | test_loss: 1.1732 | test_acc: 0.5391 | 
Epoch: 14 | train_loss: 0.6861 | train_acc: 0.7338 | test_loss: 1.1641 | test_acc: 0.5195 | 
Epoch: 15 | train_loss: 0.6828 | train_acc: 0.7371 | test_loss: 1.2520 | test_acc: 0.5430 | 
Epoch: 16 | train_loss: 0.6999 | train_acc: 0.7381 | test_loss: 1.0229 | test_acc: 0.6406 | 
Epoch: 17 | train_loss: 0.7016 | train_acc: 0.7274 | test_loss: 1.0546 | test_acc: 0.5742 | 
Epoch: 18 | train_loss: 0.6115 | train_acc: 0.7672 | test_loss: 1.0359 | test_acc: 0.5898 | 
Epoch: 19 | train_loss: 0.6228 | train_acc: 0.7457 | test_loss: 1.0597 | test_acc: 0.5664 | 
Epoch: 20 | train_loss: 0.6107 | train_acc: 0.7662 | test_loss: 1.0783 | test_acc: 0.6094 | 
Epoch: 21 | train_loss: 0.6028 | train_acc: 0.7866 | test_loss: 1.0797 | test_acc: 0.6055 | 
Epoch: 22 | train_loss: 0.5110 | train_acc: 0.8103 | test_loss: 1.0722 | test_acc: 0.5898 | 
Epoch: 23 | train_loss: 0.5801 | train_acc: 0.7748 | test_loss: 1.1102 | test_acc: 0.6484 | 
Epoch: 24 | train_loss: 0.4907 | train_acc: 0.8233 | test_loss: 1.0433 | test_acc: 0.6641 | 
Epoch: 25 | train_loss: 0.5349 | train_acc: 0.7909 | test_loss: 1.0732 | test_acc: 0.5977 | 
Epoch: 26 | train_loss: 0.4454 | train_acc: 0.8416 | test_loss: 1.1058 | test_acc: 0.6602 | 
Epoch: 27 | train_loss: 0.4977 | train_acc: 0.8093 | test_loss: 1.1268 | test_acc: 0.6328 | 
Epoch: 28 | train_loss: 0.4475 | train_acc: 0.8362 | test_loss: 1.1842 | test_acc: 0.5898 | 
Epoch: 29 | train_loss: 0.5083 | train_acc: 0.7834 | test_loss: 1.0608 | test_acc: 0.6055 | 
Epoch: 30 | train_loss: 0.5408 | train_acc: 0.8093 | test_loss: 1.0115 | test_acc: 0.6680 | 
Epoch: 31 | train_loss: 0.5089 | train_acc: 0.7931 | test_loss: 0.9140 | test_acc: 0.6719 | 
Epoch: 32 | train_loss: 0.4226 | train_acc: 0.8276 | test_loss: 0.9618 | test_acc: 0.6016 | 
Epoch: 33 | train_loss: 0.3892 | train_acc: 0.8459 | test_loss: 0.9848 | test_acc: 0.6523 | 
Epoch: 34 | train_loss: 0.4679 | train_acc: 0.8082 | test_loss: 1.0648 | test_acc: 0.6094 | 
Epoch: 35 | train_loss: 0.4019 | train_acc: 0.8502 | test_loss: 0.9824 | test_acc: 0.6055 | 
Epoch: 36 | train_loss: 0.4384 | train_acc: 0.8427 | test_loss: 0.9895 | test_acc: 0.6523 | 
Epoch: 37 | train_loss: 0.4124 | train_acc: 0.8427 | test_loss: 1.0867 | test_acc: 0.6211 | 
Epoch: 38 | train_loss: 0.3642 | train_acc: 0.8631 | test_loss: 1.0246 | test_acc: 0.6289 | 
Epoch: 39 | train_loss: 0.4062 | train_acc: 0.8567 | test_loss: 1.0024 | test_acc: 0.6875 | 
Epoch: 40 | train_loss: 0.3302 | train_acc: 0.8879 | test_loss: 0.9587 | test_acc: 0.6602 | 
Epoch: 41 | train_loss: 0.3061 | train_acc: 0.8728 | test_loss: 0.9506 | test_acc: 0.6953 | 
Epoch: 42 | train_loss: 0.3624 | train_acc: 0.8567 | test_loss: 1.0733 | test_acc: 0.6562 | 
Epoch: 43 | train_loss: 0.4049 | train_acc: 0.8621 | test_loss: 1.2319 | test_acc: 0.6055 | 
Epoch: 44 | train_loss: 0.3188 | train_acc: 0.8707 | test_loss: 1.0203 | test_acc: 0.6445 | 
Epoch: 45 | train_loss: 0.3632 | train_acc: 0.8621 | test_loss: 1.1046 | test_acc: 0.6680 | 
Epoch: 46 | train_loss: 0.3329 | train_acc: 0.8772 | test_loss: 1.0973 | test_acc: 0.6641 | 
Epoch: 47 | train_loss: 0.2766 | train_acc: 0.9052 | test_loss: 1.1961 | test_acc: 0.5977 | 
Epoch: 48 | train_loss: 0.2648 | train_acc: 0.9127 | test_loss: 1.0344 | test_acc: 0.6641 | 
Epoch: 49 | train_loss: 0.4410 | train_acc: 0.8621 | test_loss: 1.0585 | test_acc: 0.6602 | 
Epoch: 50 | train_loss: 0.3172 | train_acc: 0.8610 | test_loss: 1.1400 | test_acc: 0.6133 | 
⏱️ Total training time: 89.397 seconds
📊 Bands [322, 425, 10] -> Fitness: 0.6133
Dataset initialized with pre-loaded data. Total samples: 897
Band indices for training dataloader: [387, 57, 0]
Dataset initialized with pre-loaded data. Total samples: 226
Band indices for test dataloader: [387, 57, 0]
🔍 Starting evaluation of individual [387, 57, 0]
Epoch: 1 | train_loss: 1.3862 | train_acc: 0.2909 | test_loss: 1.3134 | test_acc: 0.3711 | 
Epoch: 2 | train_loss: 1.3409 | train_acc: 0.3147 | test_loss: 1.3648 | test_acc: 0.3555 | 
Epoch: 3 | train_loss: 1.3185 | train_acc: 0.3955 | test_loss: 1.2955 | test_acc: 0.3242 | 
Epoch: 4 | train_loss: 1.2676 | train_acc: 0.4159 | test_loss: 1.2519 | test_acc: 0.4844 | 
Epoch: 5 | train_loss: 1.2242 | train_acc: 0.4289 | test_loss: 1.2465 | test_acc: 0.4453 | 
Epoch: 6 | train_loss: 1.1599 | train_acc: 0.4763 | test_loss: 1.1685 | test_acc: 0.5078 | 
Epoch: 7 | train_loss: 1.0832 | train_acc: 0.5517 | test_loss: 1.3194 | test_acc: 0.5195 | 
Epoch: 8 | train_loss: 1.1323 | train_acc: 0.4892 | test_loss: 1.2442 | test_acc: 0.4297 | 
Epoch: 9 | train_loss: 1.0237 | train_acc: 0.5528 | test_loss: 1.2443 | test_acc: 0.4453 | 
Epoch: 10 | train_loss: 1.0142 | train_acc: 0.5733 | test_loss: 1.1263 | test_acc: 0.5625 | 
Epoch: 11 | train_loss: 0.9258 | train_acc: 0.6024 | test_loss: 1.1712 | test_acc: 0.5352 | 
Epoch: 12 | train_loss: 0.9402 | train_acc: 0.5873 | test_loss: 1.1191 | test_acc: 0.6016 | 
Epoch: 13 | train_loss: 0.9200 | train_acc: 0.6207 | test_loss: 1.1895 | test_acc: 0.4961 | 
Epoch: 14 | train_loss: 0.8634 | train_acc: 0.6315 | test_loss: 1.2139 | test_acc: 0.4922 | 
Epoch: 15 | train_loss: 0.7959 | train_acc: 0.6961 | test_loss: 1.0971 | test_acc: 0.5352 | 
Epoch: 16 | train_loss: 0.8147 | train_acc: 0.6552 | test_loss: 1.0624 | test_acc: 0.5898 | 
Epoch: 17 | train_loss: 0.8054 | train_acc: 0.6756 | test_loss: 1.2837 | test_acc: 0.5430 | 
Epoch: 18 | train_loss: 0.7570 | train_acc: 0.7123 | test_loss: 1.0628 | test_acc: 0.5664 | 
Epoch: 19 | train_loss: 0.6813 | train_acc: 0.7381 | test_loss: 1.1681 | test_acc: 0.5625 | 
Epoch: 20 | train_loss: 0.7145 | train_acc: 0.7166 | test_loss: 1.1982 | test_acc: 0.5664 | 
Epoch: 21 | train_loss: 0.6661 | train_acc: 0.7532 | test_loss: 1.0189 | test_acc: 0.5664 | 
Epoch: 22 | train_loss: 0.6302 | train_acc: 0.7683 | test_loss: 0.9706 | test_acc: 0.6523 | 
Epoch: 23 | train_loss: 0.6260 | train_acc: 0.7565 | test_loss: 1.0478 | test_acc: 0.6172 | 
Epoch: 24 | train_loss: 0.6644 | train_acc: 0.7392 | test_loss: 1.1108 | test_acc: 0.6172 | 
Epoch: 25 | train_loss: 0.5913 | train_acc: 0.7845 | test_loss: 1.1471 | test_acc: 0.5898 | 
Epoch: 26 | train_loss: 0.5735 | train_acc: 0.7963 | test_loss: 1.1666 | test_acc: 0.5820 | 
Epoch: 27 | train_loss: 0.7513 | train_acc: 0.7565 | test_loss: 1.3843 | test_acc: 0.4805 | 
Epoch: 28 | train_loss: 0.6403 | train_acc: 0.7446 | test_loss: 1.0529 | test_acc: 0.6133 | 
Epoch: 29 | train_loss: 0.6524 | train_acc: 0.7769 | test_loss: 1.3023 | test_acc: 0.5586 | 
Epoch: 30 | train_loss: 0.5860 | train_acc: 0.7457 | test_loss: 1.2008 | test_acc: 0.6016 | 
Epoch: 31 | train_loss: 0.5227 | train_acc: 0.8125 | test_loss: 1.1836 | test_acc: 0.5430 | 
Epoch: 32 | train_loss: 0.5416 | train_acc: 0.8125 | test_loss: 1.3681 | test_acc: 0.5078 | 
Epoch: 33 | train_loss: 0.4907 | train_acc: 0.8017 | test_loss: 1.1177 | test_acc: 0.5977 | 
Epoch: 34 | train_loss: 0.5090 | train_acc: 0.7931 | test_loss: 1.2681 | test_acc: 0.5195 | 
Epoch: 35 | train_loss: 0.5030 | train_acc: 0.8028 | test_loss: 1.1752 | test_acc: 0.5859 | 
Epoch: 36 | train_loss: 0.5158 | train_acc: 0.7834 | test_loss: 1.2449 | test_acc: 0.5820 | 
Epoch: 37 | train_loss: 0.5275 | train_acc: 0.8136 | test_loss: 1.2780 | test_acc: 0.6016 | 
Epoch: 38 | train_loss: 0.4711 | train_acc: 0.8319 | test_loss: 1.3087 | test_acc: 0.5352 | 
Epoch: 39 | train_loss: 0.5003 | train_acc: 0.8039 | test_loss: 1.0884 | test_acc: 0.5977 | 
Epoch: 40 | train_loss: 0.4352 | train_acc: 0.8190 | test_loss: 1.1053 | test_acc: 0.6289 | 
Epoch: 41 | train_loss: 0.3522 | train_acc: 0.8728 | test_loss: 1.2620 | test_acc: 0.6250 | 
Epoch: 42 | train_loss: 0.3441 | train_acc: 0.8955 | test_loss: 1.3044 | test_acc: 0.6328 | 
Epoch: 43 | train_loss: 0.4737 | train_acc: 0.8362 | test_loss: 1.2117 | test_acc: 0.6289 | 
Epoch: 44 | train_loss: 0.3887 | train_acc: 0.8718 | test_loss: 1.1038 | test_acc: 0.6328 | 
Epoch: 45 | train_loss: 0.3945 | train_acc: 0.8438 | test_loss: 1.3080 | test_acc: 0.6055 | 
Epoch: 46 | train_loss: 0.4205 | train_acc: 0.8416 | test_loss: 1.1678 | test_acc: 0.6172 | 
Epoch: 47 | train_loss: 0.4464 | train_acc: 0.8362 | test_loss: 1.0677 | test_acc: 0.6211 | 
Epoch: 48 | train_loss: 0.3637 | train_acc: 0.8739 | test_loss: 1.1446 | test_acc: 0.6602 | 
Epoch: 49 | train_loss: 0.3197 | train_acc: 0.8804 | test_loss: 1.0712 | test_acc: 0.6641 | 
Epoch: 50 | train_loss: 0.3948 | train_acc: 0.8578 | test_loss: 1.2198 | test_acc: 0.6523 | 
⏱️ Total training time: 89.184 seconds
📊 Bands [387, 57, 0] -> Fitness: 0.6523
Dataset initialized with pre-loaded data. Total samples: 897
Band indices for training dataloader: [323, 317, 121]
Dataset initialized with pre-loaded data. Total samples: 226
Band indices for test dataloader: [323, 317, 121]
🔍 Starting evaluation of individual [323, 317, 121]
Epoch: 1 | train_loss: 1.3709 | train_acc: 0.3071 | test_loss: 1.4213 | test_acc: 0.3711 | 
Epoch: 2 | train_loss: 1.2779 | train_acc: 0.4149 | test_loss: 1.4054 | test_acc: 0.4688 | 
Epoch: 3 | train_loss: 1.2281 | train_acc: 0.4461 | test_loss: 1.2611 | test_acc: 0.3633 | 
Epoch: 4 | train_loss: 1.1383 | train_acc: 0.5065 | test_loss: 1.2582 | test_acc: 0.4492 | 
Epoch: 5 | train_loss: 1.0514 | train_acc: 0.5754 | test_loss: 1.2653 | test_acc: 0.4648 | 
Epoch: 6 | train_loss: 1.0832 | train_acc: 0.5657 | test_loss: 1.3297 | test_acc: 0.5508 | 
Epoch: 7 | train_loss: 0.9291 | train_acc: 0.6153 | test_loss: 1.0645 | test_acc: 0.5508 | 
Epoch: 8 | train_loss: 0.9510 | train_acc: 0.6250 | test_loss: 1.0467 | test_acc: 0.5898 | 
Epoch: 9 | train_loss: 0.8084 | train_acc: 0.6843 | test_loss: 1.1137 | test_acc: 0.5469 | 
Epoch: 10 | train_loss: 0.7964 | train_acc: 0.6918 | test_loss: 1.0752 | test_acc: 0.5977 | 
Epoch: 11 | train_loss: 0.7774 | train_acc: 0.6789 | test_loss: 1.1473 | test_acc: 0.5859 | 
Epoch: 12 | train_loss: 0.7213 | train_acc: 0.7295 | test_loss: 1.1989 | test_acc: 0.5977 | 
Epoch: 13 | train_loss: 0.6959 | train_acc: 0.7328 | test_loss: 1.1285 | test_acc: 0.5703 | 
Epoch: 14 | train_loss: 0.6118 | train_acc: 0.7899 | test_loss: 0.9927 | test_acc: 0.6367 | 
Epoch: 15 | train_loss: 0.6346 | train_acc: 0.7511 | test_loss: 1.1367 | test_acc: 0.5938 | 
Epoch: 16 | train_loss: 0.5888 | train_acc: 0.7856 | test_loss: 0.9726 | test_acc: 0.6211 | 
Epoch: 17 | train_loss: 0.6268 | train_acc: 0.7543 | test_loss: 1.6185 | test_acc: 0.5391 | 
Epoch: 18 | train_loss: 0.5769 | train_acc: 0.7866 | test_loss: 1.0812 | test_acc: 0.6484 | 
Epoch: 19 | train_loss: 0.6120 | train_acc: 0.7694 | test_loss: 1.0904 | test_acc: 0.6836 | 
Epoch: 20 | train_loss: 0.5911 | train_acc: 0.7511 | test_loss: 0.9148 | test_acc: 0.6719 | 
Epoch: 21 | train_loss: 0.5334 | train_acc: 0.8060 | test_loss: 0.9381 | test_acc: 0.6992 | 
Epoch: 22 | train_loss: 0.5290 | train_acc: 0.7866 | test_loss: 0.8850 | test_acc: 0.6562 | 
Epoch: 23 | train_loss: 0.4954 | train_acc: 0.7845 | test_loss: 0.9424 | test_acc: 0.6836 | 
Epoch: 24 | train_loss: 0.4604 | train_acc: 0.8394 | test_loss: 1.0053 | test_acc: 0.6992 | 
Epoch: 25 | train_loss: 0.4872 | train_acc: 0.8190 | test_loss: 0.9263 | test_acc: 0.6953 | 
Epoch: 26 | train_loss: 0.4881 | train_acc: 0.8071 | test_loss: 0.9680 | test_acc: 0.6914 | 
Epoch: 27 | train_loss: 0.4691 | train_acc: 0.8103 | test_loss: 0.9213 | test_acc: 0.6992 | 
Epoch: 28 | train_loss: 0.4609 | train_acc: 0.8082 | test_loss: 0.8956 | test_acc: 0.7109 | 
Epoch: 29 | train_loss: 0.4209 | train_acc: 0.8513 | test_loss: 0.9918 | test_acc: 0.6758 | 
Epoch: 30 | train_loss: 0.4006 | train_acc: 0.8567 | test_loss: 1.1255 | test_acc: 0.6484 | 
Epoch: 31 | train_loss: 0.4366 | train_acc: 0.8351 | test_loss: 0.9842 | test_acc: 0.6758 | 
Epoch: 32 | train_loss: 0.4489 | train_acc: 0.8244 | test_loss: 0.9300 | test_acc: 0.7148 | 
Epoch: 33 | train_loss: 0.3360 | train_acc: 0.8890 | test_loss: 0.8111 | test_acc: 0.7266 | 
Epoch: 34 | train_loss: 0.3360 | train_acc: 0.8987 | test_loss: 0.9193 | test_acc: 0.6836 | 
Epoch: 35 | train_loss: 0.3712 | train_acc: 0.8427 | test_loss: 0.9993 | test_acc: 0.7109 | 
Epoch: 36 | train_loss: 0.2911 | train_acc: 0.8966 | test_loss: 0.9456 | test_acc: 0.7344 | 
Epoch: 37 | train_loss: 0.3718 | train_acc: 0.8438 | test_loss: 1.0089 | test_acc: 0.7109 | 
Epoch: 38 | train_loss: 0.3490 | train_acc: 0.8621 | test_loss: 1.0141 | test_acc: 0.7148 | 
Epoch: 39 | train_loss: 0.4213 | train_acc: 0.8556 | test_loss: 0.9134 | test_acc: 0.7148 | 
Epoch: 40 | train_loss: 0.3236 | train_acc: 0.8739 | test_loss: 0.9363 | test_acc: 0.6875 | 
Epoch: 41 | train_loss: 0.3112 | train_acc: 0.8976 | test_loss: 0.8776 | test_acc: 0.7461 | 
Epoch: 42 | train_loss: 0.3480 | train_acc: 0.8675 | test_loss: 1.0334 | test_acc: 0.7031 | 
Epoch: 43 | train_loss: 0.4593 | train_acc: 0.8459 | test_loss: 1.0038 | test_acc: 0.7148 | 
Epoch: 44 | train_loss: 0.3363 | train_acc: 0.8588 | test_loss: 0.8718 | test_acc: 0.6836 | 
Epoch: 45 | train_loss: 0.2607 | train_acc: 0.9127 | test_loss: 1.0917 | test_acc: 0.6680 | 
Epoch: 46 | train_loss: 0.3322 | train_acc: 0.8869 | test_loss: 0.9231 | test_acc: 0.7148 | 
Epoch: 47 | train_loss: 0.2707 | train_acc: 0.8772 | test_loss: 1.1888 | test_acc: 0.6172 | 
Epoch: 48 | train_loss: 0.2691 | train_acc: 0.8879 | test_loss: 1.4512 | test_acc: 0.6602 | 
Epoch: 49 | train_loss: 0.2999 | train_acc: 0.8869 | test_loss: 1.0154 | test_acc: 0.7188 | 
Epoch: 50 | train_loss: 0.2772 | train_acc: 0.8782 | test_loss: 1.1060 | test_acc: 0.6211 | 
⏱️ Total training time: 89.405 seconds
📊 Bands [323, 317, 121] -> Fitness: 0.6211
Dataset initialized with pre-loaded data. Total samples: 897
Band indices for training dataloader: [279, 88, 106]
Dataset initialized with pre-loaded data. Total samples: 226
Band indices for test dataloader: [279, 88, 106]
🔍 Starting evaluation of individual [279, 88, 106]
Epoch: 1 | train_loss: 1.3651 | train_acc: 0.2974 | test_loss: 1.2974 | test_acc: 0.4141 | 
Epoch: 2 | train_loss: 1.2554 | train_acc: 0.4537 | test_loss: 1.2607 | test_acc: 0.4219 | 
Epoch: 3 | train_loss: 1.1842 | train_acc: 0.5086 | test_loss: 1.2128 | test_acc: 0.5430 | 
Epoch: 4 | train_loss: 1.0310 | train_acc: 0.5690 | test_loss: 1.1073 | test_acc: 0.5938 | 
Epoch: 5 | train_loss: 0.9767 | train_acc: 0.5862 | test_loss: 1.2068 | test_acc: 0.5195 | 
Epoch: 6 | train_loss: 0.9240 | train_acc: 0.6088 | test_loss: 1.0494 | test_acc: 0.6133 | 
Epoch: 7 | train_loss: 0.8692 | train_acc: 0.6315 | test_loss: 0.9968 | test_acc: 0.6289 | 
Epoch: 8 | train_loss: 0.7873 | train_acc: 0.6853 | test_loss: 1.0026 | test_acc: 0.6602 | 
Epoch: 9 | train_loss: 0.7659 | train_acc: 0.7047 | test_loss: 1.0769 | test_acc: 0.5977 | 
Epoch: 10 | train_loss: 0.6608 | train_acc: 0.7338 | test_loss: 1.0132 | test_acc: 0.6758 | 
Epoch: 11 | train_loss: 0.7344 | train_acc: 0.7198 | test_loss: 0.8958 | test_acc: 0.6875 | 
Epoch: 12 | train_loss: 0.6712 | train_acc: 0.7532 | test_loss: 0.8920 | test_acc: 0.6875 | 
Epoch: 13 | train_loss: 0.6049 | train_acc: 0.7554 | test_loss: 1.0614 | test_acc: 0.6250 | 
Epoch: 14 | train_loss: 0.5577 | train_acc: 0.7802 | test_loss: 1.0950 | test_acc: 0.5586 | 
Epoch: 15 | train_loss: 0.5124 | train_acc: 0.7812 | test_loss: 1.0864 | test_acc: 0.6328 | 
Epoch: 16 | train_loss: 0.5156 | train_acc: 0.7920 | test_loss: 1.0383 | test_acc: 0.7227 | 
Epoch: 17 | train_loss: 0.4485 | train_acc: 0.8114 | test_loss: 0.9679 | test_acc: 0.6797 | 
Epoch: 18 | train_loss: 0.4980 | train_acc: 0.8028 | test_loss: 0.9754 | test_acc: 0.7031 | 
Epoch: 19 | train_loss: 0.4387 | train_acc: 0.8384 | test_loss: 0.9456 | test_acc: 0.6992 | 
Epoch: 20 | train_loss: 0.4701 | train_acc: 0.8093 | test_loss: 1.0612 | test_acc: 0.6602 | 
Epoch: 21 | train_loss: 0.5316 | train_acc: 0.8125 | test_loss: 0.8758 | test_acc: 0.6758 | 
Epoch: 22 | train_loss: 0.4085 | train_acc: 0.8373 | test_loss: 0.8520 | test_acc: 0.7305 | 
Epoch: 23 | train_loss: 0.3984 | train_acc: 0.8459 | test_loss: 1.1445 | test_acc: 0.6680 | 
Epoch: 24 | train_loss: 0.3976 | train_acc: 0.8459 | test_loss: 0.8558 | test_acc: 0.7188 | 
Epoch: 25 | train_loss: 0.3531 | train_acc: 0.8739 | test_loss: 0.9300 | test_acc: 0.7188 | 
Epoch: 26 | train_loss: 0.4182 | train_acc: 0.8481 | test_loss: 0.9432 | test_acc: 0.7148 | 
Epoch: 27 | train_loss: 0.4161 | train_acc: 0.8384 | test_loss: 0.9872 | test_acc: 0.7109 | 
Epoch: 28 | train_loss: 0.3742 | train_acc: 0.8718 | test_loss: 0.9944 | test_acc: 0.6641 | 
Epoch: 29 | train_loss: 0.3192 | train_acc: 0.8750 | test_loss: 0.8888 | test_acc: 0.7383 | 
Epoch: 30 | train_loss: 0.3302 | train_acc: 0.8707 | test_loss: 0.8584 | test_acc: 0.7422 | 
Epoch: 31 | train_loss: 0.3291 | train_acc: 0.8631 | test_loss: 0.8934 | test_acc: 0.7422 | 
Epoch: 32 | train_loss: 0.3206 | train_acc: 0.8664 | test_loss: 0.8227 | test_acc: 0.7617 | 
Epoch: 33 | train_loss: 0.3996 | train_acc: 0.8470 | test_loss: 0.9876 | test_acc: 0.7383 | 
Epoch: 34 | train_loss: 0.3482 | train_acc: 0.8728 | test_loss: 0.8626 | test_acc: 0.7617 | 
Epoch: 35 | train_loss: 0.3180 | train_acc: 0.8825 | test_loss: 0.9257 | test_acc: 0.7461 | 
Epoch: 36 | train_loss: 0.2320 | train_acc: 0.9041 | test_loss: 0.8752 | test_acc: 0.7578 | 
Epoch: 37 | train_loss: 0.2356 | train_acc: 0.9300 | test_loss: 0.8019 | test_acc: 0.7539 | 
Epoch: 38 | train_loss: 0.2986 | train_acc: 0.9030 | test_loss: 1.1757 | test_acc: 0.7227 | 
Epoch: 39 | train_loss: 0.3003 | train_acc: 0.8825 | test_loss: 0.9209 | test_acc: 0.7500 | 
Epoch: 40 | train_loss: 0.3032 | train_acc: 0.8750 | test_loss: 0.8033 | test_acc: 0.7500 | 
Epoch: 41 | train_loss: 0.2843 | train_acc: 0.8728 | test_loss: 0.8505 | test_acc: 0.7539 | 
Epoch: 42 | train_loss: 0.2202 | train_acc: 0.9289 | test_loss: 0.8211 | test_acc: 0.7695 | 
Epoch: 43 | train_loss: 0.1904 | train_acc: 0.9321 | test_loss: 0.8723 | test_acc: 0.7578 | 
Epoch: 44 | train_loss: 0.2759 | train_acc: 0.8955 | test_loss: 0.8337 | test_acc: 0.7734 | 
Epoch: 45 | train_loss: 0.2806 | train_acc: 0.8955 | test_loss: 0.9543 | test_acc: 0.7500 | 
Epoch: 46 | train_loss: 0.2258 | train_acc: 0.9310 | test_loss: 0.8395 | test_acc: 0.7578 | 
Epoch: 47 | train_loss: 0.1715 | train_acc: 0.9418 | test_loss: 0.8324 | test_acc: 0.7773 | 
Epoch: 48 | train_loss: 0.3081 | train_acc: 0.9203 | test_loss: 0.9063 | test_acc: 0.7656 | 
Epoch: 49 | train_loss: 0.2080 | train_acc: 0.9149 | test_loss: 0.9161 | test_acc: 0.7031 | 
Epoch: 50 | train_loss: 0.1573 | train_acc: 0.9504 | test_loss: 0.8481 | test_acc: 0.7852 | 
⏱️ Total training time: 85.951 seconds
📊 Bands [279, 88, 106] -> Fitness: 0.7852
Dataset initialized with pre-loaded data. Total samples: 897
Band indices for training dataloader: [198, 314, 239]
Dataset initialized with pre-loaded data. Total samples: 226
Band indices for test dataloader: [198, 314, 239]
🔍 Starting evaluation of individual [198, 314, 239]
Epoch: 1 | train_loss: 1.3655 | train_acc: 0.2974 | test_loss: 1.2959 | test_acc: 0.4336 | 
Epoch: 2 | train_loss: 1.2782 | train_acc: 0.4019 | test_loss: 1.1780 | test_acc: 0.5312 | 
Epoch: 3 | train_loss: 1.1433 | train_acc: 0.5172 | test_loss: 1.1931 | test_acc: 0.5312 | 
Epoch: 4 | train_loss: 1.1175 | train_acc: 0.5323 | test_loss: 1.1236 | test_acc: 0.5625 | 
Epoch: 5 | train_loss: 1.0104 | train_acc: 0.5830 | test_loss: 1.1445 | test_acc: 0.5664 | 
Epoch: 6 | train_loss: 0.9458 | train_acc: 0.6239 | test_loss: 1.0579 | test_acc: 0.5664 | 
Epoch: 7 | train_loss: 0.9266 | train_acc: 0.6142 | test_loss: 1.1554 | test_acc: 0.5977 | 
Epoch: 8 | train_loss: 0.7943 | train_acc: 0.6875 | test_loss: 0.9913 | test_acc: 0.6836 | 
Epoch: 9 | train_loss: 0.7831 | train_acc: 0.6864 | test_loss: 1.0026 | test_acc: 0.5859 | 
Epoch: 10 | train_loss: 0.7444 | train_acc: 0.7284 | test_loss: 1.0830 | test_acc: 0.5469 | 
Epoch: 11 | train_loss: 0.6993 | train_acc: 0.7629 | test_loss: 0.9846 | test_acc: 0.6445 | 
Epoch: 12 | train_loss: 0.6480 | train_acc: 0.7737 | test_loss: 0.9576 | test_acc: 0.6953 | 
Epoch: 13 | train_loss: 0.6905 | train_acc: 0.7306 | test_loss: 1.1760 | test_acc: 0.6719 | 
Epoch: 14 | train_loss: 0.5618 | train_acc: 0.7963 | test_loss: 0.9416 | test_acc: 0.6797 | 
Epoch: 15 | train_loss: 0.5164 | train_acc: 0.8168 | test_loss: 0.9776 | test_acc: 0.6914 | 
Epoch: 16 | train_loss: 0.4839 | train_acc: 0.8136 | test_loss: 0.9324 | test_acc: 0.6719 | 
Epoch: 17 | train_loss: 0.4524 | train_acc: 0.8297 | test_loss: 0.9295 | test_acc: 0.6914 | 
Epoch: 18 | train_loss: 0.4301 | train_acc: 0.8491 | test_loss: 0.9197 | test_acc: 0.7109 | 
Epoch: 19 | train_loss: 0.7157 | train_acc: 0.7888 | test_loss: 0.9448 | test_acc: 0.7070 | 
Epoch: 20 | train_loss: 0.4983 | train_acc: 0.8222 | test_loss: 0.7940 | test_acc: 0.7383 | 
Epoch: 21 | train_loss: 0.4790 | train_acc: 0.8157 | test_loss: 0.9534 | test_acc: 0.6758 | 
Epoch: 22 | train_loss: 0.4854 | train_acc: 0.7931 | test_loss: 0.7887 | test_acc: 0.7266 | 
Epoch: 23 | train_loss: 0.3780 | train_acc: 0.8750 | test_loss: 0.8762 | test_acc: 0.7188 | 
Epoch: 24 | train_loss: 0.3925 | train_acc: 0.8384 | test_loss: 0.9047 | test_acc: 0.7266 | 
Epoch: 25 | train_loss: 0.4136 | train_acc: 0.8578 | test_loss: 0.7644 | test_acc: 0.7461 | 
Epoch: 26 | train_loss: 0.3615 | train_acc: 0.8631 | test_loss: 0.9469 | test_acc: 0.7031 | 
Epoch: 27 | train_loss: 0.4438 | train_acc: 0.8621 | test_loss: 0.8660 | test_acc: 0.7148 | 
Epoch: 28 | train_loss: 0.3774 | train_acc: 0.8718 | test_loss: 0.8573 | test_acc: 0.7305 | 
Epoch: 29 | train_loss: 0.3801 | train_acc: 0.8567 | test_loss: 0.8390 | test_acc: 0.7617 | 
Epoch: 30 | train_loss: 0.3480 | train_acc: 0.8944 | test_loss: 0.7683 | test_acc: 0.7500 | 
Epoch: 31 | train_loss: 0.3657 | train_acc: 0.8696 | test_loss: 0.7727 | test_acc: 0.7461 | 
Epoch: 32 | train_loss: 0.3159 | train_acc: 0.8728 | test_loss: 0.8782 | test_acc: 0.7578 | 
Epoch: 33 | train_loss: 0.3215 | train_acc: 0.8653 | test_loss: 0.8561 | test_acc: 0.7422 | 
Epoch: 34 | train_loss: 0.3505 | train_acc: 0.8610 | test_loss: 0.7965 | test_acc: 0.7656 | 
Epoch: 35 | train_loss: 0.2864 | train_acc: 0.9052 | test_loss: 0.9372 | test_acc: 0.6758 | 
Epoch: 36 | train_loss: 0.2458 | train_acc: 0.9106 | test_loss: 0.8686 | test_acc: 0.7578 | 
Epoch: 37 | train_loss: 0.2947 | train_acc: 0.8815 | test_loss: 0.9452 | test_acc: 0.7578 | 
Epoch: 38 | train_loss: 0.3605 | train_acc: 0.8739 | test_loss: 0.8540 | test_acc: 0.7578 | 
Epoch: 39 | train_loss: 0.3343 | train_acc: 0.8631 | test_loss: 0.8624 | test_acc: 0.7500 | 
Epoch: 40 | train_loss: 0.3052 | train_acc: 0.8825 | test_loss: 0.8452 | test_acc: 0.7734 | 
Epoch: 41 | train_loss: 0.3295 | train_acc: 0.8578 | test_loss: 0.9128 | test_acc: 0.7734 | 
Epoch: 42 | train_loss: 0.2951 | train_acc: 0.8901 | test_loss: 0.8816 | test_acc: 0.7656 | 
Epoch: 43 | train_loss: 0.2651 | train_acc: 0.9073 | test_loss: 0.8766 | test_acc: 0.7656 | 
Epoch: 44 | train_loss: 0.2237 | train_acc: 0.9321 | test_loss: 0.8141 | test_acc: 0.7773 | 
Epoch: 45 | train_loss: 0.2609 | train_acc: 0.8901 | test_loss: 0.9496 | test_acc: 0.7539 | 
Epoch: 46 | train_loss: 0.2633 | train_acc: 0.8944 | test_loss: 0.8550 | test_acc: 0.7773 | 
Epoch: 47 | train_loss: 0.3043 | train_acc: 0.8847 | test_loss: 0.7819 | test_acc: 0.7734 | 
Epoch: 48 | train_loss: 0.2812 | train_acc: 0.8879 | test_loss: 0.7572 | test_acc: 0.7695 | 
Epoch: 49 | train_loss: 0.2509 | train_acc: 0.9116 | test_loss: 0.8278 | test_acc: 0.7617 | 
Epoch: 50 | train_loss: 0.2971 | train_acc: 0.9041 | test_loss: 0.7376 | test_acc: 0.7852 | 
⏱️ Total training time: 104.747 seconds
📊 Bands [198, 314, 239] -> Fitness: 0.7852
Dataset initialized with pre-loaded data. Total samples: 897
Band indices for training dataloader: [177, 103, 206]
Dataset initialized with pre-loaded data. Total samples: 226
Band indices for test dataloader: [177, 103, 206]
🔍 Starting evaluation of individual [177, 103, 206]
Epoch: 1 | train_loss: 1.3435 | train_acc: 0.3179 | test_loss: 1.4632 | test_acc: 0.3867 | 
Epoch: 2 | train_loss: 1.2151 | train_acc: 0.4332 | test_loss: 1.4103 | test_acc: 0.3711 | 
Epoch: 3 | train_loss: 1.1537 | train_acc: 0.4817 | test_loss: 1.1030 | test_acc: 0.5508 | 
Epoch: 4 | train_loss: 1.0294 | train_acc: 0.5776 | test_loss: 1.2547 | test_acc: 0.4570 | 
Epoch: 5 | train_loss: 1.0070 | train_acc: 0.5776 | test_loss: 1.2261 | test_acc: 0.5234 | 
Epoch: 6 | train_loss: 0.9148 | train_acc: 0.6509 | test_loss: 1.2888 | test_acc: 0.5625 | 
Epoch: 7 | train_loss: 0.8428 | train_acc: 0.6476 | test_loss: 1.1520 | test_acc: 0.5078 | 
Epoch: 8 | train_loss: 0.8973 | train_acc: 0.6239 | test_loss: 1.0036 | test_acc: 0.6055 | 
Epoch: 9 | train_loss: 0.7233 | train_acc: 0.7241 | test_loss: 0.9040 | test_acc: 0.6719 | 
Epoch: 10 | train_loss: 0.7445 | train_acc: 0.7015 | test_loss: 0.9712 | test_acc: 0.6602 | 
Epoch: 11 | train_loss: 0.6931 | train_acc: 0.7166 | test_loss: 0.8704 | test_acc: 0.6758 | 
Epoch: 12 | train_loss: 0.6658 | train_acc: 0.7177 | test_loss: 0.9665 | test_acc: 0.6680 | 
Epoch: 13 | train_loss: 0.5757 | train_acc: 0.7931 | test_loss: 0.9389 | test_acc: 0.6875 | 
Epoch: 14 | train_loss: 0.5403 | train_acc: 0.7974 | test_loss: 0.8529 | test_acc: 0.7109 | 
Epoch: 15 | train_loss: 0.4731 | train_acc: 0.8114 | test_loss: 0.9525 | test_acc: 0.6914 | 
Epoch: 16 | train_loss: 0.5823 | train_acc: 0.7888 | test_loss: 0.7287 | test_acc: 0.7539 | 
Epoch: 17 | train_loss: 0.4701 | train_acc: 0.8513 | test_loss: 0.7918 | test_acc: 0.7148 | 
Epoch: 18 | train_loss: 0.5297 | train_acc: 0.7996 | test_loss: 0.8158 | test_acc: 0.7188 | 
Epoch: 19 | train_loss: 0.5100 | train_acc: 0.8006 | test_loss: 0.7829 | test_acc: 0.7070 | 
Epoch: 20 | train_loss: 0.4470 | train_acc: 0.8448 | test_loss: 0.8969 | test_acc: 0.6836 | 
Epoch: 21 | train_loss: 0.4031 | train_acc: 0.8459 | test_loss: 0.8833 | test_acc: 0.7070 | 
Epoch: 22 | train_loss: 0.4369 | train_acc: 0.8222 | test_loss: 0.7667 | test_acc: 0.7227 | 
Epoch: 23 | train_loss: 0.4264 | train_acc: 0.8448 | test_loss: 0.9167 | test_acc: 0.7070 | 
Epoch: 24 | train_loss: 0.4260 | train_acc: 0.8287 | test_loss: 0.7904 | test_acc: 0.7188 | 
Epoch: 25 | train_loss: 0.3905 | train_acc: 0.8556 | test_loss: 0.7995 | test_acc: 0.7188 | 
Epoch: 26 | train_loss: 0.3424 | train_acc: 0.8718 | test_loss: 0.7649 | test_acc: 0.7344 | 
Epoch: 27 | train_loss: 0.3491 | train_acc: 0.8642 | test_loss: 0.8437 | test_acc: 0.7344 | 
Epoch: 28 | train_loss: 0.3266 | train_acc: 0.8858 | test_loss: 1.0575 | test_acc: 0.6758 | 
Epoch: 29 | train_loss: 0.3140 | train_acc: 0.9019 | test_loss: 0.8279 | test_acc: 0.7305 | 
Epoch: 30 | train_loss: 0.3857 | train_acc: 0.8642 | test_loss: 0.8546 | test_acc: 0.7500 | 
Epoch: 31 | train_loss: 0.2698 | train_acc: 0.9106 | test_loss: 0.7670 | test_acc: 0.7500 | 
Epoch: 32 | train_loss: 0.2746 | train_acc: 0.8793 | test_loss: 0.7805 | test_acc: 0.7773 | 
Epoch: 33 | train_loss: 0.2776 | train_acc: 0.8793 | test_loss: 0.8359 | test_acc: 0.7617 | 
Epoch: 34 | train_loss: 0.3662 | train_acc: 0.8804 | test_loss: 0.7560 | test_acc: 0.7461 | 
Epoch: 35 | train_loss: 0.2837 | train_acc: 0.8955 | test_loss: 0.7273 | test_acc: 0.7812 | 
Epoch: 36 | train_loss: 0.3150 | train_acc: 0.8858 | test_loss: 0.7970 | test_acc: 0.7539 | 
Epoch: 37 | train_loss: 0.2843 | train_acc: 0.8761 | test_loss: 0.8872 | test_acc: 0.7109 | 
Epoch: 38 | train_loss: 0.3282 | train_acc: 0.8728 | test_loss: 0.7738 | test_acc: 0.7461 | 
Epoch: 39 | train_loss: 0.3393 | train_acc: 0.8653 | test_loss: 0.7005 | test_acc: 0.7383 | 
Epoch: 40 | train_loss: 0.2500 | train_acc: 0.9159 | test_loss: 0.8682 | test_acc: 0.7148 | 
Epoch: 41 | train_loss: 0.2313 | train_acc: 0.9106 | test_loss: 0.7174 | test_acc: 0.7344 | 
Epoch: 42 | train_loss: 0.2558 | train_acc: 0.8966 | test_loss: 0.6475 | test_acc: 0.7734 | 
Epoch: 43 | train_loss: 0.2206 | train_acc: 0.9052 | test_loss: 0.6949 | test_acc: 0.7656 | 
Epoch: 44 | train_loss: 0.2763 | train_acc: 0.8966 | test_loss: 0.7996 | test_acc: 0.7578 | 
Epoch: 45 | train_loss: 0.2163 | train_acc: 0.9203 | test_loss: 0.7795 | test_acc: 0.7344 | 
Epoch: 46 | train_loss: 0.2445 | train_acc: 0.9073 | test_loss: 0.7305 | test_acc: 0.7422 | 
Epoch: 47 | train_loss: 0.2894 | train_acc: 0.9073 | test_loss: 0.7799 | test_acc: 0.7500 | 
Epoch: 48 | train_loss: 0.3175 | train_acc: 0.8976 | test_loss: 0.8568 | test_acc: 0.7422 | 
Epoch: 49 | train_loss: 0.1992 | train_acc: 0.9407 | test_loss: 0.7838 | test_acc: 0.7617 | 
Epoch: 50 | train_loss: 0.2618 | train_acc: 0.8976 | test_loss: 0.7211 | test_acc: 0.7500 | 
⏱️ Total training time: 87.846 seconds
📊 Bands [177, 103, 206] -> Fitness: 0.7500
Dataset initialized with pre-loaded data. Total samples: 897
Band indices for training dataloader: [114, 441, 87]
Dataset initialized with pre-loaded data. Total samples: 226
Band indices for test dataloader: [114, 441, 87]
🔍 Starting evaluation of individual [114, 441, 87]
Epoch: 1 | train_loss: 1.3682 | train_acc: 0.3394 | test_loss: 1.3689 | test_acc: 0.4023 | 
Epoch: 2 | train_loss: 1.2504 | train_acc: 0.4666 | test_loss: 1.2357 | test_acc: 0.4805 | 
Epoch: 3 | train_loss: 1.1367 | train_acc: 0.5075 | test_loss: 1.2703 | test_acc: 0.4570 | 
Epoch: 4 | train_loss: 1.1078 | train_acc: 0.5345 | test_loss: 1.1710 | test_acc: 0.4922 | 
Epoch: 5 | train_loss: 0.9862 | train_acc: 0.5841 | test_loss: 1.2246 | test_acc: 0.5078 | 
Epoch: 6 | train_loss: 0.9146 | train_acc: 0.6293 | test_loss: 1.2773 | test_acc: 0.5352 | 
Epoch: 7 | train_loss: 0.8893 | train_acc: 0.6196 | test_loss: 1.2208 | test_acc: 0.4805 | 
Epoch: 8 | train_loss: 0.8122 | train_acc: 0.6670 | test_loss: 1.0594 | test_acc: 0.6133 | 
Epoch: 9 | train_loss: 0.7433 | train_acc: 0.7241 | test_loss: 1.1051 | test_acc: 0.5820 | 
Epoch: 10 | train_loss: 0.7391 | train_acc: 0.7069 | test_loss: 0.9847 | test_acc: 0.6680 | 
Epoch: 11 | train_loss: 0.6775 | train_acc: 0.7371 | test_loss: 1.2365 | test_acc: 0.5078 | 
Epoch: 12 | train_loss: 0.6064 | train_acc: 0.7694 | test_loss: 1.0222 | test_acc: 0.6211 | 
Epoch: 13 | train_loss: 0.6279 | train_acc: 0.7457 | test_loss: 1.1903 | test_acc: 0.5820 | 
Epoch: 14 | train_loss: 0.6004 | train_acc: 0.7489 | test_loss: 1.0296 | test_acc: 0.5898 | 
Epoch: 15 | train_loss: 0.5919 | train_acc: 0.7597 | test_loss: 1.0814 | test_acc: 0.6523 | 
Epoch: 16 | train_loss: 0.6143 | train_acc: 0.7608 | test_loss: 1.0552 | test_acc: 0.7070 | 
Epoch: 17 | train_loss: 0.5396 | train_acc: 0.8093 | test_loss: 1.0969 | test_acc: 0.5664 | 
Epoch: 18 | train_loss: 0.4328 | train_acc: 0.8534 | test_loss: 1.1219 | test_acc: 0.6289 | 
Epoch: 19 | train_loss: 0.5203 | train_acc: 0.7856 | test_loss: 0.9750 | test_acc: 0.6797 | 
Epoch: 20 | train_loss: 0.4502 | train_acc: 0.8578 | test_loss: 1.0240 | test_acc: 0.6562 | 
Epoch: 21 | train_loss: 0.4989 | train_acc: 0.8233 | test_loss: 0.9893 | test_acc: 0.6953 | 
Epoch: 22 | train_loss: 0.3845 | train_acc: 0.8653 | test_loss: 0.9642 | test_acc: 0.7070 | 
Epoch: 23 | train_loss: 0.4308 | train_acc: 0.8373 | test_loss: 0.9748 | test_acc: 0.7188 | 
Epoch: 24 | train_loss: 0.4048 | train_acc: 0.8308 | test_loss: 0.9720 | test_acc: 0.6953 | 
Epoch: 25 | train_loss: 0.4427 | train_acc: 0.8362 | test_loss: 1.0281 | test_acc: 0.6250 | 
Epoch: 26 | train_loss: 0.3654 | train_acc: 0.8545 | test_loss: 0.9526 | test_acc: 0.7031 | 
Epoch: 27 | train_loss: 0.3859 | train_acc: 0.8567 | test_loss: 0.9680 | test_acc: 0.6953 | 
Epoch: 28 | train_loss: 0.4789 | train_acc: 0.8545 | test_loss: 0.9252 | test_acc: 0.7031 | 
Epoch: 29 | train_loss: 0.3726 | train_acc: 0.8739 | test_loss: 1.0312 | test_acc: 0.6289 | 
Epoch: 30 | train_loss: 0.3771 | train_acc: 0.8675 | test_loss: 1.0019 | test_acc: 0.6367 | 
Epoch: 31 | train_loss: 0.3520 | train_acc: 0.8513 | test_loss: 0.9025 | test_acc: 0.7344 | 
Epoch: 32 | train_loss: 0.3346 | train_acc: 0.8621 | test_loss: 1.0645 | test_acc: 0.6328 | 
Epoch: 33 | train_loss: 0.4376 | train_acc: 0.8416 | test_loss: 0.8899 | test_acc: 0.7305 | 
Epoch: 34 | train_loss: 0.3885 | train_acc: 0.8513 | test_loss: 0.9728 | test_acc: 0.7266 | 
Epoch: 35 | train_loss: 0.3144 | train_acc: 0.8761 | test_loss: 0.9054 | test_acc: 0.7148 | 
Epoch: 36 | train_loss: 0.3631 | train_acc: 0.8675 | test_loss: 0.8454 | test_acc: 0.7383 | 
Epoch: 37 | train_loss: 0.2869 | train_acc: 0.9073 | test_loss: 0.9633 | test_acc: 0.7148 | 
Epoch: 38 | train_loss: 0.2926 | train_acc: 0.8858 | test_loss: 0.8207 | test_acc: 0.7383 | 
Epoch: 39 | train_loss: 0.2883 | train_acc: 0.9030 | test_loss: 0.8199 | test_acc: 0.7695 | 
Epoch: 40 | train_loss: 0.3271 | train_acc: 0.8955 | test_loss: 1.0980 | test_acc: 0.6836 | 
Epoch: 41 | train_loss: 0.3450 | train_acc: 0.8696 | test_loss: 0.9637 | test_acc: 0.7305 | 
Epoch: 42 | train_loss: 0.2679 | train_acc: 0.8901 | test_loss: 0.9181 | test_acc: 0.6953 | 
Epoch: 43 | train_loss: 0.2177 | train_acc: 0.9159 | test_loss: 0.8731 | test_acc: 0.6914 | 
Epoch: 44 | train_loss: 0.2755 | train_acc: 0.8922 | test_loss: 0.9943 | test_acc: 0.7422 | 
Epoch: 45 | train_loss: 0.2645 | train_acc: 0.8912 | test_loss: 1.0914 | test_acc: 0.6875 | 
Epoch: 46 | train_loss: 0.2388 | train_acc: 0.9073 | test_loss: 0.9946 | test_acc: 0.7383 | 
Epoch: 47 | train_loss: 0.3039 | train_acc: 0.8922 | test_loss: 0.8981 | test_acc: 0.7734 | 
Epoch: 48 | train_loss: 0.2550 | train_acc: 0.8922 | test_loss: 0.9564 | test_acc: 0.7266 | 
Epoch: 49 | train_loss: 0.2292 | train_acc: 0.9009 | test_loss: 0.9647 | test_acc: 0.6992 | 
Epoch: 50 | train_loss: 0.2300 | train_acc: 0.8998 | test_loss: 1.0822 | test_acc: 0.6719 | 
⏱️ Total training time: 86.757 seconds
📊 Bands [114, 441, 87] -> Fitness: 0.6719
Dataset initialized with pre-loaded data. Total samples: 897
Band indices for training dataloader: [231, 104, 405]
Dataset initialized with pre-loaded data. Total samples: 226
Band indices for test dataloader: [231, 104, 405]
🔍 Starting evaluation of individual [231, 104, 405]
Epoch: 1 | train_loss: 1.3677 | train_acc: 0.3222 | test_loss: 1.5937 | test_acc: 0.3320 | 
Epoch: 2 | train_loss: 1.2101 | train_acc: 0.4849 | test_loss: 1.2750 | test_acc: 0.5156 | 
Epoch: 3 | train_loss: 1.1312 | train_acc: 0.5291 | test_loss: 0.9857 | test_acc: 0.6094 | 
Epoch: 4 | train_loss: 0.9857 | train_acc: 0.6099 | test_loss: 1.0701 | test_acc: 0.6172 | 
Epoch: 5 | train_loss: 0.9051 | train_acc: 0.6196 | test_loss: 1.0155 | test_acc: 0.5352 | 
Epoch: 6 | train_loss: 0.8546 | train_acc: 0.6616 | test_loss: 0.9121 | test_acc: 0.6484 | 
Epoch: 7 | train_loss: 0.7668 | train_acc: 0.7241 | test_loss: 0.8734 | test_acc: 0.7031 | 
Epoch: 8 | train_loss: 0.6618 | train_acc: 0.7457 | test_loss: 0.8905 | test_acc: 0.6992 | 
Epoch: 9 | train_loss: 0.7345 | train_acc: 0.7317 | test_loss: 0.9559 | test_acc: 0.6641 | 
Epoch: 10 | train_loss: 0.6586 | train_acc: 0.7188 | test_loss: 0.8157 | test_acc: 0.7070 | 
Epoch: 11 | train_loss: 0.6697 | train_acc: 0.7554 | test_loss: 0.9550 | test_acc: 0.5898 | 
Epoch: 12 | train_loss: 0.5289 | train_acc: 0.8060 | test_loss: 0.8659 | test_acc: 0.7188 | 
Epoch: 13 | train_loss: 0.6065 | train_acc: 0.7425 | test_loss: 0.9155 | test_acc: 0.6289 | 
Epoch: 14 | train_loss: 0.5267 | train_acc: 0.7683 | test_loss: 0.8581 | test_acc: 0.6484 | 
Epoch: 15 | train_loss: 0.4731 | train_acc: 0.8136 | test_loss: 0.9801 | test_acc: 0.6719 | 
Epoch: 16 | train_loss: 0.5748 | train_acc: 0.7812 | test_loss: 0.8920 | test_acc: 0.6641 | 
Epoch: 17 | train_loss: 0.4979 | train_acc: 0.7974 | test_loss: 0.8326 | test_acc: 0.7227 | 
Epoch: 18 | train_loss: 0.4249 | train_acc: 0.8524 | test_loss: 0.8777 | test_acc: 0.6875 | 
Epoch: 19 | train_loss: 0.3867 | train_acc: 0.8675 | test_loss: 0.8764 | test_acc: 0.7148 | 
Epoch: 20 | train_loss: 0.4216 | train_acc: 0.8416 | test_loss: 0.7514 | test_acc: 0.7617 | 
Epoch: 21 | train_loss: 0.4494 | train_acc: 0.8319 | test_loss: 0.7272 | test_acc: 0.7461 | 
Epoch: 22 | train_loss: 0.3315 | train_acc: 0.8858 | test_loss: 0.8537 | test_acc: 0.6875 | 
Epoch: 23 | train_loss: 0.2715 | train_acc: 0.8998 | test_loss: 0.8253 | test_acc: 0.7617 | 
Epoch: 24 | train_loss: 0.3815 | train_acc: 0.8459 | test_loss: 0.9036 | test_acc: 0.7188 | 
Epoch: 25 | train_loss: 0.3440 | train_acc: 0.8739 | test_loss: 0.7433 | test_acc: 0.7656 | 
Epoch: 26 | train_loss: 0.3376 | train_acc: 0.9009 | test_loss: 0.8507 | test_acc: 0.7148 | 
Epoch: 27 | train_loss: 0.2748 | train_acc: 0.9019 | test_loss: 0.8463 | test_acc: 0.7344 | 
Epoch: 28 | train_loss: 0.4239 | train_acc: 0.8578 | test_loss: 0.7060 | test_acc: 0.7852 | 
Epoch: 29 | train_loss: 0.3061 | train_acc: 0.8890 | test_loss: 0.6894 | test_acc: 0.7695 | 
Epoch: 30 | train_loss: 0.2582 | train_acc: 0.9138 | test_loss: 0.8167 | test_acc: 0.7617 | 
Epoch: 31 | train_loss: 0.3241 | train_acc: 0.8976 | test_loss: 0.8680 | test_acc: 0.7070 | 
Epoch: 32 | train_loss: 0.3502 | train_acc: 0.8836 | test_loss: 0.8123 | test_acc: 0.7539 | 
Epoch: 33 | train_loss: 0.3054 | train_acc: 0.8782 | test_loss: 0.8581 | test_acc: 0.7578 | 
Epoch: 34 | train_loss: 0.3181 | train_acc: 0.8782 | test_loss: 0.8954 | test_acc: 0.7500 | 
Epoch: 35 | train_loss: 0.2416 | train_acc: 0.9116 | test_loss: 0.7223 | test_acc: 0.7695 | 
Epoch: 36 | train_loss: 0.2320 | train_acc: 0.9192 | test_loss: 0.7419 | test_acc: 0.7734 | 
Epoch: 37 | train_loss: 0.2174 | train_acc: 0.9310 | test_loss: 0.8286 | test_acc: 0.7578 | 
Epoch: 38 | train_loss: 0.2168 | train_acc: 0.9030 | test_loss: 0.9387 | test_acc: 0.6992 | 
Epoch: 39 | train_loss: 0.2649 | train_acc: 0.9030 | test_loss: 0.8487 | test_acc: 0.7383 | 
Epoch: 40 | train_loss: 0.2335 | train_acc: 0.9192 | test_loss: 0.7515 | test_acc: 0.7930 | 
Epoch: 41 | train_loss: 0.1931 | train_acc: 0.9397 | test_loss: 0.9303 | test_acc: 0.7656 | 
Epoch: 42 | train_loss: 0.2714 | train_acc: 0.9052 | test_loss: 0.8565 | test_acc: 0.7734 | 
Epoch: 43 | train_loss: 0.1947 | train_acc: 0.9310 | test_loss: 0.8128 | test_acc: 0.7656 | 
Epoch: 44 | train_loss: 0.2327 | train_acc: 0.9073 | test_loss: 0.7494 | test_acc: 0.7852 | 
Epoch: 45 | train_loss: 0.2547 | train_acc: 0.9235 | test_loss: 0.9022 | test_acc: 0.7227 | 
Epoch: 46 | train_loss: 0.2316 | train_acc: 0.9267 | test_loss: 0.8000 | test_acc: 0.7656 | 
Epoch: 47 | train_loss: 0.2174 | train_acc: 0.9192 | test_loss: 0.8140 | test_acc: 0.7695 | 
Epoch: 48 | train_loss: 0.2667 | train_acc: 0.8955 | test_loss: 0.8040 | test_acc: 0.7578 | 
Epoch: 49 | train_loss: 0.2242 | train_acc: 0.9224 | test_loss: 0.8101 | test_acc: 0.7734 | 
Epoch: 50 | train_loss: 0.1814 | train_acc: 0.9461 | test_loss: 0.7045 | test_acc: 0.7891 | 
⏱️ Total training time: 90.582 seconds
📊 Bands [231, 104, 405] -> Fitness: 0.7891
Dataset initialized with pre-loaded data. Total samples: 897
Band indices for training dataloader: [316, 31, 23]
Dataset initialized with pre-loaded data. Total samples: 226
Band indices for test dataloader: [316, 31, 23]
🔍 Starting evaluation of individual [316, 31, 23]
Epoch: 1 | train_loss: 1.3820 | train_acc: 0.2920 | test_loss: 1.3893 | test_acc: 0.3242 | 
Epoch: 2 | train_loss: 1.3341 | train_acc: 0.3664 | test_loss: 1.3596 | test_acc: 0.3594 | 
Epoch: 3 | train_loss: 1.2526 | train_acc: 0.4106 | test_loss: 1.3589 | test_acc: 0.2969 | 
Epoch: 4 | train_loss: 1.1789 | train_acc: 0.4601 | test_loss: 1.2420 | test_acc: 0.4258 | 
Epoch: 5 | train_loss: 1.1696 | train_acc: 0.4795 | test_loss: 1.2073 | test_acc: 0.4727 | 
Epoch: 6 | train_loss: 1.0588 | train_acc: 0.5323 | test_loss: 1.2705 | test_acc: 0.4492 | 
Epoch: 7 | train_loss: 0.9920 | train_acc: 0.5765 | test_loss: 1.2841 | test_acc: 0.4609 | 
Epoch: 8 | train_loss: 1.0246 | train_acc: 0.5625 | test_loss: 1.1131 | test_acc: 0.5039 | 
Epoch: 9 | train_loss: 0.9462 | train_acc: 0.6153 | test_loss: 1.1740 | test_acc: 0.5156 | 
Epoch: 10 | train_loss: 0.9014 | train_acc: 0.6336 | test_loss: 1.0341 | test_acc: 0.5586 | 
Epoch: 11 | train_loss: 0.8559 | train_acc: 0.6250 | test_loss: 1.0013 | test_acc: 0.5898 | 
Epoch: 12 | train_loss: 0.8104 | train_acc: 0.6519 | test_loss: 1.1179 | test_acc: 0.5430 | 
Epoch: 13 | train_loss: 0.8191 | train_acc: 0.6530 | test_loss: 1.0320 | test_acc: 0.5625 | 
Epoch: 14 | train_loss: 0.7011 | train_acc: 0.7317 | test_loss: 0.9465 | test_acc: 0.5977 | 
Epoch: 15 | train_loss: 0.7284 | train_acc: 0.7058 | test_loss: 1.0488 | test_acc: 0.5508 | 
Epoch: 16 | train_loss: 0.7161 | train_acc: 0.7155 | test_loss: 0.9141 | test_acc: 0.6094 | 
Epoch: 17 | train_loss: 0.6731 | train_acc: 0.7166 | test_loss: 0.8937 | test_acc: 0.6445 | 
Epoch: 18 | train_loss: 0.5966 | train_acc: 0.7856 | test_loss: 1.0236 | test_acc: 0.5781 | 
Epoch: 19 | train_loss: 0.6196 | train_acc: 0.7489 | test_loss: 1.0178 | test_acc: 0.6211 | 
Epoch: 20 | train_loss: 0.6070 | train_acc: 0.7888 | test_loss: 0.9782 | test_acc: 0.6445 | 
Epoch: 21 | train_loss: 0.5830 | train_acc: 0.7985 | test_loss: 1.2402 | test_acc: 0.5859 | 
Epoch: 22 | train_loss: 0.5928 | train_acc: 0.7716 | test_loss: 1.0136 | test_acc: 0.6211 | 
Epoch: 23 | train_loss: 0.5228 | train_acc: 0.8039 | test_loss: 1.0714 | test_acc: 0.6211 | 
Epoch: 24 | train_loss: 0.4986 | train_acc: 0.8039 | test_loss: 1.0172 | test_acc: 0.6211 | 
Epoch: 25 | train_loss: 0.5012 | train_acc: 0.7963 | test_loss: 0.9178 | test_acc: 0.6680 | 
Epoch: 26 | train_loss: 0.4977 | train_acc: 0.7856 | test_loss: 1.0245 | test_acc: 0.6289 | 
Epoch: 27 | train_loss: 0.4467 | train_acc: 0.8319 | test_loss: 1.0080 | test_acc: 0.6445 | 
Epoch: 28 | train_loss: 0.4385 | train_acc: 0.8384 | test_loss: 0.8802 | test_acc: 0.6875 | 
Epoch: 29 | train_loss: 0.4428 | train_acc: 0.8168 | test_loss: 0.8299 | test_acc: 0.6719 | 
Epoch: 30 | train_loss: 0.5150 | train_acc: 0.7866 | test_loss: 0.8899 | test_acc: 0.6719 | 
Epoch: 31 | train_loss: 0.4512 | train_acc: 0.8384 | test_loss: 0.9567 | test_acc: 0.6523 | 
Epoch: 32 | train_loss: 0.5278 | train_acc: 0.8211 | test_loss: 1.0028 | test_acc: 0.6250 | 
Epoch: 33 | train_loss: 0.4277 | train_acc: 0.8319 | test_loss: 0.9986 | test_acc: 0.6367 | 
Epoch: 34 | train_loss: 0.4045 | train_acc: 0.8696 | test_loss: 0.9239 | test_acc: 0.6875 | 
Epoch: 35 | train_loss: 0.4452 | train_acc: 0.8254 | test_loss: 1.0143 | test_acc: 0.6680 | 
Epoch: 36 | train_loss: 0.4989 | train_acc: 0.8050 | test_loss: 1.0420 | test_acc: 0.6602 | 
Epoch: 37 | train_loss: 0.4094 | train_acc: 0.8524 | test_loss: 0.8668 | test_acc: 0.7070 | 
Epoch: 38 | train_loss: 0.3499 | train_acc: 0.8847 | test_loss: 0.8229 | test_acc: 0.6914 | 
Epoch: 39 | train_loss: 0.4267 | train_acc: 0.8341 | test_loss: 0.8853 | test_acc: 0.6992 | 
Epoch: 40 | train_loss: 0.4353 | train_acc: 0.8448 | test_loss: 0.9380 | test_acc: 0.6719 | 
Epoch: 41 | train_loss: 0.3975 | train_acc: 0.8524 | test_loss: 0.9048 | test_acc: 0.6836 | 
Epoch: 42 | train_loss: 0.4399 | train_acc: 0.8578 | test_loss: 1.0145 | test_acc: 0.6719 | 
Epoch: 43 | train_loss: 0.4150 | train_acc: 0.8416 | test_loss: 0.9491 | test_acc: 0.6836 | 
Epoch: 44 | train_loss: 0.3738 | train_acc: 0.8427 | test_loss: 0.9809 | test_acc: 0.6484 | 
Epoch: 45 | train_loss: 0.3408 | train_acc: 0.8685 | test_loss: 1.1467 | test_acc: 0.6562 | 
Epoch: 46 | train_loss: 0.3614 | train_acc: 0.8696 | test_loss: 1.0795 | test_acc: 0.6562 | 
Epoch: 47 | train_loss: 0.3452 | train_acc: 0.8588 | test_loss: 1.0307 | test_acc: 0.6758 | 
Epoch: 48 | train_loss: 0.3161 | train_acc: 0.9052 | test_loss: 1.0198 | test_acc: 0.6484 | 
Epoch: 49 | train_loss: 0.4605 | train_acc: 0.8599 | test_loss: 1.0829 | test_acc: 0.6367 | 
Epoch: 50 | train_loss: 0.3737 | train_acc: 0.8610 | test_loss: 0.9423 | test_acc: 0.6602 | 
⏱️ Total training time: 84.553 seconds
📊 Bands [316, 31, 23] -> Fitness: 0.6602
Dataset initialized with pre-loaded data. Total samples: 897
Band indices for training dataloader: [190, 212, 346]
Dataset initialized with pre-loaded data. Total samples: 226
Band indices for test dataloader: [190, 212, 346]
🔍 Starting evaluation of individual [190, 212, 346]
Epoch: 1 | train_loss: 1.3659 | train_acc: 0.3459 | test_loss: 1.3731 | test_acc: 0.3086 | 
Epoch: 2 | train_loss: 1.2600 | train_acc: 0.4407 | test_loss: 1.1685 | test_acc: 0.4883 | 
Epoch: 3 | train_loss: 1.1655 | train_acc: 0.4935 | test_loss: 1.1618 | test_acc: 0.5781 | 
Epoch: 4 | train_loss: 1.0835 | train_acc: 0.5485 | test_loss: 1.3131 | test_acc: 0.5391 | 
Epoch: 5 | train_loss: 1.0012 | train_acc: 0.5927 | test_loss: 1.1275 | test_acc: 0.5703 | 
Epoch: 6 | train_loss: 0.9527 | train_acc: 0.6110 | test_loss: 1.0295 | test_acc: 0.6094 | 
Epoch: 7 | train_loss: 0.9084 | train_acc: 0.6412 | test_loss: 1.0058 | test_acc: 0.6406 | 
Epoch: 8 | train_loss: 0.7985 | train_acc: 0.6606 | test_loss: 1.0071 | test_acc: 0.6133 | 
Epoch: 9 | train_loss: 0.7700 | train_acc: 0.6940 | test_loss: 1.0020 | test_acc: 0.6289 | 
Epoch: 10 | train_loss: 0.7287 | train_acc: 0.6994 | test_loss: 1.0208 | test_acc: 0.6016 | 
Epoch: 11 | train_loss: 0.7003 | train_acc: 0.7425 | test_loss: 0.8957 | test_acc: 0.6602 | 
Epoch: 12 | train_loss: 0.6208 | train_acc: 0.7726 | test_loss: 0.9967 | test_acc: 0.6055 | 
Epoch: 13 | train_loss: 0.6817 | train_acc: 0.7198 | test_loss: 0.9999 | test_acc: 0.6133 | 
Epoch: 14 | train_loss: 0.6966 | train_acc: 0.7220 | test_loss: 0.8140 | test_acc: 0.6992 | 
Epoch: 15 | train_loss: 0.6096 | train_acc: 0.7522 | test_loss: 0.8962 | test_acc: 0.6992 | 
Epoch: 16 | train_loss: 0.5773 | train_acc: 0.7856 | test_loss: 0.8749 | test_acc: 0.7109 | 
Epoch: 17 | train_loss: 0.5754 | train_acc: 0.7823 | test_loss: 1.1584 | test_acc: 0.5898 | 
Epoch: 18 | train_loss: 0.6360 | train_acc: 0.7425 | test_loss: 0.8611 | test_acc: 0.6680 | 
Epoch: 19 | train_loss: 0.6010 | train_acc: 0.7683 | test_loss: 0.8305 | test_acc: 0.7344 | 
Epoch: 20 | train_loss: 0.5031 | train_acc: 0.8050 | test_loss: 0.8680 | test_acc: 0.7109 | 
Epoch: 21 | train_loss: 0.4610 | train_acc: 0.8470 | test_loss: 0.9523 | test_acc: 0.7070 | 
Epoch: 22 | train_loss: 0.4528 | train_acc: 0.8114 | test_loss: 0.8681 | test_acc: 0.7109 | 
Epoch: 23 | train_loss: 0.5518 | train_acc: 0.8050 | test_loss: 0.8475 | test_acc: 0.7383 | 
Epoch: 24 | train_loss: 0.5078 | train_acc: 0.7985 | test_loss: 0.8115 | test_acc: 0.7188 | 
Epoch: 25 | train_loss: 0.4763 | train_acc: 0.8082 | test_loss: 0.8200 | test_acc: 0.6719 | 
Epoch: 26 | train_loss: 0.4198 | train_acc: 0.8502 | test_loss: 0.8720 | test_acc: 0.6797 | 
Epoch: 27 | train_loss: 0.3394 | train_acc: 0.8804 | test_loss: 0.8500 | test_acc: 0.6484 | 
Epoch: 28 | train_loss: 0.4342 | train_acc: 0.8265 | test_loss: 0.9841 | test_acc: 0.6602 | 
Epoch: 29 | train_loss: 0.4219 | train_acc: 0.8211 | test_loss: 0.8355 | test_acc: 0.7227 | 
Epoch: 30 | train_loss: 0.3813 | train_acc: 0.8718 | test_loss: 0.9169 | test_acc: 0.7227 | 
Epoch: 31 | train_loss: 0.3161 | train_acc: 0.8955 | test_loss: 0.9676 | test_acc: 0.7227 | 
Epoch: 32 | train_loss: 0.3554 | train_acc: 0.8922 | test_loss: 0.8818 | test_acc: 0.7617 | 
Epoch: 33 | train_loss: 0.3795 | train_acc: 0.8578 | test_loss: 0.8644 | test_acc: 0.7266 | 
Epoch: 34 | train_loss: 0.3199 | train_acc: 0.8804 | test_loss: 0.8716 | test_acc: 0.7227 | 
Epoch: 35 | train_loss: 0.3272 | train_acc: 0.8631 | test_loss: 0.7853 | test_acc: 0.7383 | 
Epoch: 36 | train_loss: 0.3048 | train_acc: 0.8502 | test_loss: 0.9734 | test_acc: 0.7070 | 
Epoch: 37 | train_loss: 0.2765 | train_acc: 0.8815 | test_loss: 0.8419 | test_acc: 0.7578 | 
Epoch: 38 | train_loss: 0.3368 | train_acc: 0.8653 | test_loss: 0.9049 | test_acc: 0.7031 | 
Epoch: 39 | train_loss: 0.3689 | train_acc: 0.8610 | test_loss: 0.8806 | test_acc: 0.7344 | 
Epoch: 40 | train_loss: 0.3064 | train_acc: 0.8912 | test_loss: 1.0119 | test_acc: 0.6836 | 
Epoch: 41 | train_loss: 0.2569 | train_acc: 0.9127 | test_loss: 0.8739 | test_acc: 0.7344 | 
Epoch: 42 | train_loss: 0.4708 | train_acc: 0.8631 | test_loss: 0.9310 | test_acc: 0.7500 | 
Epoch: 43 | train_loss: 0.3664 | train_acc: 0.8631 | test_loss: 0.8179 | test_acc: 0.7578 | 
Epoch: 44 | train_loss: 0.3337 | train_acc: 0.8685 | test_loss: 0.8991 | test_acc: 0.7500 | 
Epoch: 45 | train_loss: 0.2641 | train_acc: 0.8933 | test_loss: 0.9929 | test_acc: 0.6953 | 
Epoch: 46 | train_loss: 0.2583 | train_acc: 0.8890 | test_loss: 0.9287 | test_acc: 0.6953 | 
Epoch: 47 | train_loss: 0.2371 | train_acc: 0.9300 | test_loss: 0.9290 | test_acc: 0.7344 | 
Epoch: 48 | train_loss: 0.2436 | train_acc: 0.9321 | test_loss: 0.8355 | test_acc: 0.7617 | 
Epoch: 49 | train_loss: 0.2792 | train_acc: 0.8912 | test_loss: 0.9577 | test_acc: 0.7383 | 
Epoch: 50 | train_loss: 0.3368 | train_acc: 0.8664 | test_loss: 0.9072 | test_acc: 0.7422 | 
⏱️ Total training time: 100.800 seconds
📊 Bands [190, 212, 346] -> Fitness: 0.7422
gen	nevals	avg     	std      	min     	max     	best                            
0  	20    	0.704297	0.0575837	0.605469	0.789062	Individual('h', [231, 104, 405])
Dataset initialized with pre-loaded data. Total samples: 897
Band indices for training dataloader: [200, 141, 447]
Dataset initialized with pre-loaded data. Total samples: 226
Band indices for test dataloader: [200, 141, 447]
🔍 Starting evaluation of individual [200, 141, 447]
Epoch: 1 | train_loss: 1.3628 | train_acc: 0.3653 | test_loss: 1.2698 | test_acc: 0.4844 | 
Epoch: 2 | train_loss: 1.2477 | train_acc: 0.4741 | test_loss: 1.4065 | test_acc: 0.4141 | 
Epoch: 3 | train_loss: 1.1787 | train_acc: 0.4720 | test_loss: 1.1610 | test_acc: 0.5078 | 
Epoch: 4 | train_loss: 1.0477 | train_acc: 0.5690 | test_loss: 1.1588 | test_acc: 0.5820 | 
Epoch: 5 | train_loss: 1.0203 | train_acc: 0.5679 | test_loss: 1.1989 | test_acc: 0.5430 | 
Epoch: 6 | train_loss: 0.9683 | train_acc: 0.6078 | test_loss: 1.1968 | test_acc: 0.5312 | 
Epoch: 7 | train_loss: 0.8616 | train_acc: 0.6369 | test_loss: 1.0257 | test_acc: 0.5703 | 
Epoch: 8 | train_loss: 0.8138 | train_acc: 0.6961 | test_loss: 1.1470 | test_acc: 0.5781 | 
Epoch: 9 | train_loss: 0.7720 | train_acc: 0.6735 | test_loss: 1.1631 | test_acc: 0.6016 | 
Epoch: 10 | train_loss: 0.7120 | train_acc: 0.7349 | test_loss: 1.1267 | test_acc: 0.5508 | 
Epoch: 11 | train_loss: 0.6977 | train_acc: 0.7155 | test_loss: 1.0001 | test_acc: 0.6445 | 
Epoch: 12 | train_loss: 0.6243 | train_acc: 0.7371 | test_loss: 0.9319 | test_acc: 0.6953 | 
Epoch: 13 | train_loss: 0.6681 | train_acc: 0.7392 | test_loss: 0.9316 | test_acc: 0.6172 | 
Epoch: 14 | train_loss: 0.6023 | train_acc: 0.7748 | test_loss: 0.9517 | test_acc: 0.6641 | 
Epoch: 15 | train_loss: 0.5772 | train_acc: 0.7575 | test_loss: 0.9479 | test_acc: 0.6641 | 
Epoch: 16 | train_loss: 0.5482 | train_acc: 0.7899 | test_loss: 0.9853 | test_acc: 0.6562 | 
Epoch: 17 | train_loss: 0.5523 | train_acc: 0.7909 | test_loss: 1.0943 | test_acc: 0.6484 | 
Epoch: 18 | train_loss: 0.5601 | train_acc: 0.7812 | test_loss: 0.8747 | test_acc: 0.7227 | 
Epoch: 19 | train_loss: 0.5575 | train_acc: 0.7845 | test_loss: 0.9971 | test_acc: 0.6445 | 
Epoch: 20 | train_loss: 0.5027 | train_acc: 0.7920 | test_loss: 0.8684 | test_acc: 0.7227 | 
Epoch: 21 | train_loss: 0.4604 | train_acc: 0.8179 | test_loss: 1.0143 | test_acc: 0.6914 | 
Epoch: 22 | train_loss: 0.4472 | train_acc: 0.8394 | test_loss: 0.9332 | test_acc: 0.6523 | 
Epoch: 23 | train_loss: 0.5280 | train_acc: 0.8157 | test_loss: 0.8532 | test_acc: 0.7344 | 
Epoch: 24 | train_loss: 0.4690 | train_acc: 0.8405 | test_loss: 1.0532 | test_acc: 0.6641 | 
Epoch: 25 | train_loss: 0.4170 | train_acc: 0.8524 | test_loss: 1.0343 | test_acc: 0.6680 | 
Epoch: 26 | train_loss: 0.3953 | train_acc: 0.8308 | test_loss: 0.9280 | test_acc: 0.7344 | 
Epoch: 27 | train_loss: 0.4243 | train_acc: 0.8244 | test_loss: 0.8818 | test_acc: 0.7305 | 
Epoch: 28 | train_loss: 0.5136 | train_acc: 0.8319 | test_loss: 1.1526 | test_acc: 0.6445 | 
Epoch: 29 | train_loss: 0.4047 | train_acc: 0.8330 | test_loss: 0.8225 | test_acc: 0.7188 | 
Epoch: 30 | train_loss: 0.3881 | train_acc: 0.8502 | test_loss: 0.8618 | test_acc: 0.7305 | 
Epoch: 31 | train_loss: 0.3672 | train_acc: 0.8631 | test_loss: 0.8517 | test_acc: 0.7344 | 
Epoch: 32 | train_loss: 0.2939 | train_acc: 0.8879 | test_loss: 0.8833 | test_acc: 0.7188 | 
Epoch: 33 | train_loss: 0.3775 | train_acc: 0.8707 | test_loss: 1.0925 | test_acc: 0.6914 | 
Epoch: 34 | train_loss: 0.3421 | train_acc: 0.8955 | test_loss: 0.9160 | test_acc: 0.7227 | 
Epoch: 35 | train_loss: 0.3574 | train_acc: 0.8728 | test_loss: 1.0974 | test_acc: 0.6562 | 
Epoch: 36 | train_loss: 0.3078 | train_acc: 0.8847 | test_loss: 0.8530 | test_acc: 0.7148 | 
Epoch: 37 | train_loss: 0.2712 | train_acc: 0.9073 | test_loss: 0.9725 | test_acc: 0.7148 | 
Epoch: 38 | train_loss: 0.3375 | train_acc: 0.8750 | test_loss: 1.0197 | test_acc: 0.7109 | 
Epoch: 39 | train_loss: 0.3345 | train_acc: 0.8631 | test_loss: 1.0642 | test_acc: 0.6445 | 
Epoch: 40 | train_loss: 0.2891 | train_acc: 0.8793 | test_loss: 0.9907 | test_acc: 0.6992 | 
Epoch: 41 | train_loss: 0.2872 | train_acc: 0.8815 | test_loss: 0.9467 | test_acc: 0.6953 | 
Epoch: 42 | train_loss: 0.3118 | train_acc: 0.8696 | test_loss: 0.8310 | test_acc: 0.7188 | 
Epoch: 43 | train_loss: 0.2585 | train_acc: 0.8922 | test_loss: 0.8481 | test_acc: 0.7539 | 
Epoch: 44 | train_loss: 0.2170 | train_acc: 0.9030 | test_loss: 0.9627 | test_acc: 0.7383 | 
Epoch: 45 | train_loss: 0.2604 | train_acc: 0.9052 | test_loss: 1.0169 | test_acc: 0.6914 | 
Epoch: 46 | train_loss: 0.2242 | train_acc: 0.9213 | test_loss: 1.0097 | test_acc: 0.7227 | 
Epoch: 47 | train_loss: 0.2629 | train_acc: 0.9019 | test_loss: 0.9615 | test_acc: 0.7383 | 
Epoch: 48 | train_loss: 0.3098 | train_acc: 0.8739 | test_loss: 1.0936 | test_acc: 0.7188 | 
Epoch: 49 | train_loss: 0.2528 | train_acc: 0.9052 | test_loss: 0.9929 | test_acc: 0.6562 | 
Epoch: 50 | train_loss: 0.2445 | train_acc: 0.9116 | test_loss: 0.8827 | test_acc: 0.7617 | 
⏱️ Total training time: 126.633 seconds
📊 Bands [200, 141, 447] -> Fitness: 0.7617
Dataset initialized with pre-loaded data. Total samples: 897
Band indices for training dataloader: [388, 325, 175]
Dataset initialized with pre-loaded data. Total samples: 226
Band indices for test dataloader: [388, 325, 175]
🔍 Starting evaluation of individual [388, 325, 175]
Epoch: 1 | train_loss: 1.3691 | train_acc: 0.3459 | test_loss: 1.3267 | test_acc: 0.3359 | 
Epoch: 2 | train_loss: 1.2574 | train_acc: 0.4321 | test_loss: 1.2691 | test_acc: 0.4258 | 
Epoch: 3 | train_loss: 1.2257 | train_acc: 0.4472 | test_loss: 1.2995 | test_acc: 0.4922 | 
Epoch: 4 | train_loss: 1.1475 | train_acc: 0.5054 | test_loss: 1.3101 | test_acc: 0.4922 | 
Epoch: 5 | train_loss: 1.0578 | train_acc: 0.5463 | test_loss: 1.2575 | test_acc: 0.4258 | 
Epoch: 6 | train_loss: 0.9560 | train_acc: 0.6185 | test_loss: 1.2530 | test_acc: 0.5156 | 
Epoch: 7 | train_loss: 0.9014 | train_acc: 0.6336 | test_loss: 1.2219 | test_acc: 0.5039 | 
Epoch: 8 | train_loss: 0.9720 | train_acc: 0.6228 | test_loss: 1.1197 | test_acc: 0.5898 | 
Epoch: 9 | train_loss: 0.8493 | train_acc: 0.6778 | test_loss: 1.1674 | test_acc: 0.5234 | 
Epoch: 10 | train_loss: 0.8018 | train_acc: 0.7058 | test_loss: 1.0972 | test_acc: 0.5430 | 
Epoch: 11 | train_loss: 0.8233 | train_acc: 0.6659 | test_loss: 1.1992 | test_acc: 0.5938 | 
Epoch: 12 | train_loss: 0.7867 | train_acc: 0.6681 | test_loss: 1.0930 | test_acc: 0.5742 | 
Epoch: 13 | train_loss: 0.6970 | train_acc: 0.7425 | test_loss: 1.1361 | test_acc: 0.5469 | 
Epoch: 14 | train_loss: 0.6816 | train_acc: 0.7328 | test_loss: 1.1286 | test_acc: 0.6016 | 
Epoch: 15 | train_loss: 0.6673 | train_acc: 0.7532 | test_loss: 1.2893 | test_acc: 0.5273 | 
Epoch: 16 | train_loss: 0.6265 | train_acc: 0.7489 | test_loss: 1.0389 | test_acc: 0.6289 | 
Epoch: 17 | train_loss: 0.6327 | train_acc: 0.7381 | test_loss: 0.9429 | test_acc: 0.6484 | 
Epoch: 18 | train_loss: 0.6253 | train_acc: 0.7457 | test_loss: 0.9707 | test_acc: 0.6289 | 
Epoch: 19 | train_loss: 0.6450 | train_acc: 0.7662 | test_loss: 1.1172 | test_acc: 0.5352 | 
Epoch: 20 | train_loss: 0.5966 | train_acc: 0.7791 | test_loss: 1.0469 | test_acc: 0.6523 | 
Epoch: 21 | train_loss: 0.5754 | train_acc: 0.7694 | test_loss: 0.9781 | test_acc: 0.5742 | 
Epoch: 22 | train_loss: 0.4970 | train_acc: 0.8416 | test_loss: 0.9334 | test_acc: 0.6719 | 
Epoch: 23 | train_loss: 0.4785 | train_acc: 0.8276 | test_loss: 1.2592 | test_acc: 0.5352 | 
Epoch: 24 | train_loss: 0.5681 | train_acc: 0.7672 | test_loss: 0.9612 | test_acc: 0.5977 | 
Epoch: 25 | train_loss: 0.5015 | train_acc: 0.8265 | test_loss: 1.1333 | test_acc: 0.5820 | 
Epoch: 26 | train_loss: 0.4860 | train_acc: 0.7985 | test_loss: 1.0834 | test_acc: 0.6016 | 
Epoch: 27 | train_loss: 0.4613 | train_acc: 0.8200 | test_loss: 1.2261 | test_acc: 0.5898 | 
Epoch: 28 | train_loss: 0.5043 | train_acc: 0.8157 | test_loss: 1.2448 | test_acc: 0.6016 | 
Epoch: 29 | train_loss: 0.5342 | train_acc: 0.8017 | test_loss: 0.9082 | test_acc: 0.6016 | 
Epoch: 30 | train_loss: 0.4397 | train_acc: 0.8470 | test_loss: 0.9732 | test_acc: 0.6602 | 
Epoch: 31 | train_loss: 0.3937 | train_acc: 0.8588 | test_loss: 1.0245 | test_acc: 0.6094 | 
Epoch: 32 | train_loss: 0.3550 | train_acc: 0.8739 | test_loss: 0.9756 | test_acc: 0.6211 | 
Epoch: 33 | train_loss: 0.4437 | train_acc: 0.8384 | test_loss: 1.0263 | test_acc: 0.6484 | 
Epoch: 34 | train_loss: 0.4611 | train_acc: 0.8351 | test_loss: 0.9007 | test_acc: 0.6836 | 
Epoch: 35 | train_loss: 0.3872 | train_acc: 0.8772 | test_loss: 1.0467 | test_acc: 0.6797 | 
Epoch: 36 | train_loss: 0.4236 | train_acc: 0.8438 | test_loss: 1.0673 | test_acc: 0.6875 | 
Epoch: 37 | train_loss: 0.3693 | train_acc: 0.8793 | test_loss: 1.0890 | test_acc: 0.6211 | 
Epoch: 38 | train_loss: 0.3901 | train_acc: 0.8513 | test_loss: 1.0993 | test_acc: 0.6133 | 
Epoch: 39 | train_loss: 0.3647 | train_acc: 0.8621 | test_loss: 1.0056 | test_acc: 0.6250 | 
Epoch: 40 | train_loss: 0.3987 | train_acc: 0.8416 | test_loss: 0.9544 | test_acc: 0.7031 | 
Epoch: 41 | train_loss: 0.4422 | train_acc: 0.8502 | test_loss: 0.8524 | test_acc: 0.7227 | 
Epoch: 42 | train_loss: 0.3913 | train_acc: 0.8772 | test_loss: 0.8528 | test_acc: 0.6406 | 
Epoch: 43 | train_loss: 0.3512 | train_acc: 0.8599 | test_loss: 0.9258 | test_acc: 0.6719 | 
Epoch: 44 | train_loss: 0.3674 | train_acc: 0.8524 | test_loss: 0.8351 | test_acc: 0.7305 | 
Epoch: 45 | train_loss: 0.3270 | train_acc: 0.8901 | test_loss: 0.8945 | test_acc: 0.7109 | 
Epoch: 46 | train_loss: 0.2448 | train_acc: 0.9084 | test_loss: 0.8189 | test_acc: 0.7188 | 
Epoch: 47 | train_loss: 0.3080 | train_acc: 0.8782 | test_loss: 0.8648 | test_acc: 0.7148 | 
Epoch: 48 | train_loss: 0.3265 | train_acc: 0.8772 | test_loss: 0.9272 | test_acc: 0.7031 | 
Epoch: 49 | train_loss: 0.2629 | train_acc: 0.9224 | test_loss: 0.9068 | test_acc: 0.7227 | 
Epoch: 50 | train_loss: 0.2257 | train_acc: 0.9192 | test_loss: 0.9329 | test_acc: 0.7148 | 
⏱️ Total training time: 112.593 seconds
📊 Bands [388, 325, 175] -> Fitness: 0.7148
Dataset initialized with pre-loaded data. Total samples: 897
Band indices for training dataloader: [196, 316, 268]
Dataset initialized with pre-loaded data. Total samples: 226
Band indices for test dataloader: [196, 316, 268]
🔍 Starting evaluation of individual [196, 316, 268]
Epoch: 1 | train_loss: 1.3597 | train_acc: 0.3200 | test_loss: 1.3543 | test_acc: 0.3047 | 
Epoch: 2 | train_loss: 1.2789 | train_acc: 0.4203 | test_loss: 1.2023 | test_acc: 0.4609 | 
Epoch: 3 | train_loss: 1.1502 | train_acc: 0.5119 | test_loss: 1.0805 | test_acc: 0.5195 | 
Epoch: 4 | train_loss: 1.1186 | train_acc: 0.5086 | test_loss: 1.1346 | test_acc: 0.5039 | 
Epoch: 5 | train_loss: 1.0617 | train_acc: 0.5453 | test_loss: 1.0365 | test_acc: 0.6055 | 
Epoch: 6 | train_loss: 0.9894 | train_acc: 0.5981 | test_loss: 1.1610 | test_acc: 0.5000 | 
Epoch: 7 | train_loss: 0.9631 | train_acc: 0.6034 | test_loss: 1.0066 | test_acc: 0.6055 | 
Epoch: 8 | train_loss: 0.8202 | train_acc: 0.6735 | test_loss: 1.0783 | test_acc: 0.5977 | 
Epoch: 9 | train_loss: 0.7994 | train_acc: 0.6703 | test_loss: 0.9378 | test_acc: 0.6680 | 
Epoch: 10 | train_loss: 0.8030 | train_acc: 0.6649 | test_loss: 0.9254 | test_acc: 0.6641 | 
Epoch: 11 | train_loss: 0.7067 | train_acc: 0.6950 | test_loss: 0.9907 | test_acc: 0.6250 | 
Epoch: 12 | train_loss: 0.8069 | train_acc: 0.6692 | test_loss: 0.9109 | test_acc: 0.6680 | 
Epoch: 13 | train_loss: 0.7195 | train_acc: 0.6918 | test_loss: 1.0447 | test_acc: 0.6484 | 
Epoch: 14 | train_loss: 0.6199 | train_acc: 0.7748 | test_loss: 0.9359 | test_acc: 0.6484 | 
Epoch: 15 | train_loss: 0.6601 | train_acc: 0.7597 | test_loss: 0.9062 | test_acc: 0.6562 | 
Epoch: 16 | train_loss: 0.6092 | train_acc: 0.7532 | test_loss: 0.8841 | test_acc: 0.6875 | 
Epoch: 17 | train_loss: 0.5487 | train_acc: 0.7985 | test_loss: 0.9273 | test_acc: 0.6797 | 
Epoch: 18 | train_loss: 0.5784 | train_acc: 0.7716 | test_loss: 0.9072 | test_acc: 0.6875 | 
Epoch: 19 | train_loss: 0.5567 | train_acc: 0.7694 | test_loss: 0.9934 | test_acc: 0.6562 | 
Epoch: 20 | train_loss: 0.6149 | train_acc: 0.7619 | test_loss: 0.9898 | test_acc: 0.6250 | 
Epoch: 21 | train_loss: 0.5690 | train_acc: 0.7640 | test_loss: 0.9060 | test_acc: 0.6211 | 
Epoch: 22 | train_loss: 0.5108 | train_acc: 0.7974 | test_loss: 0.8230 | test_acc: 0.7266 | 
Epoch: 23 | train_loss: 0.4690 | train_acc: 0.8157 | test_loss: 0.7714 | test_acc: 0.7188 | 
Epoch: 24 | train_loss: 0.5071 | train_acc: 0.7996 | test_loss: 0.9752 | test_acc: 0.6680 | 
Epoch: 25 | train_loss: 0.4837 | train_acc: 0.8168 | test_loss: 0.8568 | test_acc: 0.7422 | 
Epoch: 26 | train_loss: 0.3812 | train_acc: 0.8664 | test_loss: 0.8716 | test_acc: 0.7461 | 
Epoch: 27 | train_loss: 0.4071 | train_acc: 0.8578 | test_loss: 0.9344 | test_acc: 0.7188 | 
Epoch: 28 | train_loss: 0.3827 | train_acc: 0.8545 | test_loss: 0.9537 | test_acc: 0.6445 | 
Epoch: 29 | train_loss: 0.3595 | train_acc: 0.8718 | test_loss: 1.0399 | test_acc: 0.6367 | 
Epoch: 30 | train_loss: 0.4313 | train_acc: 0.8373 | test_loss: 0.9074 | test_acc: 0.6836 | 
Epoch: 31 | train_loss: 0.3712 | train_acc: 0.8524 | test_loss: 0.8654 | test_acc: 0.7070 | 
Epoch: 32 | train_loss: 0.3598 | train_acc: 0.8502 | test_loss: 0.9860 | test_acc: 0.7031 | 
Epoch: 33 | train_loss: 0.4154 | train_acc: 0.8459 | test_loss: 0.8559 | test_acc: 0.7266 | 
Epoch: 34 | train_loss: 0.3907 | train_acc: 0.8545 | test_loss: 0.8320 | test_acc: 0.7148 | 
Epoch: 35 | train_loss: 0.3655 | train_acc: 0.8588 | test_loss: 0.9608 | test_acc: 0.7070 | 
Epoch: 36 | train_loss: 0.3338 | train_acc: 0.8610 | test_loss: 1.2055 | test_acc: 0.6016 | 
Epoch: 37 | train_loss: 0.3420 | train_acc: 0.8664 | test_loss: 0.8219 | test_acc: 0.7227 | 
Epoch: 38 | train_loss: 0.4222 | train_acc: 0.8502 | test_loss: 0.9134 | test_acc: 0.7461 | 
Epoch: 39 | train_loss: 0.3942 | train_acc: 0.8394 | test_loss: 0.9752 | test_acc: 0.6875 | 
Epoch: 40 | train_loss: 0.3402 | train_acc: 0.8728 | test_loss: 0.8256 | test_acc: 0.7383 | 
Epoch: 41 | train_loss: 0.3341 | train_acc: 0.8556 | test_loss: 0.9798 | test_acc: 0.7109 | 
Epoch: 42 | train_loss: 0.3289 | train_acc: 0.8912 | test_loss: 1.0816 | test_acc: 0.6836 | 
Epoch: 43 | train_loss: 0.3250 | train_acc: 0.8847 | test_loss: 0.9182 | test_acc: 0.7539 | 
Epoch: 44 | train_loss: 0.2685 | train_acc: 0.9019 | test_loss: 0.8801 | test_acc: 0.7305 | 
Epoch: 45 | train_loss: 0.2579 | train_acc: 0.8858 | test_loss: 0.9136 | test_acc: 0.7305 | 
Epoch: 46 | train_loss: 0.3214 | train_acc: 0.8922 | test_loss: 0.9265 | test_acc: 0.7227 | 
Epoch: 47 | train_loss: 0.2802 | train_acc: 0.8858 | test_loss: 0.8894 | test_acc: 0.7227 | 
Epoch: 48 | train_loss: 0.2882 | train_acc: 0.8847 | test_loss: 0.9522 | test_acc: 0.7383 | 
Epoch: 49 | train_loss: 0.3325 | train_acc: 0.8685 | test_loss: 0.8736 | test_acc: 0.7617 | 
Epoch: 50 | train_loss: 0.3330 | train_acc: 0.8739 | test_loss: 0.8736 | test_acc: 0.7500 | 
⏱️ Total training time: 86.805 seconds
📊 Bands [196, 316, 268] -> Fitness: 0.7500
Dataset initialized with pre-loaded data. Total samples: 897
Band indices for training dataloader: [198, 314, 295]
Dataset initialized with pre-loaded data. Total samples: 226
Band indices for test dataloader: [198, 314, 295]
🔍 Starting evaluation of individual [198, 314, 295]
Epoch: 1 | train_loss: 1.3873 | train_acc: 0.2931 | test_loss: 1.3445 | test_acc: 0.3242 | 
Epoch: 2 | train_loss: 1.2963 | train_acc: 0.3621 | test_loss: 1.1846 | test_acc: 0.4648 | 
Epoch: 3 | train_loss: 1.2345 | train_acc: 0.4289 | test_loss: 1.2410 | test_acc: 0.4336 | 
Epoch: 4 | train_loss: 1.1740 | train_acc: 0.4558 | test_loss: 1.1947 | test_acc: 0.5078 | 
Epoch: 5 | train_loss: 1.1038 | train_acc: 0.5000 | test_loss: 1.1141 | test_acc: 0.5117 | 
Epoch: 6 | train_loss: 1.0530 | train_acc: 0.5409 | test_loss: 1.1397 | test_acc: 0.5742 | 
Epoch: 7 | train_loss: 0.9929 | train_acc: 0.5700 | test_loss: 1.1341 | test_acc: 0.5547 | 
Epoch: 8 | train_loss: 0.9316 | train_acc: 0.6131 | test_loss: 1.0858 | test_acc: 0.5781 | 
Epoch: 9 | train_loss: 0.8788 | train_acc: 0.6606 | test_loss: 0.9717 | test_acc: 0.5977 | 
Epoch: 10 | train_loss: 0.8178 | train_acc: 0.6778 | test_loss: 1.3536 | test_acc: 0.4492 | 
Epoch: 11 | train_loss: 0.8304 | train_acc: 0.6562 | test_loss: 1.0134 | test_acc: 0.6133 | 
Epoch: 12 | train_loss: 0.8309 | train_acc: 0.6670 | test_loss: 1.0696 | test_acc: 0.5977 | 
Epoch: 13 | train_loss: 0.8387 | train_acc: 0.6638 | test_loss: 1.0055 | test_acc: 0.5820 | 
Epoch: 14 | train_loss: 0.7489 | train_acc: 0.6886 | test_loss: 0.9258 | test_acc: 0.6797 | 
Epoch: 15 | train_loss: 0.6810 | train_acc: 0.7532 | test_loss: 0.9179 | test_acc: 0.6797 | 
Epoch: 16 | train_loss: 0.6834 | train_acc: 0.7338 | test_loss: 1.0199 | test_acc: 0.6289 | 
Epoch: 17 | train_loss: 0.6883 | train_acc: 0.7188 | test_loss: 1.0392 | test_acc: 0.6719 | 
Epoch: 18 | train_loss: 0.6095 | train_acc: 0.7759 | test_loss: 1.0005 | test_acc: 0.6484 | 
Epoch: 19 | train_loss: 0.5898 | train_acc: 0.7619 | test_loss: 0.9379 | test_acc: 0.6719 | 
Epoch: 20 | train_loss: 0.6263 | train_acc: 0.7586 | test_loss: 0.8725 | test_acc: 0.6914 | 
Epoch: 21 | train_loss: 0.6020 | train_acc: 0.7931 | test_loss: 0.8352 | test_acc: 0.7188 | 
Epoch: 22 | train_loss: 0.5237 | train_acc: 0.8211 | test_loss: 0.9781 | test_acc: 0.6641 | 
Epoch: 23 | train_loss: 0.6255 | train_acc: 0.7748 | test_loss: 0.9280 | test_acc: 0.7422 | 
Epoch: 24 | train_loss: 0.6161 | train_acc: 0.7694 | test_loss: 0.8830 | test_acc: 0.7227 | 
Epoch: 25 | train_loss: 0.5287 | train_acc: 0.7974 | test_loss: 0.8737 | test_acc: 0.7227 | 
Epoch: 26 | train_loss: 0.5366 | train_acc: 0.7899 | test_loss: 0.8666 | test_acc: 0.6758 | 
Epoch: 27 | train_loss: 0.4908 | train_acc: 0.8168 | test_loss: 0.9962 | test_acc: 0.6836 | 
Epoch: 28 | train_loss: 0.4922 | train_acc: 0.7974 | test_loss: 1.2348 | test_acc: 0.6250 | 
Epoch: 29 | train_loss: 0.5394 | train_acc: 0.7877 | test_loss: 0.8633 | test_acc: 0.7148 | 
Epoch: 30 | train_loss: 0.4558 | train_acc: 0.8114 | test_loss: 0.8868 | test_acc: 0.6992 | 
Epoch: 31 | train_loss: 0.4560 | train_acc: 0.8427 | test_loss: 0.8440 | test_acc: 0.7266 | 
Epoch: 32 | train_loss: 0.4081 | train_acc: 0.8276 | test_loss: 0.9154 | test_acc: 0.7266 | 
Epoch: 33 | train_loss: 0.3841 | train_acc: 0.8621 | test_loss: 0.8708 | test_acc: 0.7305 | 
Epoch: 34 | train_loss: 0.4730 | train_acc: 0.8319 | test_loss: 0.9438 | test_acc: 0.6953 | 
Epoch: 35 | train_loss: 0.4639 | train_acc: 0.8179 | test_loss: 0.8348 | test_acc: 0.7266 | 
Epoch: 36 | train_loss: 0.4340 | train_acc: 0.8276 | test_loss: 0.9089 | test_acc: 0.7227 | 
Epoch: 37 | train_loss: 0.4211 | train_acc: 0.8427 | test_loss: 0.8518 | test_acc: 0.7305 | 
Epoch: 38 | train_loss: 0.3646 | train_acc: 0.8631 | test_loss: 1.0015 | test_acc: 0.6875 | 
Epoch: 39 | train_loss: 0.3682 | train_acc: 0.8438 | test_loss: 0.8860 | test_acc: 0.7188 | 
Epoch: 40 | train_loss: 0.3956 | train_acc: 0.8362 | test_loss: 0.9897 | test_acc: 0.6875 | 
Epoch: 41 | train_loss: 0.4022 | train_acc: 0.8427 | test_loss: 0.9138 | test_acc: 0.7109 | 
Epoch: 42 | train_loss: 0.3703 | train_acc: 0.8556 | test_loss: 0.9618 | test_acc: 0.7031 | 
Epoch: 43 | train_loss: 0.3250 | train_acc: 0.8793 | test_loss: 0.9677 | test_acc: 0.6914 | 
Epoch: 44 | train_loss: 0.3048 | train_acc: 0.8901 | test_loss: 0.9032 | test_acc: 0.7305 | 
Epoch: 45 | train_loss: 0.2892 | train_acc: 0.8933 | test_loss: 0.9506 | test_acc: 0.7266 | 
Epoch: 46 | train_loss: 0.3410 | train_acc: 0.8782 | test_loss: 0.9353 | test_acc: 0.7344 | 
Epoch: 47 | train_loss: 0.3332 | train_acc: 0.8567 | test_loss: 0.9450 | test_acc: 0.6797 | 
Epoch: 48 | train_loss: 0.3388 | train_acc: 0.8696 | test_loss: 0.9611 | test_acc: 0.7109 | 
Epoch: 49 | train_loss: 0.3154 | train_acc: 0.8836 | test_loss: 0.8665 | test_acc: 0.7383 | 
Epoch: 50 | train_loss: 0.3040 | train_acc: 0.8890 | test_loss: 0.8862 | test_acc: 0.7344 | 
⏱️ Total training time: 94.014 seconds
📊 Bands [198, 314, 295] -> Fitness: 0.7344
Dataset initialized with pre-loaded data. Total samples: 897
Band indices for training dataloader: [384, 358, 241]
Dataset initialized with pre-loaded data. Total samples: 226
Band indices for test dataloader: [384, 358, 241]
🔍 Starting evaluation of individual [384, 358, 241]
Epoch: 1 | train_loss: 1.3534 | train_acc: 0.3610 | test_loss: 1.2803 | test_acc: 0.4180 | 
Epoch: 2 | train_loss: 1.2155 | train_acc: 0.4353 | test_loss: 1.2747 | test_acc: 0.5078 | 
Epoch: 3 | train_loss: 1.1505 | train_acc: 0.5022 | test_loss: 1.1536 | test_acc: 0.5508 | 
Epoch: 4 | train_loss: 1.0215 | train_acc: 0.5851 | test_loss: 1.1003 | test_acc: 0.5234 | 
Epoch: 5 | train_loss: 0.9053 | train_acc: 0.6239 | test_loss: 1.0481 | test_acc: 0.6055 | 
Epoch: 6 | train_loss: 0.8936 | train_acc: 0.6476 | test_loss: 1.0723 | test_acc: 0.6016 | 
Epoch: 7 | train_loss: 0.8405 | train_acc: 0.6552 | test_loss: 1.1276 | test_acc: 0.5977 | 
Epoch: 8 | train_loss: 0.7920 | train_acc: 0.6767 | test_loss: 1.0054 | test_acc: 0.6406 | 
Epoch: 9 | train_loss: 0.7726 | train_acc: 0.7058 | test_loss: 1.0016 | test_acc: 0.6445 | 
Epoch: 10 | train_loss: 0.7167 | train_acc: 0.7188 | test_loss: 1.1696 | test_acc: 0.6250 | 
Epoch: 11 | train_loss: 0.6382 | train_acc: 0.7414 | test_loss: 1.0026 | test_acc: 0.6562 | 
Epoch: 12 | train_loss: 0.6258 | train_acc: 0.7392 | test_loss: 0.9273 | test_acc: 0.6641 | 
Epoch: 13 | train_loss: 0.5353 | train_acc: 0.8017 | test_loss: 1.0489 | test_acc: 0.6680 | 
Epoch: 14 | train_loss: 0.6266 | train_acc: 0.7532 | test_loss: 0.9433 | test_acc: 0.6562 | 
Epoch: 15 | train_loss: 0.5185 | train_acc: 0.7974 | test_loss: 1.0201 | test_acc: 0.6836 | 
Epoch: 16 | train_loss: 0.4398 | train_acc: 0.8524 | test_loss: 0.8401 | test_acc: 0.7266 | 
Epoch: 17 | train_loss: 0.5026 | train_acc: 0.8082 | test_loss: 0.9154 | test_acc: 0.7031 | 
Epoch: 18 | train_loss: 0.4333 | train_acc: 0.8405 | test_loss: 1.2070 | test_acc: 0.6328 | 
Epoch: 19 | train_loss: 0.4107 | train_acc: 0.8481 | test_loss: 0.9118 | test_acc: 0.7266 | 
Epoch: 20 | train_loss: 0.4358 | train_acc: 0.8416 | test_loss: 1.0032 | test_acc: 0.6562 | 
Epoch: 21 | train_loss: 0.3744 | train_acc: 0.8750 | test_loss: 0.7407 | test_acc: 0.7422 | 
Epoch: 22 | train_loss: 0.4842 | train_acc: 0.8524 | test_loss: 0.9107 | test_acc: 0.7266 | 
Epoch: 23 | train_loss: 0.3574 | train_acc: 0.8815 | test_loss: 0.8184 | test_acc: 0.6836 | 
Epoch: 24 | train_loss: 0.4840 | train_acc: 0.8459 | test_loss: 0.8016 | test_acc: 0.7227 | 
Epoch: 25 | train_loss: 0.4119 | train_acc: 0.8362 | test_loss: 0.8853 | test_acc: 0.7266 | 
Epoch: 26 | train_loss: 0.3366 | train_acc: 0.8890 | test_loss: 0.9119 | test_acc: 0.6914 | 
Epoch: 27 | train_loss: 0.4155 | train_acc: 0.8707 | test_loss: 1.0127 | test_acc: 0.6875 | 
Epoch: 28 | train_loss: 0.3802 | train_acc: 0.8621 | test_loss: 0.8400 | test_acc: 0.7383 | 
Epoch: 29 | train_loss: 0.3465 | train_acc: 0.8793 | test_loss: 0.8878 | test_acc: 0.7148 | 
Epoch: 30 | train_loss: 0.3709 | train_acc: 0.8491 | test_loss: 0.7977 | test_acc: 0.7578 | 
Epoch: 31 | train_loss: 0.4009 | train_acc: 0.8556 | test_loss: 0.7613 | test_acc: 0.7422 | 
Epoch: 32 | train_loss: 0.3326 | train_acc: 0.8750 | test_loss: 0.8134 | test_acc: 0.7461 | 
Epoch: 33 | train_loss: 0.2719 | train_acc: 0.8987 | test_loss: 0.8598 | test_acc: 0.7305 | 
Epoch: 34 | train_loss: 0.2585 | train_acc: 0.9127 | test_loss: 0.9915 | test_acc: 0.7383 | 
Epoch: 35 | train_loss: 0.2998 | train_acc: 0.8879 | test_loss: 0.8851 | test_acc: 0.7383 | 
Epoch: 36 | train_loss: 0.2817 | train_acc: 0.9116 | test_loss: 0.8990 | test_acc: 0.7070 | 
Epoch: 37 | train_loss: 0.2313 | train_acc: 0.9321 | test_loss: 0.8241 | test_acc: 0.7383 | 
Epoch: 38 | train_loss: 0.2828 | train_acc: 0.8858 | test_loss: 0.7302 | test_acc: 0.7461 | 
Epoch: 39 | train_loss: 0.2655 | train_acc: 0.8944 | test_loss: 0.8104 | test_acc: 0.7617 | 
Epoch: 40 | train_loss: 0.2991 | train_acc: 0.8847 | test_loss: 0.7734 | test_acc: 0.7578 | 
Epoch: 41 | train_loss: 0.3325 | train_acc: 0.8707 | test_loss: 0.8771 | test_acc: 0.7305 | 
Epoch: 42 | train_loss: 0.3030 | train_acc: 0.8966 | test_loss: 0.8337 | test_acc: 0.7656 | 
Epoch: 43 | train_loss: 0.2100 | train_acc: 0.9343 | test_loss: 0.9787 | test_acc: 0.7227 | 
Epoch: 44 | train_loss: 0.2903 | train_acc: 0.9084 | test_loss: 1.0132 | test_acc: 0.7422 | 
Epoch: 45 | train_loss: 0.3052 | train_acc: 0.8847 | test_loss: 0.7683 | test_acc: 0.7539 | 
Epoch: 46 | train_loss: 0.3073 | train_acc: 0.9095 | test_loss: 0.8528 | test_acc: 0.7383 | 
Epoch: 47 | train_loss: 0.2079 | train_acc: 0.9332 | test_loss: 0.8282 | test_acc: 0.7578 | 
Epoch: 48 | train_loss: 0.2118 | train_acc: 0.9062 | test_loss: 0.8604 | test_acc: 0.7578 | 
Epoch: 49 | train_loss: 0.3165 | train_acc: 0.8987 | test_loss: 0.9566 | test_acc: 0.7422 | 
Epoch: 50 | train_loss: 0.2148 | train_acc: 0.9386 | test_loss: 0.7623 | test_acc: 0.7656 | 
⏱️ Total training time: 90.621 seconds
📊 Bands [384, 358, 241] -> Fitness: 0.7656
Dataset initialized with pre-loaded data. Total samples: 897
Band indices for training dataloader: [360, 398, 167]
Dataset initialized with pre-loaded data. Total samples: 226
Band indices for test dataloader: [360, 398, 167]
🔍 Starting evaluation of individual [360, 398, 167]
Epoch: 1 | train_loss: 1.3819 | train_acc: 0.3050 | test_loss: 1.2917 | test_acc: 0.3281 | 
Epoch: 2 | train_loss: 1.2996 | train_acc: 0.4019 | test_loss: 1.2498 | test_acc: 0.4023 | 
Epoch: 3 | train_loss: 1.1827 | train_acc: 0.5162 | test_loss: 1.2201 | test_acc: 0.4180 | 
Epoch: 4 | train_loss: 1.1271 | train_acc: 0.5248 | test_loss: 1.1118 | test_acc: 0.5117 | 
Epoch: 5 | train_loss: 1.0063 | train_acc: 0.6131 | test_loss: 1.1864 | test_acc: 0.5156 | 
Epoch: 6 | train_loss: 0.9002 | train_acc: 0.6401 | test_loss: 1.2263 | test_acc: 0.4883 | 
Epoch: 7 | train_loss: 0.9174 | train_acc: 0.6153 | test_loss: 1.2172 | test_acc: 0.5508 | 
Epoch: 8 | train_loss: 0.8307 | train_acc: 0.6422 | test_loss: 1.1802 | test_acc: 0.5625 | 
Epoch: 9 | train_loss: 0.8331 | train_acc: 0.6950 | test_loss: 1.2088 | test_acc: 0.5859 | 
Epoch: 10 | train_loss: 0.7530 | train_acc: 0.7284 | test_loss: 1.1518 | test_acc: 0.6602 | 
Epoch: 11 | train_loss: 0.7384 | train_acc: 0.7015 | test_loss: 1.0520 | test_acc: 0.6562 | 
Epoch: 12 | train_loss: 0.7327 | train_acc: 0.7058 | test_loss: 1.2014 | test_acc: 0.5117 | 
Epoch: 13 | train_loss: 0.6528 | train_acc: 0.7586 | test_loss: 1.0714 | test_acc: 0.6094 | 
Epoch: 14 | train_loss: 0.6414 | train_acc: 0.7306 | test_loss: 1.2556 | test_acc: 0.5312 | 
Epoch: 15 | train_loss: 0.6323 | train_acc: 0.7748 | test_loss: 0.8964 | test_acc: 0.6875 | 
Epoch: 16 | train_loss: 0.5668 | train_acc: 0.7748 | test_loss: 1.0166 | test_acc: 0.6445 | 
Epoch: 17 | train_loss: 0.5334 | train_acc: 0.7963 | test_loss: 0.9679 | test_acc: 0.6992 | 
Epoch: 18 | train_loss: 0.4855 | train_acc: 0.7974 | test_loss: 1.0028 | test_acc: 0.6641 | 
Epoch: 19 | train_loss: 0.5445 | train_acc: 0.7963 | test_loss: 0.9942 | test_acc: 0.7188 | 
Epoch: 20 | train_loss: 0.5589 | train_acc: 0.7996 | test_loss: 1.1652 | test_acc: 0.5273 | 
Epoch: 21 | train_loss: 0.5064 | train_acc: 0.8147 | test_loss: 0.9361 | test_acc: 0.7266 | 
Epoch: 22 | train_loss: 0.4754 | train_acc: 0.8200 | test_loss: 1.1268 | test_acc: 0.6680 | 
Epoch: 23 | train_loss: 0.4502 | train_acc: 0.8459 | test_loss: 0.9665 | test_acc: 0.6992 | 
Epoch: 24 | train_loss: 0.4005 | train_acc: 0.8534 | test_loss: 1.0673 | test_acc: 0.6211 | 
Epoch: 25 | train_loss: 0.4141 | train_acc: 0.8330 | test_loss: 0.9731 | test_acc: 0.6367 | 
Epoch: 26 | train_loss: 0.3510 | train_acc: 0.8782 | test_loss: 1.2603 | test_acc: 0.5977 | 
Epoch: 27 | train_loss: 0.3656 | train_acc: 0.8675 | test_loss: 1.0674 | test_acc: 0.6484 | 
Epoch: 28 | train_loss: 0.3447 | train_acc: 0.8815 | test_loss: 0.8735 | test_acc: 0.7305 | 
Epoch: 29 | train_loss: 0.3826 | train_acc: 0.8427 | test_loss: 0.8476 | test_acc: 0.7422 | 
Epoch: 30 | train_loss: 0.3365 | train_acc: 0.8879 | test_loss: 0.9988 | test_acc: 0.7188 | 
Epoch: 31 | train_loss: 0.2795 | train_acc: 0.9095 | test_loss: 0.9425 | test_acc: 0.7188 | 
Epoch: 32 | train_loss: 0.2623 | train_acc: 0.8922 | test_loss: 1.1365 | test_acc: 0.6602 | 
Epoch: 33 | train_loss: 0.4126 | train_acc: 0.8556 | test_loss: 1.3249 | test_acc: 0.6406 | 
Epoch: 34 | train_loss: 0.4194 | train_acc: 0.8308 | test_loss: 0.8132 | test_acc: 0.7031 | 
Epoch: 35 | train_loss: 0.3510 | train_acc: 0.8621 | test_loss: 0.9511 | test_acc: 0.6992 | 
Epoch: 36 | train_loss: 0.2825 | train_acc: 0.9095 | test_loss: 0.8806 | test_acc: 0.7070 | 
Epoch: 37 | train_loss: 0.2844 | train_acc: 0.9009 | test_loss: 0.9974 | test_acc: 0.6992 | 
Epoch: 38 | train_loss: 0.3800 | train_acc: 0.8696 | test_loss: 0.8645 | test_acc: 0.7344 | 
Epoch: 39 | train_loss: 0.3209 | train_acc: 0.8815 | test_loss: 0.7985 | test_acc: 0.7695 | 
Epoch: 40 | train_loss: 0.2627 | train_acc: 0.9203 | test_loss: 0.8135 | test_acc: 0.7344 | 
Epoch: 41 | train_loss: 0.3193 | train_acc: 0.8653 | test_loss: 1.0652 | test_acc: 0.7031 | 
Epoch: 42 | train_loss: 0.2729 | train_acc: 0.8836 | test_loss: 0.9783 | test_acc: 0.7383 | 
Epoch: 43 | train_loss: 0.2775 | train_acc: 0.8955 | test_loss: 0.9386 | test_acc: 0.7109 | 
Epoch: 44 | train_loss: 0.3105 | train_acc: 0.8912 | test_loss: 1.1136 | test_acc: 0.6719 | 
Epoch: 45 | train_loss: 0.3039 | train_acc: 0.8772 | test_loss: 1.0379 | test_acc: 0.6875 | 
Epoch: 46 | train_loss: 0.2843 | train_acc: 0.8825 | test_loss: 0.9507 | test_acc: 0.7422 | 
Epoch: 47 | train_loss: 0.2481 | train_acc: 0.9256 | test_loss: 0.9346 | test_acc: 0.7461 | 
Epoch: 48 | train_loss: 0.3103 | train_acc: 0.8836 | test_loss: 0.9369 | test_acc: 0.7422 | 
Epoch: 49 | train_loss: 0.2798 | train_acc: 0.9073 | test_loss: 0.9033 | test_acc: 0.7461 | 
Epoch: 50 | train_loss: 0.2188 | train_acc: 0.9052 | test_loss: 0.9131 | test_acc: 0.7422 | 
⏱️ Total training time: 86.713 seconds
📊 Bands [360, 398, 167] -> Fitness: 0.7422
Dataset initialized with pre-loaded data. Total samples: 897
Band indices for training dataloader: [212, 82, 442]
Dataset initialized with pre-loaded data. Total samples: 226
Band indices for test dataloader: [212, 82, 442]
🔍 Starting evaluation of individual [212, 82, 442]
Epoch: 1 | train_loss: 1.3556 | train_acc: 0.3653 | test_loss: 1.3089 | test_acc: 0.3867 | 
Epoch: 2 | train_loss: 1.2610 | train_acc: 0.4289 | test_loss: 1.1356 | test_acc: 0.5703 | 
Epoch: 3 | train_loss: 1.1632 | train_acc: 0.4731 | test_loss: 1.3496 | test_acc: 0.5273 | 
Epoch: 4 | train_loss: 1.0981 | train_acc: 0.5323 | test_loss: 1.0852 | test_acc: 0.5664 | 
Epoch: 5 | train_loss: 0.9632 | train_acc: 0.5873 | test_loss: 1.1527 | test_acc: 0.5352 | 
Epoch: 6 | train_loss: 0.9829 | train_acc: 0.5894 | test_loss: 1.0816 | test_acc: 0.5781 | 
Epoch: 7 | train_loss: 0.9286 | train_acc: 0.6175 | test_loss: 1.1743 | test_acc: 0.4648 | 
Epoch: 8 | train_loss: 0.8030 | train_acc: 0.6735 | test_loss: 0.9917 | test_acc: 0.6680 | 
Epoch: 9 | train_loss: 0.8148 | train_acc: 0.6638 | test_loss: 1.1017 | test_acc: 0.6289 | 
Epoch: 10 | train_loss: 0.7623 | train_acc: 0.6907 | test_loss: 0.9184 | test_acc: 0.6250 | 
Epoch: 11 | train_loss: 0.6747 | train_acc: 0.7532 | test_loss: 1.0844 | test_acc: 0.6016 | 
Epoch: 12 | train_loss: 0.7120 | train_acc: 0.7123 | test_loss: 0.9408 | test_acc: 0.6445 | 
Epoch: 13 | train_loss: 0.6569 | train_acc: 0.7446 | test_loss: 0.9506 | test_acc: 0.7031 | 
Epoch: 14 | train_loss: 0.6096 | train_acc: 0.7737 | test_loss: 1.0462 | test_acc: 0.6602 | 
Epoch: 15 | train_loss: 0.5363 | train_acc: 0.8050 | test_loss: 0.8973 | test_acc: 0.6641 | 
Epoch: 16 | train_loss: 0.5407 | train_acc: 0.8071 | test_loss: 0.9659 | test_acc: 0.6797 | 
Epoch: 17 | train_loss: 0.5794 | train_acc: 0.7920 | test_loss: 0.8182 | test_acc: 0.6992 | 
Epoch: 18 | train_loss: 0.5417 | train_acc: 0.7866 | test_loss: 0.9758 | test_acc: 0.6172 | 
Epoch: 19 | train_loss: 0.4668 | train_acc: 0.8427 | test_loss: 0.8729 | test_acc: 0.7266 | 
Epoch: 20 | train_loss: 0.4597 | train_acc: 0.8168 | test_loss: 1.0170 | test_acc: 0.6641 | 
Epoch: 21 | train_loss: 0.4856 | train_acc: 0.7942 | test_loss: 0.9937 | test_acc: 0.6836 | 
Epoch: 22 | train_loss: 0.5188 | train_acc: 0.8039 | test_loss: 0.9230 | test_acc: 0.7070 | 
Epoch: 23 | train_loss: 0.5143 | train_acc: 0.7985 | test_loss: 1.0313 | test_acc: 0.6406 | 
Epoch: 24 | train_loss: 0.4258 | train_acc: 0.8556 | test_loss: 0.8714 | test_acc: 0.7070 | 
Epoch: 25 | train_loss: 0.4368 | train_acc: 0.8287 | test_loss: 0.9497 | test_acc: 0.6914 | 
Epoch: 26 | train_loss: 0.4877 | train_acc: 0.8287 | test_loss: 0.9689 | test_acc: 0.6875 | 
Epoch: 27 | train_loss: 0.3526 | train_acc: 0.8750 | test_loss: 0.8270 | test_acc: 0.7305 | 
Epoch: 28 | train_loss: 0.3592 | train_acc: 0.8675 | test_loss: 0.9544 | test_acc: 0.7266 | 
Epoch: 29 | train_loss: 0.3753 | train_acc: 0.8448 | test_loss: 0.7928 | test_acc: 0.7461 | 
Epoch: 30 | train_loss: 0.3583 | train_acc: 0.8524 | test_loss: 0.7942 | test_acc: 0.7422 | 
Epoch: 31 | train_loss: 0.3455 | train_acc: 0.8772 | test_loss: 0.8790 | test_acc: 0.7305 | 
Epoch: 32 | train_loss: 0.2986 | train_acc: 0.8976 | test_loss: 0.8511 | test_acc: 0.7227 | 
Epoch: 33 | train_loss: 0.3580 | train_acc: 0.8685 | test_loss: 0.8771 | test_acc: 0.7266 | 
Epoch: 34 | train_loss: 0.3056 | train_acc: 0.8739 | test_loss: 0.8960 | test_acc: 0.7305 | 
Epoch: 35 | train_loss: 0.3806 | train_acc: 0.8772 | test_loss: 0.9318 | test_acc: 0.7266 | 
Epoch: 36 | train_loss: 0.2870 | train_acc: 0.8804 | test_loss: 0.8618 | test_acc: 0.6875 | 
Epoch: 37 | train_loss: 0.3162 | train_acc: 0.8836 | test_loss: 1.0276 | test_acc: 0.7188 | 
Epoch: 38 | train_loss: 0.3565 | train_acc: 0.8815 | test_loss: 1.1925 | test_acc: 0.5977 | 
Epoch: 39 | train_loss: 0.2906 | train_acc: 0.9052 | test_loss: 0.8173 | test_acc: 0.7148 | 
Epoch: 40 | train_loss: 0.2605 | train_acc: 0.8955 | test_loss: 0.8304 | test_acc: 0.7109 | 
Epoch: 41 | train_loss: 0.2651 | train_acc: 0.9052 | test_loss: 1.0879 | test_acc: 0.6523 | 
Epoch: 42 | train_loss: 0.3165 | train_acc: 0.8793 | test_loss: 1.0197 | test_acc: 0.6250 | 
Epoch: 43 | train_loss: 0.3398 | train_acc: 0.8782 | test_loss: 1.1114 | test_acc: 0.6719 | 
Epoch: 44 | train_loss: 0.2333 | train_acc: 0.9246 | test_loss: 0.9934 | test_acc: 0.6758 | 
Epoch: 45 | train_loss: 0.2280 | train_acc: 0.9224 | test_loss: 0.8869 | test_acc: 0.7188 | 
Epoch: 46 | train_loss: 0.2300 | train_acc: 0.9213 | test_loss: 0.9425 | test_acc: 0.7500 | 
Epoch: 47 | train_loss: 0.2592 | train_acc: 0.8987 | test_loss: 0.9546 | test_acc: 0.7188 | 
Epoch: 48 | train_loss: 0.2745 | train_acc: 0.8728 | test_loss: 0.9698 | test_acc: 0.6914 | 
Epoch: 49 | train_loss: 0.2552 | train_acc: 0.9084 | test_loss: 0.9625 | test_acc: 0.6602 | 
Epoch: 50 | train_loss: 0.2128 | train_acc: 0.9106 | test_loss: 1.0160 | test_acc: 0.7227 | 
⏱️ Total training time: 89.940 seconds
📊 Bands [212, 82, 442] -> Fitness: 0.7227
Dataset initialized with pre-loaded data. Total samples: 897
Band indices for training dataloader: [294, 179, 224]
Dataset initialized with pre-loaded data. Total samples: 226
Band indices for test dataloader: [294, 179, 224]
🔍 Starting evaluation of individual [294, 179, 224]
Epoch: 1 | train_loss: 1.3670 | train_acc: 0.3050 | test_loss: 1.3585 | test_acc: 0.3906 | 
Epoch: 2 | train_loss: 1.2295 | train_acc: 0.4397 | test_loss: 1.2811 | test_acc: 0.4492 | 
Epoch: 3 | train_loss: 1.1563 | train_acc: 0.4795 | test_loss: 1.1346 | test_acc: 0.5078 | 
Epoch: 4 | train_loss: 1.0803 | train_acc: 0.5399 | test_loss: 1.1306 | test_acc: 0.5273 | 
Epoch: 5 | train_loss: 0.9379 | train_acc: 0.6412 | test_loss: 1.0173 | test_acc: 0.5977 | 
Epoch: 6 | train_loss: 0.9187 | train_acc: 0.6131 | test_loss: 0.9784 | test_acc: 0.6445 | 
Epoch: 7 | train_loss: 0.8060 | train_acc: 0.6595 | test_loss: 0.9944 | test_acc: 0.6211 | 
Epoch: 8 | train_loss: 0.7712 | train_acc: 0.6875 | test_loss: 0.9220 | test_acc: 0.6602 | 
Epoch: 9 | train_loss: 0.7740 | train_acc: 0.7037 | test_loss: 0.9484 | test_acc: 0.6641 | 
Epoch: 10 | train_loss: 0.6702 | train_acc: 0.7231 | test_loss: 0.9460 | test_acc: 0.6797 | 
Epoch: 11 | train_loss: 0.6616 | train_acc: 0.7338 | test_loss: 0.9592 | test_acc: 0.6680 | 
Epoch: 12 | train_loss: 0.6306 | train_acc: 0.7338 | test_loss: 0.8999 | test_acc: 0.7031 | 
Epoch: 13 | train_loss: 0.6357 | train_acc: 0.7425 | test_loss: 0.8332 | test_acc: 0.7031 | 
Epoch: 14 | train_loss: 0.5515 | train_acc: 0.7791 | test_loss: 0.7886 | test_acc: 0.6953 | 
Epoch: 15 | train_loss: 0.5128 | train_acc: 0.8222 | test_loss: 0.9760 | test_acc: 0.6602 | 
Epoch: 16 | train_loss: 0.5191 | train_acc: 0.8125 | test_loss: 0.8268 | test_acc: 0.6992 | 
Epoch: 17 | train_loss: 0.5358 | train_acc: 0.7705 | test_loss: 0.7773 | test_acc: 0.7070 | 
Epoch: 18 | train_loss: 0.4844 | train_acc: 0.8147 | test_loss: 0.9947 | test_acc: 0.6914 | 
Epoch: 19 | train_loss: 0.4290 | train_acc: 0.8233 | test_loss: 0.9113 | test_acc: 0.7031 | 
Epoch: 20 | train_loss: 0.4113 | train_acc: 0.8394 | test_loss: 0.9394 | test_acc: 0.7109 | 
Epoch: 21 | train_loss: 0.3994 | train_acc: 0.8287 | test_loss: 0.8663 | test_acc: 0.6992 | 
Epoch: 22 | train_loss: 0.4239 | train_acc: 0.8405 | test_loss: 0.8981 | test_acc: 0.6836 | 
Epoch: 23 | train_loss: 0.4303 | train_acc: 0.8384 | test_loss: 0.7540 | test_acc: 0.7148 | 
Epoch: 24 | train_loss: 0.4005 | train_acc: 0.8351 | test_loss: 0.8284 | test_acc: 0.7461 | 
Epoch: 25 | train_loss: 0.3674 | train_acc: 0.8707 | test_loss: 0.8915 | test_acc: 0.7109 | 
Epoch: 26 | train_loss: 0.3099 | train_acc: 0.8933 | test_loss: 0.8731 | test_acc: 0.7266 | 
Epoch: 27 | train_loss: 0.3552 | train_acc: 0.8513 | test_loss: 1.0067 | test_acc: 0.6875 | 
Epoch: 28 | train_loss: 0.3030 | train_acc: 0.8653 | test_loss: 0.9309 | test_acc: 0.7188 | 
Epoch: 29 | train_loss: 0.3174 | train_acc: 0.8664 | test_loss: 0.8900 | test_acc: 0.6836 | 
Epoch: 30 | train_loss: 0.3166 | train_acc: 0.8685 | test_loss: 0.9306 | test_acc: 0.7305 | 
Epoch: 31 | train_loss: 0.4291 | train_acc: 0.8448 | test_loss: 0.7777 | test_acc: 0.7539 | 
Epoch: 32 | train_loss: 0.2647 | train_acc: 0.9192 | test_loss: 0.7786 | test_acc: 0.7617 | 
Epoch: 33 | train_loss: 0.2368 | train_acc: 0.9321 | test_loss: 0.8614 | test_acc: 0.7422 | 
Epoch: 34 | train_loss: 0.2450 | train_acc: 0.9159 | test_loss: 0.9415 | test_acc: 0.7266 | 
Epoch: 35 | train_loss: 0.2154 | train_acc: 0.9343 | test_loss: 0.9223 | test_acc: 0.7109 | 
Epoch: 36 | train_loss: 0.2138 | train_acc: 0.9321 | test_loss: 0.9732 | test_acc: 0.7422 | 
Epoch: 37 | train_loss: 0.2728 | train_acc: 0.9170 | test_loss: 0.9735 | test_acc: 0.7188 | 
Epoch: 38 | train_loss: 0.2917 | train_acc: 0.8858 | test_loss: 1.0479 | test_acc: 0.6914 | 
Epoch: 39 | train_loss: 0.2828 | train_acc: 0.8825 | test_loss: 0.8209 | test_acc: 0.7344 | 
Epoch: 40 | train_loss: 0.2554 | train_acc: 0.9073 | test_loss: 0.8531 | test_acc: 0.7383 | 
Epoch: 41 | train_loss: 0.2196 | train_acc: 0.9052 | test_loss: 0.8357 | test_acc: 0.7578 | 
Epoch: 42 | train_loss: 0.2593 | train_acc: 0.8998 | test_loss: 0.8367 | test_acc: 0.7500 | 
Epoch: 43 | train_loss: 0.2952 | train_acc: 0.8912 | test_loss: 0.8862 | test_acc: 0.7461 | 
Epoch: 44 | train_loss: 0.2811 | train_acc: 0.8944 | test_loss: 0.9028 | test_acc: 0.7539 | 
Epoch: 45 | train_loss: 0.2835 | train_acc: 0.8836 | test_loss: 0.8295 | test_acc: 0.7617 | 
Epoch: 46 | train_loss: 0.2506 | train_acc: 0.8782 | test_loss: 0.8245 | test_acc: 0.7617 | 
Epoch: 47 | train_loss: 0.2637 | train_acc: 0.8901 | test_loss: 1.0152 | test_acc: 0.7422 | 
Epoch: 48 | train_loss: 0.2713 | train_acc: 0.8793 | test_loss: 0.9181 | test_acc: 0.7578 | 
Epoch: 49 | train_loss: 0.2421 | train_acc: 0.9052 | test_loss: 0.8122 | test_acc: 0.7852 | 
Epoch: 50 | train_loss: 0.2534 | train_acc: 0.9073 | test_loss: 0.8224 | test_acc: 0.7734 | 
⏱️ Total training time: 87.185 seconds
📊 Bands [294, 179, 224] -> Fitness: 0.7734
Dataset initialized with pre-loaded data. Total samples: 897
Band indices for training dataloader: [236, 48, 447]
Dataset initialized with pre-loaded data. Total samples: 226
Band indices for test dataloader: [236, 48, 447]
🔍 Starting evaluation of individual [236, 48, 447]
Epoch: 1 | train_loss: 1.3426 | train_acc: 0.3459 | test_loss: 1.4161 | test_acc: 0.3555 | 
Epoch: 2 | train_loss: 1.2546 | train_acc: 0.4213 | test_loss: 1.3424 | test_acc: 0.3789 | 
Epoch: 3 | train_loss: 1.1090 | train_acc: 0.5291 | test_loss: 1.1596 | test_acc: 0.4766 | 
Epoch: 4 | train_loss: 1.1043 | train_acc: 0.5205 | test_loss: 1.1271 | test_acc: 0.5508 | 
Epoch: 5 | train_loss: 0.9708 | train_acc: 0.6034 | test_loss: 1.1069 | test_acc: 0.5195 | 
Epoch: 6 | train_loss: 0.8766 | train_acc: 0.6476 | test_loss: 1.0719 | test_acc: 0.5352 | 
Epoch: 7 | train_loss: 0.8270 | train_acc: 0.6692 | test_loss: 0.9761 | test_acc: 0.6328 | 
Epoch: 8 | train_loss: 0.7627 | train_acc: 0.6789 | test_loss: 1.1616 | test_acc: 0.4805 | 
Epoch: 9 | train_loss: 0.7222 | train_acc: 0.7371 | test_loss: 1.1790 | test_acc: 0.6055 | 
Epoch: 10 | train_loss: 0.6942 | train_acc: 0.7241 | test_loss: 1.0383 | test_acc: 0.6445 | 
Epoch: 11 | train_loss: 0.5643 | train_acc: 0.8006 | test_loss: 1.2923 | test_acc: 0.5117 | 
Epoch: 12 | train_loss: 0.5820 | train_acc: 0.7726 | test_loss: 1.1407 | test_acc: 0.5859 | 
Epoch: 13 | train_loss: 0.5748 | train_acc: 0.7899 | test_loss: 1.1591 | test_acc: 0.5938 | 
Epoch: 14 | train_loss: 0.4821 | train_acc: 0.8211 | test_loss: 1.3132 | test_acc: 0.6055 | 
Epoch: 15 | train_loss: 0.5053 | train_acc: 0.8060 | test_loss: 1.1345 | test_acc: 0.5938 | 
Epoch: 16 | train_loss: 0.4760 | train_acc: 0.8438 | test_loss: 1.0043 | test_acc: 0.7109 | 
Epoch: 17 | train_loss: 0.4418 | train_acc: 0.8190 | test_loss: 1.0189 | test_acc: 0.6758 | 
Epoch: 18 | train_loss: 0.4389 | train_acc: 0.8297 | test_loss: 1.2616 | test_acc: 0.6211 | 
Epoch: 19 | train_loss: 0.4518 | train_acc: 0.8233 | test_loss: 1.4725 | test_acc: 0.5430 | 
Epoch: 20 | train_loss: 0.4283 | train_acc: 0.8373 | test_loss: 1.1338 | test_acc: 0.6172 | 
Epoch: 21 | train_loss: 0.4278 | train_acc: 0.8071 | test_loss: 1.0287 | test_acc: 0.6836 | 
Epoch: 22 | train_loss: 0.4035 | train_acc: 0.8362 | test_loss: 1.0510 | test_acc: 0.6289 | 
Epoch: 23 | train_loss: 0.4271 | train_acc: 0.8373 | test_loss: 1.0556 | test_acc: 0.6523 | 
Epoch: 24 | train_loss: 0.3795 | train_acc: 0.8739 | test_loss: 0.8477 | test_acc: 0.7227 | 
Epoch: 25 | train_loss: 0.3944 | train_acc: 0.8545 | test_loss: 0.7561 | test_acc: 0.7344 | 
Epoch: 26 | train_loss: 0.3764 | train_acc: 0.8664 | test_loss: 0.8087 | test_acc: 0.7383 | 
Epoch: 27 | train_loss: 0.3337 | train_acc: 0.8847 | test_loss: 0.7726 | test_acc: 0.7539 | 
Epoch: 28 | train_loss: 0.3662 | train_acc: 0.8588 | test_loss: 0.9481 | test_acc: 0.6953 | 
Epoch: 29 | train_loss: 0.2937 | train_acc: 0.8922 | test_loss: 0.8369 | test_acc: 0.7383 | 
Epoch: 30 | train_loss: 0.3072 | train_acc: 0.8815 | test_loss: 0.8133 | test_acc: 0.7305 | 
Epoch: 31 | train_loss: 0.3200 | train_acc: 0.8998 | test_loss: 1.0197 | test_acc: 0.6484 | 
Epoch: 32 | train_loss: 0.3209 | train_acc: 0.8966 | test_loss: 0.8654 | test_acc: 0.7422 | 
Epoch: 33 | train_loss: 0.3257 | train_acc: 0.9009 | test_loss: 0.8416 | test_acc: 0.6719 | 
Epoch: 34 | train_loss: 0.3003 | train_acc: 0.8858 | test_loss: 0.9419 | test_acc: 0.6914 | 
Epoch: 35 | train_loss: 0.2962 | train_acc: 0.8782 | test_loss: 0.9060 | test_acc: 0.7266 | 
Epoch: 36 | train_loss: 0.2675 | train_acc: 0.8815 | test_loss: 0.9815 | test_acc: 0.6250 | 
Epoch: 37 | train_loss: 0.2409 | train_acc: 0.8933 | test_loss: 1.1101 | test_acc: 0.6562 | 
Epoch: 38 | train_loss: 0.1929 | train_acc: 0.9332 | test_loss: 1.0815 | test_acc: 0.7344 | 
Epoch: 39 | train_loss: 0.2664 | train_acc: 0.9030 | test_loss: 0.9577 | test_acc: 0.7539 | 
Epoch: 40 | train_loss: 0.2219 | train_acc: 0.9192 | test_loss: 0.9484 | test_acc: 0.7539 | 
Epoch: 41 | train_loss: 0.1785 | train_acc: 0.9429 | test_loss: 1.0594 | test_acc: 0.7266 | 
Epoch: 42 | train_loss: 0.2880 | train_acc: 0.9052 | test_loss: 0.9988 | test_acc: 0.7461 | 
Epoch: 43 | train_loss: 0.2027 | train_acc: 0.9095 | test_loss: 1.0381 | test_acc: 0.7578 | 
Epoch: 44 | train_loss: 0.3305 | train_acc: 0.8847 | test_loss: 0.8507 | test_acc: 0.7578 | 
Epoch: 45 | train_loss: 0.2270 | train_acc: 0.9300 | test_loss: 1.0214 | test_acc: 0.7148 | 
Epoch: 46 | train_loss: 0.2134 | train_acc: 0.8998 | test_loss: 1.0635 | test_acc: 0.7305 | 
Epoch: 47 | train_loss: 0.1831 | train_acc: 0.9213 | test_loss: 1.0977 | test_acc: 0.7109 | 
Epoch: 48 | train_loss: 0.2441 | train_acc: 0.9019 | test_loss: 1.3607 | test_acc: 0.6758 | 
Epoch: 49 | train_loss: 0.3290 | train_acc: 0.8976 | test_loss: 1.0852 | test_acc: 0.7070 | 
Epoch: 50 | train_loss: 0.1970 | train_acc: 0.9343 | test_loss: 0.9262 | test_acc: 0.7500 | 
⏱️ Total training time: 87.543 seconds
📊 Bands [236, 48, 447] -> Fitness: 0.7500
Dataset initialized with pre-loaded data. Total samples: 897
Band indices for training dataloader: [192, 369, 168]
Dataset initialized with pre-loaded data. Total samples: 226
Band indices for test dataloader: [192, 369, 168]
🔍 Starting evaluation of individual [192, 369, 168]
Epoch: 1 | train_loss: 1.3778 | train_acc: 0.3017 | test_loss: 1.2994 | test_acc: 0.3633 | 
Epoch: 2 | train_loss: 1.2922 | train_acc: 0.4030 | test_loss: 1.3056 | test_acc: 0.3320 | 
Epoch: 3 | train_loss: 1.1767 | train_acc: 0.4666 | test_loss: 1.4533 | test_acc: 0.3711 | 
Epoch: 4 | train_loss: 1.1372 | train_acc: 0.4957 | test_loss: 1.2326 | test_acc: 0.4609 | 
Epoch: 5 | train_loss: 1.0435 | train_acc: 0.5420 | test_loss: 1.2621 | test_acc: 0.4375 | 
Epoch: 6 | train_loss: 0.9600 | train_acc: 0.6110 | test_loss: 1.0750 | test_acc: 0.5547 | 
Epoch: 7 | train_loss: 0.9862 | train_acc: 0.6067 | test_loss: 1.4248 | test_acc: 0.4258 | 
Epoch: 8 | train_loss: 0.9838 | train_acc: 0.5862 | test_loss: 1.1143 | test_acc: 0.5195 | 
Epoch: 9 | train_loss: 0.8480 | train_acc: 0.6390 | test_loss: 1.1568 | test_acc: 0.4609 | 
Epoch: 10 | train_loss: 0.8607 | train_acc: 0.6509 | test_loss: 1.0080 | test_acc: 0.6133 | 
Epoch: 11 | train_loss: 0.8048 | train_acc: 0.6703 | test_loss: 1.1503 | test_acc: 0.5352 | 
Epoch: 12 | train_loss: 0.7658 | train_acc: 0.6832 | test_loss: 1.0575 | test_acc: 0.5625 | 
Epoch: 13 | train_loss: 0.6747 | train_acc: 0.7489 | test_loss: 0.9572 | test_acc: 0.6250 | 
Epoch: 14 | train_loss: 0.7879 | train_acc: 0.6972 | test_loss: 1.0471 | test_acc: 0.5938 | 
Epoch: 15 | train_loss: 0.6401 | train_acc: 0.7511 | test_loss: 1.0204 | test_acc: 0.6094 | 
Epoch: 16 | train_loss: 0.6371 | train_acc: 0.7468 | test_loss: 1.1519 | test_acc: 0.5938 | 
Epoch: 17 | train_loss: 0.5974 | train_acc: 0.7909 | test_loss: 0.9748 | test_acc: 0.6211 | 
Epoch: 18 | train_loss: 0.6387 | train_acc: 0.7435 | test_loss: 1.3598 | test_acc: 0.5898 | 
Epoch: 19 | train_loss: 0.5313 | train_acc: 0.8017 | test_loss: 0.9086 | test_acc: 0.6602 | 
Epoch: 20 | train_loss: 0.6212 | train_acc: 0.7791 | test_loss: 0.9888 | test_acc: 0.6562 | 
Epoch: 21 | train_loss: 0.5728 | train_acc: 0.7662 | test_loss: 0.9770 | test_acc: 0.6680 | 
Epoch: 22 | train_loss: 0.4940 | train_acc: 0.8244 | test_loss: 0.9675 | test_acc: 0.6836 | 
Epoch: 23 | train_loss: 0.5366 | train_acc: 0.7834 | test_loss: 0.9499 | test_acc: 0.7031 | 
Epoch: 24 | train_loss: 0.5427 | train_acc: 0.8071 | test_loss: 1.0756 | test_acc: 0.6211 | 
Epoch: 25 | train_loss: 0.4997 | train_acc: 0.7920 | test_loss: 1.0188 | test_acc: 0.6367 | 
Epoch: 26 | train_loss: 0.4658 | train_acc: 0.8244 | test_loss: 1.0199 | test_acc: 0.6992 | 
Epoch: 27 | train_loss: 0.4957 | train_acc: 0.8093 | test_loss: 1.0299 | test_acc: 0.6484 | 
Epoch: 28 | train_loss: 0.4908 | train_acc: 0.8071 | test_loss: 0.9526 | test_acc: 0.7031 | 
Epoch: 29 | train_loss: 0.3747 | train_acc: 0.8728 | test_loss: 0.9805 | test_acc: 0.7070 | 
Epoch: 30 | train_loss: 0.4242 | train_acc: 0.8362 | test_loss: 0.9606 | test_acc: 0.7422 | 
Epoch: 31 | train_loss: 0.4328 | train_acc: 0.8384 | test_loss: 0.8184 | test_acc: 0.7461 | 
Epoch: 32 | train_loss: 0.3890 | train_acc: 0.8599 | test_loss: 0.8871 | test_acc: 0.7109 | 
Epoch: 33 | train_loss: 0.3785 | train_acc: 0.8599 | test_loss: 0.8141 | test_acc: 0.7539 | 
Epoch: 34 | train_loss: 0.3853 | train_acc: 0.8438 | test_loss: 0.9360 | test_acc: 0.7148 | 
Epoch: 35 | train_loss: 0.4021 | train_acc: 0.8578 | test_loss: 0.9691 | test_acc: 0.6836 | 
Epoch: 36 | train_loss: 0.3852 | train_acc: 0.8707 | test_loss: 1.0078 | test_acc: 0.6875 | 
Epoch: 37 | train_loss: 0.3731 | train_acc: 0.8621 | test_loss: 0.8699 | test_acc: 0.7266 | 
Epoch: 38 | train_loss: 0.3286 | train_acc: 0.8901 | test_loss: 0.8451 | test_acc: 0.7422 | 
Epoch: 39 | train_loss: 0.3470 | train_acc: 0.8416 | test_loss: 1.2110 | test_acc: 0.6914 | 
Epoch: 40 | train_loss: 0.3764 | train_acc: 0.8351 | test_loss: 0.9774 | test_acc: 0.7148 | 
Epoch: 41 | train_loss: 0.3223 | train_acc: 0.8675 | test_loss: 0.8272 | test_acc: 0.7539 | 
Epoch: 42 | train_loss: 0.2739 | train_acc: 0.8825 | test_loss: 1.0560 | test_acc: 0.6719 | 
Epoch: 43 | train_loss: 0.2938 | train_acc: 0.9116 | test_loss: 1.0564 | test_acc: 0.6953 | 
Epoch: 44 | train_loss: 0.2806 | train_acc: 0.8815 | test_loss: 0.9694 | test_acc: 0.7383 | 
Epoch: 45 | train_loss: 0.3607 | train_acc: 0.8707 | test_loss: 1.0339 | test_acc: 0.7109 | 
Epoch: 46 | train_loss: 0.3151 | train_acc: 0.8955 | test_loss: 1.0114 | test_acc: 0.7031 | 
Epoch: 47 | train_loss: 0.2882 | train_acc: 0.9009 | test_loss: 0.9339 | test_acc: 0.7383 | 
Epoch: 48 | train_loss: 0.2799 | train_acc: 0.9062 | test_loss: 0.8934 | test_acc: 0.7344 | 
Epoch: 49 | train_loss: 0.2409 | train_acc: 0.9170 | test_loss: 0.9723 | test_acc: 0.7422 | 
Epoch: 50 | train_loss: 0.3771 | train_acc: 0.8836 | test_loss: 0.8962 | test_acc: 0.7539 | 
⏱️ Total training time: 87.230 seconds
📊 Bands [192, 369, 168] -> Fitness: 0.7539
Dataset initialized with pre-loaded data. Total samples: 897
Band indices for training dataloader: [243, 104, 64]
Dataset initialized with pre-loaded data. Total samples: 226
Band indices for test dataloader: [243, 104, 64]
🔍 Starting evaluation of individual [243, 104, 64]
Epoch: 1 | train_loss: 1.3767 | train_acc: 0.3416 | test_loss: 1.4055 | test_acc: 0.3320 | 
Epoch: 2 | train_loss: 1.2397 | train_acc: 0.4601 | test_loss: 1.2559 | test_acc: 0.4141 | 
Epoch: 3 | train_loss: 1.1368 | train_acc: 0.5000 | test_loss: 1.2026 | test_acc: 0.5156 | 
Epoch: 4 | train_loss: 1.0575 | train_acc: 0.5711 | test_loss: 1.2209 | test_acc: 0.4844 | 
Epoch: 5 | train_loss: 0.9686 | train_acc: 0.5916 | test_loss: 1.0162 | test_acc: 0.5664 | 
Epoch: 6 | train_loss: 0.9098 | train_acc: 0.6034 | test_loss: 1.1556 | test_acc: 0.5469 | 
Epoch: 7 | train_loss: 0.8751 | train_acc: 0.6552 | test_loss: 1.0362 | test_acc: 0.5742 | 
Epoch: 8 | train_loss: 0.7344 | train_acc: 0.7112 | test_loss: 1.0827 | test_acc: 0.6172 | 
Epoch: 9 | train_loss: 0.7295 | train_acc: 0.7241 | test_loss: 1.0066 | test_acc: 0.6367 | 
Epoch: 10 | train_loss: 0.7532 | train_acc: 0.7306 | test_loss: 0.9119 | test_acc: 0.7070 | 
Epoch: 11 | train_loss: 0.6533 | train_acc: 0.7446 | test_loss: 0.9089 | test_acc: 0.6758 | 
Epoch: 12 | train_loss: 0.6631 | train_acc: 0.7360 | test_loss: 0.9985 | test_acc: 0.6406 | 
Epoch: 13 | train_loss: 0.5539 | train_acc: 0.7963 | test_loss: 1.0857 | test_acc: 0.6992 | 
Epoch: 14 | train_loss: 0.6074 | train_acc: 0.7726 | test_loss: 0.9604 | test_acc: 0.6523 | 
Epoch: 15 | train_loss: 0.5363 | train_acc: 0.7942 | test_loss: 0.9011 | test_acc: 0.6680 | 
Epoch: 16 | train_loss: 0.4890 | train_acc: 0.8168 | test_loss: 1.0308 | test_acc: 0.6719 | 
Epoch: 17 | train_loss: 0.5014 | train_acc: 0.8168 | test_loss: 0.9155 | test_acc: 0.7148 | 
Epoch: 18 | train_loss: 0.4082 | train_acc: 0.8621 | test_loss: 0.8896 | test_acc: 0.6836 | 
Epoch: 19 | train_loss: 0.3878 | train_acc: 0.8416 | test_loss: 1.0821 | test_acc: 0.7227 | 
Epoch: 20 | train_loss: 0.4410 | train_acc: 0.8103 | test_loss: 0.9024 | test_acc: 0.7305 | 
Epoch: 21 | train_loss: 0.3758 | train_acc: 0.8718 | test_loss: 0.9160 | test_acc: 0.7266 | 
Epoch: 22 | train_loss: 0.4465 | train_acc: 0.8200 | test_loss: 0.8491 | test_acc: 0.7305 | 
Epoch: 23 | train_loss: 0.3963 | train_acc: 0.8330 | test_loss: 0.8466 | test_acc: 0.7344 | 
Epoch: 24 | train_loss: 0.3440 | train_acc: 0.8772 | test_loss: 0.9141 | test_acc: 0.7344 | 
Epoch: 25 | train_loss: 0.2957 | train_acc: 0.9041 | test_loss: 0.9533 | test_acc: 0.6797 | 
Epoch: 26 | train_loss: 0.3550 | train_acc: 0.8642 | test_loss: 1.0109 | test_acc: 0.7344 | 
Epoch: 27 | train_loss: 0.2755 | train_acc: 0.8976 | test_loss: 0.9087 | test_acc: 0.7305 | 
Epoch: 28 | train_loss: 0.2428 | train_acc: 0.9246 | test_loss: 0.9610 | test_acc: 0.7422 | 
Epoch: 29 | train_loss: 0.3721 | train_acc: 0.8825 | test_loss: 0.9641 | test_acc: 0.7344 | 
Epoch: 30 | train_loss: 0.4197 | train_acc: 0.8524 | test_loss: 0.8314 | test_acc: 0.7422 | 
Epoch: 31 | train_loss: 0.3121 | train_acc: 0.8858 | test_loss: 0.9034 | test_acc: 0.7578 | 
Epoch: 32 | train_loss: 0.2387 | train_acc: 0.9246 | test_loss: 0.8705 | test_acc: 0.7695 | 
Epoch: 33 | train_loss: 0.2425 | train_acc: 0.8879 | test_loss: 0.9688 | test_acc: 0.7617 | 
Epoch: 34 | train_loss: 0.2824 | train_acc: 0.9095 | test_loss: 0.9782 | test_acc: 0.7305 | 
Epoch: 35 | train_loss: 0.2879 | train_acc: 0.9106 | test_loss: 1.0502 | test_acc: 0.7422 | 
Epoch: 36 | train_loss: 0.3267 | train_acc: 0.8610 | test_loss: 0.8965 | test_acc: 0.7383 | 
Epoch: 37 | train_loss: 0.3186 | train_acc: 0.8772 | test_loss: 0.8381 | test_acc: 0.7656 | 
Epoch: 38 | train_loss: 0.2857 | train_acc: 0.8933 | test_loss: 0.8735 | test_acc: 0.7539 | 
Epoch: 39 | train_loss: 0.2396 | train_acc: 0.9073 | test_loss: 0.8557 | test_acc: 0.7773 | 
Epoch: 40 | train_loss: 0.3800 | train_acc: 0.8912 | test_loss: 0.8971 | test_acc: 0.7773 | 
Epoch: 41 | train_loss: 0.2719 | train_acc: 0.8869 | test_loss: 0.9174 | test_acc: 0.7656 | 
Epoch: 42 | train_loss: 0.2546 | train_acc: 0.8793 | test_loss: 0.7677 | test_acc: 0.7578 | 
Epoch: 43 | train_loss: 0.2492 | train_acc: 0.9062 | test_loss: 0.8559 | test_acc: 0.7266 | 
Epoch: 44 | train_loss: 0.2189 | train_acc: 0.9300 | test_loss: 0.8962 | test_acc: 0.7578 | 
Epoch: 45 | train_loss: 0.2064 | train_acc: 0.9386 | test_loss: 0.9531 | test_acc: 0.7539 | 
Epoch: 46 | train_loss: 0.2321 | train_acc: 0.8987 | test_loss: 0.8827 | test_acc: 0.7773 | 
Epoch: 47 | train_loss: 0.2057 | train_acc: 0.9138 | test_loss: 1.0025 | test_acc: 0.7617 | 
Epoch: 48 | train_loss: 0.1386 | train_acc: 0.9558 | test_loss: 0.8929 | test_acc: 0.7930 | 
Epoch: 49 | train_loss: 0.1713 | train_acc: 0.9397 | test_loss: 0.9055 | test_acc: 0.7695 | 
Epoch: 50 | train_loss: 0.2582 | train_acc: 0.9149 | test_loss: 0.9136 | test_acc: 0.7773 | 
⏱️ Total training time: 84.124 seconds
📊 Bands [243, 104, 64] -> Fitness: 0.7773
Dataset initialized with pre-loaded data. Total samples: 897
Band indices for training dataloader: [212, 86, 247]
Dataset initialized with pre-loaded data. Total samples: 226
Band indices for test dataloader: [212, 86, 247]
🔍 Starting evaluation of individual [212, 86, 247]
Epoch: 1 | train_loss: 1.3490 | train_acc: 0.3448 | test_loss: 1.3191 | test_acc: 0.4141 | 
Epoch: 2 | train_loss: 1.1990 | train_acc: 0.5000 | test_loss: 1.2990 | test_acc: 0.4609 | 
Epoch: 3 | train_loss: 1.1152 | train_acc: 0.5377 | test_loss: 1.1357 | test_acc: 0.5742 | 
Epoch: 4 | train_loss: 1.0472 | train_acc: 0.5733 | test_loss: 1.1451 | test_acc: 0.4609 | 
Epoch: 5 | train_loss: 0.9420 | train_acc: 0.5894 | test_loss: 1.1341 | test_acc: 0.5742 | 
Epoch: 6 | train_loss: 0.9276 | train_acc: 0.5851 | test_loss: 1.0350 | test_acc: 0.6523 | 
Epoch: 7 | train_loss: 0.8577 | train_acc: 0.6466 | test_loss: 1.1337 | test_acc: 0.6016 | 
Epoch: 8 | train_loss: 0.7748 | train_acc: 0.7047 | test_loss: 1.0960 | test_acc: 0.5742 | 
Epoch: 9 | train_loss: 0.6640 | train_acc: 0.7489 | test_loss: 1.0825 | test_acc: 0.6562 | 
Epoch: 10 | train_loss: 0.7055 | train_acc: 0.7284 | test_loss: 0.9958 | test_acc: 0.6641 | 
Epoch: 11 | train_loss: 0.6990 | train_acc: 0.7295 | test_loss: 0.8780 | test_acc: 0.6914 | 
Epoch: 12 | train_loss: 0.6687 | train_acc: 0.7608 | test_loss: 0.7830 | test_acc: 0.7383 | 
Epoch: 13 | train_loss: 0.5877 | train_acc: 0.7920 | test_loss: 0.9540 | test_acc: 0.6602 | 
Epoch: 14 | train_loss: 0.5874 | train_acc: 0.7963 | test_loss: 0.8543 | test_acc: 0.7031 | 
Epoch: 15 | train_loss: 0.6367 | train_acc: 0.7662 | test_loss: 0.9733 | test_acc: 0.6289 | 
Epoch: 16 | train_loss: 0.5425 | train_acc: 0.8006 | test_loss: 0.8390 | test_acc: 0.7148 | 
Epoch: 17 | train_loss: 0.5004 | train_acc: 0.8254 | test_loss: 1.0140 | test_acc: 0.6562 | 
Epoch: 18 | train_loss: 0.4822 | train_acc: 0.8211 | test_loss: 0.7967 | test_acc: 0.7227 | 
Epoch: 19 | train_loss: 0.4083 | train_acc: 0.8556 | test_loss: 0.9424 | test_acc: 0.7266 | 
Epoch: 20 | train_loss: 0.3682 | train_acc: 0.8556 | test_loss: 0.8999 | test_acc: 0.7383 | 
Epoch: 21 | train_loss: 0.3709 | train_acc: 0.8707 | test_loss: 0.7649 | test_acc: 0.7344 | 
Epoch: 22 | train_loss: 0.3191 | train_acc: 0.8804 | test_loss: 0.8614 | test_acc: 0.7305 | 
Epoch: 23 | train_loss: 0.4025 | train_acc: 0.8610 | test_loss: 0.9183 | test_acc: 0.7383 | 
Epoch: 24 | train_loss: 0.4784 | train_acc: 0.8222 | test_loss: 0.9087 | test_acc: 0.7188 | 
Epoch: 25 | train_loss: 0.3864 | train_acc: 0.8567 | test_loss: 0.8847 | test_acc: 0.7148 | 
Epoch: 26 | train_loss: 0.4319 | train_acc: 0.8384 | test_loss: 0.9826 | test_acc: 0.7031 | 
Epoch: 27 | train_loss: 0.3324 | train_acc: 0.8825 | test_loss: 0.8570 | test_acc: 0.7031 | 
Epoch: 28 | train_loss: 0.3564 | train_acc: 0.8718 | test_loss: 1.0282 | test_acc: 0.6719 | 
Epoch: 29 | train_loss: 0.2926 | train_acc: 0.8621 | test_loss: 0.8806 | test_acc: 0.7109 | 
Epoch: 30 | train_loss: 0.3426 | train_acc: 0.8459 | test_loss: 0.8495 | test_acc: 0.7031 | 
Epoch: 31 | train_loss: 0.3581 | train_acc: 0.8675 | test_loss: 0.8364 | test_acc: 0.7305 | 
Epoch: 32 | train_loss: 0.3686 | train_acc: 0.8513 | test_loss: 0.8352 | test_acc: 0.7383 | 
Epoch: 33 | train_loss: 0.3115 | train_acc: 0.8718 | test_loss: 1.0549 | test_acc: 0.7070 | 
Epoch: 34 | train_loss: 0.2813 | train_acc: 0.9138 | test_loss: 0.8246 | test_acc: 0.7461 | 
Epoch: 35 | train_loss: 0.2625 | train_acc: 0.8815 | test_loss: 0.8032 | test_acc: 0.7461 | 
Epoch: 36 | train_loss: 0.2771 | train_acc: 0.8847 | test_loss: 0.7707 | test_acc: 0.8008 | 
Epoch: 37 | train_loss: 0.2516 | train_acc: 0.9192 | test_loss: 0.8963 | test_acc: 0.6914 | 
Epoch: 38 | train_loss: 0.3074 | train_acc: 0.8772 | test_loss: 0.9101 | test_acc: 0.7383 | 
Epoch: 39 | train_loss: 0.2716 | train_acc: 0.9073 | test_loss: 0.8462 | test_acc: 0.7656 | 
Epoch: 40 | train_loss: 0.2125 | train_acc: 0.9407 | test_loss: 0.8665 | test_acc: 0.7539 | 
Epoch: 41 | train_loss: 0.2154 | train_acc: 0.9256 | test_loss: 0.8095 | test_acc: 0.7617 | 
Epoch: 42 | train_loss: 0.3274 | train_acc: 0.8836 | test_loss: 0.7674 | test_acc: 0.7812 | 
Epoch: 43 | train_loss: 0.2715 | train_acc: 0.9106 | test_loss: 0.7851 | test_acc: 0.7305 | 
Epoch: 44 | train_loss: 0.2678 | train_acc: 0.8998 | test_loss: 0.8365 | test_acc: 0.7500 | 
Epoch: 45 | train_loss: 0.2985 | train_acc: 0.8825 | test_loss: 0.8236 | test_acc: 0.7656 | 
Epoch: 46 | train_loss: 0.2372 | train_acc: 0.9203 | test_loss: 0.8583 | test_acc: 0.7461 | 
Epoch: 47 | train_loss: 0.2963 | train_acc: 0.9030 | test_loss: 0.9311 | test_acc: 0.7305 | 
Epoch: 48 | train_loss: 0.2412 | train_acc: 0.9267 | test_loss: 0.8034 | test_acc: 0.7578 | 
Epoch: 49 | train_loss: 0.2785 | train_acc: 0.8933 | test_loss: 0.8661 | test_acc: 0.7500 | 
Epoch: 50 | train_loss: 0.2839 | train_acc: 0.8847 | test_loss: 0.8585 | test_acc: 0.7422 | 
⏱️ Total training time: 86.537 seconds
📊 Bands [212, 86, 247] -> Fitness: 0.7422
Dataset initialized with pre-loaded data. Total samples: 897
Band indices for training dataloader: [181, 294, 99]
Dataset initialized with pre-loaded data. Total samples: 226
Band indices for test dataloader: [181, 294, 99]
🔍 Starting evaluation of individual [181, 294, 99]
Epoch: 1 | train_loss: 1.3818 | train_acc: 0.3136 | test_loss: 1.2823 | test_acc: 0.3477 | 
Epoch: 2 | train_loss: 1.2481 | train_acc: 0.4300 | test_loss: 1.2452 | test_acc: 0.4961 | 
Epoch: 3 | train_loss: 1.1773 | train_acc: 0.4720 | test_loss: 1.3166 | test_acc: 0.4453 | 
Epoch: 4 | train_loss: 1.1202 | train_acc: 0.5291 | test_loss: 1.0702 | test_acc: 0.6250 | 
Epoch: 5 | train_loss: 0.9388 | train_acc: 0.6358 | test_loss: 1.1563 | test_acc: 0.5391 | 
Epoch: 6 | train_loss: 0.9363 | train_acc: 0.6422 | test_loss: 1.1505 | test_acc: 0.5195 | 
Epoch: 7 | train_loss: 0.8494 | train_acc: 0.6412 | test_loss: 1.1099 | test_acc: 0.5820 | 
Epoch: 8 | train_loss: 0.8859 | train_acc: 0.6422 | test_loss: 1.1647 | test_acc: 0.5664 | 
Epoch: 9 | train_loss: 0.7819 | train_acc: 0.6821 | test_loss: 1.4144 | test_acc: 0.4844 | 
Epoch: 10 | train_loss: 0.7842 | train_acc: 0.6832 | test_loss: 1.3630 | test_acc: 0.6016 | 
Epoch: 11 | train_loss: 0.6718 | train_acc: 0.7328 | test_loss: 1.3583 | test_acc: 0.5039 | 
Epoch: 12 | train_loss: 0.6913 | train_acc: 0.7058 | test_loss: 1.2370 | test_acc: 0.5820 | 
Epoch: 13 | train_loss: 0.6460 | train_acc: 0.7565 | test_loss: 1.1368 | test_acc: 0.6094 | 
Epoch: 14 | train_loss: 0.6309 | train_acc: 0.7511 | test_loss: 0.9515 | test_acc: 0.5859 | 
Epoch: 15 | train_loss: 0.6527 | train_acc: 0.7522 | test_loss: 0.9464 | test_acc: 0.6992 | 
Epoch: 16 | train_loss: 0.5584 | train_acc: 0.7909 | test_loss: 0.8886 | test_acc: 0.6992 | 
Epoch: 17 | train_loss: 0.5364 | train_acc: 0.7931 | test_loss: 1.0657 | test_acc: 0.6836 | 
Epoch: 18 | train_loss: 0.6619 | train_acc: 0.7640 | test_loss: 0.8913 | test_acc: 0.6797 | 
Epoch: 19 | train_loss: 0.5719 | train_acc: 0.7953 | test_loss: 0.8213 | test_acc: 0.7031 | 
Epoch: 20 | train_loss: 0.5253 | train_acc: 0.7759 | test_loss: 0.7818 | test_acc: 0.7227 | 
Epoch: 21 | train_loss: 0.5650 | train_acc: 0.8006 | test_loss: 0.7875 | test_acc: 0.7070 | 
Epoch: 22 | train_loss: 0.4845 | train_acc: 0.8017 | test_loss: 0.9148 | test_acc: 0.7109 | 
Epoch: 23 | train_loss: 0.5298 | train_acc: 0.8157 | test_loss: 1.0379 | test_acc: 0.6523 | 
Epoch: 24 | train_loss: 0.4534 | train_acc: 0.8276 | test_loss: 0.8063 | test_acc: 0.7344 | 
Epoch: 25 | train_loss: 0.4370 | train_acc: 0.8438 | test_loss: 0.9583 | test_acc: 0.7188 | 
Epoch: 26 | train_loss: 0.3752 | train_acc: 0.8728 | test_loss: 0.9649 | test_acc: 0.7109 | 
Epoch: 27 | train_loss: 0.4245 | train_acc: 0.8308 | test_loss: 0.8691 | test_acc: 0.7266 | 
Epoch: 28 | train_loss: 0.3684 | train_acc: 0.8761 | test_loss: 0.8931 | test_acc: 0.7266 | 
Epoch: 29 | train_loss: 0.4323 | train_acc: 0.8481 | test_loss: 0.9530 | test_acc: 0.7188 | 
Epoch: 30 | train_loss: 0.4776 | train_acc: 0.8168 | test_loss: 1.0485 | test_acc: 0.6914 | 
Epoch: 31 | train_loss: 0.4219 | train_acc: 0.8254 | test_loss: 0.8842 | test_acc: 0.7344 | 
Epoch: 32 | train_loss: 0.2819 | train_acc: 0.9095 | test_loss: 0.9029 | test_acc: 0.7500 | 
Epoch: 33 | train_loss: 0.2564 | train_acc: 0.9170 | test_loss: 1.0427 | test_acc: 0.7070 | 
Epoch: 34 | train_loss: 0.2515 | train_acc: 0.9041 | test_loss: 0.9034 | test_acc: 0.7422 | 
Epoch: 35 | train_loss: 0.3336 | train_acc: 0.8567 | test_loss: 0.8685 | test_acc: 0.7422 | 
Epoch: 36 | train_loss: 0.3239 | train_acc: 0.8718 | test_loss: 0.8757 | test_acc: 0.7578 | 
Epoch: 37 | train_loss: 0.3284 | train_acc: 0.8631 | test_loss: 0.7394 | test_acc: 0.7539 | 
Epoch: 38 | train_loss: 0.3066 | train_acc: 0.8879 | test_loss: 0.7816 | test_acc: 0.7539 | 
Epoch: 39 | train_loss: 0.3284 | train_acc: 0.8847 | test_loss: 0.7674 | test_acc: 0.7891 | 
Epoch: 40 | train_loss: 0.4028 | train_acc: 0.8276 | test_loss: 0.7648 | test_acc: 0.7266 | 
Epoch: 41 | train_loss: 0.3015 | train_acc: 0.8728 | test_loss: 0.8247 | test_acc: 0.7617 | 
Epoch: 42 | train_loss: 0.3312 | train_acc: 0.8804 | test_loss: 0.8990 | test_acc: 0.7305 | 
Epoch: 43 | train_loss: 0.2657 | train_acc: 0.9041 | test_loss: 0.7853 | test_acc: 0.7578 | 
Epoch: 44 | train_loss: 0.2284 | train_acc: 0.9246 | test_loss: 0.7493 | test_acc: 0.7422 | 
Epoch: 45 | train_loss: 0.2499 | train_acc: 0.9213 | test_loss: 0.8754 | test_acc: 0.7500 | 
Epoch: 46 | train_loss: 0.2666 | train_acc: 0.8825 | test_loss: 0.8978 | test_acc: 0.7578 | 
Epoch: 47 | train_loss: 0.3083 | train_acc: 0.8976 | test_loss: 0.8087 | test_acc: 0.7695 | 
Epoch: 48 | train_loss: 0.3297 | train_acc: 0.8772 | test_loss: 0.7910 | test_acc: 0.7500 | 
Epoch: 49 | train_loss: 0.3373 | train_acc: 0.8869 | test_loss: 0.8100 | test_acc: 0.7383 | 
Epoch: 50 | train_loss: 0.2740 | train_acc: 0.8955 | test_loss: 0.7770 | test_acc: 0.7812 | 
⏱️ Total training time: 87.206 seconds
📊 Bands [181, 294, 99] -> Fitness: 0.7812
Dataset initialized with pre-loaded data. Total samples: 897
Band indices for training dataloader: [72, 114, 278]
Dataset initialized with pre-loaded data. Total samples: 226
Band indices for test dataloader: [72, 114, 278]
🔍 Starting evaluation of individual [72, 114, 278]
Epoch: 1 | train_loss: 1.3488 | train_acc: 0.3039 | test_loss: 1.4490 | test_acc: 0.4102 | 
Epoch: 2 | train_loss: 1.2711 | train_acc: 0.4397 | test_loss: 1.2434 | test_acc: 0.4062 | 
Epoch: 3 | train_loss: 1.1657 | train_acc: 0.4698 | test_loss: 1.1946 | test_acc: 0.4570 | 
Epoch: 4 | train_loss: 1.0672 | train_acc: 0.5442 | test_loss: 1.1568 | test_acc: 0.5312 | 
Epoch: 5 | train_loss: 1.0363 | train_acc: 0.5539 | test_loss: 1.1167 | test_acc: 0.5391 | 
Epoch: 6 | train_loss: 0.9431 | train_acc: 0.6261 | test_loss: 1.1846 | test_acc: 0.5312 | 
Epoch: 7 | train_loss: 0.8355 | train_acc: 0.6853 | test_loss: 1.1827 | test_acc: 0.5781 | 
Epoch: 8 | train_loss: 0.8076 | train_acc: 0.6789 | test_loss: 1.0281 | test_acc: 0.5938 | 
Epoch: 9 | train_loss: 0.8520 | train_acc: 0.6606 | test_loss: 0.9463 | test_acc: 0.6445 | 
Epoch: 10 | train_loss: 0.7470 | train_acc: 0.7274 | test_loss: 1.0477 | test_acc: 0.5703 | 
Epoch: 11 | train_loss: 0.6994 | train_acc: 0.7252 | test_loss: 1.0567 | test_acc: 0.6367 | 
Epoch: 12 | train_loss: 0.6827 | train_acc: 0.7338 | test_loss: 1.1211 | test_acc: 0.6445 | 
Epoch: 13 | train_loss: 0.6063 | train_acc: 0.7565 | test_loss: 1.1178 | test_acc: 0.6250 | 
Epoch: 14 | train_loss: 0.5943 | train_acc: 0.7802 | test_loss: 1.0235 | test_acc: 0.6641 | 
Epoch: 15 | train_loss: 0.5757 | train_acc: 0.7737 | test_loss: 1.2118 | test_acc: 0.6328 | 
Epoch: 16 | train_loss: 0.5026 | train_acc: 0.8017 | test_loss: 1.0244 | test_acc: 0.6680 | 
Epoch: 17 | train_loss: 0.5232 | train_acc: 0.7834 | test_loss: 1.1128 | test_acc: 0.5898 | 
Epoch: 18 | train_loss: 0.4932 | train_acc: 0.8265 | test_loss: 1.1327 | test_acc: 0.6289 | 
Epoch: 19 | train_loss: 0.5318 | train_acc: 0.7963 | test_loss: 1.2897 | test_acc: 0.6602 | 
Epoch: 20 | train_loss: 0.4238 | train_acc: 0.8341 | test_loss: 0.9815 | test_acc: 0.6875 | 
Epoch: 21 | train_loss: 0.4280 | train_acc: 0.8114 | test_loss: 1.2014 | test_acc: 0.6328 | 
Epoch: 22 | train_loss: 0.4506 | train_acc: 0.8103 | test_loss: 0.9438 | test_acc: 0.6758 | 
Epoch: 23 | train_loss: 0.4795 | train_acc: 0.8394 | test_loss: 0.9919 | test_acc: 0.6523 | 
Epoch: 24 | train_loss: 0.3522 | train_acc: 0.8631 | test_loss: 0.8301 | test_acc: 0.7188 | 
Epoch: 25 | train_loss: 0.3499 | train_acc: 0.8675 | test_loss: 0.9484 | test_acc: 0.6406 | 
Epoch: 26 | train_loss: 0.3266 | train_acc: 0.8858 | test_loss: 1.1389 | test_acc: 0.6250 | 
Epoch: 27 | train_loss: 0.4128 | train_acc: 0.8405 | test_loss: 1.0020 | test_acc: 0.7070 | 
Epoch: 28 | train_loss: 0.4362 | train_acc: 0.8330 | test_loss: 0.8266 | test_acc: 0.7305 | 
Epoch: 29 | train_loss: 0.3441 | train_acc: 0.8858 | test_loss: 0.8886 | test_acc: 0.6797 | 
Epoch: 30 | train_loss: 0.2840 | train_acc: 0.9041 | test_loss: 1.0525 | test_acc: 0.6641 | 
Epoch: 31 | train_loss: 0.4112 | train_acc: 0.8545 | test_loss: 1.4619 | test_acc: 0.6211 | 
Epoch: 32 | train_loss: 0.3153 | train_acc: 0.8642 | test_loss: 0.8089 | test_acc: 0.7461 | 
Epoch: 33 | train_loss: 0.3071 | train_acc: 0.8782 | test_loss: 0.8060 | test_acc: 0.7539 | 
Epoch: 34 | train_loss: 0.3525 | train_acc: 0.8815 | test_loss: 0.9822 | test_acc: 0.7266 | 
Epoch: 35 | train_loss: 0.2537 | train_acc: 0.8922 | test_loss: 0.9005 | test_acc: 0.7461 | 
Epoch: 36 | train_loss: 0.2968 | train_acc: 0.9073 | test_loss: 0.7909 | test_acc: 0.7695 | 
Epoch: 37 | train_loss: 0.3478 | train_acc: 0.8685 | test_loss: 0.9734 | test_acc: 0.6758 | 
Epoch: 38 | train_loss: 0.2563 | train_acc: 0.9213 | test_loss: 1.0425 | test_acc: 0.6523 | 
Epoch: 39 | train_loss: 0.2731 | train_acc: 0.8890 | test_loss: 1.0001 | test_acc: 0.6914 | 
Epoch: 40 | train_loss: 0.3034 | train_acc: 0.9019 | test_loss: 0.8847 | test_acc: 0.7461 | 
Epoch: 41 | train_loss: 0.2588 | train_acc: 0.8944 | test_loss: 0.8028 | test_acc: 0.7383 | 
Epoch: 42 | train_loss: 0.2539 | train_acc: 0.8847 | test_loss: 0.9486 | test_acc: 0.7578 | 
Epoch: 43 | train_loss: 0.3274 | train_acc: 0.8761 | test_loss: 0.9474 | test_acc: 0.7188 | 
Epoch: 44 | train_loss: 0.3727 | train_acc: 0.8707 | test_loss: 0.9850 | test_acc: 0.7070 | 
Epoch: 45 | train_loss: 0.2346 | train_acc: 0.9213 | test_loss: 0.7766 | test_acc: 0.7500 | 
Epoch: 46 | train_loss: 0.2824 | train_acc: 0.9019 | test_loss: 0.8141 | test_acc: 0.7578 | 
Epoch: 47 | train_loss: 0.2086 | train_acc: 0.9310 | test_loss: 0.9588 | test_acc: 0.7188 | 
Epoch: 48 | train_loss: 0.2164 | train_acc: 0.9450 | test_loss: 0.9611 | test_acc: 0.7266 | 
Epoch: 49 | train_loss: 0.2457 | train_acc: 0.9052 | test_loss: 0.9563 | test_acc: 0.7266 | 
Epoch: 50 | train_loss: 0.2953 | train_acc: 0.8922 | test_loss: 0.9588 | test_acc: 0.7070 | 
⏱️ Total training time: 89.692 seconds
📊 Bands [72, 114, 278] -> Fitness: 0.7070
Dataset initialized with pre-loaded data. Total samples: 897
Band indices for training dataloader: [55, 327, 115]
Dataset initialized with pre-loaded data. Total samples: 226
Band indices for test dataloader: [55, 327, 115]
🔍 Starting evaluation of individual [55, 327, 115]
Epoch: 1 | train_loss: 1.3613 | train_acc: 0.3534 | test_loss: 1.2860 | test_acc: 0.3672 | 
Epoch: 2 | train_loss: 1.2930 | train_acc: 0.4192 | test_loss: 1.2479 | test_acc: 0.4727 | 
Epoch: 3 | train_loss: 1.1731 | train_acc: 0.5022 | test_loss: 1.1704 | test_acc: 0.4727 | 
Epoch: 4 | train_loss: 1.1152 | train_acc: 0.5216 | test_loss: 1.2400 | test_acc: 0.5352 | 
Epoch: 5 | train_loss: 1.0185 | train_acc: 0.6099 | test_loss: 1.2758 | test_acc: 0.4961 | 
Epoch: 6 | train_loss: 0.9788 | train_acc: 0.6088 | test_loss: 1.0524 | test_acc: 0.6211 | 
Epoch: 7 | train_loss: 0.9238 | train_acc: 0.6110 | test_loss: 1.2944 | test_acc: 0.5508 | 
Epoch: 8 | train_loss: 0.8197 | train_acc: 0.6379 | test_loss: 0.9521 | test_acc: 0.6445 | 
Epoch: 9 | train_loss: 0.7637 | train_acc: 0.7198 | test_loss: 1.1907 | test_acc: 0.5781 | 
Epoch: 10 | train_loss: 0.7625 | train_acc: 0.6789 | test_loss: 1.2553 | test_acc: 0.4648 | 
Epoch: 11 | train_loss: 0.7007 | train_acc: 0.7381 | test_loss: 1.1757 | test_acc: 0.5156 | 
Epoch: 12 | train_loss: 0.7334 | train_acc: 0.6983 | test_loss: 1.0557 | test_acc: 0.5938 | 
Epoch: 13 | train_loss: 0.6029 | train_acc: 0.7877 | test_loss: 1.0608 | test_acc: 0.5820 | 
Epoch: 14 | train_loss: 0.6676 | train_acc: 0.7532 | test_loss: 0.8783 | test_acc: 0.6836 | 
Epoch: 15 | train_loss: 0.6727 | train_acc: 0.7263 | test_loss: 1.0667 | test_acc: 0.5273 | 
Epoch: 16 | train_loss: 0.6034 | train_acc: 0.7856 | test_loss: 0.9496 | test_acc: 0.6172 | 
Epoch: 17 | train_loss: 0.6250 | train_acc: 0.7683 | test_loss: 0.8943 | test_acc: 0.6875 | 
Epoch: 18 | train_loss: 0.5009 | train_acc: 0.8211 | test_loss: 1.1993 | test_acc: 0.5938 | 
Epoch: 19 | train_loss: 0.5629 | train_acc: 0.7953 | test_loss: 1.0364 | test_acc: 0.6562 | 
Epoch: 20 | train_loss: 0.4845 | train_acc: 0.7877 | test_loss: 1.0586 | test_acc: 0.6367 | 
Epoch: 21 | train_loss: 0.5474 | train_acc: 0.8136 | test_loss: 1.1125 | test_acc: 0.6758 | 
Epoch: 22 | train_loss: 0.5302 | train_acc: 0.8157 | test_loss: 0.8884 | test_acc: 0.6953 | 
Epoch: 23 | train_loss: 0.4861 | train_acc: 0.8287 | test_loss: 1.0509 | test_acc: 0.7031 | 
Epoch: 24 | train_loss: 0.4096 | train_acc: 0.8599 | test_loss: 0.9993 | test_acc: 0.6797 | 
Epoch: 25 | train_loss: 0.6004 | train_acc: 0.8190 | test_loss: 0.9265 | test_acc: 0.7031 | 
Epoch: 26 | train_loss: 0.4691 | train_acc: 0.8190 | test_loss: 1.1127 | test_acc: 0.6797 | 
Epoch: 27 | train_loss: 0.4534 | train_acc: 0.8244 | test_loss: 0.9382 | test_acc: 0.7109 | 
Epoch: 28 | train_loss: 0.3941 | train_acc: 0.8362 | test_loss: 0.7730 | test_acc: 0.7344 | 
Epoch: 29 | train_loss: 0.4238 | train_acc: 0.8362 | test_loss: 0.8502 | test_acc: 0.7383 | 
Epoch: 30 | train_loss: 0.4020 | train_acc: 0.8427 | test_loss: 0.9046 | test_acc: 0.7266 | 
Epoch: 31 | train_loss: 0.3613 | train_acc: 0.8739 | test_loss: 0.9576 | test_acc: 0.7148 | 
Epoch: 32 | train_loss: 0.3803 | train_acc: 0.8664 | test_loss: 0.8729 | test_acc: 0.7070 | 
Epoch: 33 | train_loss: 0.3911 | train_acc: 0.8610 | test_loss: 0.8397 | test_acc: 0.7305 | 
Epoch: 34 | train_loss: 0.2997 | train_acc: 0.8901 | test_loss: 1.0069 | test_acc: 0.7383 | 
Epoch: 35 | train_loss: 0.3775 | train_acc: 0.8556 | test_loss: 0.9521 | test_acc: 0.7188 | 
Epoch: 36 | train_loss: 0.3749 | train_acc: 0.8567 | test_loss: 0.9797 | test_acc: 0.6875 | 
Epoch: 37 | train_loss: 0.3389 | train_acc: 0.8599 | test_loss: 1.2286 | test_acc: 0.6719 | 
Epoch: 38 | train_loss: 0.3508 | train_acc: 0.8642 | test_loss: 1.1119 | test_acc: 0.7070 | 
Epoch: 39 | train_loss: 0.3211 | train_acc: 0.8750 | test_loss: 0.9243 | test_acc: 0.7344 | 
Epoch: 40 | train_loss: 0.3270 | train_acc: 0.8987 | test_loss: 0.9683 | test_acc: 0.6719 | 
Epoch: 41 | train_loss: 0.3365 | train_acc: 0.8761 | test_loss: 0.9597 | test_acc: 0.6758 | 
Epoch: 42 | train_loss: 0.3077 | train_acc: 0.8750 | test_loss: 0.9984 | test_acc: 0.7031 | 
Epoch: 43 | train_loss: 0.2415 | train_acc: 0.9073 | test_loss: 0.8777 | test_acc: 0.7422 | 
Epoch: 44 | train_loss: 0.3285 | train_acc: 0.8696 | test_loss: 0.8766 | test_acc: 0.7227 | 
Epoch: 45 | train_loss: 0.2935 | train_acc: 0.8793 | test_loss: 0.8632 | test_acc: 0.7227 | 
Epoch: 46 | train_loss: 0.3562 | train_acc: 0.8933 | test_loss: 1.0209 | test_acc: 0.7148 | 
Epoch: 47 | train_loss: 0.3269 | train_acc: 0.8761 | test_loss: 1.0040 | test_acc: 0.7148 | 
Epoch: 48 | train_loss: 0.3076 | train_acc: 0.8804 | test_loss: 0.9838 | test_acc: 0.7227 | 
Epoch: 49 | train_loss: 0.2311 | train_acc: 0.9267 | test_loss: 0.9187 | test_acc: 0.7422 | 
Epoch: 50 | train_loss: 0.2596 | train_acc: 0.9116 | test_loss: 0.9695 | test_acc: 0.7148 | 
⏱️ Total training time: 86.593 seconds
📊 Bands [55, 327, 115] -> Fitness: 0.7148
Dataset initialized with pre-loaded data. Total samples: 897
Band indices for training dataloader: [53, 52, 269]
Dataset initialized with pre-loaded data. Total samples: 226
Band indices for test dataloader: [53, 52, 269]
🔍 Starting evaluation of individual [53, 52, 269]
Epoch: 1 | train_loss: 1.3737 | train_acc: 0.2953 | test_loss: 1.3331 | test_acc: 0.3672 | 
Epoch: 2 | train_loss: 1.2831 | train_acc: 0.3976 | test_loss: 1.2537 | test_acc: 0.4492 | 
Epoch: 3 | train_loss: 1.2304 | train_acc: 0.4504 | test_loss: 1.1355 | test_acc: 0.4922 | 
Epoch: 4 | train_loss: 1.1480 | train_acc: 0.5291 | test_loss: 1.1800 | test_acc: 0.5195 | 
Epoch: 5 | train_loss: 1.1530 | train_acc: 0.4968 | test_loss: 1.0942 | test_acc: 0.5469 | 
Epoch: 6 | train_loss: 1.0445 | train_acc: 0.5409 | test_loss: 1.1949 | test_acc: 0.5547 | 
Epoch: 7 | train_loss: 1.0396 | train_acc: 0.5571 | test_loss: 1.2316 | test_acc: 0.5273 | 
Epoch: 8 | train_loss: 0.9628 | train_acc: 0.5884 | test_loss: 1.1057 | test_acc: 0.6250 | 
Epoch: 9 | train_loss: 0.8943 | train_acc: 0.6347 | test_loss: 1.0730 | test_acc: 0.5547 | 
Epoch: 10 | train_loss: 0.8363 | train_acc: 0.6864 | test_loss: 1.1296 | test_acc: 0.5430 | 
Epoch: 11 | train_loss: 0.8261 | train_acc: 0.6519 | test_loss: 1.0110 | test_acc: 0.6094 | 
Epoch: 12 | train_loss: 0.7392 | train_acc: 0.7123 | test_loss: 1.0638 | test_acc: 0.5312 | 
Epoch: 13 | train_loss: 0.7731 | train_acc: 0.6875 | test_loss: 1.0336 | test_acc: 0.5547 | 
Epoch: 14 | train_loss: 0.7829 | train_acc: 0.6681 | test_loss: 1.0098 | test_acc: 0.6016 | 
Epoch: 15 | train_loss: 0.7261 | train_acc: 0.7144 | test_loss: 1.0036 | test_acc: 0.5703 | 
Epoch: 16 | train_loss: 0.7536 | train_acc: 0.6886 | test_loss: 1.0477 | test_acc: 0.5547 | 
Epoch: 17 | train_loss: 0.7160 | train_acc: 0.7101 | test_loss: 1.1229 | test_acc: 0.5664 | 
Epoch: 18 | train_loss: 0.6439 | train_acc: 0.7640 | test_loss: 1.0390 | test_acc: 0.5859 | 
Epoch: 19 | train_loss: 0.5838 | train_acc: 0.7856 | test_loss: 0.9770 | test_acc: 0.5586 | 
Epoch: 20 | train_loss: 0.5947 | train_acc: 0.7640 | test_loss: 0.9294 | test_acc: 0.6602 | 
Epoch: 21 | train_loss: 0.6056 | train_acc: 0.7586 | test_loss: 1.1231 | test_acc: 0.6484 | 
Epoch: 22 | train_loss: 0.6580 | train_acc: 0.7241 | test_loss: 1.0040 | test_acc: 0.6445 | 
Epoch: 23 | train_loss: 0.5552 | train_acc: 0.7899 | test_loss: 1.0785 | test_acc: 0.6289 | 
Epoch: 24 | train_loss: 0.5361 | train_acc: 0.7920 | test_loss: 1.1650 | test_acc: 0.6172 | 
Epoch: 25 | train_loss: 0.5341 | train_acc: 0.8071 | test_loss: 0.9925 | test_acc: 0.6016 | 
Epoch: 26 | train_loss: 0.5139 | train_acc: 0.8211 | test_loss: 1.4960 | test_acc: 0.4688 | 
Epoch: 27 | train_loss: 0.5864 | train_acc: 0.7726 | test_loss: 1.0029 | test_acc: 0.5391 | 
Epoch: 28 | train_loss: 0.5351 | train_acc: 0.7802 | test_loss: 0.9698 | test_acc: 0.5938 | 
Epoch: 29 | train_loss: 0.5030 | train_acc: 0.8050 | test_loss: 0.9491 | test_acc: 0.6328 | 
Epoch: 30 | train_loss: 0.4550 | train_acc: 0.8416 | test_loss: 1.1447 | test_acc: 0.5625 | 
Epoch: 31 | train_loss: 0.4332 | train_acc: 0.8438 | test_loss: 1.1825 | test_acc: 0.5898 | 
Epoch: 32 | train_loss: 0.4494 | train_acc: 0.8190 | test_loss: 1.0457 | test_acc: 0.5859 | 
Epoch: 33 | train_loss: 0.4974 | train_acc: 0.7899 | test_loss: 1.1138 | test_acc: 0.5625 | 
Epoch: 34 | train_loss: 0.4938 | train_acc: 0.8050 | test_loss: 0.9660 | test_acc: 0.5703 | 
Epoch: 35 | train_loss: 0.4433 | train_acc: 0.8330 | test_loss: 1.3446 | test_acc: 0.6367 | 
Epoch: 36 | train_loss: 0.4029 | train_acc: 0.8664 | test_loss: 0.8145 | test_acc: 0.7188 | 
Epoch: 37 | train_loss: 0.4697 | train_acc: 0.8200 | test_loss: 0.7920 | test_acc: 0.7148 | 
Epoch: 38 | train_loss: 0.4204 | train_acc: 0.8157 | test_loss: 0.9154 | test_acc: 0.6016 | 
Epoch: 39 | train_loss: 0.3801 | train_acc: 0.8642 | test_loss: 1.1030 | test_acc: 0.6367 | 
Epoch: 40 | train_loss: 0.3480 | train_acc: 0.8890 | test_loss: 1.0522 | test_acc: 0.6484 | 
Epoch: 41 | train_loss: 0.3388 | train_acc: 0.8524 | test_loss: 0.8972 | test_acc: 0.7305 | 
Epoch: 42 | train_loss: 0.3605 | train_acc: 0.8610 | test_loss: 1.1408 | test_acc: 0.6641 | 
Epoch: 43 | train_loss: 0.3881 | train_acc: 0.8481 | test_loss: 1.2186 | test_acc: 0.6094 | 
Epoch: 44 | train_loss: 0.3927 | train_acc: 0.8351 | test_loss: 0.9447 | test_acc: 0.6562 | 
Epoch: 45 | train_loss: 0.4080 | train_acc: 0.8502 | test_loss: 0.9966 | test_acc: 0.6719 | 
Epoch: 46 | train_loss: 0.3945 | train_acc: 0.8675 | test_loss: 1.1342 | test_acc: 0.6406 | 
Epoch: 47 | train_loss: 0.3713 | train_acc: 0.8513 | test_loss: 0.8454 | test_acc: 0.7344 | 
Epoch: 48 | train_loss: 0.2937 | train_acc: 0.8987 | test_loss: 1.1153 | test_acc: 0.6133 | 
Epoch: 49 | train_loss: 0.3020 | train_acc: 0.8815 | test_loss: 1.0203 | test_acc: 0.6602 | 
Epoch: 50 | train_loss: 0.3505 | train_acc: 0.8718 | test_loss: 1.0038 | test_acc: 0.7227 | 
⏱️ Total training time: 82.043 seconds
📊 Bands [53, 52, 269] -> Fitness: 0.7227
1  	16    	0.746289	0.0239678	0.707031	0.785156	Individual('h', [231, 104, 405])
Bands [279, 88, 106] found in history. Returning cached fitness.
Bands [279, 88, 106] found in history. Returning cached fitness.
Dataset initialized with pre-loaded data. Total samples: 897
Band indices for training dataloader: [288, 0, 238]
Dataset initialized with pre-loaded data. Total samples: 226
Band indices for test dataloader: [288, 0, 238]
🔍 Starting evaluation of individual [288, 0, 238]
Epoch: 1 | train_loss: 1.3860 | train_acc: 0.2705 | test_loss: 1.3081 | test_acc: 0.4414 | 
Epoch: 2 | train_loss: 1.3162 | train_acc: 0.3912 | test_loss: 1.2497 | test_acc: 0.4258 | 
Epoch: 3 | train_loss: 1.2422 | train_acc: 0.4364 | test_loss: 1.3868 | test_acc: 0.4570 | 
Epoch: 4 | train_loss: 1.2211 | train_acc: 0.4504 | test_loss: 1.3587 | test_acc: 0.4102 | 
Epoch: 5 | train_loss: 1.0883 | train_acc: 0.5571 | test_loss: 1.3100 | test_acc: 0.5273 | 
Epoch: 6 | train_loss: 1.0361 | train_acc: 0.5873 | test_loss: 1.1816 | test_acc: 0.5898 | 
Epoch: 7 | train_loss: 0.9840 | train_acc: 0.6056 | test_loss: 1.2677 | test_acc: 0.4297 | 
Epoch: 8 | train_loss: 0.8957 | train_acc: 0.6369 | test_loss: 1.0800 | test_acc: 0.5469 | 
Epoch: 9 | train_loss: 0.9612 | train_acc: 0.6336 | test_loss: 1.1813 | test_acc: 0.5625 | 
Epoch: 10 | train_loss: 0.8668 | train_acc: 0.6336 | test_loss: 1.3088 | test_acc: 0.4727 | 
Epoch: 11 | train_loss: 0.8156 | train_acc: 0.6821 | test_loss: 1.1942 | test_acc: 0.5273 | 
Epoch: 12 | train_loss: 0.7735 | train_acc: 0.6853 | test_loss: 1.1866 | test_acc: 0.5586 | 
Epoch: 13 | train_loss: 0.8117 | train_acc: 0.6778 | test_loss: 1.1074 | test_acc: 0.5547 | 
Epoch: 14 | train_loss: 0.6621 | train_acc: 0.7608 | test_loss: 1.2858 | test_acc: 0.5117 | 
Epoch: 15 | train_loss: 0.6900 | train_acc: 0.7220 | test_loss: 1.2667 | test_acc: 0.5508 | 
Epoch: 16 | train_loss: 0.6406 | train_acc: 0.7575 | test_loss: 1.3524 | test_acc: 0.5039 | 
Epoch: 17 | train_loss: 0.5854 | train_acc: 0.7705 | test_loss: 1.0799 | test_acc: 0.5977 | 
Epoch: 18 | train_loss: 0.5358 | train_acc: 0.8168 | test_loss: 1.0719 | test_acc: 0.5820 | 
Epoch: 19 | train_loss: 0.5500 | train_acc: 0.7877 | test_loss: 1.3344 | test_acc: 0.5508 | 
Epoch: 20 | train_loss: 0.5048 | train_acc: 0.7931 | test_loss: 1.0938 | test_acc: 0.5312 | 
Epoch: 21 | train_loss: 0.5906 | train_acc: 0.7877 | test_loss: 1.0592 | test_acc: 0.5625 | 
Epoch: 22 | train_loss: 0.4988 | train_acc: 0.8125 | test_loss: 1.3086 | test_acc: 0.5156 | 
Epoch: 23 | train_loss: 0.4813 | train_acc: 0.7996 | test_loss: 1.1174 | test_acc: 0.6641 | 
Epoch: 24 | train_loss: 0.4540 | train_acc: 0.8103 | test_loss: 1.0830 | test_acc: 0.6523 | 
Epoch: 25 | train_loss: 0.4227 | train_acc: 0.8578 | test_loss: 1.2347 | test_acc: 0.6055 | 
Epoch: 26 | train_loss: 0.6000 | train_acc: 0.8330 | test_loss: 1.1027 | test_acc: 0.6133 | 
Epoch: 27 | train_loss: 0.4431 | train_acc: 0.8405 | test_loss: 1.1893 | test_acc: 0.5508 | 
Epoch: 28 | train_loss: 0.4453 | train_acc: 0.8513 | test_loss: 1.0651 | test_acc: 0.6875 | 
Epoch: 29 | train_loss: 0.3767 | train_acc: 0.8631 | test_loss: 1.0528 | test_acc: 0.6250 | 
Epoch: 30 | train_loss: 0.5551 | train_acc: 0.8373 | test_loss: 1.1604 | test_acc: 0.6797 | 
Epoch: 31 | train_loss: 0.4399 | train_acc: 0.8341 | test_loss: 1.1492 | test_acc: 0.6406 | 
Epoch: 32 | train_loss: 0.4018 | train_acc: 0.8481 | test_loss: 1.2792 | test_acc: 0.5273 | 
Epoch: 33 | train_loss: 0.3753 | train_acc: 0.8578 | test_loss: 1.0724 | test_acc: 0.6562 | 
Epoch: 34 | train_loss: 0.4095 | train_acc: 0.8287 | test_loss: 1.1779 | test_acc: 0.6211 | 
Epoch: 35 | train_loss: 0.3997 | train_acc: 0.8481 | test_loss: 1.1955 | test_acc: 0.5781 | 
Epoch: 36 | train_loss: 0.3162 | train_acc: 0.8750 | test_loss: 1.1311 | test_acc: 0.5586 | 
Epoch: 37 | train_loss: 0.3176 | train_acc: 0.9127 | test_loss: 1.2198 | test_acc: 0.5391 | 
Epoch: 38 | train_loss: 0.2876 | train_acc: 0.9127 | test_loss: 1.2999 | test_acc: 0.5820 | 
Epoch: 39 | train_loss: 0.2761 | train_acc: 0.9062 | test_loss: 1.1858 | test_acc: 0.6797 | 
Epoch: 40 | train_loss: 0.3401 | train_acc: 0.8858 | test_loss: 1.1256 | test_acc: 0.6992 | 
Epoch: 41 | train_loss: 0.3184 | train_acc: 0.8901 | test_loss: 1.2964 | test_acc: 0.5859 | 
Epoch: 42 | train_loss: 0.3808 | train_acc: 0.8707 | test_loss: 1.3314 | test_acc: 0.5898 | 
Epoch: 43 | train_loss: 0.4086 | train_acc: 0.8524 | test_loss: 1.0490 | test_acc: 0.6836 | 
Epoch: 44 | train_loss: 0.3100 | train_acc: 0.8976 | test_loss: 1.0819 | test_acc: 0.6445 | 
Epoch: 45 | train_loss: 0.2774 | train_acc: 0.8804 | test_loss: 1.3897 | test_acc: 0.6367 | 
Epoch: 46 | train_loss: 0.3709 | train_acc: 0.8621 | test_loss: 1.1379 | test_acc: 0.6875 | 
Epoch: 47 | train_loss: 0.3136 | train_acc: 0.8825 | test_loss: 1.0265 | test_acc: 0.6953 | 
Epoch: 48 | train_loss: 0.2427 | train_acc: 0.9278 | test_loss: 1.1122 | test_acc: 0.6133 | 
Epoch: 49 | train_loss: 0.2759 | train_acc: 0.8879 | test_loss: 1.0939 | test_acc: 0.6602 | 
Epoch: 50 | train_loss: 0.2623 | train_acc: 0.8944 | test_loss: 1.1899 | test_acc: 0.6133 | 
⏱️ Total training time: 84.802 seconds
📊 Bands [288, 0, 238] -> Fitness: 0.6133
Dataset initialized with pre-loaded data. Total samples: 897
Band indices for training dataloader: [122, 416, 262]
Dataset initialized with pre-loaded data. Total samples: 226
Band indices for test dataloader: [122, 416, 262]
🔍 Starting evaluation of individual [122, 416, 262]
Epoch: 1 | train_loss: 1.3641 | train_acc: 0.3308 | test_loss: 1.2795 | test_acc: 0.4180 | 
Epoch: 2 | train_loss: 1.2620 | train_acc: 0.4095 | test_loss: 1.4216 | test_acc: 0.3555 | 
Epoch: 3 | train_loss: 1.1138 | train_acc: 0.5420 | test_loss: 1.2842 | test_acc: 0.4258 | 
Epoch: 4 | train_loss: 1.0142 | train_acc: 0.5841 | test_loss: 1.0964 | test_acc: 0.5898 | 
Epoch: 5 | train_loss: 1.0190 | train_acc: 0.5841 | test_loss: 1.0336 | test_acc: 0.5977 | 
Epoch: 6 | train_loss: 0.8903 | train_acc: 0.6541 | test_loss: 1.1780 | test_acc: 0.5820 | 
Epoch: 7 | train_loss: 0.8171 | train_acc: 0.6552 | test_loss: 1.0149 | test_acc: 0.5938 | 
Epoch: 8 | train_loss: 0.7735 | train_acc: 0.6864 | test_loss: 1.1236 | test_acc: 0.5508 | 
Epoch: 9 | train_loss: 0.6908 | train_acc: 0.7468 | test_loss: 0.9337 | test_acc: 0.6094 | 
Epoch: 10 | train_loss: 0.6734 | train_acc: 0.7425 | test_loss: 1.0301 | test_acc: 0.6484 | 
Epoch: 11 | train_loss: 0.6578 | train_acc: 0.7619 | test_loss: 0.8765 | test_acc: 0.6992 | 
Epoch: 12 | train_loss: 0.6150 | train_acc: 0.7823 | test_loss: 0.8049 | test_acc: 0.7266 | 
Epoch: 13 | train_loss: 0.6294 | train_acc: 0.7554 | test_loss: 0.9824 | test_acc: 0.6406 | 
Epoch: 14 | train_loss: 0.5968 | train_acc: 0.7759 | test_loss: 0.8579 | test_acc: 0.6953 | 
Epoch: 15 | train_loss: 0.4760 | train_acc: 0.8179 | test_loss: 1.0331 | test_acc: 0.5859 | 
Epoch: 16 | train_loss: 0.5199 | train_acc: 0.7672 | test_loss: 1.0874 | test_acc: 0.6211 | 
Epoch: 17 | train_loss: 0.5289 | train_acc: 0.8136 | test_loss: 1.0469 | test_acc: 0.6289 | 
Epoch: 18 | train_loss: 0.4711 | train_acc: 0.8050 | test_loss: 1.1672 | test_acc: 0.5781 | 
Epoch: 19 | train_loss: 0.5585 | train_acc: 0.7953 | test_loss: 1.0219 | test_acc: 0.6211 | 
Epoch: 20 | train_loss: 0.4803 | train_acc: 0.8028 | test_loss: 0.8668 | test_acc: 0.6992 | 
Epoch: 21 | train_loss: 0.4265 | train_acc: 0.8287 | test_loss: 0.7810 | test_acc: 0.7148 | 
Epoch: 22 | train_loss: 0.3748 | train_acc: 0.8470 | test_loss: 0.8227 | test_acc: 0.7227 | 
Epoch: 23 | train_loss: 0.3694 | train_acc: 0.8362 | test_loss: 0.9689 | test_acc: 0.6758 | 
Epoch: 24 | train_loss: 0.4920 | train_acc: 0.8287 | test_loss: 0.9014 | test_acc: 0.7188 | 
Epoch: 25 | train_loss: 0.4024 | train_acc: 0.8545 | test_loss: 0.7634 | test_acc: 0.7461 | 
Epoch: 26 | train_loss: 0.3289 | train_acc: 0.8664 | test_loss: 0.7949 | test_acc: 0.7539 | 
Epoch: 27 | train_loss: 0.3182 | train_acc: 0.8588 | test_loss: 0.8004 | test_acc: 0.7578 | 
Epoch: 28 | train_loss: 0.3464 | train_acc: 0.8815 | test_loss: 0.9982 | test_acc: 0.6953 | 
Epoch: 29 | train_loss: 0.3020 | train_acc: 0.8976 | test_loss: 0.7213 | test_acc: 0.7773 | 
Epoch: 30 | train_loss: 0.3156 | train_acc: 0.8750 | test_loss: 0.9104 | test_acc: 0.7148 | 
Epoch: 31 | train_loss: 0.3186 | train_acc: 0.8707 | test_loss: 0.7917 | test_acc: 0.7305 | 
Epoch: 32 | train_loss: 0.3810 | train_acc: 0.8513 | test_loss: 0.9767 | test_acc: 0.6680 | 
Epoch: 33 | train_loss: 0.2899 | train_acc: 0.8858 | test_loss: 0.9079 | test_acc: 0.7266 | 
Epoch: 34 | train_loss: 0.3053 | train_acc: 0.8912 | test_loss: 0.9052 | test_acc: 0.7227 | 
Epoch: 35 | train_loss: 0.3037 | train_acc: 0.8869 | test_loss: 0.9198 | test_acc: 0.7188 | 
Epoch: 36 | train_loss: 0.2928 | train_acc: 0.9084 | test_loss: 0.8014 | test_acc: 0.7656 | 
Epoch: 37 | train_loss: 0.2528 | train_acc: 0.8890 | test_loss: 0.8940 | test_acc: 0.7461 | 
Epoch: 38 | train_loss: 0.3205 | train_acc: 0.8815 | test_loss: 0.9107 | test_acc: 0.7422 | 
Epoch: 39 | train_loss: 0.2405 | train_acc: 0.9116 | test_loss: 0.8371 | test_acc: 0.7344 | 
Epoch: 40 | train_loss: 0.1866 | train_acc: 0.9418 | test_loss: 0.9079 | test_acc: 0.7422 | 
Epoch: 41 | train_loss: 0.3715 | train_acc: 0.8901 | test_loss: 0.8545 | test_acc: 0.7148 | 
Epoch: 42 | train_loss: 0.2288 | train_acc: 0.8955 | test_loss: 0.9840 | test_acc: 0.7344 | 
Epoch: 43 | train_loss: 0.2931 | train_acc: 0.8976 | test_loss: 1.0029 | test_acc: 0.7227 | 
Epoch: 44 | train_loss: 0.2253 | train_acc: 0.9213 | test_loss: 0.8623 | test_acc: 0.7383 | 
Epoch: 45 | train_loss: 0.2006 | train_acc: 0.9494 | test_loss: 0.9212 | test_acc: 0.7422 | 
Epoch: 46 | train_loss: 0.2820 | train_acc: 0.8879 | test_loss: 0.9904 | test_acc: 0.7422 | 
Epoch: 47 | train_loss: 0.2995 | train_acc: 0.8976 | test_loss: 0.9678 | test_acc: 0.7461 | 
Epoch: 48 | train_loss: 0.2533 | train_acc: 0.9041 | test_loss: 0.8160 | test_acc: 0.7461 | 
Epoch: 49 | train_loss: 0.2797 | train_acc: 0.8804 | test_loss: 0.7879 | test_acc: 0.7500 | 
Epoch: 50 | train_loss: 0.3146 | train_acc: 0.9030 | test_loss: 0.8121 | test_acc: 0.7500 | 
⏱️ Total training time: 86.351 seconds
📊 Bands [122, 416, 262] -> Fitness: 0.7500
Bands [279, 88, 106] found in history. Returning cached fitness.
Bands [279, 88, 106] found in history. Returning cached fitness.
Bands [294, 179, 224] found in history. Returning cached fitness.
Bands [294, 179, 224] found in history. Returning cached fitness.
Dataset initialized with pre-loaded data. Total samples: 897
Band indices for training dataloader: [202, 140, 190]
Dataset initialized with pre-loaded data. Total samples: 226
Band indices for test dataloader: [202, 140, 190]
🔍 Starting evaluation of individual [202, 140, 190]
Epoch: 1 | train_loss: 1.3702 | train_acc: 0.3459 | test_loss: 1.3181 | test_acc: 0.3828 | 
Epoch: 2 | train_loss: 1.2504 | train_acc: 0.4483 | test_loss: 1.2136 | test_acc: 0.5117 | 
Epoch: 3 | train_loss: 1.1351 | train_acc: 0.4903 | test_loss: 1.2332 | test_acc: 0.4609 | 
Epoch: 4 | train_loss: 1.0166 | train_acc: 0.5851 | test_loss: 1.4433 | test_acc: 0.4688 | 
Epoch: 5 | train_loss: 1.0410 | train_acc: 0.5733 | test_loss: 1.1742 | test_acc: 0.5352 | 
Epoch: 6 | train_loss: 0.8928 | train_acc: 0.6573 | test_loss: 1.0302 | test_acc: 0.5781 | 
Epoch: 7 | train_loss: 0.8613 | train_acc: 0.6638 | test_loss: 1.0170 | test_acc: 0.6250 | 
Epoch: 8 | train_loss: 0.8022 | train_acc: 0.6832 | test_loss: 1.0331 | test_acc: 0.5703 | 
Epoch: 9 | train_loss: 0.7430 | train_acc: 0.6907 | test_loss: 1.0567 | test_acc: 0.5625 | 
Epoch: 10 | train_loss: 0.7271 | train_acc: 0.7004 | test_loss: 1.1347 | test_acc: 0.5039 | 
Epoch: 11 | train_loss: 0.6596 | train_acc: 0.7446 | test_loss: 1.0007 | test_acc: 0.6250 | 
Epoch: 12 | train_loss: 0.6457 | train_acc: 0.7640 | test_loss: 0.8615 | test_acc: 0.6875 | 
Epoch: 13 | train_loss: 0.7042 | train_acc: 0.7392 | test_loss: 0.8378 | test_acc: 0.6758 | 
Epoch: 14 | train_loss: 0.5949 | train_acc: 0.7748 | test_loss: 0.8947 | test_acc: 0.6523 | 
Epoch: 15 | train_loss: 0.5704 | train_acc: 0.7619 | test_loss: 1.0432 | test_acc: 0.6641 | 
Epoch: 16 | train_loss: 0.5588 | train_acc: 0.7866 | test_loss: 0.9073 | test_acc: 0.6250 | 
Epoch: 17 | train_loss: 0.5376 | train_acc: 0.7974 | test_loss: 0.9806 | test_acc: 0.5586 | 
Epoch: 18 | train_loss: 0.4545 | train_acc: 0.8384 | test_loss: 1.1973 | test_acc: 0.5312 | 
Epoch: 19 | train_loss: 0.4619 | train_acc: 0.8017 | test_loss: 0.9313 | test_acc: 0.5586 | 
Epoch: 20 | train_loss: 0.4910 | train_acc: 0.8017 | test_loss: 0.8183 | test_acc: 0.6797 | 
Epoch: 21 | train_loss: 0.4958 | train_acc: 0.8071 | test_loss: 0.8116 | test_acc: 0.6328 | 
Epoch: 22 | train_loss: 0.4129 | train_acc: 0.8545 | test_loss: 0.9022 | test_acc: 0.6758 | 
Epoch: 23 | train_loss: 0.5920 | train_acc: 0.8351 | test_loss: 1.1637 | test_acc: 0.5898 | 
Epoch: 24 | train_loss: 0.3962 | train_acc: 0.8394 | test_loss: 0.7400 | test_acc: 0.7344 | 
Epoch: 25 | train_loss: 0.3999 | train_acc: 0.8642 | test_loss: 0.9446 | test_acc: 0.6133 | 
Epoch: 26 | train_loss: 0.4351 | train_acc: 0.8060 | test_loss: 0.9109 | test_acc: 0.6719 | 
Epoch: 27 | train_loss: 0.3500 | train_acc: 0.8761 | test_loss: 0.8884 | test_acc: 0.6953 | 
Epoch: 28 | train_loss: 0.3053 | train_acc: 0.8944 | test_loss: 1.1029 | test_acc: 0.6680 | 
Epoch: 29 | train_loss: 0.3647 | train_acc: 0.8642 | test_loss: 1.1156 | test_acc: 0.6445 | 
Epoch: 30 | train_loss: 0.3500 | train_acc: 0.8804 | test_loss: 1.0424 | test_acc: 0.6484 | 
Epoch: 31 | train_loss: 0.3817 | train_acc: 0.8438 | test_loss: 0.8092 | test_acc: 0.7383 | 
Epoch: 32 | train_loss: 0.3012 | train_acc: 0.8998 | test_loss: 0.8722 | test_acc: 0.7070 | 
Epoch: 33 | train_loss: 0.3200 | train_acc: 0.8599 | test_loss: 1.0139 | test_acc: 0.6992 | 
Epoch: 34 | train_loss: 0.3449 | train_acc: 0.8728 | test_loss: 0.8991 | test_acc: 0.6914 | 
Epoch: 35 | train_loss: 0.3944 | train_acc: 0.8556 | test_loss: 0.8147 | test_acc: 0.6484 | 
Epoch: 36 | train_loss: 0.2703 | train_acc: 0.9073 | test_loss: 0.7990 | test_acc: 0.7461 | 
Epoch: 37 | train_loss: 0.3075 | train_acc: 0.8718 | test_loss: 0.7866 | test_acc: 0.7617 | 
Epoch: 38 | train_loss: 0.3324 | train_acc: 0.8804 | test_loss: 0.7801 | test_acc: 0.7109 | 
Epoch: 39 | train_loss: 0.2956 | train_acc: 0.8750 | test_loss: 0.7984 | test_acc: 0.7344 | 
Epoch: 40 | train_loss: 0.2381 | train_acc: 0.9203 | test_loss: 0.8420 | test_acc: 0.7383 | 
Epoch: 41 | train_loss: 0.2442 | train_acc: 0.9009 | test_loss: 0.7873 | test_acc: 0.7695 | 
Epoch: 42 | train_loss: 0.3723 | train_acc: 0.8761 | test_loss: 0.8291 | test_acc: 0.7422 | 
Epoch: 43 | train_loss: 0.3025 | train_acc: 0.8858 | test_loss: 0.7962 | test_acc: 0.7422 | 
Epoch: 44 | train_loss: 0.2931 | train_acc: 0.9052 | test_loss: 0.9678 | test_acc: 0.6562 | 
Epoch: 45 | train_loss: 0.2237 | train_acc: 0.9213 | test_loss: 0.8476 | test_acc: 0.6992 | 
Epoch: 46 | train_loss: 0.2126 | train_acc: 0.9084 | test_loss: 0.9083 | test_acc: 0.6016 | 
Epoch: 47 | train_loss: 0.2263 | train_acc: 0.9041 | test_loss: 0.8097 | test_acc: 0.6445 | 
Epoch: 48 | train_loss: 0.2472 | train_acc: 0.9062 | test_loss: 0.9563 | test_acc: 0.6445 | 
Epoch: 49 | train_loss: 0.2719 | train_acc: 0.9019 | test_loss: 0.8092 | test_acc: 0.7656 | 
Epoch: 50 | train_loss: 0.2238 | train_acc: 0.9256 | test_loss: 0.8484 | test_acc: 0.7539 | 
⏱️ Total training time: 83.846 seconds
📊 Bands [202, 140, 190] -> Fitness: 0.7539
Dataset initialized with pre-loaded data. Total samples: 897
Band indices for training dataloader: [209, 86, 447]
Dataset initialized with pre-loaded data. Total samples: 226
Band indices for test dataloader: [209, 86, 447]
🔍 Starting evaluation of individual [209, 86, 447]
Epoch: 1 | train_loss: 1.3584 | train_acc: 0.3459 | test_loss: 1.2451 | test_acc: 0.4336 | 
Epoch: 2 | train_loss: 1.2373 | train_acc: 0.4644 | test_loss: 1.3714 | test_acc: 0.3672 | 
Epoch: 3 | train_loss: 1.1151 | train_acc: 0.5485 | test_loss: 1.1998 | test_acc: 0.4844 | 
Epoch: 4 | train_loss: 1.0905 | train_acc: 0.5259 | test_loss: 1.2227 | test_acc: 0.5078 | 
Epoch: 5 | train_loss: 0.9947 | train_acc: 0.5894 | test_loss: 1.1131 | test_acc: 0.4766 | 
Epoch: 6 | train_loss: 0.9177 | train_acc: 0.6228 | test_loss: 1.0485 | test_acc: 0.6172 | 
Epoch: 7 | train_loss: 0.8569 | train_acc: 0.6756 | test_loss: 0.9980 | test_acc: 0.6250 | 
Epoch: 8 | train_loss: 0.8157 | train_acc: 0.6703 | test_loss: 1.1067 | test_acc: 0.5664 | 
Epoch: 9 | train_loss: 0.7594 | train_acc: 0.6950 | test_loss: 1.0760 | test_acc: 0.5625 | 
Epoch: 10 | train_loss: 0.7852 | train_acc: 0.6552 | test_loss: 0.8866 | test_acc: 0.6250 | 
Epoch: 11 | train_loss: 0.6536 | train_acc: 0.7155 | test_loss: 1.3455 | test_acc: 0.5625 | 
Epoch: 12 | train_loss: 0.6686 | train_acc: 0.7403 | test_loss: 1.1341 | test_acc: 0.5820 | 
Epoch: 13 | train_loss: 0.6843 | train_acc: 0.7565 | test_loss: 0.9770 | test_acc: 0.6406 | 
Epoch: 14 | train_loss: 0.5707 | train_acc: 0.7651 | test_loss: 1.1899 | test_acc: 0.6094 | 
Epoch: 15 | train_loss: 0.5913 | train_acc: 0.7640 | test_loss: 1.1239 | test_acc: 0.6289 | 
Epoch: 16 | train_loss: 0.5634 | train_acc: 0.7985 | test_loss: 0.9735 | test_acc: 0.6797 | 
Epoch: 17 | train_loss: 0.5155 | train_acc: 0.7769 | test_loss: 1.0689 | test_acc: 0.6641 | 
Epoch: 18 | train_loss: 0.5312 | train_acc: 0.7877 | test_loss: 1.0943 | test_acc: 0.6562 | 
Epoch: 19 | train_loss: 0.4828 | train_acc: 0.8330 | test_loss: 1.0688 | test_acc: 0.6680 | 
Epoch: 20 | train_loss: 0.5127 | train_acc: 0.8103 | test_loss: 1.5213 | test_acc: 0.5508 | 
Epoch: 21 | train_loss: 0.5292 | train_acc: 0.7899 | test_loss: 0.9342 | test_acc: 0.6445 | 
Epoch: 22 | train_loss: 0.4352 | train_acc: 0.8502 | test_loss: 1.0333 | test_acc: 0.6797 | 
Epoch: 23 | train_loss: 0.4192 | train_acc: 0.8297 | test_loss: 1.3620 | test_acc: 0.6602 | 
Epoch: 24 | train_loss: 0.3603 | train_acc: 0.8308 | test_loss: 0.8978 | test_acc: 0.6797 | 
Epoch: 25 | train_loss: 0.4265 | train_acc: 0.8524 | test_loss: 0.8732 | test_acc: 0.7031 | 
Epoch: 26 | train_loss: 0.5095 | train_acc: 0.8190 | test_loss: 0.8366 | test_acc: 0.7070 | 
Epoch: 27 | train_loss: 0.3548 | train_acc: 0.8739 | test_loss: 0.8205 | test_acc: 0.7109 | 
Epoch: 28 | train_loss: 0.3697 | train_acc: 0.8351 | test_loss: 0.9570 | test_acc: 0.7188 | 
Epoch: 29 | train_loss: 0.3970 | train_acc: 0.8438 | test_loss: 0.9271 | test_acc: 0.6562 | 
Epoch: 30 | train_loss: 0.3840 | train_acc: 0.8567 | test_loss: 0.9422 | test_acc: 0.7148 | 
Epoch: 31 | train_loss: 0.3767 | train_acc: 0.8631 | test_loss: 0.8369 | test_acc: 0.7461 | 
Epoch: 32 | train_loss: 0.3197 | train_acc: 0.8664 | test_loss: 0.8718 | test_acc: 0.6914 | 
Epoch: 33 | train_loss: 0.2819 | train_acc: 0.9030 | test_loss: 0.7874 | test_acc: 0.7461 | 
Epoch: 34 | train_loss: 0.3419 | train_acc: 0.8955 | test_loss: 1.0370 | test_acc: 0.7109 | 
Epoch: 35 | train_loss: 0.3654 | train_acc: 0.8707 | test_loss: 0.8796 | test_acc: 0.7383 | 
Epoch: 36 | train_loss: 0.2775 | train_acc: 0.9062 | test_loss: 0.8564 | test_acc: 0.7227 | 
Epoch: 37 | train_loss: 0.2627 | train_acc: 0.9041 | test_loss: 0.8721 | test_acc: 0.7578 | 
Epoch: 38 | train_loss: 0.2382 | train_acc: 0.9062 | test_loss: 0.8328 | test_acc: 0.7695 | 
Epoch: 39 | train_loss: 0.2091 | train_acc: 0.9343 | test_loss: 0.9311 | test_acc: 0.7422 | 
Epoch: 40 | train_loss: 0.3785 | train_acc: 0.8922 | test_loss: 1.0375 | test_acc: 0.6797 | 
Epoch: 41 | train_loss: 0.2091 | train_acc: 0.9364 | test_loss: 0.9140 | test_acc: 0.7930 | 
Epoch: 42 | train_loss: 0.2547 | train_acc: 0.8976 | test_loss: 0.9978 | test_acc: 0.7266 | 
Epoch: 43 | train_loss: 0.2602 | train_acc: 0.9062 | test_loss: 1.2288 | test_acc: 0.6836 | 
Epoch: 44 | train_loss: 0.2678 | train_acc: 0.8933 | test_loss: 0.8407 | test_acc: 0.7695 | 
Epoch: 45 | train_loss: 0.2610 | train_acc: 0.8793 | test_loss: 0.9913 | test_acc: 0.7109 | 
Epoch: 46 | train_loss: 0.2324 | train_acc: 0.9181 | test_loss: 1.2920 | test_acc: 0.6367 | 
Epoch: 47 | train_loss: 0.2911 | train_acc: 0.8944 | test_loss: 1.1310 | test_acc: 0.7148 | 
Epoch: 48 | train_loss: 0.3342 | train_acc: 0.8631 | test_loss: 0.8903 | test_acc: 0.7422 | 
Epoch: 49 | train_loss: 0.2877 | train_acc: 0.8825 | test_loss: 0.8765 | test_acc: 0.7500 | 
Epoch: 50 | train_loss: 0.2638 | train_acc: 0.8922 | test_loss: 0.8518 | test_acc: 0.7773 | 
⏱️ Total training time: 85.263 seconds
📊 Bands [209, 86, 447] -> Fitness: 0.7773
Dataset initialized with pre-loaded data. Total samples: 897
Band indices for training dataloader: [385, 271, 146]
Dataset initialized with pre-loaded data. Total samples: 226
Band indices for test dataloader: [385, 271, 146]
🔍 Starting evaluation of individual [385, 271, 146]
Epoch: 1 | train_loss: 1.3593 | train_acc: 0.3136 | test_loss: 1.3107 | test_acc: 0.4141 | 
Epoch: 2 | train_loss: 1.2293 | train_acc: 0.4192 | test_loss: 1.4854 | test_acc: 0.3164 | 
Epoch: 3 | train_loss: 1.1279 | train_acc: 0.4892 | test_loss: 1.3433 | test_acc: 0.4453 | 
Epoch: 4 | train_loss: 1.0379 | train_acc: 0.5830 | test_loss: 1.0535 | test_acc: 0.5938 | 
Epoch: 5 | train_loss: 0.9591 | train_acc: 0.5959 | test_loss: 1.0014 | test_acc: 0.6016 | 
Epoch: 6 | train_loss: 0.9564 | train_acc: 0.5981 | test_loss: 0.9639 | test_acc: 0.6289 | 
Epoch: 7 | train_loss: 0.8253 | train_acc: 0.6907 | test_loss: 1.0367 | test_acc: 0.6055 | 
Epoch: 8 | train_loss: 0.7751 | train_acc: 0.6638 | test_loss: 1.0961 | test_acc: 0.6328 | 
Epoch: 9 | train_loss: 0.8091 | train_acc: 0.6778 | test_loss: 0.9988 | test_acc: 0.6641 | 
Epoch: 10 | train_loss: 0.7016 | train_acc: 0.7349 | test_loss: 0.8833 | test_acc: 0.6797 | 
Epoch: 11 | train_loss: 0.6726 | train_acc: 0.7209 | test_loss: 0.8855 | test_acc: 0.6719 | 
Epoch: 12 | train_loss: 0.6574 | train_acc: 0.7306 | test_loss: 0.8661 | test_acc: 0.6719 | 
Epoch: 13 | train_loss: 0.6220 | train_acc: 0.7435 | test_loss: 0.9453 | test_acc: 0.6523 | 
Epoch: 14 | train_loss: 0.6088 | train_acc: 0.7791 | test_loss: 0.9897 | test_acc: 0.5430 | 
Epoch: 15 | train_loss: 0.5087 | train_acc: 0.8039 | test_loss: 0.8526 | test_acc: 0.6523 | 
Epoch: 16 | train_loss: 0.4851 | train_acc: 0.8222 | test_loss: 0.8257 | test_acc: 0.7188 | 
Epoch: 17 | train_loss: 0.5860 | train_acc: 0.7769 | test_loss: 0.8237 | test_acc: 0.6602 | 
Epoch: 18 | train_loss: 0.5969 | train_acc: 0.7511 | test_loss: 0.7814 | test_acc: 0.7070 | 
Epoch: 19 | train_loss: 0.5119 | train_acc: 0.7845 | test_loss: 0.7144 | test_acc: 0.7891 | 
Epoch: 20 | train_loss: 0.5634 | train_acc: 0.8050 | test_loss: 0.9624 | test_acc: 0.5938 | 
Epoch: 21 | train_loss: 0.4727 | train_acc: 0.8351 | test_loss: 0.8281 | test_acc: 0.6641 | 
Epoch: 22 | train_loss: 0.4496 | train_acc: 0.8125 | test_loss: 0.8104 | test_acc: 0.7266 | 
Epoch: 23 | train_loss: 0.4479 | train_acc: 0.8200 | test_loss: 0.8684 | test_acc: 0.6992 | 
Epoch: 24 | train_loss: 0.4356 | train_acc: 0.8287 | test_loss: 0.9279 | test_acc: 0.6836 | 
Epoch: 25 | train_loss: 0.3975 | train_acc: 0.8276 | test_loss: 1.0957 | test_acc: 0.6328 | 
Epoch: 26 | train_loss: 0.4618 | train_acc: 0.8200 | test_loss: 0.9558 | test_acc: 0.6758 | 
Epoch: 27 | train_loss: 0.4703 | train_acc: 0.8254 | test_loss: 0.8668 | test_acc: 0.6680 | 
Epoch: 28 | train_loss: 0.4676 | train_acc: 0.8103 | test_loss: 0.8541 | test_acc: 0.6484 | 
Epoch: 29 | train_loss: 0.3539 | train_acc: 0.8869 | test_loss: 0.8806 | test_acc: 0.6953 | 
Epoch: 30 | train_loss: 0.3713 | train_acc: 0.8459 | test_loss: 0.7449 | test_acc: 0.6836 | 
Epoch: 31 | train_loss: 0.4414 | train_acc: 0.8308 | test_loss: 1.0638 | test_acc: 0.6641 | 
Epoch: 32 | train_loss: 0.4008 | train_acc: 0.8373 | test_loss: 1.0348 | test_acc: 0.6562 | 
Epoch: 33 | train_loss: 0.4134 | train_acc: 0.8556 | test_loss: 0.8260 | test_acc: 0.7422 | 
Epoch: 34 | train_loss: 0.3362 | train_acc: 0.8588 | test_loss: 0.8530 | test_acc: 0.6641 | 
Epoch: 35 | train_loss: 0.2815 | train_acc: 0.9116 | test_loss: 0.8123 | test_acc: 0.6953 | 
Epoch: 36 | train_loss: 0.2556 | train_acc: 0.9127 | test_loss: 0.8344 | test_acc: 0.7305 | 
Epoch: 37 | train_loss: 0.2732 | train_acc: 0.9009 | test_loss: 0.9010 | test_acc: 0.6758 | 
Epoch: 38 | train_loss: 0.2551 | train_acc: 0.9170 | test_loss: 0.9847 | test_acc: 0.6602 | 
Epoch: 39 | train_loss: 0.3369 | train_acc: 0.8761 | test_loss: 1.0629 | test_acc: 0.6836 | 
Epoch: 40 | train_loss: 0.3038 | train_acc: 0.8804 | test_loss: 0.7754 | test_acc: 0.7617 | 
Epoch: 41 | train_loss: 0.2359 | train_acc: 0.9203 | test_loss: 0.8374 | test_acc: 0.6875 | 
Epoch: 42 | train_loss: 0.2529 | train_acc: 0.8922 | test_loss: 0.7805 | test_acc: 0.7461 | 
Epoch: 43 | train_loss: 0.2378 | train_acc: 0.9246 | test_loss: 0.8366 | test_acc: 0.7500 | 
Epoch: 44 | train_loss: 0.2979 | train_acc: 0.8869 | test_loss: 0.8831 | test_acc: 0.7422 | 
Epoch: 45 | train_loss: 0.3002 | train_acc: 0.8847 | test_loss: 0.8329 | test_acc: 0.7422 | 
Epoch: 46 | train_loss: 0.3164 | train_acc: 0.8922 | test_loss: 0.7551 | test_acc: 0.7773 | 
Epoch: 47 | train_loss: 0.2363 | train_acc: 0.9192 | test_loss: 0.8298 | test_acc: 0.7305 | 
Epoch: 48 | train_loss: 0.2882 | train_acc: 0.9041 | test_loss: 0.9078 | test_acc: 0.7109 | 
Epoch: 49 | train_loss: 0.2346 | train_acc: 0.9256 | test_loss: 0.9108 | test_acc: 0.7422 | 
Epoch: 50 | train_loss: 0.2412 | train_acc: 0.9289 | test_loss: 0.9476 | test_acc: 0.6797 | 
⏱️ Total training time: 86.233 seconds
📊 Bands [385, 271, 146] -> Fitness: 0.6797
Dataset initialized with pre-loaded data. Total samples: 897
Band indices for training dataloader: [179, 380, 193]
Dataset initialized with pre-loaded data. Total samples: 226
Band indices for test dataloader: [179, 380, 193]
🔍 Starting evaluation of individual [179, 380, 193]
Epoch: 1 | train_loss: 1.3759 | train_acc: 0.3017 | test_loss: 1.3401 | test_acc: 0.3047 | 
Epoch: 2 | train_loss: 1.2854 | train_acc: 0.4127 | test_loss: 1.2781 | test_acc: 0.4180 | 
Epoch: 3 | train_loss: 1.2194 | train_acc: 0.4655 | test_loss: 1.1973 | test_acc: 0.4805 | 
Epoch: 4 | train_loss: 1.0989 | train_acc: 0.5453 | test_loss: 1.2768 | test_acc: 0.5195 | 
Epoch: 5 | train_loss: 1.0337 | train_acc: 0.5528 | test_loss: 1.2632 | test_acc: 0.5078 | 
Epoch: 6 | train_loss: 1.0449 | train_acc: 0.5539 | test_loss: 1.0905 | test_acc: 0.6094 | 
Epoch: 7 | train_loss: 0.9231 | train_acc: 0.6530 | test_loss: 1.0924 | test_acc: 0.5898 | 
Epoch: 8 | train_loss: 0.8834 | train_acc: 0.6379 | test_loss: 1.0775 | test_acc: 0.5469 | 
Epoch: 9 | train_loss: 0.8233 | train_acc: 0.6907 | test_loss: 1.0087 | test_acc: 0.6445 | 
Epoch: 10 | train_loss: 0.9062 | train_acc: 0.6649 | test_loss: 1.0025 | test_acc: 0.5508 | 
Epoch: 11 | train_loss: 0.7837 | train_acc: 0.6746 | test_loss: 1.1226 | test_acc: 0.5586 | 
Epoch: 12 | train_loss: 0.7411 | train_acc: 0.7047 | test_loss: 1.1159 | test_acc: 0.6016 | 
Epoch: 13 | train_loss: 0.6899 | train_acc: 0.7241 | test_loss: 1.0295 | test_acc: 0.6445 | 
Epoch: 14 | train_loss: 0.6103 | train_acc: 0.7726 | test_loss: 1.1043 | test_acc: 0.5703 | 
Epoch: 15 | train_loss: 0.6506 | train_acc: 0.7554 | test_loss: 0.9958 | test_acc: 0.6602 | 
Epoch: 16 | train_loss: 0.6059 | train_acc: 0.7619 | test_loss: 0.9501 | test_acc: 0.6758 | 
Epoch: 17 | train_loss: 0.6087 | train_acc: 0.7726 | test_loss: 0.9712 | test_acc: 0.6445 | 
Epoch: 18 | train_loss: 0.5530 | train_acc: 0.7856 | test_loss: 0.9287 | test_acc: 0.5938 | 
Epoch: 19 | train_loss: 0.5512 | train_acc: 0.7899 | test_loss: 0.8567 | test_acc: 0.7148 | 
Epoch: 20 | train_loss: 0.5458 | train_acc: 0.7662 | test_loss: 0.9515 | test_acc: 0.7031 | 
Epoch: 21 | train_loss: 0.5333 | train_acc: 0.7996 | test_loss: 0.9848 | test_acc: 0.6289 | 
Epoch: 22 | train_loss: 0.5081 | train_acc: 0.8071 | test_loss: 0.9694 | test_acc: 0.6914 | 
Epoch: 23 | train_loss: 0.4492 | train_acc: 0.8222 | test_loss: 1.0293 | test_acc: 0.6211 | 
Epoch: 24 | train_loss: 0.4447 | train_acc: 0.8513 | test_loss: 0.9599 | test_acc: 0.6953 | 
Epoch: 25 | train_loss: 0.5101 | train_acc: 0.8297 | test_loss: 0.9681 | test_acc: 0.6914 | 
Epoch: 26 | train_loss: 0.5273 | train_acc: 0.7899 | test_loss: 0.8819 | test_acc: 0.6953 | 
Epoch: 27 | train_loss: 0.4278 | train_acc: 0.8502 | test_loss: 1.0579 | test_acc: 0.6797 | 
Epoch: 28 | train_loss: 0.4577 | train_acc: 0.8438 | test_loss: 0.8976 | test_acc: 0.7031 | 
Epoch: 29 | train_loss: 0.3963 | train_acc: 0.8718 | test_loss: 1.0167 | test_acc: 0.6719 | 
Epoch: 30 | train_loss: 0.4039 | train_acc: 0.8534 | test_loss: 1.2100 | test_acc: 0.6680 | 
Epoch: 31 | train_loss: 0.3864 | train_acc: 0.8373 | test_loss: 1.0765 | test_acc: 0.6719 | 
Epoch: 32 | train_loss: 0.3604 | train_acc: 0.8696 | test_loss: 1.0513 | test_acc: 0.6484 | 
Epoch: 33 | train_loss: 0.3683 | train_acc: 0.8448 | test_loss: 1.3953 | test_acc: 0.6172 | 
Epoch: 34 | train_loss: 0.3971 | train_acc: 0.8534 | test_loss: 1.1330 | test_acc: 0.6523 | 
Epoch: 35 | train_loss: 0.3654 | train_acc: 0.8502 | test_loss: 0.9844 | test_acc: 0.6523 | 
Epoch: 36 | train_loss: 0.3333 | train_acc: 0.8578 | test_loss: 0.9621 | test_acc: 0.7227 | 
Epoch: 37 | train_loss: 0.3027 | train_acc: 0.8933 | test_loss: 1.0435 | test_acc: 0.7031 | 
Epoch: 38 | train_loss: 0.3931 | train_acc: 0.8438 | test_loss: 1.0588 | test_acc: 0.6562 | 
Epoch: 39 | train_loss: 0.3642 | train_acc: 0.8772 | test_loss: 0.9018 | test_acc: 0.7031 | 
Epoch: 40 | train_loss: 0.3656 | train_acc: 0.8728 | test_loss: 1.0243 | test_acc: 0.6641 | 
Epoch: 41 | train_loss: 0.2671 | train_acc: 0.8944 | test_loss: 0.9899 | test_acc: 0.7109 | 
Epoch: 42 | train_loss: 0.3083 | train_acc: 0.8793 | test_loss: 0.9673 | test_acc: 0.7031 | 
Epoch: 43 | train_loss: 0.2527 | train_acc: 0.9203 | test_loss: 1.0795 | test_acc: 0.6406 | 
Epoch: 44 | train_loss: 0.3017 | train_acc: 0.8966 | test_loss: 1.0543 | test_acc: 0.6797 | 
Epoch: 45 | train_loss: 0.2755 | train_acc: 0.8804 | test_loss: 0.9543 | test_acc: 0.7500 | 
Epoch: 46 | train_loss: 0.2797 | train_acc: 0.8998 | test_loss: 1.2008 | test_acc: 0.6914 | 
Epoch: 47 | train_loss: 0.2347 | train_acc: 0.9192 | test_loss: 0.9999 | test_acc: 0.7070 | 
Epoch: 48 | train_loss: 0.2364 | train_acc: 0.8966 | test_loss: 0.9552 | test_acc: 0.7227 | 
Epoch: 49 | train_loss: 0.2268 | train_acc: 0.9019 | test_loss: 1.0477 | test_acc: 0.7266 | 
Epoch: 50 | train_loss: 0.3679 | train_acc: 0.8847 | test_loss: 1.0830 | test_acc: 0.7227 | 
⏱️ Total training time: 84.953 seconds
📊 Bands [179, 380, 193] -> Fitness: 0.7227
Dataset initialized with pre-loaded data. Total samples: 897
Band indices for training dataloader: [287, 331, 256]
Dataset initialized with pre-loaded data. Total samples: 226
Band indices for test dataloader: [287, 331, 256]
🔍 Starting evaluation of individual [287, 331, 256]
Epoch: 1 | train_loss: 1.3699 | train_acc: 0.2899 | test_loss: 1.3242 | test_acc: 0.4453 | 
Epoch: 2 | train_loss: 1.2583 | train_acc: 0.4116 | test_loss: 1.4762 | test_acc: 0.5195 | 
Epoch: 3 | train_loss: 1.1740 | train_acc: 0.4978 | test_loss: 1.1949 | test_acc: 0.4883 | 
Epoch: 4 | train_loss: 1.0720 | train_acc: 0.5636 | test_loss: 1.0995 | test_acc: 0.5625 | 
Epoch: 5 | train_loss: 1.0143 | train_acc: 0.5841 | test_loss: 1.3583 | test_acc: 0.5234 | 
Epoch: 6 | train_loss: 0.9199 | train_acc: 0.6325 | test_loss: 1.0835 | test_acc: 0.4961 | 
Epoch: 7 | train_loss: 0.8502 | train_acc: 0.6466 | test_loss: 1.1818 | test_acc: 0.5820 | 
Epoch: 8 | train_loss: 0.7911 | train_acc: 0.6800 | test_loss: 1.0305 | test_acc: 0.6094 | 
Epoch: 9 | train_loss: 0.7933 | train_acc: 0.6897 | test_loss: 1.1289 | test_acc: 0.6016 | 
Epoch: 10 | train_loss: 0.7920 | train_acc: 0.6810 | test_loss: 0.9685 | test_acc: 0.6055 | 
Epoch: 11 | train_loss: 0.6710 | train_acc: 0.7629 | test_loss: 0.9191 | test_acc: 0.6562 | 
Epoch: 12 | train_loss: 0.7296 | train_acc: 0.7328 | test_loss: 0.9872 | test_acc: 0.6406 | 
Epoch: 13 | train_loss: 0.6107 | train_acc: 0.7748 | test_loss: 0.9507 | test_acc: 0.6602 | 
Epoch: 14 | train_loss: 0.6640 | train_acc: 0.7425 | test_loss: 0.8644 | test_acc: 0.6914 | 
Epoch: 15 | train_loss: 0.5810 | train_acc: 0.7866 | test_loss: 0.8682 | test_acc: 0.6719 | 
Epoch: 16 | train_loss: 0.5549 | train_acc: 0.7963 | test_loss: 0.9428 | test_acc: 0.6641 | 
Epoch: 17 | train_loss: 0.5380 | train_acc: 0.7823 | test_loss: 1.0011 | test_acc: 0.6484 | 
Epoch: 18 | train_loss: 0.5354 | train_acc: 0.7737 | test_loss: 0.9128 | test_acc: 0.6992 | 
Epoch: 19 | train_loss: 0.4285 | train_acc: 0.8319 | test_loss: 0.9955 | test_acc: 0.6641 | 
Epoch: 20 | train_loss: 0.4532 | train_acc: 0.8427 | test_loss: 0.9968 | test_acc: 0.6797 | 
Epoch: 21 | train_loss: 0.4579 | train_acc: 0.8405 | test_loss: 0.8165 | test_acc: 0.6758 | 
Epoch: 22 | train_loss: 0.4308 | train_acc: 0.8297 | test_loss: 0.8213 | test_acc: 0.7070 | 
Epoch: 23 | train_loss: 0.3616 | train_acc: 0.8772 | test_loss: 0.8372 | test_acc: 0.7031 | 
Epoch: 24 | train_loss: 0.3516 | train_acc: 0.8772 | test_loss: 0.9023 | test_acc: 0.6914 | 
Epoch: 25 | train_loss: 0.3248 | train_acc: 0.8966 | test_loss: 0.9146 | test_acc: 0.7070 | 
Epoch: 26 | train_loss: 0.3034 | train_acc: 0.8933 | test_loss: 1.0720 | test_acc: 0.6211 | 
Epoch: 27 | train_loss: 0.2932 | train_acc: 0.9009 | test_loss: 0.9352 | test_acc: 0.6992 | 
Epoch: 28 | train_loss: 0.2744 | train_acc: 0.9041 | test_loss: 0.8961 | test_acc: 0.6992 | 
Epoch: 29 | train_loss: 0.3100 | train_acc: 0.8772 | test_loss: 1.0228 | test_acc: 0.7266 | 
Epoch: 30 | train_loss: 0.3523 | train_acc: 0.8825 | test_loss: 0.9733 | test_acc: 0.6992 | 
Epoch: 31 | train_loss: 0.3628 | train_acc: 0.8448 | test_loss: 0.8789 | test_acc: 0.7266 | 
Epoch: 32 | train_loss: 0.2828 | train_acc: 0.9041 | test_loss: 0.8431 | test_acc: 0.7109 | 
Epoch: 33 | train_loss: 0.3340 | train_acc: 0.8739 | test_loss: 0.8453 | test_acc: 0.7305 | 
Epoch: 34 | train_loss: 0.3520 | train_acc: 0.8793 | test_loss: 0.8652 | test_acc: 0.6680 | 
Epoch: 35 | train_loss: 0.2370 | train_acc: 0.9203 | test_loss: 0.9581 | test_acc: 0.7148 | 
Epoch: 36 | train_loss: 0.2241 | train_acc: 0.9235 | test_loss: 0.9031 | test_acc: 0.7266 | 
Epoch: 37 | train_loss: 0.2502 | train_acc: 0.8966 | test_loss: 1.1814 | test_acc: 0.6953 | 
Epoch: 38 | train_loss: 0.3474 | train_acc: 0.8761 | test_loss: 0.9377 | test_acc: 0.6992 | 
Epoch: 39 | train_loss: 0.2471 | train_acc: 0.9019 | test_loss: 0.8876 | test_acc: 0.7109 | 
Epoch: 40 | train_loss: 0.2842 | train_acc: 0.8998 | test_loss: 0.9417 | test_acc: 0.6992 | 
Epoch: 41 | train_loss: 0.2990 | train_acc: 0.8847 | test_loss: 0.8964 | test_acc: 0.7383 | 
Epoch: 42 | train_loss: 0.2542 | train_acc: 0.8858 | test_loss: 0.8628 | test_acc: 0.7188 | 
Epoch: 43 | train_loss: 0.2347 | train_acc: 0.8966 | test_loss: 0.8587 | test_acc: 0.7422 | 
Epoch: 44 | train_loss: 0.3938 | train_acc: 0.8728 | test_loss: 0.9311 | test_acc: 0.7305 | 
Epoch: 45 | train_loss: 0.2410 | train_acc: 0.8976 | test_loss: 0.8368 | test_acc: 0.7031 | 
Epoch: 46 | train_loss: 0.2088 | train_acc: 0.9235 | test_loss: 0.8170 | test_acc: 0.7422 | 
Epoch: 47 | train_loss: 0.2282 | train_acc: 0.9332 | test_loss: 0.8973 | test_acc: 0.7305 | 
Epoch: 48 | train_loss: 0.2377 | train_acc: 0.9106 | test_loss: 1.0384 | test_acc: 0.7188 | 
Epoch: 49 | train_loss: 0.3087 | train_acc: 0.9062 | test_loss: 0.9828 | test_acc: 0.7344 | 
Epoch: 50 | train_loss: 0.2289 | train_acc: 0.8987 | test_loss: 0.9142 | test_acc: 0.7266 | 
⏱️ Total training time: 84.748 seconds
📊 Bands [287, 331, 256] -> Fitness: 0.7266
Dataset initialized with pre-loaded data. Total samples: 897
Band indices for training dataloader: [294, 340, 279]
Dataset initialized with pre-loaded data. Total samples: 226
Band indices for test dataloader: [294, 340, 279]
🔍 Starting evaluation of individual [294, 340, 279]
Epoch: 1 | train_loss: 1.3632 | train_acc: 0.3200 | test_loss: 1.4312 | test_acc: 0.3359 | 
Epoch: 2 | train_loss: 1.2970 | train_acc: 0.3804 | test_loss: 1.3247 | test_acc: 0.4219 | 
Epoch: 3 | train_loss: 1.2175 | train_acc: 0.4494 | test_loss: 1.2697 | test_acc: 0.4141 | 
Epoch: 4 | train_loss: 1.1869 | train_acc: 0.4623 | test_loss: 1.1235 | test_acc: 0.5352 | 
Epoch: 5 | train_loss: 1.1611 | train_acc: 0.4763 | test_loss: 1.2826 | test_acc: 0.4609 | 
Epoch: 6 | train_loss: 1.0540 | train_acc: 0.5291 | test_loss: 1.1746 | test_acc: 0.5117 | 
Epoch: 7 | train_loss: 0.9925 | train_acc: 0.5916 | test_loss: 1.2703 | test_acc: 0.4883 | 
Epoch: 8 | train_loss: 0.9471 | train_acc: 0.6121 | test_loss: 1.2073 | test_acc: 0.4492 | 
Epoch: 9 | train_loss: 0.9371 | train_acc: 0.6013 | test_loss: 1.0598 | test_acc: 0.5664 | 
Epoch: 10 | train_loss: 0.8883 | train_acc: 0.6347 | test_loss: 1.1976 | test_acc: 0.4688 | 
Epoch: 11 | train_loss: 0.8525 | train_acc: 0.6498 | test_loss: 1.2891 | test_acc: 0.4805 | 
Epoch: 12 | train_loss: 0.7728 | train_acc: 0.7123 | test_loss: 1.3519 | test_acc: 0.4453 | 
Epoch: 13 | train_loss: 0.8233 | train_acc: 0.6487 | test_loss: 0.9823 | test_acc: 0.6406 | 
Epoch: 14 | train_loss: 0.7275 | train_acc: 0.6853 | test_loss: 1.0153 | test_acc: 0.6367 | 
Epoch: 15 | train_loss: 0.7228 | train_acc: 0.6929 | test_loss: 1.2348 | test_acc: 0.5469 | 
Epoch: 16 | train_loss: 0.6910 | train_acc: 0.7015 | test_loss: 1.3199 | test_acc: 0.5781 | 
Epoch: 17 | train_loss: 0.6864 | train_acc: 0.7220 | test_loss: 1.0944 | test_acc: 0.5742 | 
Epoch: 18 | train_loss: 0.7236 | train_acc: 0.7155 | test_loss: 1.0876 | test_acc: 0.5391 | 
Epoch: 19 | train_loss: 0.6279 | train_acc: 0.7446 | test_loss: 1.1251 | test_acc: 0.5781 | 
Epoch: 20 | train_loss: 0.5317 | train_acc: 0.7780 | test_loss: 1.0827 | test_acc: 0.5820 | 
Epoch: 21 | train_loss: 0.5509 | train_acc: 0.8039 | test_loss: 1.0756 | test_acc: 0.6133 | 
Epoch: 22 | train_loss: 0.5389 | train_acc: 0.7748 | test_loss: 1.2475 | test_acc: 0.5508 | 
Epoch: 23 | train_loss: 0.5341 | train_acc: 0.7866 | test_loss: 1.1423 | test_acc: 0.5664 | 
Epoch: 24 | train_loss: 0.5820 | train_acc: 0.7802 | test_loss: 1.0890 | test_acc: 0.6094 | 
Epoch: 25 | train_loss: 0.4543 | train_acc: 0.8276 | test_loss: 1.0600 | test_acc: 0.5898 | 
Epoch: 26 | train_loss: 0.4629 | train_acc: 0.8438 | test_loss: 1.1351 | test_acc: 0.6055 | 
Epoch: 27 | train_loss: 0.4461 | train_acc: 0.8362 | test_loss: 1.1277 | test_acc: 0.5781 | 
Epoch: 28 | train_loss: 0.4640 | train_acc: 0.8222 | test_loss: 1.0827 | test_acc: 0.6562 | 
Epoch: 29 | train_loss: 0.6257 | train_acc: 0.8157 | test_loss: 1.2260 | test_acc: 0.5820 | 
Epoch: 30 | train_loss: 0.5220 | train_acc: 0.7920 | test_loss: 1.0123 | test_acc: 0.5938 | 
Epoch: 31 | train_loss: 0.4377 | train_acc: 0.8136 | test_loss: 1.0707 | test_acc: 0.5859 | 
Epoch: 32 | train_loss: 0.4554 | train_acc: 0.8265 | test_loss: 1.0234 | test_acc: 0.6719 | 
Epoch: 33 | train_loss: 0.3812 | train_acc: 0.8675 | test_loss: 1.1575 | test_acc: 0.5156 | 
Epoch: 34 | train_loss: 0.3980 | train_acc: 0.8362 | test_loss: 1.1576 | test_acc: 0.6016 | 
Epoch: 35 | train_loss: 0.3341 | train_acc: 0.8782 | test_loss: 1.2297 | test_acc: 0.5977 | 
Epoch: 36 | train_loss: 0.3337 | train_acc: 0.8804 | test_loss: 1.1789 | test_acc: 0.5234 | 
Epoch: 37 | train_loss: 0.3571 | train_acc: 0.8804 | test_loss: 1.2857 | test_acc: 0.6055 | 
Epoch: 38 | train_loss: 0.4996 | train_acc: 0.8470 | test_loss: 1.0835 | test_acc: 0.6016 | 
Epoch: 39 | train_loss: 0.3875 | train_acc: 0.8675 | test_loss: 1.0279 | test_acc: 0.6094 | 
Epoch: 40 | train_loss: 0.3500 | train_acc: 0.8901 | test_loss: 1.1399 | test_acc: 0.6016 | 
Epoch: 41 | train_loss: 0.4254 | train_acc: 0.8502 | test_loss: 1.1228 | test_acc: 0.5977 | 
Epoch: 42 | train_loss: 0.4186 | train_acc: 0.8319 | test_loss: 0.9401 | test_acc: 0.6680 | 
Epoch: 43 | train_loss: 0.3387 | train_acc: 0.8836 | test_loss: 1.1081 | test_acc: 0.6016 | 
Epoch: 44 | train_loss: 0.3230 | train_acc: 0.8879 | test_loss: 1.2575 | test_acc: 0.6055 | 
Epoch: 45 | train_loss: 0.3008 | train_acc: 0.8998 | test_loss: 1.1387 | test_acc: 0.6602 | 
Epoch: 46 | train_loss: 0.3023 | train_acc: 0.9030 | test_loss: 1.0528 | test_acc: 0.6328 | 
Epoch: 47 | train_loss: 0.2809 | train_acc: 0.9073 | test_loss: 0.9752 | test_acc: 0.6797 | 
Epoch: 48 | train_loss: 0.4020 | train_acc: 0.8707 | test_loss: 1.1150 | test_acc: 0.6680 | 
Epoch: 49 | train_loss: 0.4304 | train_acc: 0.8610 | test_loss: 1.1140 | test_acc: 0.5898 | 
Epoch: 50 | train_loss: 0.3535 | train_acc: 0.8707 | test_loss: 0.9858 | test_acc: 0.6289 | 
⏱️ Total training time: 85.581 seconds
📊 Bands [294, 340, 279] -> Fitness: 0.6289
2  	14    	0.749023	0.0500225	0.613281	0.785156	Individual('h', [231, 104, 405])
Dataset initialized with pre-loaded data. Total samples: 897
Band indices for training dataloader: [242, 86, 447]
Dataset initialized with pre-loaded data. Total samples: 226
Band indices for test dataloader: [242, 86, 447]
🔍 Starting evaluation of individual [242, 86, 447]
Epoch: 1 | train_loss: 1.3454 | train_acc: 0.3621 | test_loss: 1.2756 | test_acc: 0.4570 | 
Epoch: 2 | train_loss: 1.2328 | train_acc: 0.4537 | test_loss: 1.2791 | test_acc: 0.4727 | 
Epoch: 3 | train_loss: 1.1413 | train_acc: 0.5043 | test_loss: 1.1483 | test_acc: 0.5117 | 
Epoch: 4 | train_loss: 1.0629 | train_acc: 0.5280 | test_loss: 1.2215 | test_acc: 0.4805 | 
Epoch: 5 | train_loss: 0.9252 | train_acc: 0.6466 | test_loss: 1.2387 | test_acc: 0.4258 | 
Epoch: 6 | train_loss: 0.8877 | train_acc: 0.6272 | test_loss: 1.0348 | test_acc: 0.6094 | 
Epoch: 7 | train_loss: 0.8723 | train_acc: 0.6595 | test_loss: 1.2109 | test_acc: 0.5781 | 
Epoch: 8 | train_loss: 0.8681 | train_acc: 0.6487 | test_loss: 1.0226 | test_acc: 0.5938 | 
Epoch: 9 | train_loss: 0.7567 | train_acc: 0.7037 | test_loss: 0.9537 | test_acc: 0.6523 | 
Epoch: 10 | train_loss: 0.7413 | train_acc: 0.6897 | test_loss: 0.9584 | test_acc: 0.6758 | 
Epoch: 11 | train_loss: 0.6529 | train_acc: 0.7672 | test_loss: 1.1523 | test_acc: 0.5781 | 
Epoch: 12 | train_loss: 0.7210 | train_acc: 0.7274 | test_loss: 0.9649 | test_acc: 0.6992 | 
Epoch: 13 | train_loss: 0.5733 | train_acc: 0.7802 | test_loss: 0.9965 | test_acc: 0.5938 | 
Epoch: 14 | train_loss: 0.5255 | train_acc: 0.8244 | test_loss: 1.0842 | test_acc: 0.6406 | 
Epoch: 15 | train_loss: 0.5323 | train_acc: 0.7769 | test_loss: 1.0109 | test_acc: 0.6953 | 
Epoch: 16 | train_loss: 0.5532 | train_acc: 0.8028 | test_loss: 0.9912 | test_acc: 0.6016 | 
Epoch: 17 | train_loss: 0.4772 | train_acc: 0.8168 | test_loss: 0.9146 | test_acc: 0.7266 | 
Epoch: 18 | train_loss: 0.5097 | train_acc: 0.7953 | test_loss: 0.8849 | test_acc: 0.7188 | 
Epoch: 19 | train_loss: 0.4670 | train_acc: 0.8060 | test_loss: 0.8876 | test_acc: 0.6523 | 
Epoch: 20 | train_loss: 0.4493 | train_acc: 0.8125 | test_loss: 0.8835 | test_acc: 0.7031 | 
Epoch: 21 | train_loss: 0.3963 | train_acc: 0.8233 | test_loss: 0.9164 | test_acc: 0.7031 | 
Epoch: 22 | train_loss: 0.3594 | train_acc: 0.8772 | test_loss: 0.8756 | test_acc: 0.7070 | 
Epoch: 23 | train_loss: 0.3401 | train_acc: 0.8836 | test_loss: 0.7817 | test_acc: 0.7383 | 
Epoch: 24 | train_loss: 0.2748 | train_acc: 0.9062 | test_loss: 0.9925 | test_acc: 0.7188 | 
Epoch: 25 | train_loss: 0.3750 | train_acc: 0.8642 | test_loss: 0.9265 | test_acc: 0.7070 | 
Epoch: 26 | train_loss: 0.3875 | train_acc: 0.8631 | test_loss: 0.7559 | test_acc: 0.7344 | 
Epoch: 27 | train_loss: 0.3019 | train_acc: 0.8901 | test_loss: 0.9142 | test_acc: 0.6680 | 
Epoch: 28 | train_loss: 0.3668 | train_acc: 0.8631 | test_loss: 0.9182 | test_acc: 0.7070 | 
Epoch: 29 | train_loss: 0.4029 | train_acc: 0.8448 | test_loss: 0.9232 | test_acc: 0.6992 | 
Epoch: 30 | train_loss: 0.4752 | train_acc: 0.8384 | test_loss: 0.9076 | test_acc: 0.7266 | 
Epoch: 31 | train_loss: 0.4039 | train_acc: 0.8362 | test_loss: 0.8496 | test_acc: 0.7383 | 
Epoch: 32 | train_loss: 0.3051 | train_acc: 0.8653 | test_loss: 0.8635 | test_acc: 0.7422 | 
Epoch: 33 | train_loss: 0.2868 | train_acc: 0.8728 | test_loss: 0.9919 | test_acc: 0.7383 | 
Epoch: 34 | train_loss: 0.3678 | train_acc: 0.8728 | test_loss: 0.8894 | test_acc: 0.7266 | 
Epoch: 35 | train_loss: 0.3388 | train_acc: 0.8858 | test_loss: 0.7657 | test_acc: 0.7578 | 
Epoch: 36 | train_loss: 0.2730 | train_acc: 0.9170 | test_loss: 0.8001 | test_acc: 0.7734 | 
Epoch: 37 | train_loss: 0.2847 | train_acc: 0.8825 | test_loss: 0.9269 | test_acc: 0.7422 | 
Epoch: 38 | train_loss: 0.2655 | train_acc: 0.8847 | test_loss: 0.8843 | test_acc: 0.7461 | 
Epoch: 39 | train_loss: 0.2651 | train_acc: 0.8728 | test_loss: 0.9622 | test_acc: 0.7188 | 
Epoch: 40 | train_loss: 0.2434 | train_acc: 0.8955 | test_loss: 0.9723 | test_acc: 0.7227 | 
Epoch: 41 | train_loss: 0.3219 | train_acc: 0.8966 | test_loss: 0.8731 | test_acc: 0.7266 | 
Epoch: 42 | train_loss: 0.2820 | train_acc: 0.8922 | test_loss: 0.8159 | test_acc: 0.7617 | 
Epoch: 43 | train_loss: 0.2611 | train_acc: 0.9235 | test_loss: 0.8100 | test_acc: 0.7344 | 
Epoch: 44 | train_loss: 0.2541 | train_acc: 0.8976 | test_loss: 0.8330 | test_acc: 0.7500 | 
Epoch: 45 | train_loss: 0.2707 | train_acc: 0.8912 | test_loss: 0.8596 | test_acc: 0.7461 | 
Epoch: 46 | train_loss: 0.2812 | train_acc: 0.8933 | test_loss: 0.7512 | test_acc: 0.7812 | 
Epoch: 47 | train_loss: 0.2416 | train_acc: 0.8976 | test_loss: 0.7667 | test_acc: 0.7734 | 
Epoch: 48 | train_loss: 0.2414 | train_acc: 0.8987 | test_loss: 0.8546 | test_acc: 0.7617 | 
Epoch: 49 | train_loss: 0.3759 | train_acc: 0.9052 | test_loss: 0.7693 | test_acc: 0.7578 | 
Epoch: 50 | train_loss: 0.3228 | train_acc: 0.8772 | test_loss: 0.7046 | test_acc: 0.7422 | 
⏱️ Total training time: 86.981 seconds
📊 Bands [242, 86, 447] -> Fitness: 0.7422
Dataset initialized with pre-loaded data. Total samples: 897
Band indices for training dataloader: [245, 87, 12]
Dataset initialized with pre-loaded data. Total samples: 226
Band indices for test dataloader: [245, 87, 12]
🔍 Starting evaluation of individual [245, 87, 12]
Epoch: 1 | train_loss: 1.3731 | train_acc: 0.2856 | test_loss: 1.3690 | test_acc: 0.3203 | 
Epoch: 2 | train_loss: 1.2723 | train_acc: 0.4127 | test_loss: 1.3347 | test_acc: 0.3477 | 
Epoch: 3 | train_loss: 1.1941 | train_acc: 0.4612 | test_loss: 1.3669 | test_acc: 0.4492 | 
Epoch: 4 | train_loss: 1.0852 | train_acc: 0.5614 | test_loss: 1.2585 | test_acc: 0.4570 | 
Epoch: 5 | train_loss: 1.0635 | train_acc: 0.5625 | test_loss: 1.1786 | test_acc: 0.4414 | 
Epoch: 6 | train_loss: 0.9629 | train_acc: 0.5819 | test_loss: 1.0732 | test_acc: 0.5352 | 
Epoch: 7 | train_loss: 0.9169 | train_acc: 0.6369 | test_loss: 1.0655 | test_acc: 0.5508 | 
Epoch: 8 | train_loss: 0.8549 | train_acc: 0.6713 | test_loss: 1.1736 | test_acc: 0.4805 | 
Epoch: 9 | train_loss: 0.8274 | train_acc: 0.6595 | test_loss: 1.1784 | test_acc: 0.5664 | 
Epoch: 10 | train_loss: 0.7794 | train_acc: 0.7047 | test_loss: 1.3869 | test_acc: 0.5469 | 
Epoch: 11 | train_loss: 0.7619 | train_acc: 0.7080 | test_loss: 1.1084 | test_acc: 0.6172 | 
Epoch: 12 | train_loss: 0.7354 | train_acc: 0.7069 | test_loss: 0.9809 | test_acc: 0.5430 | 
Epoch: 13 | train_loss: 0.7111 | train_acc: 0.7166 | test_loss: 1.2215 | test_acc: 0.5273 | 
Epoch: 14 | train_loss: 0.6075 | train_acc: 0.7554 | test_loss: 1.3116 | test_acc: 0.5703 | 
Epoch: 15 | train_loss: 0.6292 | train_acc: 0.7802 | test_loss: 1.0696 | test_acc: 0.6250 | 
Epoch: 16 | train_loss: 0.5712 | train_acc: 0.7812 | test_loss: 0.9568 | test_acc: 0.6797 | 
Epoch: 17 | train_loss: 0.5947 | train_acc: 0.7543 | test_loss: 1.0750 | test_acc: 0.5898 | 
Epoch: 18 | train_loss: 0.5719 | train_acc: 0.7608 | test_loss: 1.1603 | test_acc: 0.5352 | 
Epoch: 19 | train_loss: 0.5688 | train_acc: 0.7812 | test_loss: 1.0769 | test_acc: 0.6211 | 
Epoch: 20 | train_loss: 0.5769 | train_acc: 0.7866 | test_loss: 0.9232 | test_acc: 0.6953 | 
Epoch: 21 | train_loss: 0.4717 | train_acc: 0.7920 | test_loss: 0.9569 | test_acc: 0.7109 | 
Epoch: 22 | train_loss: 0.4525 | train_acc: 0.8341 | test_loss: 0.9063 | test_acc: 0.5781 | 
Epoch: 23 | train_loss: 0.4698 | train_acc: 0.8254 | test_loss: 0.8270 | test_acc: 0.7031 | 
Epoch: 24 | train_loss: 0.3971 | train_acc: 0.8761 | test_loss: 0.9454 | test_acc: 0.6758 | 
Epoch: 25 | train_loss: 0.4368 | train_acc: 0.8244 | test_loss: 0.9386 | test_acc: 0.6641 | 
Epoch: 26 | train_loss: 0.4276 | train_acc: 0.8373 | test_loss: 1.0518 | test_acc: 0.6992 | 
Epoch: 27 | train_loss: 0.4099 | train_acc: 0.8427 | test_loss: 0.9066 | test_acc: 0.6562 | 
Epoch: 28 | train_loss: 0.4910 | train_acc: 0.8394 | test_loss: 1.1601 | test_acc: 0.6562 | 
Epoch: 29 | train_loss: 0.3819 | train_acc: 0.8405 | test_loss: 1.1253 | test_acc: 0.6367 | 
Epoch: 30 | train_loss: 0.4060 | train_acc: 0.8427 | test_loss: 1.0720 | test_acc: 0.6484 | 
Epoch: 31 | train_loss: 0.3776 | train_acc: 0.8513 | test_loss: 1.1603 | test_acc: 0.6484 | 
Epoch: 32 | train_loss: 0.3673 | train_acc: 0.8750 | test_loss: 1.1754 | test_acc: 0.6602 | 
Epoch: 33 | train_loss: 0.3910 | train_acc: 0.8664 | test_loss: 1.0940 | test_acc: 0.6445 | 
Epoch: 34 | train_loss: 0.3756 | train_acc: 0.8761 | test_loss: 1.0893 | test_acc: 0.6445 | 
Epoch: 35 | train_loss: 0.4997 | train_acc: 0.8524 | test_loss: 1.2218 | test_acc: 0.5898 | 
Epoch: 36 | train_loss: 0.3882 | train_acc: 0.8556 | test_loss: 1.3989 | test_acc: 0.5820 | 
Epoch: 37 | train_loss: 0.3411 | train_acc: 0.8675 | test_loss: 1.0375 | test_acc: 0.6445 | 
Epoch: 38 | train_loss: 0.2996 | train_acc: 0.9019 | test_loss: 1.0668 | test_acc: 0.6133 | 
Epoch: 39 | train_loss: 0.3120 | train_acc: 0.8718 | test_loss: 1.2012 | test_acc: 0.5938 | 
Epoch: 40 | train_loss: 0.2955 | train_acc: 0.9052 | test_loss: 1.1322 | test_acc: 0.6484 | 
Epoch: 41 | train_loss: 0.3319 | train_acc: 0.8621 | test_loss: 1.5701 | test_acc: 0.5977 | 
Epoch: 42 | train_loss: 0.3667 | train_acc: 0.8578 | test_loss: 0.9322 | test_acc: 0.6602 | 
Epoch: 43 | train_loss: 0.2958 | train_acc: 0.8815 | test_loss: 1.1288 | test_acc: 0.6562 | 
Epoch: 44 | train_loss: 0.2855 | train_acc: 0.9116 | test_loss: 1.1919 | test_acc: 0.6406 | 
Epoch: 45 | train_loss: 0.3047 | train_acc: 0.8750 | test_loss: 1.3415 | test_acc: 0.6172 | 
Epoch: 46 | train_loss: 0.3226 | train_acc: 0.8793 | test_loss: 1.0372 | test_acc: 0.6406 | 
Epoch: 47 | train_loss: 0.2581 | train_acc: 0.9181 | test_loss: 0.9604 | test_acc: 0.6914 | 
Epoch: 48 | train_loss: 0.2067 | train_acc: 0.9246 | test_loss: 1.0048 | test_acc: 0.6875 | 
Epoch: 49 | train_loss: 0.3478 | train_acc: 0.8987 | test_loss: 1.0285 | test_acc: 0.6680 | 
Epoch: 50 | train_loss: 0.3071 | train_acc: 0.8815 | test_loss: 1.2234 | test_acc: 0.6562 | 
⏱️ Total training time: 85.760 seconds
📊 Bands [245, 87, 12] -> Fitness: 0.6562
Dataset initialized with pre-loaded data. Total samples: 897
Band indices for training dataloader: [291, 85, 447]
Dataset initialized with pre-loaded data. Total samples: 226
Band indices for test dataloader: [291, 85, 447]
🔍 Starting evaluation of individual [291, 85, 447]
Epoch: 1 | train_loss: 1.3722 | train_acc: 0.3071 | test_loss: 1.3596 | test_acc: 0.4219 | 
Epoch: 2 | train_loss: 1.2400 | train_acc: 0.4246 | test_loss: 1.3706 | test_acc: 0.4297 | 
Epoch: 3 | train_loss: 1.1514 | train_acc: 0.4881 | test_loss: 1.2126 | test_acc: 0.5078 | 
Epoch: 4 | train_loss: 1.1031 | train_acc: 0.5302 | test_loss: 1.0777 | test_acc: 0.5547 | 
Epoch: 5 | train_loss: 1.0489 | train_acc: 0.5571 | test_loss: 1.0855 | test_acc: 0.5508 | 
Epoch: 6 | train_loss: 0.9777 | train_acc: 0.5851 | test_loss: 1.0819 | test_acc: 0.5781 | 
Epoch: 7 | train_loss: 0.9263 | train_acc: 0.6282 | test_loss: 1.3367 | test_acc: 0.5312 | 
Epoch: 8 | train_loss: 0.8441 | train_acc: 0.6638 | test_loss: 1.1943 | test_acc: 0.5547 | 
Epoch: 9 | train_loss: 0.8420 | train_acc: 0.6595 | test_loss: 1.1937 | test_acc: 0.5664 | 
Epoch: 10 | train_loss: 0.7838 | train_acc: 0.6961 | test_loss: 1.0578 | test_acc: 0.6250 | 
Epoch: 11 | train_loss: 0.7533 | train_acc: 0.6897 | test_loss: 1.1649 | test_acc: 0.5703 | 
Epoch: 12 | train_loss: 0.7137 | train_acc: 0.7252 | test_loss: 1.0229 | test_acc: 0.6172 | 
Epoch: 13 | train_loss: 0.7781 | train_acc: 0.7349 | test_loss: 1.2054 | test_acc: 0.5742 | 
Epoch: 14 | train_loss: 0.6969 | train_acc: 0.7597 | test_loss: 1.1368 | test_acc: 0.5938 | 
Epoch: 15 | train_loss: 0.6756 | train_acc: 0.7338 | test_loss: 1.2282 | test_acc: 0.5547 | 
Epoch: 16 | train_loss: 0.5999 | train_acc: 0.7716 | test_loss: 1.0864 | test_acc: 0.6094 | 
Epoch: 17 | train_loss: 0.5284 | train_acc: 0.8136 | test_loss: 1.0890 | test_acc: 0.6055 | 
Epoch: 18 | train_loss: 0.5296 | train_acc: 0.8125 | test_loss: 1.0323 | test_acc: 0.6641 | 
Epoch: 19 | train_loss: 0.5324 | train_acc: 0.7931 | test_loss: 1.2630 | test_acc: 0.5898 | 
Epoch: 20 | train_loss: 0.4871 | train_acc: 0.8200 | test_loss: 1.0750 | test_acc: 0.6406 | 
Epoch: 21 | train_loss: 0.5547 | train_acc: 0.7791 | test_loss: 0.9511 | test_acc: 0.6289 | 
Epoch: 22 | train_loss: 0.5479 | train_acc: 0.7834 | test_loss: 1.1553 | test_acc: 0.6016 | 
Epoch: 23 | train_loss: 0.5588 | train_acc: 0.7920 | test_loss: 0.9634 | test_acc: 0.6992 | 
Epoch: 24 | train_loss: 0.5452 | train_acc: 0.7759 | test_loss: 0.8824 | test_acc: 0.7266 | 
Epoch: 25 | train_loss: 0.4388 | train_acc: 0.8470 | test_loss: 1.0087 | test_acc: 0.6367 | 
Epoch: 26 | train_loss: 0.4838 | train_acc: 0.8157 | test_loss: 1.2370 | test_acc: 0.6367 | 
Epoch: 27 | train_loss: 0.4404 | train_acc: 0.8319 | test_loss: 0.9466 | test_acc: 0.7148 | 
Epoch: 28 | train_loss: 0.3690 | train_acc: 0.8642 | test_loss: 0.9849 | test_acc: 0.6953 | 
Epoch: 29 | train_loss: 0.4579 | train_acc: 0.8114 | test_loss: 1.1739 | test_acc: 0.6523 | 
Epoch: 30 | train_loss: 0.4354 | train_acc: 0.8244 | test_loss: 1.3953 | test_acc: 0.5938 | 
Epoch: 31 | train_loss: 0.4197 | train_acc: 0.8556 | test_loss: 1.0485 | test_acc: 0.6875 | 
Epoch: 32 | train_loss: 0.3579 | train_acc: 0.8750 | test_loss: 1.0608 | test_acc: 0.6719 | 
Epoch: 33 | train_loss: 0.3951 | train_acc: 0.8470 | test_loss: 0.9450 | test_acc: 0.6953 | 
Epoch: 34 | train_loss: 0.4522 | train_acc: 0.8556 | test_loss: 1.3216 | test_acc: 0.6367 | 
Epoch: 35 | train_loss: 0.4121 | train_acc: 0.8502 | test_loss: 1.0334 | test_acc: 0.6602 | 
Epoch: 36 | train_loss: 0.3244 | train_acc: 0.8685 | test_loss: 1.0449 | test_acc: 0.6602 | 
Epoch: 37 | train_loss: 0.3495 | train_acc: 0.8664 | test_loss: 1.0443 | test_acc: 0.6602 | 
Epoch: 38 | train_loss: 0.3242 | train_acc: 0.8718 | test_loss: 1.1153 | test_acc: 0.6719 | 
Epoch: 39 | train_loss: 0.3017 | train_acc: 0.8750 | test_loss: 1.3110 | test_acc: 0.6484 | 
Epoch: 40 | train_loss: 0.4420 | train_acc: 0.8405 | test_loss: 0.9913 | test_acc: 0.7148 | 
Epoch: 41 | train_loss: 0.3508 | train_acc: 0.8578 | test_loss: 1.0264 | test_acc: 0.6523 | 
Epoch: 42 | train_loss: 0.3593 | train_acc: 0.8621 | test_loss: 1.0079 | test_acc: 0.7227 | 
Epoch: 43 | train_loss: 0.3267 | train_acc: 0.8922 | test_loss: 1.0448 | test_acc: 0.6719 | 
Epoch: 44 | train_loss: 0.3999 | train_acc: 0.8718 | test_loss: 1.1142 | test_acc: 0.6758 | 
Epoch: 45 | train_loss: 0.3129 | train_acc: 0.8707 | test_loss: 1.2023 | test_acc: 0.6797 | 
Epoch: 46 | train_loss: 0.2916 | train_acc: 0.9116 | test_loss: 0.9277 | test_acc: 0.7500 | 
Epoch: 47 | train_loss: 0.2865 | train_acc: 0.8825 | test_loss: 1.1826 | test_acc: 0.7578 | 
Epoch: 48 | train_loss: 0.3001 | train_acc: 0.8804 | test_loss: 1.1254 | test_acc: 0.7344 | 
Epoch: 49 | train_loss: 0.3058 | train_acc: 0.8610 | test_loss: 1.0743 | test_acc: 0.6719 | 
Epoch: 50 | train_loss: 0.2566 | train_acc: 0.8955 | test_loss: 0.9870 | test_acc: 0.7617 | 
⏱️ Total training time: 85.713 seconds
📊 Bands [291, 85, 447] -> Fitness: 0.7617
Dataset initialized with pre-loaded data. Total samples: 897
Band indices for training dataloader: [196, 88, 0]
Dataset initialized with pre-loaded data. Total samples: 226
Band indices for test dataloader: [196, 88, 0]
🔍 Starting evaluation of individual [196, 88, 0]
Epoch: 1 | train_loss: 1.3820 | train_acc: 0.2834 | test_loss: 1.4216 | test_acc: 0.3125 | 
Epoch: 2 | train_loss: 1.2949 | train_acc: 0.4073 | test_loss: 1.5074 | test_acc: 0.3945 | 
Epoch: 3 | train_loss: 1.1959 | train_acc: 0.4774 | test_loss: 1.2944 | test_acc: 0.3750 | 
Epoch: 4 | train_loss: 1.1333 | train_acc: 0.4978 | test_loss: 1.2662 | test_acc: 0.4727 | 
Epoch: 5 | train_loss: 1.0992 | train_acc: 0.5550 | test_loss: 1.3037 | test_acc: 0.4531 | 
Epoch: 6 | train_loss: 1.0084 | train_acc: 0.5679 | test_loss: 1.1783 | test_acc: 0.5977 | 
Epoch: 7 | train_loss: 0.9567 | train_acc: 0.5905 | test_loss: 1.3276 | test_acc: 0.5117 | 
Epoch: 8 | train_loss: 0.9302 | train_acc: 0.6078 | test_loss: 1.0694 | test_acc: 0.5664 | 
Epoch: 9 | train_loss: 0.9113 | train_acc: 0.6099 | test_loss: 1.0985 | test_acc: 0.5781 | 
Epoch: 10 | train_loss: 0.8609 | train_acc: 0.6778 | test_loss: 1.0693 | test_acc: 0.5859 | 
Epoch: 11 | train_loss: 0.7766 | train_acc: 0.6724 | test_loss: 1.1029 | test_acc: 0.5977 | 
Epoch: 12 | train_loss: 0.8179 | train_acc: 0.6724 | test_loss: 1.0271 | test_acc: 0.6211 | 
Epoch: 13 | train_loss: 0.7279 | train_acc: 0.6950 | test_loss: 1.2718 | test_acc: 0.4844 | 
Epoch: 14 | train_loss: 0.6737 | train_acc: 0.7209 | test_loss: 1.0029 | test_acc: 0.6055 | 
Epoch: 15 | train_loss: 0.6544 | train_acc: 0.7651 | test_loss: 1.0741 | test_acc: 0.5859 | 
Epoch: 16 | train_loss: 0.7030 | train_acc: 0.7295 | test_loss: 1.0766 | test_acc: 0.5625 | 
Epoch: 17 | train_loss: 0.6392 | train_acc: 0.7629 | test_loss: 0.9907 | test_acc: 0.6211 | 
Epoch: 18 | train_loss: 0.6137 | train_acc: 0.7543 | test_loss: 1.1039 | test_acc: 0.5898 | 
Epoch: 19 | train_loss: 0.6341 | train_acc: 0.7662 | test_loss: 0.9517 | test_acc: 0.6562 | 
Epoch: 20 | train_loss: 0.5465 | train_acc: 0.8103 | test_loss: 1.1960 | test_acc: 0.5742 | 
Epoch: 21 | train_loss: 0.5633 | train_acc: 0.7888 | test_loss: 1.0221 | test_acc: 0.6523 | 
Epoch: 22 | train_loss: 0.5356 | train_acc: 0.7942 | test_loss: 0.9479 | test_acc: 0.6719 | 
Epoch: 23 | train_loss: 0.5261 | train_acc: 0.7963 | test_loss: 1.0520 | test_acc: 0.6289 | 
Epoch: 24 | train_loss: 0.5542 | train_acc: 0.7899 | test_loss: 0.9636 | test_acc: 0.5508 | 
Epoch: 25 | train_loss: 0.4816 | train_acc: 0.8222 | test_loss: 1.2104 | test_acc: 0.5156 | 
Epoch: 26 | train_loss: 0.4708 | train_acc: 0.8103 | test_loss: 0.9933 | test_acc: 0.6680 | 
Epoch: 27 | train_loss: 0.4450 | train_acc: 0.8265 | test_loss: 1.1462 | test_acc: 0.5859 | 
Epoch: 28 | train_loss: 0.4925 | train_acc: 0.8017 | test_loss: 1.2708 | test_acc: 0.4961 | 
Epoch: 29 | train_loss: 0.4710 | train_acc: 0.8125 | test_loss: 1.0219 | test_acc: 0.6016 | 
Epoch: 30 | train_loss: 0.4209 | train_acc: 0.8351 | test_loss: 1.2396 | test_acc: 0.5859 | 
Epoch: 31 | train_loss: 0.4448 | train_acc: 0.8200 | test_loss: 1.1160 | test_acc: 0.6133 | 
Epoch: 32 | train_loss: 0.3960 | train_acc: 0.8524 | test_loss: 1.1164 | test_acc: 0.6055 | 
Epoch: 33 | train_loss: 0.4076 | train_acc: 0.8556 | test_loss: 1.1849 | test_acc: 0.6172 | 
Epoch: 34 | train_loss: 0.3619 | train_acc: 0.8394 | test_loss: 1.1109 | test_acc: 0.6562 | 
Epoch: 35 | train_loss: 0.3586 | train_acc: 0.8621 | test_loss: 1.0700 | test_acc: 0.6523 | 
Epoch: 36 | train_loss: 0.3728 | train_acc: 0.8405 | test_loss: 1.2555 | test_acc: 0.5938 | 
Epoch: 37 | train_loss: 0.3450 | train_acc: 0.8481 | test_loss: 1.0489 | test_acc: 0.6055 | 
Epoch: 38 | train_loss: 0.3240 | train_acc: 0.8879 | test_loss: 1.0550 | test_acc: 0.6406 | 
Epoch: 39 | train_loss: 0.3989 | train_acc: 0.8610 | test_loss: 1.2266 | test_acc: 0.6406 | 
Epoch: 40 | train_loss: 0.3517 | train_acc: 0.8696 | test_loss: 0.9503 | test_acc: 0.7031 | 
Epoch: 41 | train_loss: 0.3406 | train_acc: 0.8772 | test_loss: 1.0870 | test_acc: 0.6211 | 
Epoch: 42 | train_loss: 0.3368 | train_acc: 0.8696 | test_loss: 1.0504 | test_acc: 0.6641 | 
Epoch: 43 | train_loss: 0.4657 | train_acc: 0.8351 | test_loss: 1.2054 | test_acc: 0.6133 | 
Epoch: 44 | train_loss: 0.3692 | train_acc: 0.8545 | test_loss: 1.0142 | test_acc: 0.6484 | 
Epoch: 45 | train_loss: 0.3038 | train_acc: 0.8987 | test_loss: 1.0360 | test_acc: 0.6719 | 
Epoch: 46 | train_loss: 0.3026 | train_acc: 0.8739 | test_loss: 1.0111 | test_acc: 0.6875 | 
Epoch: 47 | train_loss: 0.3799 | train_acc: 0.8675 | test_loss: 1.1421 | test_acc: 0.6914 | 
Epoch: 48 | train_loss: 0.3090 | train_acc: 0.8901 | test_loss: 1.0471 | test_acc: 0.6836 | 
Epoch: 49 | train_loss: 0.2406 | train_acc: 0.9256 | test_loss: 1.0699 | test_acc: 0.6797 | 
Epoch: 50 | train_loss: 0.3278 | train_acc: 0.8976 | test_loss: 1.2431 | test_acc: 0.6641 | 
⏱️ Total training time: 86.348 seconds
📊 Bands [196, 88, 0] -> Fitness: 0.6641
Dataset initialized with pre-loaded data. Total samples: 897
Band indices for training dataloader: [179, 436, 0]
Dataset initialized with pre-loaded data. Total samples: 226
Band indices for test dataloader: [179, 436, 0]
🔍 Starting evaluation of individual [179, 436, 0]
Epoch: 1 | train_loss: 1.3865 | train_acc: 0.3147 | test_loss: 1.4332 | test_acc: 0.2500 | 
Epoch: 2 | train_loss: 1.3393 | train_acc: 0.3502 | test_loss: 1.3240 | test_acc: 0.3750 | 
Epoch: 3 | train_loss: 1.2371 | train_acc: 0.4440 | test_loss: 1.4588 | test_acc: 0.3047 | 
Epoch: 4 | train_loss: 1.2372 | train_acc: 0.4483 | test_loss: 1.3007 | test_acc: 0.3750 | 
Epoch: 5 | train_loss: 1.2233 | train_acc: 0.4537 | test_loss: 1.3289 | test_acc: 0.3867 | 
Epoch: 6 | train_loss: 1.1004 | train_acc: 0.5463 | test_loss: 1.2236 | test_acc: 0.4023 | 
Epoch: 7 | train_loss: 1.0513 | train_acc: 0.5560 | test_loss: 1.2969 | test_acc: 0.4922 | 
Epoch: 8 | train_loss: 1.0180 | train_acc: 0.5744 | test_loss: 1.2355 | test_acc: 0.4570 | 
Epoch: 9 | train_loss: 1.0154 | train_acc: 0.5647 | test_loss: 1.1986 | test_acc: 0.5625 | 
Epoch: 10 | train_loss: 0.9660 | train_acc: 0.6056 | test_loss: 1.0915 | test_acc: 0.5977 | 
Epoch: 11 | train_loss: 0.8532 | train_acc: 0.6444 | test_loss: 1.3463 | test_acc: 0.4570 | 
Epoch: 12 | train_loss: 0.8679 | train_acc: 0.6358 | test_loss: 1.3226 | test_acc: 0.4727 | 
Epoch: 13 | train_loss: 0.8074 | train_acc: 0.6800 | test_loss: 1.2619 | test_acc: 0.4961 | 
Epoch: 14 | train_loss: 0.8237 | train_acc: 0.6573 | test_loss: 1.1099 | test_acc: 0.5703 | 
Epoch: 15 | train_loss: 0.7575 | train_acc: 0.6929 | test_loss: 1.2182 | test_acc: 0.5195 | 
Epoch: 16 | train_loss: 0.7776 | train_acc: 0.6778 | test_loss: 1.0799 | test_acc: 0.6250 | 
Epoch: 17 | train_loss: 0.6861 | train_acc: 0.7414 | test_loss: 1.0640 | test_acc: 0.6133 | 
Epoch: 18 | train_loss: 0.6511 | train_acc: 0.7511 | test_loss: 1.0836 | test_acc: 0.6016 | 
Epoch: 19 | train_loss: 0.7990 | train_acc: 0.7198 | test_loss: 1.0991 | test_acc: 0.5625 | 
Epoch: 20 | train_loss: 0.7169 | train_acc: 0.7037 | test_loss: 1.1754 | test_acc: 0.5352 | 
Epoch: 21 | train_loss: 0.6136 | train_acc: 0.7457 | test_loss: 1.2471 | test_acc: 0.5391 | 
Epoch: 22 | train_loss: 0.6371 | train_acc: 0.7295 | test_loss: 1.6255 | test_acc: 0.4492 | 
Epoch: 23 | train_loss: 0.5771 | train_acc: 0.7651 | test_loss: 1.2404 | test_acc: 0.6172 | 
Epoch: 24 | train_loss: 0.5483 | train_acc: 0.7769 | test_loss: 1.3458 | test_acc: 0.5430 | 
Epoch: 25 | train_loss: 0.5322 | train_acc: 0.7748 | test_loss: 1.4784 | test_acc: 0.5664 | 
Epoch: 26 | train_loss: 0.5281 | train_acc: 0.8168 | test_loss: 1.3908 | test_acc: 0.5469 | 
Epoch: 27 | train_loss: 0.5763 | train_acc: 0.7705 | test_loss: 1.3650 | test_acc: 0.5664 | 
Epoch: 28 | train_loss: 0.5372 | train_acc: 0.7791 | test_loss: 1.1850 | test_acc: 0.5820 | 
Epoch: 29 | train_loss: 0.5224 | train_acc: 0.8050 | test_loss: 1.2611 | test_acc: 0.5586 | 
Epoch: 30 | train_loss: 0.5139 | train_acc: 0.8006 | test_loss: 1.3272 | test_acc: 0.5664 | 
Epoch: 31 | train_loss: 0.4873 | train_acc: 0.8039 | test_loss: 1.3916 | test_acc: 0.5391 | 
Epoch: 32 | train_loss: 0.5288 | train_acc: 0.8071 | test_loss: 1.2902 | test_acc: 0.5430 | 
Epoch: 33 | train_loss: 0.4554 | train_acc: 0.8200 | test_loss: 1.2583 | test_acc: 0.5781 | 
Epoch: 34 | train_loss: 0.4720 | train_acc: 0.8233 | test_loss: 1.1208 | test_acc: 0.6641 | 
Epoch: 35 | train_loss: 0.3834 | train_acc: 0.8621 | test_loss: 1.2572 | test_acc: 0.5547 | 
Epoch: 36 | train_loss: 0.4660 | train_acc: 0.8179 | test_loss: 1.1610 | test_acc: 0.6367 | 
Epoch: 37 | train_loss: 0.4882 | train_acc: 0.8222 | test_loss: 1.1288 | test_acc: 0.6016 | 
Epoch: 38 | train_loss: 0.3585 | train_acc: 0.8545 | test_loss: 1.2462 | test_acc: 0.5820 | 
Epoch: 39 | train_loss: 0.3790 | train_acc: 0.8599 | test_loss: 1.1179 | test_acc: 0.6797 | 
Epoch: 40 | train_loss: 0.3757 | train_acc: 0.8502 | test_loss: 1.3203 | test_acc: 0.6250 | 
Epoch: 41 | train_loss: 0.4634 | train_acc: 0.8330 | test_loss: 1.2377 | test_acc: 0.6445 | 
Epoch: 42 | train_loss: 0.4153 | train_acc: 0.8341 | test_loss: 1.2074 | test_acc: 0.5898 | 
Epoch: 43 | train_loss: 0.3419 | train_acc: 0.8879 | test_loss: 1.1431 | test_acc: 0.6289 | 
Epoch: 44 | train_loss: 0.3294 | train_acc: 0.8685 | test_loss: 1.1843 | test_acc: 0.6641 | 
Epoch: 45 | train_loss: 0.4388 | train_acc: 0.8599 | test_loss: 1.3101 | test_acc: 0.5312 | 
Epoch: 46 | train_loss: 0.4200 | train_acc: 0.8438 | test_loss: 1.2005 | test_acc: 0.6484 | 
Epoch: 47 | train_loss: 0.2967 | train_acc: 0.9138 | test_loss: 1.2679 | test_acc: 0.6523 | 
Epoch: 48 | train_loss: 0.3471 | train_acc: 0.8664 | test_loss: 1.1652 | test_acc: 0.6836 | 
Epoch: 49 | train_loss: 0.3655 | train_acc: 0.8610 | test_loss: 1.4138 | test_acc: 0.6211 | 
Epoch: 50 | train_loss: 0.3606 | train_acc: 0.8513 | test_loss: 1.1591 | test_acc: 0.6094 | 
⏱️ Total training time: 81.279 seconds
📊 Bands [179, 436, 0] -> Fitness: 0.6094
Dataset initialized with pre-loaded data. Total samples: 897
Band indices for training dataloader: [447, 25, 315]
Dataset initialized with pre-loaded data. Total samples: 226
Band indices for test dataloader: [447, 25, 315]
🔍 Starting evaluation of individual [447, 25, 315]
Epoch: 1 | train_loss: 1.3892 | train_acc: 0.2619 | test_loss: 1.3711 | test_acc: 0.3125 | 
Epoch: 2 | train_loss: 1.3197 | train_acc: 0.3524 | test_loss: 1.3414 | test_acc: 0.3125 | 
Epoch: 3 | train_loss: 1.2137 | train_acc: 0.4623 | test_loss: 1.3677 | test_acc: 0.3672 | 
Epoch: 4 | train_loss: 1.1613 | train_acc: 0.4784 | test_loss: 1.3505 | test_acc: 0.3672 | 
Epoch: 5 | train_loss: 1.1041 | train_acc: 0.5151 | test_loss: 1.1514 | test_acc: 0.5508 | 
Epoch: 6 | train_loss: 1.1376 | train_acc: 0.5205 | test_loss: 1.1470 | test_acc: 0.4648 | 
Epoch: 7 | train_loss: 1.0219 | train_acc: 0.6024 | test_loss: 1.2271 | test_acc: 0.5547 | 
Epoch: 8 | train_loss: 1.0036 | train_acc: 0.5614 | test_loss: 1.1283 | test_acc: 0.5430 | 
Epoch: 9 | train_loss: 0.9222 | train_acc: 0.6282 | test_loss: 1.0757 | test_acc: 0.5430 | 
Epoch: 10 | train_loss: 0.9558 | train_acc: 0.6099 | test_loss: 1.0333 | test_acc: 0.6055 | 
Epoch: 11 | train_loss: 0.8395 | train_acc: 0.6573 | test_loss: 1.3237 | test_acc: 0.4102 | 
Epoch: 12 | train_loss: 0.8407 | train_acc: 0.6767 | test_loss: 1.1360 | test_acc: 0.5195 | 
Epoch: 13 | train_loss: 0.8071 | train_acc: 0.6681 | test_loss: 1.2023 | test_acc: 0.6133 | 
Epoch: 14 | train_loss: 0.7995 | train_acc: 0.6950 | test_loss: 0.9837 | test_acc: 0.6250 | 
Epoch: 15 | train_loss: 0.7900 | train_acc: 0.6746 | test_loss: 1.1741 | test_acc: 0.5078 | 
Epoch: 16 | train_loss: 0.7218 | train_acc: 0.6972 | test_loss: 1.1767 | test_acc: 0.5352 | 
Epoch: 17 | train_loss: 0.7251 | train_acc: 0.7263 | test_loss: 1.0965 | test_acc: 0.5352 | 
Epoch: 18 | train_loss: 0.6497 | train_acc: 0.7532 | test_loss: 1.0524 | test_acc: 0.6211 | 
Epoch: 19 | train_loss: 0.7122 | train_acc: 0.7338 | test_loss: 0.9948 | test_acc: 0.6250 | 
Epoch: 20 | train_loss: 0.6632 | train_acc: 0.7274 | test_loss: 1.1196 | test_acc: 0.5430 | 
Epoch: 21 | train_loss: 0.5957 | train_acc: 0.7748 | test_loss: 1.0751 | test_acc: 0.6250 | 
Epoch: 22 | train_loss: 0.6274 | train_acc: 0.7662 | test_loss: 1.0728 | test_acc: 0.6016 | 
Epoch: 23 | train_loss: 0.6157 | train_acc: 0.7705 | test_loss: 1.1107 | test_acc: 0.5938 | 
Epoch: 24 | train_loss: 0.6002 | train_acc: 0.7694 | test_loss: 1.1108 | test_acc: 0.6328 | 
Epoch: 25 | train_loss: 0.4891 | train_acc: 0.8244 | test_loss: 1.0913 | test_acc: 0.6406 | 
Epoch: 26 | train_loss: 0.5567 | train_acc: 0.7866 | test_loss: 1.1624 | test_acc: 0.6211 | 
Epoch: 27 | train_loss: 0.5821 | train_acc: 0.7812 | test_loss: 1.1297 | test_acc: 0.5391 | 
Epoch: 28 | train_loss: 0.5080 | train_acc: 0.7920 | test_loss: 1.0784 | test_acc: 0.5859 | 
Epoch: 29 | train_loss: 0.4862 | train_acc: 0.8157 | test_loss: 1.0549 | test_acc: 0.6484 | 
Epoch: 30 | train_loss: 0.4810 | train_acc: 0.8071 | test_loss: 1.0663 | test_acc: 0.5938 | 
Epoch: 31 | train_loss: 0.4288 | train_acc: 0.8287 | test_loss: 1.2098 | test_acc: 0.6406 | 
Epoch: 32 | train_loss: 0.4099 | train_acc: 0.8567 | test_loss: 1.2062 | test_acc: 0.5352 | 
Epoch: 33 | train_loss: 0.4211 | train_acc: 0.8545 | test_loss: 0.9776 | test_acc: 0.6758 | 
Epoch: 34 | train_loss: 0.4162 | train_acc: 0.8513 | test_loss: 1.0329 | test_acc: 0.6367 | 
Epoch: 35 | train_loss: 0.4787 | train_acc: 0.8254 | test_loss: 1.0681 | test_acc: 0.6641 | 
Epoch: 36 | train_loss: 0.4399 | train_acc: 0.8265 | test_loss: 1.0373 | test_acc: 0.6562 | 
Epoch: 37 | train_loss: 0.4903 | train_acc: 0.8157 | test_loss: 0.9765 | test_acc: 0.6680 | 
Epoch: 38 | train_loss: 0.3351 | train_acc: 0.8933 | test_loss: 1.1120 | test_acc: 0.6562 | 
Epoch: 39 | train_loss: 0.3731 | train_acc: 0.8459 | test_loss: 1.2995 | test_acc: 0.6055 | 
Epoch: 40 | train_loss: 0.3896 | train_acc: 0.8308 | test_loss: 1.2144 | test_acc: 0.6133 | 
Epoch: 41 | train_loss: 0.3139 | train_acc: 0.8847 | test_loss: 1.1624 | test_acc: 0.5938 | 
Epoch: 42 | train_loss: 0.2976 | train_acc: 0.8642 | test_loss: 1.0986 | test_acc: 0.6797 | 
Epoch: 43 | train_loss: 0.3427 | train_acc: 0.8524 | test_loss: 1.1191 | test_acc: 0.6719 | 
Epoch: 44 | train_loss: 0.2820 | train_acc: 0.8922 | test_loss: 1.1385 | test_acc: 0.6836 | 
Epoch: 45 | train_loss: 0.3215 | train_acc: 0.8631 | test_loss: 1.1432 | test_acc: 0.6836 | 
Epoch: 46 | train_loss: 0.4111 | train_acc: 0.8287 | test_loss: 1.1418 | test_acc: 0.6680 | 
Epoch: 47 | train_loss: 0.3418 | train_acc: 0.8869 | test_loss: 1.0160 | test_acc: 0.6602 | 
Epoch: 48 | train_loss: 0.3741 | train_acc: 0.8427 | test_loss: 0.9825 | test_acc: 0.6719 | 
Epoch: 49 | train_loss: 0.3036 | train_acc: 0.8955 | test_loss: 1.0399 | test_acc: 0.6758 | 
Epoch: 50 | train_loss: 0.2914 | train_acc: 0.8782 | test_loss: 1.1036 | test_acc: 0.6641 | 
⏱️ Total training time: 84.775 seconds
📊 Bands [447, 25, 315] -> Fitness: 0.6641
Dataset initialized with pre-loaded data. Total samples: 897
Band indices for training dataloader: [195, 101, 162]
Dataset initialized with pre-loaded data. Total samples: 226
Band indices for test dataloader: [195, 101, 162]
🔍 Starting evaluation of individual [195, 101, 162]
Epoch: 1 | train_loss: 1.3714 | train_acc: 0.3017 | test_loss: 1.2526 | test_acc: 0.4023 | 
Epoch: 2 | train_loss: 1.2254 | train_acc: 0.4116 | test_loss: 1.2703 | test_acc: 0.4414 | 
Epoch: 3 | train_loss: 1.1361 | train_acc: 0.4881 | test_loss: 1.2483 | test_acc: 0.4727 | 
Epoch: 4 | train_loss: 1.0493 | train_acc: 0.5981 | test_loss: 1.0848 | test_acc: 0.5742 | 
Epoch: 5 | train_loss: 0.9633 | train_acc: 0.5808 | test_loss: 0.9840 | test_acc: 0.6328 | 
Epoch: 6 | train_loss: 0.9179 | train_acc: 0.5981 | test_loss: 0.9956 | test_acc: 0.6016 | 
Epoch: 7 | train_loss: 0.8324 | train_acc: 0.6509 | test_loss: 1.0368 | test_acc: 0.5938 | 
Epoch: 8 | train_loss: 0.7190 | train_acc: 0.7328 | test_loss: 0.9998 | test_acc: 0.6289 | 
Epoch: 9 | train_loss: 0.7510 | train_acc: 0.6929 | test_loss: 1.0747 | test_acc: 0.6055 | 
Epoch: 10 | train_loss: 0.6745 | train_acc: 0.7532 | test_loss: 0.9812 | test_acc: 0.6562 | 
Epoch: 11 | train_loss: 0.6191 | train_acc: 0.7543 | test_loss: 0.9147 | test_acc: 0.6602 | 
Epoch: 12 | train_loss: 0.6464 | train_acc: 0.7489 | test_loss: 0.9044 | test_acc: 0.6836 | 
Epoch: 13 | train_loss: 0.6161 | train_acc: 0.7651 | test_loss: 0.8724 | test_acc: 0.6680 | 
Epoch: 14 | train_loss: 0.5717 | train_acc: 0.7812 | test_loss: 0.9460 | test_acc: 0.6719 | 
Epoch: 15 | train_loss: 0.5741 | train_acc: 0.7985 | test_loss: 0.8955 | test_acc: 0.6953 | 
Epoch: 16 | train_loss: 0.4915 | train_acc: 0.8082 | test_loss: 0.8238 | test_acc: 0.7109 | 
Epoch: 17 | train_loss: 0.5042 | train_acc: 0.8050 | test_loss: 0.9324 | test_acc: 0.6992 | 
Epoch: 18 | train_loss: 0.4792 | train_acc: 0.8125 | test_loss: 0.9822 | test_acc: 0.6758 | 
Epoch: 19 | train_loss: 0.4797 | train_acc: 0.8179 | test_loss: 0.8388 | test_acc: 0.7109 | 
Epoch: 20 | train_loss: 0.4537 | train_acc: 0.8448 | test_loss: 0.9002 | test_acc: 0.6836 | 
Epoch: 21 | train_loss: 0.4175 | train_acc: 0.8351 | test_loss: 0.8711 | test_acc: 0.7031 | 
Epoch: 22 | train_loss: 0.4396 | train_acc: 0.8341 | test_loss: 0.7944 | test_acc: 0.7461 | 
Epoch: 23 | train_loss: 0.4182 | train_acc: 0.8642 | test_loss: 0.8345 | test_acc: 0.7070 | 
Epoch: 24 | train_loss: 0.3606 | train_acc: 0.8696 | test_loss: 0.8724 | test_acc: 0.7266 | 
Epoch: 25 | train_loss: 0.3780 | train_acc: 0.8534 | test_loss: 0.9360 | test_acc: 0.7188 | 
Epoch: 26 | train_loss: 0.3806 | train_acc: 0.8330 | test_loss: 0.8591 | test_acc: 0.7148 | 
Epoch: 27 | train_loss: 0.3841 | train_acc: 0.8642 | test_loss: 0.8901 | test_acc: 0.7148 | 
Epoch: 28 | train_loss: 0.3321 | train_acc: 0.8718 | test_loss: 0.7452 | test_acc: 0.7539 | 
Epoch: 29 | train_loss: 0.3723 | train_acc: 0.8545 | test_loss: 0.7739 | test_acc: 0.7305 | 
Epoch: 30 | train_loss: 0.3317 | train_acc: 0.8718 | test_loss: 0.8627 | test_acc: 0.7148 | 
Epoch: 31 | train_loss: 0.3132 | train_acc: 0.8793 | test_loss: 0.9073 | test_acc: 0.7188 | 
Epoch: 32 | train_loss: 0.2490 | train_acc: 0.9235 | test_loss: 0.8354 | test_acc: 0.7344 | 
Epoch: 33 | train_loss: 0.3073 | train_acc: 0.8825 | test_loss: 0.8372 | test_acc: 0.7383 | 
Epoch: 34 | train_loss: 0.3871 | train_acc: 0.8696 | test_loss: 0.8333 | test_acc: 0.7383 | 
Epoch: 35 | train_loss: 0.3136 | train_acc: 0.8933 | test_loss: 0.8248 | test_acc: 0.7383 | 
Epoch: 36 | train_loss: 0.3386 | train_acc: 0.9030 | test_loss: 0.8295 | test_acc: 0.7422 | 
Epoch: 37 | train_loss: 0.3546 | train_acc: 0.8696 | test_loss: 0.9096 | test_acc: 0.7109 | 
Epoch: 38 | train_loss: 0.3364 | train_acc: 0.8944 | test_loss: 0.7295 | test_acc: 0.7500 | 
Epoch: 39 | train_loss: 0.2580 | train_acc: 0.9041 | test_loss: 0.7937 | test_acc: 0.7578 | 
Epoch: 40 | train_loss: 0.2459 | train_acc: 0.8987 | test_loss: 0.8204 | test_acc: 0.6875 | 
Epoch: 41 | train_loss: 0.2749 | train_acc: 0.8869 | test_loss: 0.7749 | test_acc: 0.7773 | 
Epoch: 42 | train_loss: 0.2440 | train_acc: 0.9041 | test_loss: 0.7320 | test_acc: 0.7734 | 
Epoch: 43 | train_loss: 0.2985 | train_acc: 0.9159 | test_loss: 0.7891 | test_acc: 0.6914 | 
Epoch: 44 | train_loss: 0.2292 | train_acc: 0.9310 | test_loss: 0.8093 | test_acc: 0.7617 | 
Epoch: 45 | train_loss: 0.1914 | train_acc: 0.9429 | test_loss: 0.8651 | test_acc: 0.7695 | 
Epoch: 46 | train_loss: 0.3175 | train_acc: 0.8955 | test_loss: 0.8405 | test_acc: 0.7578 | 
Epoch: 47 | train_loss: 0.1934 | train_acc: 0.9450 | test_loss: 0.7954 | test_acc: 0.7461 | 
Epoch: 48 | train_loss: 0.2865 | train_acc: 0.9009 | test_loss: 0.8467 | test_acc: 0.6836 | 
Epoch: 49 | train_loss: 0.2506 | train_acc: 0.9052 | test_loss: 0.7061 | test_acc: 0.7773 | 
Epoch: 50 | train_loss: 0.1802 | train_acc: 0.9558 | test_loss: 0.6916 | test_acc: 0.7812 | 
⏱️ Total training time: 85.732 seconds
📊 Bands [195, 101, 162] -> Fitness: 0.7812
Dataset initialized with pre-loaded data. Total samples: 897
Band indices for training dataloader: [285, 126, 133]
Dataset initialized with pre-loaded data. Total samples: 226
Band indices for test dataloader: [285, 126, 133]
🔍 Starting evaluation of individual [285, 126, 133]
Epoch: 1 | train_loss: 1.3667 | train_acc: 0.3136 | test_loss: 1.3263 | test_acc: 0.4141 | 
Epoch: 2 | train_loss: 1.2577 | train_acc: 0.4364 | test_loss: 1.2702 | test_acc: 0.4141 | 
Epoch: 3 | train_loss: 1.1560 | train_acc: 0.4903 | test_loss: 1.2245 | test_acc: 0.4570 | 
Epoch: 4 | train_loss: 1.0509 | train_acc: 0.5593 | test_loss: 1.2094 | test_acc: 0.4922 | 
Epoch: 5 | train_loss: 1.0570 | train_acc: 0.5679 | test_loss: 1.0688 | test_acc: 0.5977 | 
Epoch: 6 | train_loss: 0.9138 | train_acc: 0.6088 | test_loss: 1.0228 | test_acc: 0.5898 | 
Epoch: 7 | train_loss: 0.8703 | train_acc: 0.6412 | test_loss: 1.2017 | test_acc: 0.5195 | 
Epoch: 8 | train_loss: 0.8146 | train_acc: 0.7026 | test_loss: 0.9698 | test_acc: 0.6250 | 
Epoch: 9 | train_loss: 0.7622 | train_acc: 0.7069 | test_loss: 1.2629 | test_acc: 0.5469 | 
Epoch: 10 | train_loss: 0.8070 | train_acc: 0.6875 | test_loss: 1.1331 | test_acc: 0.5195 | 
Epoch: 11 | train_loss: 0.6387 | train_acc: 0.7812 | test_loss: 1.0762 | test_acc: 0.6016 | 
Epoch: 12 | train_loss: 0.6212 | train_acc: 0.7737 | test_loss: 1.0176 | test_acc: 0.6836 | 
Epoch: 13 | train_loss: 0.6655 | train_acc: 0.7381 | test_loss: 1.0329 | test_acc: 0.6055 | 
Epoch: 14 | train_loss: 0.5315 | train_acc: 0.7888 | test_loss: 1.0754 | test_acc: 0.6328 | 
Epoch: 15 | train_loss: 0.5954 | train_acc: 0.7435 | test_loss: 1.1508 | test_acc: 0.6133 | 
Epoch: 16 | train_loss: 0.5430 | train_acc: 0.7909 | test_loss: 0.9887 | test_acc: 0.6289 | 
Epoch: 17 | train_loss: 0.5048 | train_acc: 0.7780 | test_loss: 1.2730 | test_acc: 0.6055 | 
Epoch: 18 | train_loss: 0.5377 | train_acc: 0.7802 | test_loss: 0.9714 | test_acc: 0.6602 | 
Epoch: 19 | train_loss: 0.4993 | train_acc: 0.8017 | test_loss: 1.0342 | test_acc: 0.6602 | 
Epoch: 20 | train_loss: 0.4746 | train_acc: 0.8254 | test_loss: 1.0843 | test_acc: 0.6641 | 
Epoch: 21 | train_loss: 0.4178 | train_acc: 0.8567 | test_loss: 1.0871 | test_acc: 0.6680 | 
Epoch: 22 | train_loss: 0.5065 | train_acc: 0.8060 | test_loss: 1.1161 | test_acc: 0.6367 | 
Epoch: 23 | train_loss: 0.3839 | train_acc: 0.8578 | test_loss: 1.0519 | test_acc: 0.6953 | 
Epoch: 24 | train_loss: 0.3722 | train_acc: 0.8858 | test_loss: 1.2100 | test_acc: 0.6523 | 
Epoch: 25 | train_loss: 0.4114 | train_acc: 0.8588 | test_loss: 1.1345 | test_acc: 0.5859 | 
Epoch: 26 | train_loss: 0.3808 | train_acc: 0.8588 | test_loss: 1.0964 | test_acc: 0.6289 | 
Epoch: 27 | train_loss: 0.3449 | train_acc: 0.8502 | test_loss: 1.0922 | test_acc: 0.7227 | 
Epoch: 28 | train_loss: 0.4259 | train_acc: 0.8481 | test_loss: 0.9858 | test_acc: 0.6758 | 
Epoch: 29 | train_loss: 0.3950 | train_acc: 0.8427 | test_loss: 0.8675 | test_acc: 0.7305 | 
Epoch: 30 | train_loss: 0.3494 | train_acc: 0.8761 | test_loss: 1.0527 | test_acc: 0.7109 | 
Epoch: 31 | train_loss: 0.3467 | train_acc: 0.8664 | test_loss: 1.0521 | test_acc: 0.6836 | 
Epoch: 32 | train_loss: 0.3551 | train_acc: 0.8470 | test_loss: 0.9769 | test_acc: 0.7422 | 
Epoch: 33 | train_loss: 0.2937 | train_acc: 0.8804 | test_loss: 0.9599 | test_acc: 0.7305 | 
Epoch: 34 | train_loss: 0.3349 | train_acc: 0.8793 | test_loss: 0.8685 | test_acc: 0.7461 | 
Epoch: 35 | train_loss: 0.2941 | train_acc: 0.8772 | test_loss: 0.9762 | test_acc: 0.7266 | 
Epoch: 36 | train_loss: 0.2769 | train_acc: 0.9095 | test_loss: 0.9486 | test_acc: 0.7031 | 
Epoch: 37 | train_loss: 0.2913 | train_acc: 0.9030 | test_loss: 0.8985 | test_acc: 0.7148 | 
Epoch: 38 | train_loss: 0.2780 | train_acc: 0.8966 | test_loss: 0.8775 | test_acc: 0.7188 | 
Epoch: 39 | train_loss: 0.3793 | train_acc: 0.8847 | test_loss: 1.0607 | test_acc: 0.6641 | 
Epoch: 40 | train_loss: 0.2798 | train_acc: 0.8847 | test_loss: 1.0076 | test_acc: 0.6406 | 
Epoch: 41 | train_loss: 0.3222 | train_acc: 0.8847 | test_loss: 0.9330 | test_acc: 0.7266 | 
Epoch: 42 | train_loss: 0.2629 | train_acc: 0.9019 | test_loss: 0.9421 | test_acc: 0.7266 | 
Epoch: 43 | train_loss: 0.2323 | train_acc: 0.9030 | test_loss: 1.0064 | test_acc: 0.7266 | 
Epoch: 44 | train_loss: 0.2657 | train_acc: 0.8933 | test_loss: 1.0599 | test_acc: 0.7070 | 
Epoch: 45 | train_loss: 0.2485 | train_acc: 0.9062 | test_loss: 1.0573 | test_acc: 0.6992 | 
Epoch: 46 | train_loss: 0.1930 | train_acc: 0.9440 | test_loss: 1.1821 | test_acc: 0.6797 | 
Epoch: 47 | train_loss: 0.2724 | train_acc: 0.9009 | test_loss: 1.1777 | test_acc: 0.6562 | 
Epoch: 48 | train_loss: 0.2188 | train_acc: 0.9310 | test_loss: 1.0822 | test_acc: 0.6602 | 
Epoch: 49 | train_loss: 0.3049 | train_acc: 0.8998 | test_loss: 1.0084 | test_acc: 0.7266 | 
Epoch: 50 | train_loss: 0.2990 | train_acc: 0.8739 | test_loss: 1.1053 | test_acc: 0.6523 | 
⏱️ Total training time: 82.100 seconds
📊 Bands [285, 126, 133] -> Fitness: 0.6523
Dataset initialized with pre-loaded data. Total samples: 897
Band indices for training dataloader: [244, 86, 248]
Dataset initialized with pre-loaded data. Total samples: 226
Band indices for test dataloader: [244, 86, 248]
🔍 Starting evaluation of individual [244, 86, 248]
Epoch: 1 | train_loss: 1.3503 | train_acc: 0.3578 | test_loss: 1.3932 | test_acc: 0.3555 | 
Epoch: 2 | train_loss: 1.2660 | train_acc: 0.4192 | test_loss: 1.2467 | test_acc: 0.4922 | 
Epoch: 3 | train_loss: 1.1619 | train_acc: 0.4709 | test_loss: 1.3386 | test_acc: 0.5273 | 
Epoch: 4 | train_loss: 1.0688 | train_acc: 0.5291 | test_loss: 1.3034 | test_acc: 0.4375 | 
Epoch: 5 | train_loss: 0.9919 | train_acc: 0.6153 | test_loss: 1.4575 | test_acc: 0.4023 | 
Epoch: 6 | train_loss: 0.9600 | train_acc: 0.5873 | test_loss: 1.2518 | test_acc: 0.4844 | 
Epoch: 7 | train_loss: 0.8764 | train_acc: 0.6638 | test_loss: 1.1166 | test_acc: 0.6016 | 
Epoch: 8 | train_loss: 0.8553 | train_acc: 0.6519 | test_loss: 1.1577 | test_acc: 0.5859 | 
Epoch: 9 | train_loss: 0.7741 | train_acc: 0.7091 | test_loss: 1.2620 | test_acc: 0.5547 | 
Epoch: 10 | train_loss: 0.7886 | train_acc: 0.6638 | test_loss: 1.3141 | test_acc: 0.5469 | 
Epoch: 11 | train_loss: 0.7561 | train_acc: 0.6994 | test_loss: 1.3079 | test_acc: 0.5273 | 
Epoch: 12 | train_loss: 0.6958 | train_acc: 0.7349 | test_loss: 1.0604 | test_acc: 0.5898 | 
Epoch: 13 | train_loss: 0.6121 | train_acc: 0.7640 | test_loss: 1.0503 | test_acc: 0.6445 | 
Epoch: 14 | train_loss: 0.6419 | train_acc: 0.7338 | test_loss: 1.0509 | test_acc: 0.6250 | 
Epoch: 15 | train_loss: 0.6105 | train_acc: 0.7629 | test_loss: 1.1717 | test_acc: 0.5391 | 
Epoch: 16 | train_loss: 0.6018 | train_acc: 0.7511 | test_loss: 1.1108 | test_acc: 0.5625 | 
Epoch: 17 | train_loss: 0.6657 | train_acc: 0.7403 | test_loss: 1.1246 | test_acc: 0.6094 | 
Epoch: 18 | train_loss: 0.5961 | train_acc: 0.7888 | test_loss: 1.0724 | test_acc: 0.6758 | 
Epoch: 19 | train_loss: 0.5528 | train_acc: 0.7834 | test_loss: 0.9371 | test_acc: 0.7070 | 
Epoch: 20 | train_loss: 0.4581 | train_acc: 0.8308 | test_loss: 1.0216 | test_acc: 0.6523 | 
Epoch: 21 | train_loss: 0.4216 | train_acc: 0.8287 | test_loss: 1.1312 | test_acc: 0.7070 | 
Epoch: 22 | train_loss: 0.4546 | train_acc: 0.8373 | test_loss: 0.9083 | test_acc: 0.5859 | 
Epoch: 23 | train_loss: 0.4433 | train_acc: 0.8416 | test_loss: 1.0262 | test_acc: 0.6875 | 
Epoch: 24 | train_loss: 0.4382 | train_acc: 0.8254 | test_loss: 1.0833 | test_acc: 0.6289 | 
Epoch: 25 | train_loss: 0.3911 | train_acc: 0.8642 | test_loss: 0.8323 | test_acc: 0.7109 | 
Epoch: 26 | train_loss: 0.4506 | train_acc: 0.8071 | test_loss: 1.0178 | test_acc: 0.7109 | 
Epoch: 27 | train_loss: 0.4788 | train_acc: 0.8125 | test_loss: 1.0182 | test_acc: 0.6992 | 
Epoch: 28 | train_loss: 0.3768 | train_acc: 0.8675 | test_loss: 1.0541 | test_acc: 0.6914 | 
Epoch: 29 | train_loss: 0.4804 | train_acc: 0.8276 | test_loss: 1.0909 | test_acc: 0.6797 | 
Epoch: 30 | train_loss: 0.3737 | train_acc: 0.8384 | test_loss: 0.9338 | test_acc: 0.7344 | 
Epoch: 31 | train_loss: 0.3721 | train_acc: 0.8513 | test_loss: 0.9438 | test_acc: 0.7148 | 
Epoch: 32 | train_loss: 0.3602 | train_acc: 0.8739 | test_loss: 1.0556 | test_acc: 0.7539 | 
Epoch: 33 | train_loss: 0.3272 | train_acc: 0.8761 | test_loss: 0.8835 | test_acc: 0.7305 | 
Epoch: 34 | train_loss: 0.3300 | train_acc: 0.8588 | test_loss: 0.9819 | test_acc: 0.6875 | 
Epoch: 35 | train_loss: 0.2928 | train_acc: 0.8944 | test_loss: 0.9826 | test_acc: 0.6875 | 
Epoch: 36 | train_loss: 0.3127 | train_acc: 0.8739 | test_loss: 0.9806 | test_acc: 0.6992 | 
Epoch: 37 | train_loss: 0.3353 | train_acc: 0.8707 | test_loss: 0.8994 | test_acc: 0.7656 | 
Epoch: 38 | train_loss: 0.4243 | train_acc: 0.8858 | test_loss: 1.1255 | test_acc: 0.7188 | 
Epoch: 39 | train_loss: 0.2948 | train_acc: 0.9127 | test_loss: 1.0330 | test_acc: 0.7500 | 
Epoch: 40 | train_loss: 0.3166 | train_acc: 0.8664 | test_loss: 1.0070 | test_acc: 0.6992 | 
Epoch: 41 | train_loss: 0.4005 | train_acc: 0.8675 | test_loss: 0.8686 | test_acc: 0.7422 | 
Epoch: 42 | train_loss: 0.3272 | train_acc: 0.8836 | test_loss: 0.9522 | test_acc: 0.7148 | 
Epoch: 43 | train_loss: 0.3115 | train_acc: 0.8750 | test_loss: 0.9866 | test_acc: 0.7266 | 
Epoch: 44 | train_loss: 0.2988 | train_acc: 0.8696 | test_loss: 0.9226 | test_acc: 0.7422 | 
Epoch: 45 | train_loss: 0.2894 | train_acc: 0.8782 | test_loss: 0.7871 | test_acc: 0.7773 | 
Epoch: 46 | train_loss: 0.3612 | train_acc: 0.8858 | test_loss: 0.8521 | test_acc: 0.7734 | 
Epoch: 47 | train_loss: 0.3148 | train_acc: 0.9030 | test_loss: 0.8755 | test_acc: 0.7539 | 
Epoch: 48 | train_loss: 0.2750 | train_acc: 0.9041 | test_loss: 1.0958 | test_acc: 0.7109 | 
Epoch: 49 | train_loss: 0.2297 | train_acc: 0.9192 | test_loss: 1.0311 | test_acc: 0.7422 | 
Epoch: 50 | train_loss: 0.2651 | train_acc: 0.8998 | test_loss: 0.9650 | test_acc: 0.7578 | 
⏱️ Total training time: 83.942 seconds
📊 Bands [244, 86, 248] -> Fitness: 0.7578
Dataset initialized with pre-loaded data. Total samples: 897
Band indices for training dataloader: [418, 359, 98]
Dataset initialized with pre-loaded data. Total samples: 226
Band indices for test dataloader: [418, 359, 98]
🔍 Starting evaluation of individual [418, 359, 98]
Epoch: 1 | train_loss: 1.3691 | train_acc: 0.3157 | test_loss: 1.3856 | test_acc: 0.2891 | 
Epoch: 2 | train_loss: 1.2885 | train_acc: 0.4041 | test_loss: 1.1691 | test_acc: 0.5000 | 
Epoch: 3 | train_loss: 1.2062 | train_acc: 0.4806 | test_loss: 1.1509 | test_acc: 0.4883 | 
Epoch: 4 | train_loss: 1.1008 | train_acc: 0.5248 | test_loss: 1.1501 | test_acc: 0.5703 | 
Epoch: 5 | train_loss: 1.0224 | train_acc: 0.5657 | test_loss: 1.2116 | test_acc: 0.4805 | 
Epoch: 6 | train_loss: 0.9743 | train_acc: 0.5851 | test_loss: 1.0836 | test_acc: 0.5312 | 
Epoch: 7 | train_loss: 0.8689 | train_acc: 0.6573 | test_loss: 1.0877 | test_acc: 0.5547 | 
Epoch: 8 | train_loss: 0.8192 | train_acc: 0.6789 | test_loss: 1.1459 | test_acc: 0.5273 | 
Epoch: 9 | train_loss: 0.7919 | train_acc: 0.7101 | test_loss: 0.9081 | test_acc: 0.6641 | 
Epoch: 10 | train_loss: 0.7036 | train_acc: 0.7231 | test_loss: 1.1526 | test_acc: 0.5547 | 
Epoch: 11 | train_loss: 0.7116 | train_acc: 0.7080 | test_loss: 1.0482 | test_acc: 0.6406 | 
Epoch: 12 | train_loss: 0.6128 | train_acc: 0.7716 | test_loss: 0.8505 | test_acc: 0.6797 | 
Epoch: 13 | train_loss: 0.5974 | train_acc: 0.7888 | test_loss: 0.8932 | test_acc: 0.6836 | 
Epoch: 14 | train_loss: 0.6043 | train_acc: 0.7619 | test_loss: 1.1573 | test_acc: 0.5469 | 
Epoch: 15 | train_loss: 0.6485 | train_acc: 0.7532 | test_loss: 0.8888 | test_acc: 0.6797 | 
Epoch: 16 | train_loss: 0.5917 | train_acc: 0.7888 | test_loss: 0.8711 | test_acc: 0.6680 | 
Epoch: 17 | train_loss: 0.5871 | train_acc: 0.7791 | test_loss: 1.0172 | test_acc: 0.6406 | 
Epoch: 18 | train_loss: 0.5519 | train_acc: 0.7726 | test_loss: 0.9952 | test_acc: 0.6172 | 
Epoch: 19 | train_loss: 0.5576 | train_acc: 0.7769 | test_loss: 1.0934 | test_acc: 0.6367 | 
Epoch: 20 | train_loss: 0.5531 | train_acc: 0.8103 | test_loss: 1.0053 | test_acc: 0.6758 | 
Epoch: 21 | train_loss: 0.4584 | train_acc: 0.8168 | test_loss: 0.9392 | test_acc: 0.6719 | 
Epoch: 22 | train_loss: 0.4047 | train_acc: 0.8179 | test_loss: 0.9883 | test_acc: 0.6797 | 
Epoch: 23 | train_loss: 0.4170 | train_acc: 0.8470 | test_loss: 1.0678 | test_acc: 0.6406 | 
Epoch: 24 | train_loss: 0.3964 | train_acc: 0.8599 | test_loss: 0.9466 | test_acc: 0.6641 | 
Epoch: 25 | train_loss: 0.5477 | train_acc: 0.8211 | test_loss: 0.8219 | test_acc: 0.7305 | 
Epoch: 26 | train_loss: 0.4688 | train_acc: 0.8093 | test_loss: 0.8758 | test_acc: 0.6797 | 
Epoch: 27 | train_loss: 0.4338 | train_acc: 0.8416 | test_loss: 1.1530 | test_acc: 0.6562 | 
Epoch: 28 | train_loss: 0.3325 | train_acc: 0.8793 | test_loss: 0.9692 | test_acc: 0.7266 | 
Epoch: 29 | train_loss: 0.4193 | train_acc: 0.8545 | test_loss: 0.9829 | test_acc: 0.6953 | 
Epoch: 30 | train_loss: 0.3303 | train_acc: 0.8901 | test_loss: 0.8637 | test_acc: 0.6836 | 
Epoch: 31 | train_loss: 0.4287 | train_acc: 0.8696 | test_loss: 0.8708 | test_acc: 0.6875 | 
Epoch: 32 | train_loss: 0.4693 | train_acc: 0.8405 | test_loss: 0.7579 | test_acc: 0.7188 | 
Epoch: 33 | train_loss: 0.4098 | train_acc: 0.8438 | test_loss: 0.8685 | test_acc: 0.7188 | 
Epoch: 34 | train_loss: 0.3124 | train_acc: 0.8912 | test_loss: 1.0329 | test_acc: 0.6836 | 
Epoch: 35 | train_loss: 0.3763 | train_acc: 0.8384 | test_loss: 0.8997 | test_acc: 0.7070 | 
Epoch: 36 | train_loss: 0.3467 | train_acc: 0.8599 | test_loss: 0.8000 | test_acc: 0.7461 | 
Epoch: 37 | train_loss: 0.3279 | train_acc: 0.8685 | test_loss: 0.9480 | test_acc: 0.6836 | 
Epoch: 38 | train_loss: 0.2986 | train_acc: 0.8675 | test_loss: 0.9987 | test_acc: 0.7227 | 
Epoch: 39 | train_loss: 0.2479 | train_acc: 0.9084 | test_loss: 0.9413 | test_acc: 0.7227 | 
Epoch: 40 | train_loss: 0.4371 | train_acc: 0.8653 | test_loss: 0.9824 | test_acc: 0.7148 | 
Epoch: 41 | train_loss: 0.3541 | train_acc: 0.8761 | test_loss: 1.0016 | test_acc: 0.6914 | 
Epoch: 42 | train_loss: 0.2688 | train_acc: 0.8955 | test_loss: 0.9623 | test_acc: 0.7188 | 
Epoch: 43 | train_loss: 0.2587 | train_acc: 0.9224 | test_loss: 0.9149 | test_acc: 0.7227 | 
Epoch: 44 | train_loss: 0.2908 | train_acc: 0.8804 | test_loss: 0.8424 | test_acc: 0.7422 | 
Epoch: 45 | train_loss: 0.2312 | train_acc: 0.9224 | test_loss: 0.8953 | test_acc: 0.7383 | 
Epoch: 46 | train_loss: 0.3232 | train_acc: 0.8858 | test_loss: 1.0601 | test_acc: 0.6992 | 
Epoch: 47 | train_loss: 0.3104 | train_acc: 0.8836 | test_loss: 0.9952 | test_acc: 0.7148 | 
Epoch: 48 | train_loss: 0.3128 | train_acc: 0.8890 | test_loss: 0.7332 | test_acc: 0.7617 | 
Epoch: 49 | train_loss: 0.2745 | train_acc: 0.9138 | test_loss: 0.9273 | test_acc: 0.7422 | 
Epoch: 50 | train_loss: 0.2971 | train_acc: 0.8879 | test_loss: 1.0019 | test_acc: 0.7383 | 
⏱️ Total training time: 85.780 seconds
📊 Bands [418, 359, 98] -> Fitness: 0.7383
Dataset initialized with pre-loaded data. Total samples: 897
Band indices for training dataloader: [289, 86, 447]
Dataset initialized with pre-loaded data. Total samples: 226
Band indices for test dataloader: [289, 86, 447]
🔍 Starting evaluation of individual [289, 86, 447]
Epoch: 1 | train_loss: 1.3648 | train_acc: 0.3050 | test_loss: 1.2424 | test_acc: 0.4492 | 
Epoch: 2 | train_loss: 1.2609 | train_acc: 0.4106 | test_loss: 1.3869 | test_acc: 0.3203 | 
Epoch: 3 | train_loss: 1.1853 | train_acc: 0.4623 | test_loss: 1.2016 | test_acc: 0.4609 | 
Epoch: 4 | train_loss: 1.0417 | train_acc: 0.5744 | test_loss: 1.7485 | test_acc: 0.4492 | 
Epoch: 5 | train_loss: 1.0543 | train_acc: 0.5377 | test_loss: 1.2622 | test_acc: 0.4570 | 
Epoch: 6 | train_loss: 1.0799 | train_acc: 0.5442 | test_loss: 1.2828 | test_acc: 0.5312 | 
Epoch: 7 | train_loss: 0.9315 | train_acc: 0.5991 | test_loss: 1.0969 | test_acc: 0.5430 | 
Epoch: 8 | train_loss: 0.8992 | train_acc: 0.6282 | test_loss: 1.2641 | test_acc: 0.5508 | 
Epoch: 9 | train_loss: 0.7760 | train_acc: 0.7069 | test_loss: 1.3011 | test_acc: 0.5391 | 
Epoch: 10 | train_loss: 0.7431 | train_acc: 0.7123 | test_loss: 1.1097 | test_acc: 0.5547 | 
Epoch: 11 | train_loss: 0.7719 | train_acc: 0.6789 | test_loss: 1.0888 | test_acc: 0.6055 | 
Epoch: 12 | train_loss: 0.7421 | train_acc: 0.6994 | test_loss: 1.0498 | test_acc: 0.6914 | 
Epoch: 13 | train_loss: 0.7625 | train_acc: 0.7177 | test_loss: 1.0399 | test_acc: 0.5781 | 
Epoch: 14 | train_loss: 0.6941 | train_acc: 0.7177 | test_loss: 1.1208 | test_acc: 0.5508 | 
Epoch: 15 | train_loss: 0.6827 | train_acc: 0.7478 | test_loss: 1.0349 | test_acc: 0.5859 | 
Epoch: 16 | train_loss: 0.6315 | train_acc: 0.7446 | test_loss: 0.9122 | test_acc: 0.6406 | 
Epoch: 17 | train_loss: 0.6608 | train_acc: 0.7489 | test_loss: 0.9089 | test_acc: 0.6602 | 
Epoch: 18 | train_loss: 0.6036 | train_acc: 0.7489 | test_loss: 1.0807 | test_acc: 0.6211 | 
Epoch: 19 | train_loss: 0.5473 | train_acc: 0.7823 | test_loss: 0.9501 | test_acc: 0.6328 | 
Epoch: 20 | train_loss: 0.5543 | train_acc: 0.8028 | test_loss: 1.0860 | test_acc: 0.6016 | 
Epoch: 21 | train_loss: 0.5652 | train_acc: 0.7532 | test_loss: 0.9010 | test_acc: 0.6719 | 
Epoch: 22 | train_loss: 0.5346 | train_acc: 0.7823 | test_loss: 1.1450 | test_acc: 0.6133 | 
Epoch: 23 | train_loss: 0.5497 | train_acc: 0.7791 | test_loss: 0.9218 | test_acc: 0.6992 | 
Epoch: 24 | train_loss: 0.4789 | train_acc: 0.8017 | test_loss: 0.8113 | test_acc: 0.7070 | 
Epoch: 25 | train_loss: 0.4589 | train_acc: 0.8071 | test_loss: 0.8967 | test_acc: 0.6641 | 
Epoch: 26 | train_loss: 0.5364 | train_acc: 0.8093 | test_loss: 0.8797 | test_acc: 0.7266 | 
Epoch: 27 | train_loss: 0.5220 | train_acc: 0.7877 | test_loss: 1.0868 | test_acc: 0.6172 | 
Epoch: 28 | train_loss: 0.4883 | train_acc: 0.8082 | test_loss: 0.8213 | test_acc: 0.7031 | 
Epoch: 29 | train_loss: 0.3857 | train_acc: 0.8707 | test_loss: 0.8854 | test_acc: 0.7070 | 
Epoch: 30 | train_loss: 0.3945 | train_acc: 0.8319 | test_loss: 0.9922 | test_acc: 0.6289 | 
Epoch: 31 | train_loss: 0.4481 | train_acc: 0.8448 | test_loss: 1.0043 | test_acc: 0.6523 | 
Epoch: 32 | train_loss: 0.4381 | train_acc: 0.8351 | test_loss: 1.0981 | test_acc: 0.6562 | 
Epoch: 33 | train_loss: 0.3693 | train_acc: 0.8610 | test_loss: 0.9910 | test_acc: 0.6367 | 
Epoch: 34 | train_loss: 0.4940 | train_acc: 0.8642 | test_loss: 1.0191 | test_acc: 0.6797 | 
Epoch: 35 | train_loss: 0.4241 | train_acc: 0.8416 | test_loss: 0.9567 | test_acc: 0.6641 | 
Epoch: 36 | train_loss: 0.3137 | train_acc: 0.8642 | test_loss: 1.0011 | test_acc: 0.7227 | 
Epoch: 37 | train_loss: 0.3681 | train_acc: 0.8610 | test_loss: 1.1587 | test_acc: 0.6680 | 
Epoch: 38 | train_loss: 0.3448 | train_acc: 0.8588 | test_loss: 0.9533 | test_acc: 0.7383 | 
Epoch: 39 | train_loss: 0.3623 | train_acc: 0.8470 | test_loss: 0.9155 | test_acc: 0.6914 | 
Epoch: 40 | train_loss: 0.3710 | train_acc: 0.8782 | test_loss: 0.9458 | test_acc: 0.7266 | 
Epoch: 41 | train_loss: 0.4044 | train_acc: 0.8513 | test_loss: 1.0511 | test_acc: 0.6484 | 
Epoch: 42 | train_loss: 0.3882 | train_acc: 0.8502 | test_loss: 0.9682 | test_acc: 0.7070 | 
Epoch: 43 | train_loss: 0.3469 | train_acc: 0.8524 | test_loss: 1.2591 | test_acc: 0.6094 | 
Epoch: 44 | train_loss: 0.3374 | train_acc: 0.8901 | test_loss: 1.0527 | test_acc: 0.6484 | 
Epoch: 45 | train_loss: 0.3308 | train_acc: 0.8987 | test_loss: 0.9484 | test_acc: 0.6758 | 
Epoch: 46 | train_loss: 0.2593 | train_acc: 0.8966 | test_loss: 1.1232 | test_acc: 0.7031 | 
Epoch: 47 | train_loss: 0.2349 | train_acc: 0.9213 | test_loss: 0.9630 | test_acc: 0.7109 | 
Epoch: 48 | train_loss: 0.2622 | train_acc: 0.9149 | test_loss: 1.1225 | test_acc: 0.6562 | 
Epoch: 49 | train_loss: 0.3519 | train_acc: 0.8815 | test_loss: 1.5292 | test_acc: 0.6523 | 
Epoch: 50 | train_loss: 0.3044 | train_acc: 0.9052 | test_loss: 1.3918 | test_acc: 0.6641 | 
⏱️ Total training time: 86.932 seconds
📊 Bands [289, 86, 447] -> Fitness: 0.6641
Dataset initialized with pre-loaded data. Total samples: 897
Band indices for training dataloader: [198, 87, 27]
Dataset initialized with pre-loaded data. Total samples: 226
Band indices for test dataloader: [198, 87, 27]
🔍 Starting evaluation of individual [198, 87, 27]
Epoch: 1 | train_loss: 1.3646 | train_acc: 0.3157 | test_loss: 1.2643 | test_acc: 0.4219 | 
Epoch: 2 | train_loss: 1.2880 | train_acc: 0.4009 | test_loss: 1.2262 | test_acc: 0.4336 | 
Epoch: 3 | train_loss: 1.1781 | train_acc: 0.4709 | test_loss: 1.1817 | test_acc: 0.4609 | 
Epoch: 4 | train_loss: 1.0862 | train_acc: 0.5593 | test_loss: 1.2813 | test_acc: 0.4727 | 
Epoch: 5 | train_loss: 1.0169 | train_acc: 0.5754 | test_loss: 1.0683 | test_acc: 0.5117 | 
Epoch: 6 | train_loss: 0.9912 | train_acc: 0.6099 | test_loss: 1.1013 | test_acc: 0.5664 | 
Epoch: 7 | train_loss: 0.9105 | train_acc: 0.6110 | test_loss: 1.1186 | test_acc: 0.5586 | 
Epoch: 8 | train_loss: 0.8686 | train_acc: 0.6638 | test_loss: 1.0178 | test_acc: 0.6172 | 
Epoch: 9 | train_loss: 0.8212 | train_acc: 0.6541 | test_loss: 1.0177 | test_acc: 0.6211 | 
Epoch: 10 | train_loss: 0.7619 | train_acc: 0.7188 | test_loss: 0.9718 | test_acc: 0.6445 | 
Epoch: 11 | train_loss: 0.7286 | train_acc: 0.6929 | test_loss: 0.9877 | test_acc: 0.6562 | 
Epoch: 12 | train_loss: 0.6556 | train_acc: 0.7619 | test_loss: 0.9681 | test_acc: 0.6328 | 
Epoch: 13 | train_loss: 0.7004 | train_acc: 0.7101 | test_loss: 1.0080 | test_acc: 0.6289 | 
Epoch: 14 | train_loss: 0.6206 | train_acc: 0.7791 | test_loss: 0.9101 | test_acc: 0.6719 | 
Epoch: 15 | train_loss: 0.6498 | train_acc: 0.7252 | test_loss: 0.8879 | test_acc: 0.6836 | 
Epoch: 16 | train_loss: 0.6366 | train_acc: 0.7694 | test_loss: 1.1713 | test_acc: 0.6172 | 
Epoch: 17 | train_loss: 0.5777 | train_acc: 0.7726 | test_loss: 0.9383 | test_acc: 0.6562 | 
Epoch: 18 | train_loss: 0.5670 | train_acc: 0.7651 | test_loss: 0.8457 | test_acc: 0.6758 | 
Epoch: 19 | train_loss: 0.5015 | train_acc: 0.7920 | test_loss: 0.8958 | test_acc: 0.7109 | 
Epoch: 20 | train_loss: 0.5600 | train_acc: 0.7877 | test_loss: 0.7296 | test_acc: 0.7188 | 
Epoch: 21 | train_loss: 0.5443 | train_acc: 0.7834 | test_loss: 0.8608 | test_acc: 0.6719 | 
Epoch: 22 | train_loss: 0.4144 | train_acc: 0.8567 | test_loss: 0.7472 | test_acc: 0.7070 | 
Epoch: 23 | train_loss: 0.4596 | train_acc: 0.8168 | test_loss: 0.8788 | test_acc: 0.6875 | 
Epoch: 24 | train_loss: 0.4308 | train_acc: 0.8448 | test_loss: 0.8300 | test_acc: 0.7227 | 
Epoch: 25 | train_loss: 0.4156 | train_acc: 0.8341 | test_loss: 0.8259 | test_acc: 0.7383 | 
Epoch: 26 | train_loss: 0.4538 | train_acc: 0.8341 | test_loss: 0.7989 | test_acc: 0.7266 | 
Epoch: 27 | train_loss: 0.4830 | train_acc: 0.8200 | test_loss: 0.7539 | test_acc: 0.7148 | 
Epoch: 28 | train_loss: 0.3732 | train_acc: 0.8394 | test_loss: 0.7470 | test_acc: 0.7070 | 
Epoch: 29 | train_loss: 0.4563 | train_acc: 0.8179 | test_loss: 0.7086 | test_acc: 0.7266 | 
Epoch: 30 | train_loss: 0.4015 | train_acc: 0.8534 | test_loss: 0.7516 | test_acc: 0.7500 | 
Epoch: 31 | train_loss: 0.3456 | train_acc: 0.8825 | test_loss: 0.8035 | test_acc: 0.7188 | 
Epoch: 32 | train_loss: 0.3261 | train_acc: 0.8966 | test_loss: 0.7342 | test_acc: 0.7539 | 
Epoch: 33 | train_loss: 0.2782 | train_acc: 0.8976 | test_loss: 0.9393 | test_acc: 0.6953 | 
Epoch: 34 | train_loss: 0.3300 | train_acc: 0.8793 | test_loss: 0.9477 | test_acc: 0.7266 | 
Epoch: 35 | train_loss: 0.3105 | train_acc: 0.8631 | test_loss: 0.9633 | test_acc: 0.6797 | 
Epoch: 36 | train_loss: 0.3412 | train_acc: 0.8588 | test_loss: 0.9317 | test_acc: 0.6797 | 
Epoch: 37 | train_loss: 0.3378 | train_acc: 0.8782 | test_loss: 1.0453 | test_acc: 0.6953 | 
Epoch: 38 | train_loss: 0.3735 | train_acc: 0.8631 | test_loss: 0.8755 | test_acc: 0.7148 | 
Epoch: 39 | train_loss: 0.2621 | train_acc: 0.9289 | test_loss: 0.9127 | test_acc: 0.7031 | 
Epoch: 40 | train_loss: 0.3134 | train_acc: 0.8815 | test_loss: 1.0008 | test_acc: 0.6953 | 
Epoch: 41 | train_loss: 0.3123 | train_acc: 0.8696 | test_loss: 0.9196 | test_acc: 0.7188 | 
Epoch: 42 | train_loss: 0.2716 | train_acc: 0.8782 | test_loss: 0.8800 | test_acc: 0.7266 | 
Epoch: 43 | train_loss: 0.2796 | train_acc: 0.8858 | test_loss: 0.8466 | test_acc: 0.7539 | 
Epoch: 44 | train_loss: 0.2650 | train_acc: 0.9213 | test_loss: 0.9416 | test_acc: 0.7188 | 
Epoch: 45 | train_loss: 0.2538 | train_acc: 0.8825 | test_loss: 0.9157 | test_acc: 0.7500 | 
Epoch: 46 | train_loss: 0.2934 | train_acc: 0.8858 | test_loss: 0.9169 | test_acc: 0.7109 | 
Epoch: 47 | train_loss: 0.2454 | train_acc: 0.9084 | test_loss: 1.0016 | test_acc: 0.6953 | 
Epoch: 48 | train_loss: 0.2848 | train_acc: 0.8998 | test_loss: 0.9943 | test_acc: 0.6836 | 
Epoch: 49 | train_loss: 0.3085 | train_acc: 0.8836 | test_loss: 0.8139 | test_acc: 0.7344 | 
Epoch: 50 | train_loss: 0.3115 | train_acc: 0.8944 | test_loss: 0.8858 | test_acc: 0.7109 | 
⏱️ Total training time: 86.200 seconds
📊 Bands [198, 87, 27] -> Fitness: 0.7109
Bands [279, 88, 106] found in history. Returning cached fitness.
Bands [279, 88, 106] found in history. Returning cached fitness.
Dataset initialized with pre-loaded data. Total samples: 897
Band indices for training dataloader: [294, 123, 126]
Dataset initialized with pre-loaded data. Total samples: 226
Band indices for test dataloader: [294, 123, 126]
🔍 Starting evaluation of individual [294, 123, 126]
Epoch: 1 | train_loss: 1.3491 | train_acc: 0.3459 | test_loss: 1.3707 | test_acc: 0.3047 | 
Epoch: 2 | train_loss: 1.2480 | train_acc: 0.4073 | test_loss: 1.2093 | test_acc: 0.4727 | 
Epoch: 3 | train_loss: 1.1512 | train_acc: 0.5248 | test_loss: 1.1960 | test_acc: 0.5312 | 
Epoch: 4 | train_loss: 1.0532 | train_acc: 0.5571 | test_loss: 1.1993 | test_acc: 0.5508 | 
Epoch: 5 | train_loss: 1.0019 | train_acc: 0.5711 | test_loss: 1.0543 | test_acc: 0.5898 | 
Epoch: 6 | train_loss: 0.9502 | train_acc: 0.6153 | test_loss: 1.1278 | test_acc: 0.5820 | 
Epoch: 7 | train_loss: 0.8874 | train_acc: 0.6282 | test_loss: 1.0767 | test_acc: 0.6016 | 
Epoch: 8 | train_loss: 0.8152 | train_acc: 0.6778 | test_loss: 1.0509 | test_acc: 0.6289 | 
Epoch: 9 | train_loss: 0.7608 | train_acc: 0.6832 | test_loss: 1.2211 | test_acc: 0.5820 | 
Epoch: 10 | train_loss: 0.7846 | train_acc: 0.6821 | test_loss: 1.0578 | test_acc: 0.6172 | 
Epoch: 11 | train_loss: 0.6775 | train_acc: 0.7295 | test_loss: 1.2779 | test_acc: 0.5820 | 
Epoch: 12 | train_loss: 0.6315 | train_acc: 0.7575 | test_loss: 0.9854 | test_acc: 0.6016 | 
Epoch: 13 | train_loss: 0.6266 | train_acc: 0.7403 | test_loss: 0.9396 | test_acc: 0.6445 | 
Epoch: 14 | train_loss: 0.6039 | train_acc: 0.7672 | test_loss: 0.9563 | test_acc: 0.6562 | 
Epoch: 15 | train_loss: 0.5747 | train_acc: 0.7705 | test_loss: 1.1669 | test_acc: 0.6328 | 
Epoch: 16 | train_loss: 0.5812 | train_acc: 0.8071 | test_loss: 0.9187 | test_acc: 0.6289 | 
Epoch: 17 | train_loss: 0.5469 | train_acc: 0.8017 | test_loss: 1.0098 | test_acc: 0.6719 | 
Epoch: 18 | train_loss: 0.5334 | train_acc: 0.7856 | test_loss: 0.9862 | test_acc: 0.6680 | 
Epoch: 19 | train_loss: 0.5971 | train_acc: 0.7909 | test_loss: 1.0161 | test_acc: 0.6992 | 
Epoch: 20 | train_loss: 0.5212 | train_acc: 0.7834 | test_loss: 0.9312 | test_acc: 0.6797 | 
Epoch: 21 | train_loss: 0.4110 | train_acc: 0.8297 | test_loss: 0.9741 | test_acc: 0.6797 | 
Epoch: 22 | train_loss: 0.4452 | train_acc: 0.8534 | test_loss: 0.9013 | test_acc: 0.6953 | 
Epoch: 23 | train_loss: 0.3896 | train_acc: 0.8610 | test_loss: 0.9422 | test_acc: 0.6836 | 
Epoch: 24 | train_loss: 0.3747 | train_acc: 0.8642 | test_loss: 1.0956 | test_acc: 0.6172 | 
Epoch: 25 | train_loss: 0.4714 | train_acc: 0.8416 | test_loss: 1.0901 | test_acc: 0.6797 | 
Epoch: 26 | train_loss: 0.4081 | train_acc: 0.8297 | test_loss: 1.0547 | test_acc: 0.6914 | 
Epoch: 27 | train_loss: 0.3519 | train_acc: 0.8772 | test_loss: 1.1123 | test_acc: 0.6953 | 
Epoch: 28 | train_loss: 0.3409 | train_acc: 0.8567 | test_loss: 1.0933 | test_acc: 0.6680 | 
Epoch: 29 | train_loss: 0.3260 | train_acc: 0.8793 | test_loss: 0.9150 | test_acc: 0.7148 | 
Epoch: 30 | train_loss: 0.4171 | train_acc: 0.8524 | test_loss: 1.0271 | test_acc: 0.6875 | 
Epoch: 31 | train_loss: 0.3958 | train_acc: 0.8362 | test_loss: 0.9732 | test_acc: 0.7109 | 
Epoch: 32 | train_loss: 0.3543 | train_acc: 0.8534 | test_loss: 1.0509 | test_acc: 0.6953 | 
Epoch: 33 | train_loss: 0.2865 | train_acc: 0.8966 | test_loss: 1.0614 | test_acc: 0.7031 | 
Epoch: 34 | train_loss: 0.3755 | train_acc: 0.8534 | test_loss: 0.9751 | test_acc: 0.7344 | 
Epoch: 35 | train_loss: 0.3224 | train_acc: 0.8675 | test_loss: 0.9302 | test_acc: 0.7344 | 
Epoch: 36 | train_loss: 0.3409 | train_acc: 0.8631 | test_loss: 0.8751 | test_acc: 0.7109 | 
Epoch: 37 | train_loss: 0.2970 | train_acc: 0.8793 | test_loss: 0.9919 | test_acc: 0.7109 | 
Epoch: 38 | train_loss: 0.2685 | train_acc: 0.8739 | test_loss: 1.0149 | test_acc: 0.7188 | 
Epoch: 39 | train_loss: 0.3141 | train_acc: 0.8804 | test_loss: 1.0343 | test_acc: 0.7188 | 
Epoch: 40 | train_loss: 0.3865 | train_acc: 0.8718 | test_loss: 1.0362 | test_acc: 0.7188 | 
Epoch: 41 | train_loss: 0.3636 | train_acc: 0.8599 | test_loss: 1.1331 | test_acc: 0.6992 | 
Epoch: 42 | train_loss: 0.3380 | train_acc: 0.8685 | test_loss: 0.9348 | test_acc: 0.7109 | 
Epoch: 43 | train_loss: 0.2865 | train_acc: 0.9009 | test_loss: 0.9549 | test_acc: 0.7109 | 
Epoch: 44 | train_loss: 0.2455 | train_acc: 0.8976 | test_loss: 0.9607 | test_acc: 0.7578 | 
Epoch: 45 | train_loss: 0.2514 | train_acc: 0.8976 | test_loss: 0.9347 | test_acc: 0.7461 | 
Epoch: 46 | train_loss: 0.2122 | train_acc: 0.9278 | test_loss: 0.8956 | test_acc: 0.7383 | 
Epoch: 47 | train_loss: 0.3787 | train_acc: 0.8912 | test_loss: 0.8974 | test_acc: 0.7383 | 
Epoch: 48 | train_loss: 0.3025 | train_acc: 0.8998 | test_loss: 0.9360 | test_acc: 0.7422 | 
Epoch: 49 | train_loss: 0.3093 | train_acc: 0.8750 | test_loss: 0.8649 | test_acc: 0.7461 | 
Epoch: 50 | train_loss: 0.2787 | train_acc: 0.9073 | test_loss: 0.9842 | test_acc: 0.7422 | 
⏱️ Total training time: 82.259 seconds
📊 Bands [294, 123, 126] -> Fitness: 0.7422
Dataset initialized with pre-loaded data. Total samples: 897
Band indices for training dataloader: [278, 143, 203]
Dataset initialized with pre-loaded data. Total samples: 226
Band indices for test dataloader: [278, 143, 203]
🔍 Starting evaluation of individual [278, 143, 203]
Epoch: 1 | train_loss: 1.3487 | train_acc: 0.3793 | test_loss: 1.2443 | test_acc: 0.4062 | 
Epoch: 2 | train_loss: 1.2693 | train_acc: 0.4300 | test_loss: 1.3141 | test_acc: 0.4688 | 
Epoch: 3 | train_loss: 1.1426 | train_acc: 0.5334 | test_loss: 1.1623 | test_acc: 0.5312 | 
Epoch: 4 | train_loss: 1.0413 | train_acc: 0.5797 | test_loss: 1.1866 | test_acc: 0.5234 | 
Epoch: 5 | train_loss: 0.9675 | train_acc: 0.6185 | test_loss: 1.1301 | test_acc: 0.5391 | 
Epoch: 6 | train_loss: 0.9460 | train_acc: 0.6110 | test_loss: 1.1755 | test_acc: 0.5391 | 
Epoch: 7 | train_loss: 0.8023 | train_acc: 0.6886 | test_loss: 1.0521 | test_acc: 0.6133 | 
Epoch: 8 | train_loss: 0.8761 | train_acc: 0.6767 | test_loss: 1.0319 | test_acc: 0.5898 | 
Epoch: 9 | train_loss: 0.7056 | train_acc: 0.7381 | test_loss: 1.0181 | test_acc: 0.6445 | 
Epoch: 10 | train_loss: 0.6553 | train_acc: 0.7403 | test_loss: 0.9885 | test_acc: 0.6367 | 
Epoch: 11 | train_loss: 0.7089 | train_acc: 0.7274 | test_loss: 1.1628 | test_acc: 0.5391 | 
Epoch: 12 | train_loss: 0.6099 | train_acc: 0.7791 | test_loss: 1.0598 | test_acc: 0.6250 | 
Epoch: 13 | train_loss: 0.6207 | train_acc: 0.7694 | test_loss: 1.0525 | test_acc: 0.6367 | 
Epoch: 14 | train_loss: 0.5982 | train_acc: 0.7651 | test_loss: 0.9756 | test_acc: 0.6797 | 
Epoch: 15 | train_loss: 0.6270 | train_acc: 0.7619 | test_loss: 0.9861 | test_acc: 0.6484 | 
Epoch: 16 | train_loss: 0.5313 | train_acc: 0.7780 | test_loss: 0.9866 | test_acc: 0.6680 | 
Epoch: 17 | train_loss: 0.5052 | train_acc: 0.8071 | test_loss: 0.8814 | test_acc: 0.6875 | 
Epoch: 18 | train_loss: 0.4423 | train_acc: 0.8351 | test_loss: 1.1220 | test_acc: 0.6094 | 
Epoch: 19 | train_loss: 0.4760 | train_acc: 0.8017 | test_loss: 0.9126 | test_acc: 0.7070 | 
Epoch: 20 | train_loss: 0.4755 | train_acc: 0.8362 | test_loss: 0.9951 | test_acc: 0.6797 | 
Epoch: 21 | train_loss: 0.5348 | train_acc: 0.8071 | test_loss: 1.0014 | test_acc: 0.6406 | 
Epoch: 22 | train_loss: 0.4698 | train_acc: 0.8093 | test_loss: 0.9794 | test_acc: 0.6875 | 
Epoch: 23 | train_loss: 0.4220 | train_acc: 0.8373 | test_loss: 0.9544 | test_acc: 0.7031 | 
Epoch: 24 | train_loss: 0.4222 | train_acc: 0.8341 | test_loss: 0.8523 | test_acc: 0.7305 | 
Epoch: 25 | train_loss: 0.4164 | train_acc: 0.8384 | test_loss: 0.8754 | test_acc: 0.7148 | 
Epoch: 26 | train_loss: 0.4580 | train_acc: 0.8341 | test_loss: 0.8636 | test_acc: 0.7109 | 
Epoch: 27 | train_loss: 0.3265 | train_acc: 0.8933 | test_loss: 0.9013 | test_acc: 0.7109 | 
Epoch: 28 | train_loss: 0.3160 | train_acc: 0.9106 | test_loss: 0.8613 | test_acc: 0.7422 | 
Epoch: 29 | train_loss: 0.3006 | train_acc: 0.8782 | test_loss: 1.0033 | test_acc: 0.6953 | 
Epoch: 30 | train_loss: 0.4083 | train_acc: 0.8427 | test_loss: 0.9737 | test_acc: 0.7148 | 
Epoch: 31 | train_loss: 0.4422 | train_acc: 0.8664 | test_loss: 1.0625 | test_acc: 0.6758 | 
Epoch: 32 | train_loss: 0.3364 | train_acc: 0.9041 | test_loss: 0.9671 | test_acc: 0.7227 | 
Epoch: 33 | train_loss: 0.2835 | train_acc: 0.9159 | test_loss: 0.9073 | test_acc: 0.7500 | 
Epoch: 34 | train_loss: 0.3521 | train_acc: 0.8901 | test_loss: 0.9732 | test_acc: 0.7070 | 
Epoch: 35 | train_loss: 0.3543 | train_acc: 0.8545 | test_loss: 0.9037 | test_acc: 0.7188 | 
Epoch: 36 | train_loss: 0.3113 | train_acc: 0.9073 | test_loss: 0.9721 | test_acc: 0.7344 | 
Epoch: 37 | train_loss: 0.3161 | train_acc: 0.8815 | test_loss: 0.9425 | test_acc: 0.7383 | 
Epoch: 38 | train_loss: 0.2538 | train_acc: 0.9170 | test_loss: 0.9720 | test_acc: 0.7344 | 
Epoch: 39 | train_loss: 0.3155 | train_acc: 0.8804 | test_loss: 0.9950 | test_acc: 0.7148 | 
Epoch: 40 | train_loss: 0.3549 | train_acc: 0.8696 | test_loss: 0.9604 | test_acc: 0.7109 | 
Epoch: 41 | train_loss: 0.2410 | train_acc: 0.9278 | test_loss: 0.9737 | test_acc: 0.7422 | 
Epoch: 42 | train_loss: 0.2588 | train_acc: 0.8912 | test_loss: 1.0335 | test_acc: 0.7383 | 
Epoch: 43 | train_loss: 0.3125 | train_acc: 0.8750 | test_loss: 1.0877 | test_acc: 0.7188 | 
Epoch: 44 | train_loss: 0.2274 | train_acc: 0.9278 | test_loss: 1.0594 | test_acc: 0.6836 | 
Epoch: 45 | train_loss: 0.2245 | train_acc: 0.9106 | test_loss: 1.0202 | test_acc: 0.7188 | 
Epoch: 46 | train_loss: 0.2044 | train_acc: 0.9267 | test_loss: 1.2764 | test_acc: 0.7031 | 
Epoch: 47 | train_loss: 0.2441 | train_acc: 0.9246 | test_loss: 1.0489 | test_acc: 0.7109 | 
Epoch: 48 | train_loss: 0.2677 | train_acc: 0.8987 | test_loss: 1.1941 | test_acc: 0.6914 | 
Epoch: 49 | train_loss: 0.2788 | train_acc: 0.8879 | test_loss: 1.1410 | test_acc: 0.7148 | 
Epoch: 50 | train_loss: 0.3164 | train_acc: 0.8922 | test_loss: 0.9845 | test_acc: 0.7227 | 
⏱️ Total training time: 85.423 seconds
📊 Bands [278, 143, 203] -> Fitness: 0.7227
3  	16    	0.728906	0.0558935	0.609375	0.785156	Individual('h', [231, 104, 405])
Dataset initialized with pre-loaded data. Total samples: 897
Band indices for training dataloader: [221, 98, 153]
Dataset initialized with pre-loaded data. Total samples: 226
Band indices for test dataloader: [221, 98, 153]
🔍 Starting evaluation of individual [221, 98, 153]
Epoch: 1 | train_loss: 1.3735 | train_acc: 0.3006 | test_loss: 1.3087 | test_acc: 0.3867 | 
Epoch: 2 | train_loss: 1.2400 | train_acc: 0.4364 | test_loss: 1.4212 | test_acc: 0.4141 | 
Epoch: 3 | train_loss: 1.1482 | train_acc: 0.5065 | test_loss: 1.1226 | test_acc: 0.5586 | 
Epoch: 4 | train_loss: 1.0586 | train_acc: 0.5280 | test_loss: 1.1196 | test_acc: 0.5664 | 
Epoch: 5 | train_loss: 0.9538 | train_acc: 0.5991 | test_loss: 1.1299 | test_acc: 0.5625 | 
Epoch: 6 | train_loss: 0.8856 | train_acc: 0.6175 | test_loss: 1.1441 | test_acc: 0.5625 | 
Epoch: 7 | train_loss: 0.8356 | train_acc: 0.6832 | test_loss: 1.1945 | test_acc: 0.6250 | 
Epoch: 8 | train_loss: 0.7374 | train_acc: 0.7026 | test_loss: 1.0098 | test_acc: 0.6680 | 
Epoch: 9 | train_loss: 0.7519 | train_acc: 0.7080 | test_loss: 1.1730 | test_acc: 0.6172 | 
Epoch: 10 | train_loss: 0.6727 | train_acc: 0.7241 | test_loss: 0.9302 | test_acc: 0.6680 | 
Epoch: 11 | train_loss: 0.6235 | train_acc: 0.7338 | test_loss: 1.1640 | test_acc: 0.5664 | 
Epoch: 12 | train_loss: 0.5869 | train_acc: 0.7909 | test_loss: 0.9691 | test_acc: 0.6992 | 
Epoch: 13 | train_loss: 0.5748 | train_acc: 0.7565 | test_loss: 0.9060 | test_acc: 0.6758 | 
Epoch: 14 | train_loss: 0.5573 | train_acc: 0.7780 | test_loss: 0.9488 | test_acc: 0.7031 | 
Epoch: 15 | train_loss: 0.5160 | train_acc: 0.7931 | test_loss: 0.9986 | test_acc: 0.7070 | 
Epoch: 16 | train_loss: 0.4959 | train_acc: 0.8006 | test_loss: 1.0885 | test_acc: 0.6602 | 
Epoch: 17 | train_loss: 0.5402 | train_acc: 0.7640 | test_loss: 0.7615 | test_acc: 0.7109 | 
Epoch: 18 | train_loss: 0.4717 | train_acc: 0.8114 | test_loss: 0.8428 | test_acc: 0.7344 | 
Epoch: 19 | train_loss: 0.4228 | train_acc: 0.8362 | test_loss: 0.8594 | test_acc: 0.7148 | 
Epoch: 20 | train_loss: 0.3855 | train_acc: 0.8728 | test_loss: 0.8289 | test_acc: 0.6797 | 
Epoch: 21 | train_loss: 0.3961 | train_acc: 0.8578 | test_loss: 0.8957 | test_acc: 0.7500 | 
Epoch: 22 | train_loss: 0.4017 | train_acc: 0.8502 | test_loss: 0.8015 | test_acc: 0.7461 | 
Epoch: 23 | train_loss: 0.4106 | train_acc: 0.8362 | test_loss: 0.8823 | test_acc: 0.7266 | 
Epoch: 24 | train_loss: 0.4123 | train_acc: 0.8459 | test_loss: 1.0137 | test_acc: 0.7148 | 
Epoch: 25 | train_loss: 0.3758 | train_acc: 0.8481 | test_loss: 0.7960 | test_acc: 0.7227 | 
Epoch: 26 | train_loss: 0.3217 | train_acc: 0.8567 | test_loss: 0.9544 | test_acc: 0.7461 | 
Epoch: 27 | train_loss: 0.3718 | train_acc: 0.8696 | test_loss: 0.7283 | test_acc: 0.7539 | 
Epoch: 28 | train_loss: 0.3021 | train_acc: 0.9127 | test_loss: 0.7909 | test_acc: 0.7461 | 
Epoch: 29 | train_loss: 0.3683 | train_acc: 0.8556 | test_loss: 1.0625 | test_acc: 0.6680 | 
Epoch: 30 | train_loss: 0.3311 | train_acc: 0.8664 | test_loss: 0.8342 | test_acc: 0.7227 | 
Epoch: 31 | train_loss: 0.3339 | train_acc: 0.8922 | test_loss: 0.8155 | test_acc: 0.7188 | 
Epoch: 32 | train_loss: 0.2800 | train_acc: 0.9019 | test_loss: 0.8317 | test_acc: 0.7539 | 
Epoch: 33 | train_loss: 0.2397 | train_acc: 0.9235 | test_loss: 0.8216 | test_acc: 0.7617 | 
Epoch: 34 | train_loss: 0.4432 | train_acc: 0.8825 | test_loss: 0.8824 | test_acc: 0.7461 | 
Epoch: 35 | train_loss: 0.2502 | train_acc: 0.9300 | test_loss: 1.1251 | test_acc: 0.6836 | 
Epoch: 36 | train_loss: 0.3174 | train_acc: 0.8707 | test_loss: 0.7595 | test_acc: 0.7344 | 
Epoch: 37 | train_loss: 0.2110 | train_acc: 0.9235 | test_loss: 0.7303 | test_acc: 0.7656 | 
Epoch: 38 | train_loss: 0.2533 | train_acc: 0.9149 | test_loss: 0.7588 | test_acc: 0.7500 | 
Epoch: 39 | train_loss: 0.3038 | train_acc: 0.8901 | test_loss: 0.6987 | test_acc: 0.7695 | 
Epoch: 40 | train_loss: 0.2315 | train_acc: 0.9095 | test_loss: 0.8623 | test_acc: 0.7227 | 
Epoch: 41 | train_loss: 0.2307 | train_acc: 0.8998 | test_loss: 0.8487 | test_acc: 0.7500 | 
Epoch: 42 | train_loss: 0.2559 | train_acc: 0.8966 | test_loss: 0.7766 | test_acc: 0.7422 | 
Epoch: 43 | train_loss: 0.2590 | train_acc: 0.8901 | test_loss: 0.8409 | test_acc: 0.7422 | 
Epoch: 44 | train_loss: 0.2797 | train_acc: 0.8912 | test_loss: 0.9695 | test_acc: 0.7578 | 
Epoch: 45 | train_loss: 0.2338 | train_acc: 0.9235 | test_loss: 0.8750 | test_acc: 0.7578 | 
Epoch: 46 | train_loss: 0.1715 | train_acc: 0.9407 | test_loss: 0.8186 | test_acc: 0.7461 | 
Epoch: 47 | train_loss: 0.2287 | train_acc: 0.9116 | test_loss: 0.8212 | test_acc: 0.7383 | 
Epoch: 48 | train_loss: 0.2014 | train_acc: 0.9364 | test_loss: 0.7754 | test_acc: 0.7617 | 
Epoch: 49 | train_loss: 0.3269 | train_acc: 0.9019 | test_loss: 0.9283 | test_acc: 0.7305 | 
Epoch: 50 | train_loss: 0.2756 | train_acc: 0.8976 | test_loss: 0.8789 | test_acc: 0.7344 | 
⏱️ Total training time: 84.965 seconds
📊 Bands [221, 98, 153] -> Fitness: 0.7344
Dataset initialized with pre-loaded data. Total samples: 897
Band indices for training dataloader: [252, 90, 114]
Dataset initialized with pre-loaded data. Total samples: 226
Band indices for test dataloader: [252, 90, 114]
🔍 Starting evaluation of individual [252, 90, 114]
Epoch: 1 | train_loss: 1.3356 | train_acc: 0.3675 | test_loss: 1.2630 | test_acc: 0.4531 | 
Epoch: 2 | train_loss: 1.2301 | train_acc: 0.4612 | test_loss: 1.1555 | test_acc: 0.4844 | 
Epoch: 3 | train_loss: 1.0798 | train_acc: 0.5302 | test_loss: 1.4535 | test_acc: 0.3984 | 
Epoch: 4 | train_loss: 1.0071 | train_acc: 0.5905 | test_loss: 1.2568 | test_acc: 0.5117 | 
Epoch: 5 | train_loss: 0.9236 | train_acc: 0.6369 | test_loss: 1.2418 | test_acc: 0.5195 | 
Epoch: 6 | train_loss: 0.9065 | train_acc: 0.6498 | test_loss: 1.1094 | test_acc: 0.5547 | 
Epoch: 7 | train_loss: 0.8755 | train_acc: 0.6487 | test_loss: 1.0754 | test_acc: 0.6250 | 
Epoch: 8 | train_loss: 0.7490 | train_acc: 0.6929 | test_loss: 0.9979 | test_acc: 0.6016 | 
Epoch: 9 | train_loss: 0.7103 | train_acc: 0.7037 | test_loss: 1.0435 | test_acc: 0.6250 | 
Epoch: 10 | train_loss: 0.6697 | train_acc: 0.7349 | test_loss: 0.9054 | test_acc: 0.6641 | 
Epoch: 11 | train_loss: 0.6287 | train_acc: 0.7457 | test_loss: 1.0107 | test_acc: 0.6875 | 
Epoch: 12 | train_loss: 0.6008 | train_acc: 0.7823 | test_loss: 0.8611 | test_acc: 0.6914 | 
Epoch: 13 | train_loss: 0.5869 | train_acc: 0.7586 | test_loss: 0.9791 | test_acc: 0.6719 | 
Epoch: 14 | train_loss: 0.6191 | train_acc: 0.7565 | test_loss: 0.8666 | test_acc: 0.7227 | 
Epoch: 15 | train_loss: 0.5175 | train_acc: 0.7974 | test_loss: 0.8783 | test_acc: 0.7188 | 
Epoch: 16 | train_loss: 0.5740 | train_acc: 0.7737 | test_loss: 0.9701 | test_acc: 0.6250 | 
Epoch: 17 | train_loss: 0.5350 | train_acc: 0.8017 | test_loss: 0.8598 | test_acc: 0.7109 | 
Epoch: 18 | train_loss: 0.4580 | train_acc: 0.8448 | test_loss: 0.8602 | test_acc: 0.7500 | 
Epoch: 19 | train_loss: 0.4126 | train_acc: 0.8470 | test_loss: 0.9066 | test_acc: 0.7617 | 
Epoch: 20 | train_loss: 0.3958 | train_acc: 0.8394 | test_loss: 0.8704 | test_acc: 0.7461 | 
Epoch: 21 | train_loss: 0.4136 | train_acc: 0.8351 | test_loss: 0.8992 | test_acc: 0.7148 | 
Epoch: 22 | train_loss: 0.3380 | train_acc: 0.8750 | test_loss: 0.8779 | test_acc: 0.7500 | 
Epoch: 23 | train_loss: 0.3186 | train_acc: 0.8739 | test_loss: 0.8880 | test_acc: 0.7344 | 
Epoch: 24 | train_loss: 0.4021 | train_acc: 0.8664 | test_loss: 0.9142 | test_acc: 0.7266 | 
Epoch: 25 | train_loss: 0.4113 | train_acc: 0.8416 | test_loss: 0.9421 | test_acc: 0.7266 | 
Epoch: 26 | train_loss: 0.3537 | train_acc: 0.8588 | test_loss: 0.7543 | test_acc: 0.7539 | 
Epoch: 27 | train_loss: 0.3290 | train_acc: 0.8685 | test_loss: 0.9986 | test_acc: 0.6641 | 
Epoch: 28 | train_loss: 0.3904 | train_acc: 0.8459 | test_loss: 0.8638 | test_acc: 0.7539 | 
Epoch: 29 | train_loss: 0.4048 | train_acc: 0.8448 | test_loss: 0.8057 | test_acc: 0.7812 | 
Epoch: 30 | train_loss: 0.3233 | train_acc: 0.8772 | test_loss: 0.9026 | test_acc: 0.7344 | 
Epoch: 31 | train_loss: 0.2755 | train_acc: 0.9106 | test_loss: 0.9177 | test_acc: 0.6797 | 
Epoch: 32 | train_loss: 0.2594 | train_acc: 0.9170 | test_loss: 0.9199 | test_acc: 0.7695 | 
Epoch: 33 | train_loss: 0.3175 | train_acc: 0.8610 | test_loss: 0.9160 | test_acc: 0.7461 | 
Epoch: 34 | train_loss: 0.2592 | train_acc: 0.9213 | test_loss: 0.9513 | test_acc: 0.7461 | 
Epoch: 35 | train_loss: 0.2985 | train_acc: 0.8836 | test_loss: 1.0076 | test_acc: 0.7227 | 
Epoch: 36 | train_loss: 0.3619 | train_acc: 0.8718 | test_loss: 1.0230 | test_acc: 0.7109 | 
Epoch: 37 | train_loss: 0.3361 | train_acc: 0.8761 | test_loss: 0.9014 | test_acc: 0.7422 | 
Epoch: 38 | train_loss: 0.2950 | train_acc: 0.8685 | test_loss: 0.8992 | test_acc: 0.7383 | 
Epoch: 39 | train_loss: 0.3258 | train_acc: 0.8976 | test_loss: 0.7633 | test_acc: 0.7695 | 
Epoch: 40 | train_loss: 0.2629 | train_acc: 0.8858 | test_loss: 0.8105 | test_acc: 0.7539 | 
Epoch: 41 | train_loss: 0.2492 | train_acc: 0.9052 | test_loss: 0.9699 | test_acc: 0.7344 | 
Epoch: 42 | train_loss: 0.2593 | train_acc: 0.9138 | test_loss: 0.9880 | test_acc: 0.7383 | 
Epoch: 43 | train_loss: 0.2304 | train_acc: 0.9278 | test_loss: 0.9673 | test_acc: 0.7656 | 
Epoch: 44 | train_loss: 0.2427 | train_acc: 0.8987 | test_loss: 0.8084 | test_acc: 0.7617 | 
Epoch: 45 | train_loss: 0.3307 | train_acc: 0.8804 | test_loss: 0.8097 | test_acc: 0.7617 | 
Epoch: 46 | train_loss: 0.2179 | train_acc: 0.9192 | test_loss: 0.8070 | test_acc: 0.7695 | 
Epoch: 47 | train_loss: 0.2023 | train_acc: 0.9310 | test_loss: 0.8827 | test_acc: 0.7461 | 
Epoch: 48 | train_loss: 0.1887 | train_acc: 0.9461 | test_loss: 0.7919 | test_acc: 0.7812 | 
Epoch: 49 | train_loss: 0.2066 | train_acc: 0.9203 | test_loss: 0.8309 | test_acc: 0.7578 | 
Epoch: 50 | train_loss: 0.1822 | train_acc: 0.9440 | test_loss: 0.9379 | test_acc: 0.7695 | 
⏱️ Total training time: 83.327 seconds
📊 Bands [252, 90, 114] -> Fitness: 0.7695
Dataset initialized with pre-loaded data. Total samples: 897
Band indices for training dataloader: [279, 88, 105]
Dataset initialized with pre-loaded data. Total samples: 226
Band indices for test dataloader: [279, 88, 105]
🔍 Starting evaluation of individual [279, 88, 105]
Epoch: 1 | train_loss: 1.3464 | train_acc: 0.3384 | test_loss: 1.4479 | test_acc: 0.3359 | 
Epoch: 2 | train_loss: 1.2274 | train_acc: 0.4817 | test_loss: 1.2772 | test_acc: 0.4570 | 
Epoch: 3 | train_loss: 1.1656 | train_acc: 0.4978 | test_loss: 1.1323 | test_acc: 0.5742 | 
Epoch: 4 | train_loss: 1.0538 | train_acc: 0.5550 | test_loss: 1.0505 | test_acc: 0.5820 | 
Epoch: 5 | train_loss: 0.9454 | train_acc: 0.6444 | test_loss: 1.1273 | test_acc: 0.5508 | 
Epoch: 6 | train_loss: 0.8859 | train_acc: 0.6659 | test_loss: 1.1090 | test_acc: 0.5586 | 
Epoch: 7 | train_loss: 0.8334 | train_acc: 0.6498 | test_loss: 1.1500 | test_acc: 0.5703 | 
Epoch: 8 | train_loss: 0.8077 | train_acc: 0.6498 | test_loss: 0.9746 | test_acc: 0.5820 | 
Epoch: 9 | train_loss: 0.7459 | train_acc: 0.6918 | test_loss: 0.8710 | test_acc: 0.6641 | 
Epoch: 10 | train_loss: 0.7201 | train_acc: 0.6940 | test_loss: 1.0110 | test_acc: 0.6602 | 
Epoch: 11 | train_loss: 0.7200 | train_acc: 0.7123 | test_loss: 1.0541 | test_acc: 0.6484 | 
Epoch: 12 | train_loss: 0.5979 | train_acc: 0.7791 | test_loss: 0.9881 | test_acc: 0.6250 | 
Epoch: 13 | train_loss: 0.6207 | train_acc: 0.7543 | test_loss: 1.0166 | test_acc: 0.6172 | 
Epoch: 14 | train_loss: 0.6029 | train_acc: 0.7586 | test_loss: 1.0295 | test_acc: 0.6289 | 
Epoch: 15 | train_loss: 0.6068 | train_acc: 0.7608 | test_loss: 1.1851 | test_acc: 0.5820 | 
Epoch: 16 | train_loss: 0.4941 | train_acc: 0.8006 | test_loss: 1.2631 | test_acc: 0.6484 | 
Epoch: 17 | train_loss: 0.5278 | train_acc: 0.8060 | test_loss: 0.8990 | test_acc: 0.7344 | 
Epoch: 18 | train_loss: 0.4952 | train_acc: 0.8136 | test_loss: 0.8661 | test_acc: 0.7148 | 
Epoch: 19 | train_loss: 0.3683 | train_acc: 0.8815 | test_loss: 1.0414 | test_acc: 0.6250 | 
Epoch: 20 | train_loss: 0.4869 | train_acc: 0.8017 | test_loss: 1.1967 | test_acc: 0.6602 | 
Epoch: 21 | train_loss: 0.5241 | train_acc: 0.7856 | test_loss: 0.9797 | test_acc: 0.6484 | 
Epoch: 22 | train_loss: 0.4411 | train_acc: 0.8502 | test_loss: 0.8395 | test_acc: 0.7266 | 
Epoch: 23 | train_loss: 0.4155 | train_acc: 0.8297 | test_loss: 0.8291 | test_acc: 0.7344 | 
Epoch: 24 | train_loss: 0.4753 | train_acc: 0.8384 | test_loss: 0.8028 | test_acc: 0.7461 | 
Epoch: 25 | train_loss: 0.4106 | train_acc: 0.8448 | test_loss: 0.8542 | test_acc: 0.6875 | 
Epoch: 26 | train_loss: 0.3571 | train_acc: 0.8599 | test_loss: 0.8793 | test_acc: 0.6953 | 
Epoch: 27 | train_loss: 0.3960 | train_acc: 0.8599 | test_loss: 0.9534 | test_acc: 0.6562 | 
Epoch: 28 | train_loss: 0.3044 | train_acc: 0.9084 | test_loss: 0.9731 | test_acc: 0.7070 | 
Epoch: 29 | train_loss: 0.3690 | train_acc: 0.8664 | test_loss: 0.8823 | test_acc: 0.6914 | 
Epoch: 30 | train_loss: 0.3451 | train_acc: 0.8513 | test_loss: 0.7911 | test_acc: 0.7500 | 
Epoch: 31 | train_loss: 0.3038 | train_acc: 0.8966 | test_loss: 0.9218 | test_acc: 0.6836 | 
Epoch: 32 | train_loss: 0.3196 | train_acc: 0.9009 | test_loss: 0.8599 | test_acc: 0.7422 | 
Epoch: 33 | train_loss: 0.3179 | train_acc: 0.8642 | test_loss: 0.9200 | test_acc: 0.7539 | 
Epoch: 34 | train_loss: 0.3244 | train_acc: 0.8599 | test_loss: 0.8112 | test_acc: 0.7422 | 
Epoch: 35 | train_loss: 0.2442 | train_acc: 0.9246 | test_loss: 0.8260 | test_acc: 0.7500 | 
Epoch: 36 | train_loss: 0.1913 | train_acc: 0.9440 | test_loss: 0.8093 | test_acc: 0.7422 | 
Epoch: 37 | train_loss: 0.1893 | train_acc: 0.9418 | test_loss: 1.0074 | test_acc: 0.7188 | 
Epoch: 38 | train_loss: 0.3396 | train_acc: 0.8944 | test_loss: 0.8956 | test_acc: 0.7539 | 
Epoch: 39 | train_loss: 0.2988 | train_acc: 0.8772 | test_loss: 0.9421 | test_acc: 0.6914 | 
Epoch: 40 | train_loss: 0.2338 | train_acc: 0.9203 | test_loss: 0.8566 | test_acc: 0.7500 | 
Epoch: 41 | train_loss: 0.3424 | train_acc: 0.8987 | test_loss: 0.9520 | test_acc: 0.7070 | 
Epoch: 42 | train_loss: 0.2789 | train_acc: 0.8944 | test_loss: 0.9907 | test_acc: 0.7188 | 
Epoch: 43 | train_loss: 0.3053 | train_acc: 0.8987 | test_loss: 0.8805 | test_acc: 0.7422 | 
Epoch: 44 | train_loss: 0.2270 | train_acc: 0.9310 | test_loss: 0.8415 | test_acc: 0.7383 | 
Epoch: 45 | train_loss: 0.2305 | train_acc: 0.8933 | test_loss: 0.9059 | test_acc: 0.7305 | 
Epoch: 46 | train_loss: 0.2433 | train_acc: 0.9041 | test_loss: 0.9717 | test_acc: 0.7656 | 
Epoch: 47 | train_loss: 0.2445 | train_acc: 0.8922 | test_loss: 0.9122 | test_acc: 0.7539 | 
Epoch: 48 | train_loss: 0.2553 | train_acc: 0.8966 | test_loss: 1.0634 | test_acc: 0.7227 | 
Epoch: 49 | train_loss: 0.2116 | train_acc: 0.9386 | test_loss: 0.8419 | test_acc: 0.7695 | 
Epoch: 50 | train_loss: 0.1841 | train_acc: 0.9375 | test_loss: 0.9768 | test_acc: 0.7578 | 
⏱️ Total training time: 84.822 seconds
📊 Bands [279, 88, 105] -> Fitness: 0.7578
Bands [279, 88, 105] found in history. Returning cached fitness.
Bands [279, 88, 106] found in history. Returning cached fitness.
Bands [279, 88, 106] found in history. Returning cached fitness.
Dataset initialized with pre-loaded data. Total samples: 897
Band indices for training dataloader: [279, 86, 234]
Dataset initialized with pre-loaded data. Total samples: 226
Band indices for test dataloader: [279, 86, 234]
🔍 Starting evaluation of individual [279, 86, 234]
Epoch: 1 | train_loss: 1.3677 | train_acc: 0.3093 | test_loss: 1.3205 | test_acc: 0.4062 | 
Epoch: 2 | train_loss: 1.2380 | train_acc: 0.4386 | test_loss: 2.2097 | test_acc: 0.5156 | 
Epoch: 3 | train_loss: 1.1443 | train_acc: 0.5399 | test_loss: 1.2529 | test_acc: 0.4766 | 
Epoch: 4 | train_loss: 1.0463 | train_acc: 0.5797 | test_loss: 1.1651 | test_acc: 0.6172 | 
Epoch: 5 | train_loss: 0.9765 | train_acc: 0.6153 | test_loss: 1.0837 | test_acc: 0.6016 | 
Epoch: 6 | train_loss: 0.9031 | train_acc: 0.6390 | test_loss: 1.0295 | test_acc: 0.6016 | 
Epoch: 7 | train_loss: 0.8597 | train_acc: 0.6401 | test_loss: 0.9244 | test_acc: 0.6719 | 
Epoch: 8 | train_loss: 0.8490 | train_acc: 0.6756 | test_loss: 0.9402 | test_acc: 0.6523 | 
Epoch: 9 | train_loss: 0.6996 | train_acc: 0.7500 | test_loss: 0.8917 | test_acc: 0.6602 | 
Epoch: 10 | train_loss: 0.6849 | train_acc: 0.7241 | test_loss: 1.0853 | test_acc: 0.5977 | 
Epoch: 11 | train_loss: 0.6675 | train_acc: 0.7231 | test_loss: 1.2143 | test_acc: 0.5781 | 
Epoch: 12 | train_loss: 0.6045 | train_acc: 0.7823 | test_loss: 1.0100 | test_acc: 0.5859 | 
Epoch: 13 | train_loss: 0.5978 | train_acc: 0.7694 | test_loss: 1.0992 | test_acc: 0.5742 | 
Epoch: 14 | train_loss: 0.5425 | train_acc: 0.7899 | test_loss: 1.1460 | test_acc: 0.5977 | 
Epoch: 15 | train_loss: 0.5205 | train_acc: 0.7953 | test_loss: 1.0652 | test_acc: 0.6250 | 
Epoch: 16 | train_loss: 0.4989 | train_acc: 0.7931 | test_loss: 1.0185 | test_acc: 0.6719 | 
Epoch: 17 | train_loss: 0.5163 | train_acc: 0.8017 | test_loss: 1.0601 | test_acc: 0.6406 | 
Epoch: 18 | train_loss: 0.4546 | train_acc: 0.8179 | test_loss: 0.9388 | test_acc: 0.6992 | 
Epoch: 19 | train_loss: 0.4609 | train_acc: 0.8190 | test_loss: 1.0063 | test_acc: 0.6758 | 
Epoch: 20 | train_loss: 0.4276 | train_acc: 0.8200 | test_loss: 0.8751 | test_acc: 0.6836 | 
Epoch: 21 | train_loss: 0.3963 | train_acc: 0.8588 | test_loss: 1.0708 | test_acc: 0.6172 | 
Epoch: 22 | train_loss: 0.3698 | train_acc: 0.8448 | test_loss: 0.9541 | test_acc: 0.7422 | 
Epoch: 23 | train_loss: 0.4566 | train_acc: 0.8222 | test_loss: 1.0293 | test_acc: 0.6445 | 
Epoch: 24 | train_loss: 0.3852 | train_acc: 0.8642 | test_loss: 0.9269 | test_acc: 0.7227 | 
Epoch: 25 | train_loss: 0.3805 | train_acc: 0.8319 | test_loss: 0.9847 | test_acc: 0.6953 | 
Epoch: 26 | train_loss: 0.3595 | train_acc: 0.8384 | test_loss: 1.2379 | test_acc: 0.6602 | 
Epoch: 27 | train_loss: 0.3205 | train_acc: 0.8858 | test_loss: 1.0684 | test_acc: 0.6758 | 
Epoch: 28 | train_loss: 0.4037 | train_acc: 0.8556 | test_loss: 0.9792 | test_acc: 0.7266 | 
Epoch: 29 | train_loss: 0.3741 | train_acc: 0.8578 | test_loss: 1.0128 | test_acc: 0.6719 | 
Epoch: 30 | train_loss: 0.3087 | train_acc: 0.9084 | test_loss: 0.8866 | test_acc: 0.7383 | 
Epoch: 31 | train_loss: 0.2976 | train_acc: 0.8815 | test_loss: 1.0661 | test_acc: 0.7227 | 
Epoch: 32 | train_loss: 0.3112 | train_acc: 0.8728 | test_loss: 0.9629 | test_acc: 0.7383 | 
Epoch: 33 | train_loss: 0.2972 | train_acc: 0.8944 | test_loss: 0.9087 | test_acc: 0.7422 | 
Epoch: 34 | train_loss: 0.2645 | train_acc: 0.8836 | test_loss: 0.9489 | test_acc: 0.7539 | 
Epoch: 35 | train_loss: 0.4621 | train_acc: 0.8793 | test_loss: 0.9705 | test_acc: 0.7422 | 
Epoch: 36 | train_loss: 0.3460 | train_acc: 0.8696 | test_loss: 0.9060 | test_acc: 0.7617 | 
Epoch: 37 | train_loss: 0.3015 | train_acc: 0.8707 | test_loss: 0.8634 | test_acc: 0.7500 | 
Epoch: 38 | train_loss: 0.3151 | train_acc: 0.8922 | test_loss: 0.8814 | test_acc: 0.7500 | 
Epoch: 39 | train_loss: 0.2329 | train_acc: 0.9246 | test_loss: 0.9592 | test_acc: 0.7578 | 
Epoch: 40 | train_loss: 0.2150 | train_acc: 0.9343 | test_loss: 0.8323 | test_acc: 0.7500 | 
Epoch: 41 | train_loss: 0.2062 | train_acc: 0.9149 | test_loss: 1.0307 | test_acc: 0.7539 | 
Epoch: 42 | train_loss: 0.2223 | train_acc: 0.8987 | test_loss: 1.1129 | test_acc: 0.7109 | 
Epoch: 43 | train_loss: 0.2391 | train_acc: 0.9106 | test_loss: 1.0774 | test_acc: 0.7266 | 
Epoch: 44 | train_loss: 0.3220 | train_acc: 0.9052 | test_loss: 0.9305 | test_acc: 0.7500 | 
Epoch: 45 | train_loss: 0.1788 | train_acc: 0.9461 | test_loss: 0.9577 | test_acc: 0.7461 | 
Epoch: 46 | train_loss: 0.1950 | train_acc: 0.9397 | test_loss: 1.0633 | test_acc: 0.7383 | 
Epoch: 47 | train_loss: 0.2910 | train_acc: 0.8847 | test_loss: 1.0396 | test_acc: 0.7344 | 
Epoch: 48 | train_loss: 0.1953 | train_acc: 0.9407 | test_loss: 0.9513 | test_acc: 0.7734 | 
Epoch: 49 | train_loss: 0.2236 | train_acc: 0.9095 | test_loss: 0.9056 | test_acc: 0.7422 | 
Epoch: 50 | train_loss: 0.2069 | train_acc: 0.9009 | test_loss: 1.0396 | test_acc: 0.7305 | 
⏱️ Total training time: 86.444 seconds
📊 Bands [279, 86, 234] -> Fitness: 0.7305
Dataset initialized with pre-loaded data. Total samples: 897
Band indices for training dataloader: [290, 86, 318]
Dataset initialized with pre-loaded data. Total samples: 226
Band indices for test dataloader: [290, 86, 318]
🔍 Starting evaluation of individual [290, 86, 318]
Epoch: 1 | train_loss: 1.3655 | train_acc: 0.3405 | test_loss: 1.3470 | test_acc: 0.3945 | 
Epoch: 2 | train_loss: 1.2851 | train_acc: 0.3998 | test_loss: 1.2617 | test_acc: 0.4375 | 
Epoch: 3 | train_loss: 1.1828 | train_acc: 0.4644 | test_loss: 1.2607 | test_acc: 0.4766 | 
Epoch: 4 | train_loss: 1.0949 | train_acc: 0.5442 | test_loss: 1.2592 | test_acc: 0.5117 | 
Epoch: 5 | train_loss: 1.0308 | train_acc: 0.5787 | test_loss: 1.2936 | test_acc: 0.3984 | 
Epoch: 6 | train_loss: 0.9805 | train_acc: 0.5797 | test_loss: 1.1117 | test_acc: 0.5820 | 
Epoch: 7 | train_loss: 0.9701 | train_acc: 0.5841 | test_loss: 1.0868 | test_acc: 0.5938 | 
Epoch: 8 | train_loss: 0.8760 | train_acc: 0.6293 | test_loss: 1.1161 | test_acc: 0.5625 | 
Epoch: 9 | train_loss: 0.8937 | train_acc: 0.6638 | test_loss: 1.0425 | test_acc: 0.5742 | 
Epoch: 10 | train_loss: 0.7907 | train_acc: 0.6994 | test_loss: 1.3238 | test_acc: 0.5273 | 
Epoch: 11 | train_loss: 0.7227 | train_acc: 0.7241 | test_loss: 0.9450 | test_acc: 0.6289 | 
Epoch: 12 | train_loss: 0.8293 | train_acc: 0.6853 | test_loss: 1.0509 | test_acc: 0.6016 | 
Epoch: 13 | train_loss: 0.7043 | train_acc: 0.7414 | test_loss: 1.0990 | test_acc: 0.5742 | 
Epoch: 14 | train_loss: 0.6832 | train_acc: 0.7532 | test_loss: 1.0975 | test_acc: 0.6016 | 
Epoch: 15 | train_loss: 0.6116 | train_acc: 0.7726 | test_loss: 1.0496 | test_acc: 0.6367 | 
Epoch: 16 | train_loss: 0.6493 | train_acc: 0.7144 | test_loss: 1.0218 | test_acc: 0.6914 | 
Epoch: 17 | train_loss: 0.5866 | train_acc: 0.7899 | test_loss: 0.9635 | test_acc: 0.6133 | 
Epoch: 18 | train_loss: 0.6585 | train_acc: 0.7845 | test_loss: 0.8925 | test_acc: 0.7070 | 
Epoch: 19 | train_loss: 0.6172 | train_acc: 0.7619 | test_loss: 0.8825 | test_acc: 0.6172 | 
Epoch: 20 | train_loss: 0.6005 | train_acc: 0.7468 | test_loss: 1.0066 | test_acc: 0.7031 | 
Epoch: 21 | train_loss: 0.5453 | train_acc: 0.7877 | test_loss: 0.8224 | test_acc: 0.7227 | 
Epoch: 22 | train_loss: 0.5269 | train_acc: 0.7791 | test_loss: 0.8737 | test_acc: 0.6914 | 
Epoch: 23 | train_loss: 0.5288 | train_acc: 0.7985 | test_loss: 0.8682 | test_acc: 0.7070 | 
Epoch: 24 | train_loss: 0.5186 | train_acc: 0.8060 | test_loss: 0.8665 | test_acc: 0.6836 | 
Epoch: 25 | train_loss: 0.5315 | train_acc: 0.8039 | test_loss: 0.8736 | test_acc: 0.6914 | 
Epoch: 26 | train_loss: 0.5241 | train_acc: 0.7834 | test_loss: 0.9329 | test_acc: 0.6797 | 
Epoch: 27 | train_loss: 0.4730 | train_acc: 0.7985 | test_loss: 0.9120 | test_acc: 0.7031 | 
Epoch: 28 | train_loss: 0.4760 | train_acc: 0.8136 | test_loss: 0.9035 | test_acc: 0.6680 | 
Epoch: 29 | train_loss: 0.4094 | train_acc: 0.8200 | test_loss: 0.8847 | test_acc: 0.7031 | 
Epoch: 30 | train_loss: 0.4041 | train_acc: 0.8244 | test_loss: 0.8885 | test_acc: 0.6719 | 
Epoch: 31 | train_loss: 0.4460 | train_acc: 0.8211 | test_loss: 0.9572 | test_acc: 0.6992 | 
Epoch: 32 | train_loss: 0.3952 | train_acc: 0.8642 | test_loss: 0.7896 | test_acc: 0.7383 | 
Epoch: 33 | train_loss: 0.3986 | train_acc: 0.8481 | test_loss: 0.9311 | test_acc: 0.7031 | 
Epoch: 34 | train_loss: 0.4268 | train_acc: 0.8254 | test_loss: 0.9071 | test_acc: 0.7344 | 
Epoch: 35 | train_loss: 0.4507 | train_acc: 0.8244 | test_loss: 0.8838 | test_acc: 0.7109 | 
Epoch: 36 | train_loss: 0.3946 | train_acc: 0.8556 | test_loss: 0.8766 | test_acc: 0.7109 | 
Epoch: 37 | train_loss: 0.3343 | train_acc: 0.8933 | test_loss: 0.8713 | test_acc: 0.7266 | 
Epoch: 38 | train_loss: 0.3238 | train_acc: 0.8836 | test_loss: 0.8731 | test_acc: 0.7070 | 
Epoch: 39 | train_loss: 0.3838 | train_acc: 0.8578 | test_loss: 0.8533 | test_acc: 0.7500 | 
Epoch: 40 | train_loss: 0.3239 | train_acc: 0.8836 | test_loss: 0.8694 | test_acc: 0.7305 | 
Epoch: 41 | train_loss: 0.3220 | train_acc: 0.8901 | test_loss: 0.8285 | test_acc: 0.7344 | 
Epoch: 42 | train_loss: 0.3687 | train_acc: 0.8739 | test_loss: 0.7890 | test_acc: 0.7539 | 
Epoch: 43 | train_loss: 0.2888 | train_acc: 0.9138 | test_loss: 0.8005 | test_acc: 0.7305 | 
Epoch: 44 | train_loss: 0.3323 | train_acc: 0.8804 | test_loss: 0.8814 | test_acc: 0.7188 | 
Epoch: 45 | train_loss: 0.4015 | train_acc: 0.8481 | test_loss: 0.8886 | test_acc: 0.7227 | 
Epoch: 46 | train_loss: 0.3102 | train_acc: 0.8718 | test_loss: 0.8307 | test_acc: 0.7188 | 
Epoch: 47 | train_loss: 0.2784 | train_acc: 0.8901 | test_loss: 0.8369 | test_acc: 0.7344 | 
Epoch: 48 | train_loss: 0.3280 | train_acc: 0.8825 | test_loss: 0.8885 | test_acc: 0.7344 | 
Epoch: 49 | train_loss: 0.2815 | train_acc: 0.8782 | test_loss: 0.8840 | test_acc: 0.7539 | 
Epoch: 50 | train_loss: 0.3280 | train_acc: 0.8793 | test_loss: 0.8773 | test_acc: 0.7617 | 
⏱️ Total training time: 84.991 seconds
📊 Bands [290, 86, 318] -> Fitness: 0.7617
Dataset initialized with pre-loaded data. Total samples: 897
Band indices for training dataloader: [227, 87, 447]
Dataset initialized with pre-loaded data. Total samples: 226
Band indices for test dataloader: [227, 87, 447]
🔍 Starting evaluation of individual [227, 87, 447]
Epoch: 1 | train_loss: 1.3566 | train_acc: 0.3244 | test_loss: 1.4392 | test_acc: 0.3711 | 
Epoch: 2 | train_loss: 1.2367 | train_acc: 0.4278 | test_loss: 1.3489 | test_acc: 0.3711 | 
Epoch: 3 | train_loss: 1.1300 | train_acc: 0.5075 | test_loss: 1.2737 | test_acc: 0.5352 | 
Epoch: 4 | train_loss: 1.0473 | train_acc: 0.5625 | test_loss: 1.2614 | test_acc: 0.5039 | 
Epoch: 5 | train_loss: 0.9393 | train_acc: 0.6024 | test_loss: 1.1154 | test_acc: 0.5195 | 
Epoch: 6 | train_loss: 0.8949 | train_acc: 0.6444 | test_loss: 1.0744 | test_acc: 0.5508 | 
Epoch: 7 | train_loss: 0.7985 | train_acc: 0.7112 | test_loss: 1.0559 | test_acc: 0.6133 | 
Epoch: 8 | train_loss: 0.7517 | train_acc: 0.7198 | test_loss: 1.1044 | test_acc: 0.5977 | 
Epoch: 9 | train_loss: 0.7795 | train_acc: 0.7026 | test_loss: 0.9996 | test_acc: 0.6094 | 
Epoch: 10 | train_loss: 0.7138 | train_acc: 0.7349 | test_loss: 1.2470 | test_acc: 0.5273 | 
Epoch: 11 | train_loss: 0.6059 | train_acc: 0.7812 | test_loss: 1.1147 | test_acc: 0.6562 | 
Epoch: 12 | train_loss: 0.5692 | train_acc: 0.7942 | test_loss: 0.9310 | test_acc: 0.6797 | 
Epoch: 13 | train_loss: 0.5528 | train_acc: 0.8017 | test_loss: 0.9694 | test_acc: 0.6289 | 
Epoch: 14 | train_loss: 0.5799 | train_acc: 0.7866 | test_loss: 1.1293 | test_acc: 0.6289 | 
Epoch: 15 | train_loss: 0.5544 | train_acc: 0.7662 | test_loss: 0.9659 | test_acc: 0.6719 | 
Epoch: 16 | train_loss: 0.4854 | train_acc: 0.8297 | test_loss: 0.9372 | test_acc: 0.7031 | 
Epoch: 17 | train_loss: 0.4383 | train_acc: 0.8438 | test_loss: 0.8352 | test_acc: 0.7070 | 
Epoch: 18 | train_loss: 0.4689 | train_acc: 0.8254 | test_loss: 1.0176 | test_acc: 0.6758 | 
Epoch: 19 | train_loss: 0.4105 | train_acc: 0.8308 | test_loss: 0.8659 | test_acc: 0.6680 | 
Epoch: 20 | train_loss: 0.4969 | train_acc: 0.8103 | test_loss: 0.8750 | test_acc: 0.7344 | 
Epoch: 21 | train_loss: 0.4325 | train_acc: 0.8642 | test_loss: 0.8060 | test_acc: 0.7344 | 
Epoch: 22 | train_loss: 0.4416 | train_acc: 0.8534 | test_loss: 0.8625 | test_acc: 0.7305 | 
Epoch: 23 | train_loss: 0.3955 | train_acc: 0.8491 | test_loss: 0.8902 | test_acc: 0.7266 | 
Epoch: 24 | train_loss: 0.3770 | train_acc: 0.8621 | test_loss: 0.8279 | test_acc: 0.7188 | 
Epoch: 25 | train_loss: 0.3898 | train_acc: 0.8696 | test_loss: 0.8455 | test_acc: 0.6914 | 
Epoch: 26 | train_loss: 0.3603 | train_acc: 0.8685 | test_loss: 0.7971 | test_acc: 0.7344 | 
Epoch: 27 | train_loss: 0.2812 | train_acc: 0.9030 | test_loss: 0.8585 | test_acc: 0.7539 | 
Epoch: 28 | train_loss: 0.3388 | train_acc: 0.8664 | test_loss: 0.8940 | test_acc: 0.7188 | 
Epoch: 29 | train_loss: 0.3244 | train_acc: 0.8653 | test_loss: 0.8989 | test_acc: 0.6797 | 
Epoch: 30 | train_loss: 0.2719 | train_acc: 0.9030 | test_loss: 0.8191 | test_acc: 0.7383 | 
Epoch: 31 | train_loss: 0.2750 | train_acc: 0.8890 | test_loss: 0.9350 | test_acc: 0.7109 | 
Epoch: 32 | train_loss: 0.3626 | train_acc: 0.8739 | test_loss: 0.9915 | test_acc: 0.7031 | 
Epoch: 33 | train_loss: 0.3137 | train_acc: 0.8933 | test_loss: 0.8705 | test_acc: 0.6914 | 
Epoch: 34 | train_loss: 0.2653 | train_acc: 0.8879 | test_loss: 0.8137 | test_acc: 0.7383 | 
Epoch: 35 | train_loss: 0.2938 | train_acc: 0.8847 | test_loss: 0.8867 | test_acc: 0.7461 | 
Epoch: 36 | train_loss: 0.2723 | train_acc: 0.8901 | test_loss: 0.8761 | test_acc: 0.7305 | 
Epoch: 37 | train_loss: 0.2579 | train_acc: 0.8987 | test_loss: 0.8765 | test_acc: 0.7344 | 
Epoch: 38 | train_loss: 0.2842 | train_acc: 0.8998 | test_loss: 0.9711 | test_acc: 0.7461 | 
Epoch: 39 | train_loss: 0.2859 | train_acc: 0.8728 | test_loss: 0.7810 | test_acc: 0.7734 | 
Epoch: 40 | train_loss: 0.2341 | train_acc: 0.9289 | test_loss: 0.8605 | test_acc: 0.7305 | 
Epoch: 41 | train_loss: 0.2026 | train_acc: 0.9300 | test_loss: 0.9699 | test_acc: 0.7344 | 
Epoch: 42 | train_loss: 0.1913 | train_acc: 0.9450 | test_loss: 0.9354 | test_acc: 0.7617 | 
Epoch: 43 | train_loss: 0.1884 | train_acc: 0.9386 | test_loss: 0.9182 | test_acc: 0.7695 | 
Epoch: 44 | train_loss: 0.3462 | train_acc: 0.8966 | test_loss: 0.9564 | test_acc: 0.7656 | 
Epoch: 45 | train_loss: 0.3027 | train_acc: 0.9009 | test_loss: 1.0207 | test_acc: 0.7344 | 
Epoch: 46 | train_loss: 0.2566 | train_acc: 0.9052 | test_loss: 0.9721 | test_acc: 0.7266 | 
Epoch: 47 | train_loss: 0.1987 | train_acc: 0.9343 | test_loss: 0.8164 | test_acc: 0.7852 | 
Epoch: 48 | train_loss: 0.2126 | train_acc: 0.9181 | test_loss: 0.8001 | test_acc: 0.7773 | 
Epoch: 49 | train_loss: 0.1881 | train_acc: 0.9558 | test_loss: 1.0405 | test_acc: 0.7344 | 
Epoch: 50 | train_loss: 0.1464 | train_acc: 0.9591 | test_loss: 1.1776 | test_acc: 0.6992 | 
⏱️ Total training time: 84.328 seconds
📊 Bands [227, 87, 447] -> Fitness: 0.6992
Dataset initialized with pre-loaded data. Total samples: 897
Band indices for training dataloader: [210, 86, 0]
Dataset initialized with pre-loaded data. Total samples: 226
Band indices for test dataloader: [210, 86, 0]
🔍 Starting evaluation of individual [210, 86, 0]
Epoch: 1 | train_loss: 1.3701 | train_acc: 0.3114 | test_loss: 1.3181 | test_acc: 0.3711 | 
Epoch: 2 | train_loss: 1.2771 | train_acc: 0.4127 | test_loss: 1.4444 | test_acc: 0.3672 | 
Epoch: 3 | train_loss: 1.2167 | train_acc: 0.4720 | test_loss: 1.2292 | test_acc: 0.4844 | 
Epoch: 4 | train_loss: 1.1795 | train_acc: 0.4828 | test_loss: 1.3234 | test_acc: 0.4414 | 
Epoch: 5 | train_loss: 1.1162 | train_acc: 0.4968 | test_loss: 1.2026 | test_acc: 0.4961 | 
Epoch: 6 | train_loss: 1.0163 | train_acc: 0.5700 | test_loss: 1.2026 | test_acc: 0.4961 | 
Epoch: 7 | train_loss: 0.9374 | train_acc: 0.6336 | test_loss: 1.2002 | test_acc: 0.5234 | 
Epoch: 8 | train_loss: 1.0111 | train_acc: 0.5700 | test_loss: 1.1541 | test_acc: 0.4727 | 
Epoch: 9 | train_loss: 0.9127 | train_acc: 0.6002 | test_loss: 1.2594 | test_acc: 0.5117 | 
Epoch: 10 | train_loss: 0.8682 | train_acc: 0.6627 | test_loss: 1.1825 | test_acc: 0.5195 | 
Epoch: 11 | train_loss: 0.8854 | train_acc: 0.6401 | test_loss: 1.1870 | test_acc: 0.5156 | 
Epoch: 12 | train_loss: 0.7404 | train_acc: 0.7026 | test_loss: 1.2409 | test_acc: 0.5273 | 
Epoch: 13 | train_loss: 0.7230 | train_acc: 0.7220 | test_loss: 1.2317 | test_acc: 0.5039 | 
Epoch: 14 | train_loss: 0.7135 | train_acc: 0.7166 | test_loss: 1.2141 | test_acc: 0.5312 | 
Epoch: 15 | train_loss: 0.7049 | train_acc: 0.7015 | test_loss: 1.1450 | test_acc: 0.5508 | 
Epoch: 16 | train_loss: 0.6216 | train_acc: 0.7759 | test_loss: 1.0687 | test_acc: 0.6211 | 
Epoch: 17 | train_loss: 0.6586 | train_acc: 0.7188 | test_loss: 1.0502 | test_acc: 0.6094 | 
Epoch: 18 | train_loss: 0.6674 | train_acc: 0.7360 | test_loss: 1.1953 | test_acc: 0.5547 | 
Epoch: 19 | train_loss: 0.6383 | train_acc: 0.7629 | test_loss: 1.0517 | test_acc: 0.5820 | 
Epoch: 20 | train_loss: 0.5215 | train_acc: 0.8093 | test_loss: 1.1627 | test_acc: 0.5820 | 
Epoch: 21 | train_loss: 0.5626 | train_acc: 0.7748 | test_loss: 1.0960 | test_acc: 0.6445 | 
Epoch: 22 | train_loss: 0.5313 | train_acc: 0.8050 | test_loss: 1.1072 | test_acc: 0.6094 | 
Epoch: 23 | train_loss: 0.5110 | train_acc: 0.7953 | test_loss: 1.0412 | test_acc: 0.6172 | 
Epoch: 24 | train_loss: 0.5125 | train_acc: 0.8060 | test_loss: 1.0566 | test_acc: 0.6172 | 
Epoch: 25 | train_loss: 0.4498 | train_acc: 0.8114 | test_loss: 1.1613 | test_acc: 0.6016 | 
Epoch: 26 | train_loss: 0.4857 | train_acc: 0.8276 | test_loss: 1.0793 | test_acc: 0.6484 | 
Epoch: 27 | train_loss: 0.4619 | train_acc: 0.8136 | test_loss: 1.4900 | test_acc: 0.5977 | 
Epoch: 28 | train_loss: 0.4305 | train_acc: 0.8502 | test_loss: 0.9585 | test_acc: 0.6172 | 
Epoch: 29 | train_loss: 0.5026 | train_acc: 0.8082 | test_loss: 1.1665 | test_acc: 0.6250 | 
Epoch: 30 | train_loss: 0.4311 | train_acc: 0.8524 | test_loss: 1.0348 | test_acc: 0.6016 | 
Epoch: 31 | train_loss: 0.4929 | train_acc: 0.8179 | test_loss: 0.9671 | test_acc: 0.6680 | 
Epoch: 32 | train_loss: 0.4284 | train_acc: 0.8427 | test_loss: 0.9878 | test_acc: 0.6758 | 
Epoch: 33 | train_loss: 0.4553 | train_acc: 0.8427 | test_loss: 1.1890 | test_acc: 0.6836 | 
Epoch: 34 | train_loss: 0.3996 | train_acc: 0.8653 | test_loss: 1.1468 | test_acc: 0.6133 | 
Epoch: 35 | train_loss: 0.3732 | train_acc: 0.8825 | test_loss: 1.1722 | test_acc: 0.6094 | 
Epoch: 36 | train_loss: 0.4830 | train_acc: 0.8319 | test_loss: 0.9767 | test_acc: 0.6172 | 
Epoch: 37 | train_loss: 0.3900 | train_acc: 0.8384 | test_loss: 1.1088 | test_acc: 0.6055 | 
Epoch: 38 | train_loss: 0.4413 | train_acc: 0.8491 | test_loss: 1.0288 | test_acc: 0.6172 | 
Epoch: 39 | train_loss: 0.4158 | train_acc: 0.8438 | test_loss: 0.9904 | test_acc: 0.6328 | 
Epoch: 40 | train_loss: 0.3697 | train_acc: 0.8491 | test_loss: 1.0044 | test_acc: 0.6367 | 
Epoch: 41 | train_loss: 0.4211 | train_acc: 0.8610 | test_loss: 1.0653 | test_acc: 0.6172 | 
Epoch: 42 | train_loss: 0.3705 | train_acc: 0.8675 | test_loss: 1.0868 | test_acc: 0.6602 | 
Epoch: 43 | train_loss: 0.3095 | train_acc: 0.9041 | test_loss: 1.2029 | test_acc: 0.5977 | 
Epoch: 44 | train_loss: 0.3842 | train_acc: 0.8761 | test_loss: 1.2601 | test_acc: 0.6289 | 
Epoch: 45 | train_loss: 0.3616 | train_acc: 0.8502 | test_loss: 0.9787 | test_acc: 0.6406 | 
Epoch: 46 | train_loss: 0.3394 | train_acc: 0.8599 | test_loss: 1.1280 | test_acc: 0.6016 | 
Epoch: 47 | train_loss: 0.3277 | train_acc: 0.8750 | test_loss: 1.0070 | test_acc: 0.6016 | 
Epoch: 48 | train_loss: 0.2987 | train_acc: 0.8815 | test_loss: 1.1689 | test_acc: 0.6016 | 
Epoch: 49 | train_loss: 0.2482 | train_acc: 0.9149 | test_loss: 1.1128 | test_acc: 0.6602 | 
Epoch: 50 | train_loss: 0.3383 | train_acc: 0.8998 | test_loss: 1.4260 | test_acc: 0.6172 | 
⏱️ Total training time: 86.750 seconds
📊 Bands [210, 86, 0] -> Fitness: 0.6172
Bands [279, 88, 106] found in history. Returning cached fitness.
Bands [279, 88, 106] found in history. Returning cached fitness.
Bands [279, 88, 106] found in history. Returning cached fitness.
Bands [279, 88, 106] found in history. Returning cached fitness.
4  	14    	0.758789	0.0418694	0.617188	0.785156	Individual('h', [231, 104, 405])
Bands [279, 88, 106] found in history. Returning cached fitness.
Bands [279, 88, 106] found in history. Returning cached fitness.
Dataset initialized with pre-loaded data. Total samples: 897
Band indices for training dataloader: [286, 85, 381]
Dataset initialized with pre-loaded data. Total samples: 226
Band indices for test dataloader: [286, 85, 381]
🔍 Starting evaluation of individual [286, 85, 381]
Epoch: 1 | train_loss: 1.3669 | train_acc: 0.3082 | test_loss: 1.3215 | test_acc: 0.4102 | 
Epoch: 2 | train_loss: 1.2549 | train_acc: 0.4224 | test_loss: 1.3776 | test_acc: 0.3828 | 
Epoch: 3 | train_loss: 1.2017 | train_acc: 0.4601 | test_loss: 1.3660 | test_acc: 0.4102 | 
Epoch: 4 | train_loss: 1.1109 | train_acc: 0.5022 | test_loss: 1.2669 | test_acc: 0.4570 | 
Epoch: 5 | train_loss: 1.0322 | train_acc: 0.5765 | test_loss: 1.5377 | test_acc: 0.3945 | 
Epoch: 6 | train_loss: 0.9698 | train_acc: 0.5981 | test_loss: 1.1433 | test_acc: 0.4844 | 
Epoch: 7 | train_loss: 0.9076 | train_acc: 0.6078 | test_loss: 1.0186 | test_acc: 0.5742 | 
Epoch: 8 | train_loss: 0.8779 | train_acc: 0.6239 | test_loss: 1.0886 | test_acc: 0.5586 | 
Epoch: 9 | train_loss: 0.8464 | train_acc: 0.6509 | test_loss: 1.2538 | test_acc: 0.5469 | 
Epoch: 10 | train_loss: 0.8207 | train_acc: 0.6746 | test_loss: 0.9184 | test_acc: 0.6445 | 
Epoch: 11 | train_loss: 0.7416 | train_acc: 0.7209 | test_loss: 0.9404 | test_acc: 0.6328 | 
Epoch: 12 | train_loss: 0.7009 | train_acc: 0.7435 | test_loss: 1.0128 | test_acc: 0.6367 | 
Epoch: 13 | train_loss: 0.6576 | train_acc: 0.7586 | test_loss: 0.9865 | test_acc: 0.6328 | 
Epoch: 14 | train_loss: 0.6165 | train_acc: 0.7522 | test_loss: 0.9790 | test_acc: 0.6328 | 
Epoch: 15 | train_loss: 0.6050 | train_acc: 0.7716 | test_loss: 1.0233 | test_acc: 0.5938 | 
Epoch: 16 | train_loss: 0.6305 | train_acc: 0.7511 | test_loss: 0.9554 | test_acc: 0.5703 | 
Epoch: 17 | train_loss: 0.6061 | train_acc: 0.7403 | test_loss: 0.8870 | test_acc: 0.6562 | 
Epoch: 18 | train_loss: 0.5687 | train_acc: 0.7662 | test_loss: 0.9013 | test_acc: 0.6289 | 
Epoch: 19 | train_loss: 0.5647 | train_acc: 0.7899 | test_loss: 0.8955 | test_acc: 0.6719 | 
Epoch: 20 | train_loss: 0.5491 | train_acc: 0.7877 | test_loss: 0.8837 | test_acc: 0.7148 | 
Epoch: 21 | train_loss: 0.5347 | train_acc: 0.7705 | test_loss: 0.8594 | test_acc: 0.6406 | 
Epoch: 22 | train_loss: 0.4865 | train_acc: 0.8297 | test_loss: 0.8032 | test_acc: 0.6875 | 
Epoch: 23 | train_loss: 0.4725 | train_acc: 0.8297 | test_loss: 0.9307 | test_acc: 0.6953 | 
Epoch: 24 | train_loss: 0.4531 | train_acc: 0.8222 | test_loss: 0.9017 | test_acc: 0.7305 | 
Epoch: 25 | train_loss: 0.4336 | train_acc: 0.8157 | test_loss: 0.9406 | test_acc: 0.6836 | 
Epoch: 26 | train_loss: 0.4352 | train_acc: 0.8222 | test_loss: 0.9776 | test_acc: 0.6719 | 
Epoch: 27 | train_loss: 0.3920 | train_acc: 0.8556 | test_loss: 0.8707 | test_acc: 0.7539 | 
Epoch: 28 | train_loss: 0.4534 | train_acc: 0.8308 | test_loss: 0.8298 | test_acc: 0.7461 | 
Epoch: 29 | train_loss: 0.4143 | train_acc: 0.8610 | test_loss: 0.8006 | test_acc: 0.7344 | 
Epoch: 30 | train_loss: 0.3548 | train_acc: 0.8707 | test_loss: 1.0198 | test_acc: 0.6641 | 
Epoch: 31 | train_loss: 0.3769 | train_acc: 0.8556 | test_loss: 0.9670 | test_acc: 0.6523 | 
Epoch: 32 | train_loss: 0.3871 | train_acc: 0.8416 | test_loss: 0.8949 | test_acc: 0.6445 | 
Epoch: 33 | train_loss: 0.3548 | train_acc: 0.8933 | test_loss: 1.0026 | test_acc: 0.6680 | 
Epoch: 34 | train_loss: 0.4336 | train_acc: 0.8416 | test_loss: 0.9585 | test_acc: 0.5781 | 
Epoch: 35 | train_loss: 0.3535 | train_acc: 0.8556 | test_loss: 0.8024 | test_acc: 0.7188 | 
Epoch: 36 | train_loss: 0.3504 | train_acc: 0.8481 | test_loss: 0.8529 | test_acc: 0.7109 | 
Epoch: 37 | train_loss: 0.3207 | train_acc: 0.8631 | test_loss: 0.8569 | test_acc: 0.7461 | 
Epoch: 38 | train_loss: 0.2884 | train_acc: 0.8772 | test_loss: 0.8704 | test_acc: 0.7344 | 
Epoch: 39 | train_loss: 0.3380 | train_acc: 0.8621 | test_loss: 0.8700 | test_acc: 0.7539 | 
Epoch: 40 | train_loss: 0.3915 | train_acc: 0.8836 | test_loss: 0.7847 | test_acc: 0.7695 | 
Epoch: 41 | train_loss: 0.3133 | train_acc: 0.8955 | test_loss: 0.8179 | test_acc: 0.7305 | 
Epoch: 42 | train_loss: 0.2810 | train_acc: 0.8879 | test_loss: 0.8948 | test_acc: 0.7500 | 
Epoch: 43 | train_loss: 0.3247 | train_acc: 0.8761 | test_loss: 0.8604 | test_acc: 0.7461 | 
Epoch: 44 | train_loss: 0.3107 | train_acc: 0.8718 | test_loss: 0.9111 | test_acc: 0.6914 | 
Epoch: 45 | train_loss: 0.2488 | train_acc: 0.9267 | test_loss: 0.9216 | test_acc: 0.6758 | 
Epoch: 46 | train_loss: 0.2745 | train_acc: 0.8912 | test_loss: 0.8192 | test_acc: 0.7656 | 
Epoch: 47 | train_loss: 0.2063 | train_acc: 0.9256 | test_loss: 0.7749 | test_acc: 0.7500 | 
Epoch: 48 | train_loss: 0.3716 | train_acc: 0.8879 | test_loss: 1.0478 | test_acc: 0.7266 | 
Epoch: 49 | train_loss: 0.3180 | train_acc: 0.8847 | test_loss: 1.0511 | test_acc: 0.7422 | 
Epoch: 50 | train_loss: 0.3125 | train_acc: 0.8750 | test_loss: 1.1122 | test_acc: 0.6406 | 
⏱️ Total training time: 85.157 seconds
📊 Bands [286, 85, 381] -> Fitness: 0.6406
Dataset initialized with pre-loaded data. Total samples: 897
Band indices for training dataloader: [282, 88, 42]
Dataset initialized with pre-loaded data. Total samples: 226
Band indices for test dataloader: [282, 88, 42]
🔍 Starting evaluation of individual [282, 88, 42]
Epoch: 1 | train_loss: 1.3917 | train_acc: 0.2726 | test_loss: 1.2872 | test_acc: 0.3789 | 
Epoch: 2 | train_loss: 1.2582 | train_acc: 0.4375 | test_loss: 1.2976 | test_acc: 0.4453 | 
Epoch: 3 | train_loss: 1.1710 | train_acc: 0.4795 | test_loss: 1.1725 | test_acc: 0.4766 | 
Epoch: 4 | train_loss: 1.1048 | train_acc: 0.5248 | test_loss: 1.1866 | test_acc: 0.5039 | 
Epoch: 5 | train_loss: 0.9974 | train_acc: 0.5851 | test_loss: 1.0757 | test_acc: 0.5898 | 
Epoch: 6 | train_loss: 0.9544 | train_acc: 0.6121 | test_loss: 1.0753 | test_acc: 0.5586 | 
Epoch: 7 | train_loss: 0.9632 | train_acc: 0.6110 | test_loss: 1.0756 | test_acc: 0.5938 | 
Epoch: 8 | train_loss: 0.8524 | train_acc: 0.6401 | test_loss: 1.0379 | test_acc: 0.5664 | 
Epoch: 9 | train_loss: 0.8521 | train_acc: 0.6552 | test_loss: 1.2532 | test_acc: 0.5117 | 
Epoch: 10 | train_loss: 0.8199 | train_acc: 0.6972 | test_loss: 1.0296 | test_acc: 0.6719 | 
Epoch: 11 | train_loss: 0.7360 | train_acc: 0.7134 | test_loss: 0.8653 | test_acc: 0.6680 | 
Epoch: 12 | train_loss: 0.6566 | train_acc: 0.7619 | test_loss: 1.0102 | test_acc: 0.6914 | 
Epoch: 13 | train_loss: 0.6302 | train_acc: 0.7575 | test_loss: 0.9534 | test_acc: 0.6641 | 
Epoch: 14 | train_loss: 0.6299 | train_acc: 0.7446 | test_loss: 0.9842 | test_acc: 0.6406 | 
Epoch: 15 | train_loss: 0.6394 | train_acc: 0.7716 | test_loss: 0.8156 | test_acc: 0.7383 | 
Epoch: 16 | train_loss: 0.5631 | train_acc: 0.7705 | test_loss: 0.8329 | test_acc: 0.7266 | 
Epoch: 17 | train_loss: 0.5490 | train_acc: 0.8050 | test_loss: 0.8837 | test_acc: 0.6914 | 
Epoch: 18 | train_loss: 0.5442 | train_acc: 0.7931 | test_loss: 1.0188 | test_acc: 0.6758 | 
Epoch: 19 | train_loss: 0.4907 | train_acc: 0.8276 | test_loss: 1.0005 | test_acc: 0.6875 | 
Epoch: 20 | train_loss: 0.4462 | train_acc: 0.8190 | test_loss: 0.9645 | test_acc: 0.6914 | 
Epoch: 21 | train_loss: 0.5199 | train_acc: 0.8190 | test_loss: 0.9221 | test_acc: 0.7031 | 
Epoch: 22 | train_loss: 0.4663 | train_acc: 0.8254 | test_loss: 0.8084 | test_acc: 0.7148 | 
Epoch: 23 | train_loss: 0.4453 | train_acc: 0.8222 | test_loss: 0.8777 | test_acc: 0.7305 | 
Epoch: 24 | train_loss: 0.5022 | train_acc: 0.8233 | test_loss: 0.8363 | test_acc: 0.7383 | 
Epoch: 25 | train_loss: 0.4104 | train_acc: 0.8233 | test_loss: 0.9350 | test_acc: 0.7461 | 
Epoch: 26 | train_loss: 0.4045 | train_acc: 0.8588 | test_loss: 0.8407 | test_acc: 0.7539 | 
Epoch: 27 | train_loss: 0.3409 | train_acc: 0.8901 | test_loss: 0.9513 | test_acc: 0.7344 | 
Epoch: 28 | train_loss: 0.3524 | train_acc: 0.8567 | test_loss: 0.9036 | test_acc: 0.7148 | 
Epoch: 29 | train_loss: 0.3863 | train_acc: 0.8556 | test_loss: 0.9268 | test_acc: 0.7305 | 
Epoch: 30 | train_loss: 0.3555 | train_acc: 0.8534 | test_loss: 0.9220 | test_acc: 0.7344 | 
Epoch: 31 | train_loss: 0.3091 | train_acc: 0.8869 | test_loss: 0.8755 | test_acc: 0.7266 | 
Epoch: 32 | train_loss: 0.2996 | train_acc: 0.8976 | test_loss: 1.0639 | test_acc: 0.7148 | 
Epoch: 33 | train_loss: 0.3009 | train_acc: 0.8847 | test_loss: 0.9710 | test_acc: 0.7461 | 
Epoch: 34 | train_loss: 0.3187 | train_acc: 0.8772 | test_loss: 0.9768 | test_acc: 0.7188 | 
Epoch: 35 | train_loss: 0.3559 | train_acc: 0.8750 | test_loss: 0.9305 | test_acc: 0.7070 | 
Epoch: 36 | train_loss: 0.3009 | train_acc: 0.8718 | test_loss: 1.0254 | test_acc: 0.7188 | 
Epoch: 37 | train_loss: 0.2930 | train_acc: 0.9062 | test_loss: 0.9014 | test_acc: 0.7383 | 
Epoch: 38 | train_loss: 0.3236 | train_acc: 0.8718 | test_loss: 0.9005 | test_acc: 0.7227 | 
Epoch: 39 | train_loss: 0.3974 | train_acc: 0.8642 | test_loss: 0.9575 | test_acc: 0.6953 | 
Epoch: 40 | train_loss: 0.2844 | train_acc: 0.9052 | test_loss: 0.8206 | test_acc: 0.7500 | 
Epoch: 41 | train_loss: 0.2820 | train_acc: 0.8912 | test_loss: 0.9280 | test_acc: 0.7500 | 
Epoch: 42 | train_loss: 0.2630 | train_acc: 0.8879 | test_loss: 1.0017 | test_acc: 0.7227 | 
Epoch: 43 | train_loss: 0.2787 | train_acc: 0.8836 | test_loss: 0.9427 | test_acc: 0.7266 | 
Epoch: 44 | train_loss: 0.2340 | train_acc: 0.9127 | test_loss: 1.0075 | test_acc: 0.7266 | 
Epoch: 45 | train_loss: 0.2303 | train_acc: 0.9321 | test_loss: 1.0414 | test_acc: 0.7461 | 
Epoch: 46 | train_loss: 0.2712 | train_acc: 0.8869 | test_loss: 1.0405 | test_acc: 0.7188 | 
Epoch: 47 | train_loss: 0.2354 | train_acc: 0.9127 | test_loss: 0.9034 | test_acc: 0.7578 | 
Epoch: 48 | train_loss: 0.1912 | train_acc: 0.9440 | test_loss: 0.9327 | test_acc: 0.7656 | 
Epoch: 49 | train_loss: 0.3292 | train_acc: 0.9052 | test_loss: 0.8419 | test_acc: 0.7773 | 
Epoch: 50 | train_loss: 0.2772 | train_acc: 0.8912 | test_loss: 0.8740 | test_acc: 0.7383 | 
⏱️ Total training time: 85.242 seconds
📊 Bands [282, 88, 42] -> Fitness: 0.7383
Bands [279, 88, 106] found in history. Returning cached fitness.
Bands [279, 88, 106] found in history. Returning cached fitness.
Bands [279, 88, 106] found in history. Returning cached fitness.
Bands [279, 88, 106] found in history. Returning cached fitness.
Bands [279, 88, 106] found in history. Returning cached fitness.
Dataset initialized with pre-loaded data. Total samples: 897
Band indices for training dataloader: [260, 90, 113]
Dataset initialized with pre-loaded data. Total samples: 226
Band indices for test dataloader: [260, 90, 113]
🔍 Starting evaluation of individual [260, 90, 113]
Epoch: 1 | train_loss: 1.3553 | train_acc: 0.3244 | test_loss: 1.4347 | test_acc: 0.3594 | 
Epoch: 2 | train_loss: 1.2435 | train_acc: 0.4386 | test_loss: 1.3070 | test_acc: 0.3711 | 
Epoch: 3 | train_loss: 1.1547 | train_acc: 0.5108 | test_loss: 1.1283 | test_acc: 0.5273 | 
Epoch: 4 | train_loss: 1.0583 | train_acc: 0.5700 | test_loss: 1.1450 | test_acc: 0.4805 | 
Epoch: 5 | train_loss: 1.0523 | train_acc: 0.6056 | test_loss: 1.1648 | test_acc: 0.5547 | 
Epoch: 6 | train_loss: 0.8648 | train_acc: 0.6595 | test_loss: 1.1384 | test_acc: 0.5469 | 
Epoch: 7 | train_loss: 0.7940 | train_acc: 0.6875 | test_loss: 1.6224 | test_acc: 0.4727 | 
Epoch: 8 | train_loss: 0.7795 | train_acc: 0.6897 | test_loss: 1.2497 | test_acc: 0.5234 | 
Epoch: 9 | train_loss: 0.7431 | train_acc: 0.7058 | test_loss: 0.9798 | test_acc: 0.6055 | 
Epoch: 10 | train_loss: 0.6887 | train_acc: 0.7478 | test_loss: 1.0727 | test_acc: 0.6094 | 
Epoch: 11 | train_loss: 0.6402 | train_acc: 0.7425 | test_loss: 1.0328 | test_acc: 0.6094 | 
Epoch: 12 | train_loss: 0.6419 | train_acc: 0.7554 | test_loss: 1.0068 | test_acc: 0.6758 | 
Epoch: 13 | train_loss: 0.5509 | train_acc: 0.7963 | test_loss: 1.0824 | test_acc: 0.5859 | 
Epoch: 14 | train_loss: 0.5533 | train_acc: 0.7834 | test_loss: 1.0679 | test_acc: 0.5586 | 
Epoch: 15 | train_loss: 0.6243 | train_acc: 0.7672 | test_loss: 1.1909 | test_acc: 0.5742 | 
Epoch: 16 | train_loss: 0.5028 | train_acc: 0.8438 | test_loss: 1.1261 | test_acc: 0.6367 | 
Epoch: 17 | train_loss: 0.4434 | train_acc: 0.8373 | test_loss: 0.9512 | test_acc: 0.6641 | 
Epoch: 18 | train_loss: 0.4316 | train_acc: 0.8459 | test_loss: 1.3942 | test_acc: 0.6133 | 
Epoch: 19 | train_loss: 0.4965 | train_acc: 0.8006 | test_loss: 0.8875 | test_acc: 0.6875 | 
Epoch: 20 | train_loss: 0.4191 | train_acc: 0.8621 | test_loss: 0.9375 | test_acc: 0.7344 | 
Epoch: 21 | train_loss: 0.3984 | train_acc: 0.8588 | test_loss: 0.8507 | test_acc: 0.7266 | 
Epoch: 22 | train_loss: 0.4910 | train_acc: 0.8233 | test_loss: 0.8036 | test_acc: 0.7539 | 
Epoch: 23 | train_loss: 0.4460 | train_acc: 0.8233 | test_loss: 0.8009 | test_acc: 0.7812 | 
Epoch: 24 | train_loss: 0.4688 | train_acc: 0.8534 | test_loss: 0.9408 | test_acc: 0.6641 | 
Epoch: 25 | train_loss: 0.3618 | train_acc: 0.8782 | test_loss: 0.8053 | test_acc: 0.7578 | 
Epoch: 26 | train_loss: 0.4157 | train_acc: 0.8685 | test_loss: 0.8649 | test_acc: 0.7500 | 
Epoch: 27 | train_loss: 0.3643 | train_acc: 0.8556 | test_loss: 0.9188 | test_acc: 0.6875 | 
Epoch: 28 | train_loss: 0.3841 | train_acc: 0.8341 | test_loss: 1.0814 | test_acc: 0.7109 | 
Epoch: 29 | train_loss: 0.3258 | train_acc: 0.8728 | test_loss: 1.2426 | test_acc: 0.7266 | 
Epoch: 30 | train_loss: 0.2788 | train_acc: 0.9106 | test_loss: 0.9518 | test_acc: 0.6836 | 
Epoch: 31 | train_loss: 0.2625 | train_acc: 0.9019 | test_loss: 1.0014 | test_acc: 0.6367 | 
Epoch: 32 | train_loss: 0.2787 | train_acc: 0.8772 | test_loss: 0.9521 | test_acc: 0.6602 | 
Epoch: 33 | train_loss: 0.2589 | train_acc: 0.9127 | test_loss: 0.7824 | test_acc: 0.7578 | 
Epoch: 34 | train_loss: 0.4537 | train_acc: 0.8890 | test_loss: 0.8541 | test_acc: 0.6797 | 
Epoch: 35 | train_loss: 0.2706 | train_acc: 0.8933 | test_loss: 0.7577 | test_acc: 0.7734 | 
Epoch: 36 | train_loss: 0.2518 | train_acc: 0.9289 | test_loss: 0.7501 | test_acc: 0.7656 | 
Epoch: 37 | train_loss: 0.3014 | train_acc: 0.8718 | test_loss: 0.7764 | test_acc: 0.7695 | 
Epoch: 38 | train_loss: 0.2869 | train_acc: 0.8890 | test_loss: 0.9263 | test_acc: 0.6992 | 
Epoch: 39 | train_loss: 0.3069 | train_acc: 0.8901 | test_loss: 0.8156 | test_acc: 0.7539 | 
Epoch: 40 | train_loss: 0.2612 | train_acc: 0.9073 | test_loss: 0.7511 | test_acc: 0.7773 | 
Epoch: 41 | train_loss: 0.2262 | train_acc: 0.9235 | test_loss: 0.7509 | test_acc: 0.7656 | 
Epoch: 42 | train_loss: 0.2374 | train_acc: 0.9062 | test_loss: 0.7867 | test_acc: 0.7930 | 
Epoch: 43 | train_loss: 0.2287 | train_acc: 0.9019 | test_loss: 0.8646 | test_acc: 0.7617 | 
Epoch: 44 | train_loss: 0.2206 | train_acc: 0.8966 | test_loss: 1.1642 | test_acc: 0.6992 | 
Epoch: 45 | train_loss: 0.2797 | train_acc: 0.8739 | test_loss: 0.7903 | test_acc: 0.7891 | 
Epoch: 46 | train_loss: 0.1751 | train_acc: 0.9429 | test_loss: 0.8926 | test_acc: 0.7656 | 
Epoch: 47 | train_loss: 0.2183 | train_acc: 0.9289 | test_loss: 0.8603 | test_acc: 0.7617 | 
Epoch: 48 | train_loss: 0.2095 | train_acc: 0.9343 | test_loss: 1.1028 | test_acc: 0.6953 | 
Epoch: 49 | train_loss: 0.2109 | train_acc: 0.9062 | test_loss: 0.8728 | test_acc: 0.7578 | 
Epoch: 50 | train_loss: 0.2693 | train_acc: 0.9084 | test_loss: 0.9116 | test_acc: 0.7578 | 
⏱️ Total training time: 87.045 seconds
📊 Bands [260, 90, 113] -> Fitness: 0.7578
Dataset initialized with pre-loaded data. Total samples: 897
Band indices for training dataloader: [270, 87, 106]
Dataset initialized with pre-loaded data. Total samples: 226
Band indices for test dataloader: [270, 87, 106]
🔍 Starting evaluation of individual [270, 87, 106]
Epoch: 1 | train_loss: 1.3813 | train_acc: 0.3060 | test_loss: 1.2986 | test_acc: 0.4141 | 
Epoch: 2 | train_loss: 1.2281 | train_acc: 0.4418 | test_loss: 1.3489 | test_acc: 0.4375 | 
Epoch: 3 | train_loss: 1.1635 | train_acc: 0.4849 | test_loss: 1.1920 | test_acc: 0.4180 | 
Epoch: 4 | train_loss: 1.0274 | train_acc: 0.5938 | test_loss: 1.1766 | test_acc: 0.5273 | 
Epoch: 5 | train_loss: 0.9668 | train_acc: 0.6304 | test_loss: 1.1127 | test_acc: 0.5273 | 
Epoch: 6 | train_loss: 0.8934 | train_acc: 0.6250 | test_loss: 1.1025 | test_acc: 0.5781 | 
Epoch: 7 | train_loss: 0.8427 | train_acc: 0.6670 | test_loss: 1.0865 | test_acc: 0.5977 | 
Epoch: 8 | train_loss: 0.7926 | train_acc: 0.6767 | test_loss: 1.0859 | test_acc: 0.5391 | 
Epoch: 9 | train_loss: 0.7464 | train_acc: 0.6918 | test_loss: 1.1459 | test_acc: 0.5820 | 
Epoch: 10 | train_loss: 0.6442 | train_acc: 0.7522 | test_loss: 0.9207 | test_acc: 0.5859 | 
Epoch: 11 | train_loss: 0.6725 | train_acc: 0.7478 | test_loss: 1.2578 | test_acc: 0.5625 | 
Epoch: 12 | train_loss: 0.5725 | train_acc: 0.7683 | test_loss: 1.0043 | test_acc: 0.6328 | 
Epoch: 13 | train_loss: 0.5883 | train_acc: 0.7640 | test_loss: 1.0390 | test_acc: 0.6133 | 
Epoch: 14 | train_loss: 0.6090 | train_acc: 0.7586 | test_loss: 1.0353 | test_acc: 0.5859 | 
Epoch: 15 | train_loss: 0.5651 | train_acc: 0.7920 | test_loss: 0.9975 | test_acc: 0.5820 | 
Epoch: 16 | train_loss: 0.4568 | train_acc: 0.8502 | test_loss: 1.0724 | test_acc: 0.5664 | 
Epoch: 17 | train_loss: 0.4742 | train_acc: 0.8114 | test_loss: 0.9271 | test_acc: 0.6836 | 
Epoch: 18 | train_loss: 0.4979 | train_acc: 0.8082 | test_loss: 0.9596 | test_acc: 0.6836 | 
Epoch: 19 | train_loss: 0.4792 | train_acc: 0.8147 | test_loss: 0.9736 | test_acc: 0.6328 | 
Epoch: 20 | train_loss: 0.4089 | train_acc: 0.8642 | test_loss: 1.1601 | test_acc: 0.6250 | 
Epoch: 21 | train_loss: 0.4004 | train_acc: 0.8588 | test_loss: 1.1178 | test_acc: 0.6016 | 
Epoch: 22 | train_loss: 0.4791 | train_acc: 0.8050 | test_loss: 0.9619 | test_acc: 0.6250 | 
Epoch: 23 | train_loss: 0.3311 | train_acc: 0.8588 | test_loss: 1.0957 | test_acc: 0.6406 | 
Epoch: 24 | train_loss: 0.3674 | train_acc: 0.8696 | test_loss: 0.8591 | test_acc: 0.6758 | 
Epoch: 25 | train_loss: 0.3059 | train_acc: 0.8998 | test_loss: 0.9206 | test_acc: 0.7188 | 
Epoch: 26 | train_loss: 0.3657 | train_acc: 0.8556 | test_loss: 0.9179 | test_acc: 0.6641 | 
Epoch: 27 | train_loss: 0.3668 | train_acc: 0.8675 | test_loss: 0.8394 | test_acc: 0.7305 | 
Epoch: 28 | train_loss: 0.3415 | train_acc: 0.8761 | test_loss: 0.9443 | test_acc: 0.6445 | 
Epoch: 29 | train_loss: 0.3718 | train_acc: 0.8534 | test_loss: 0.9467 | test_acc: 0.6914 | 
Epoch: 30 | train_loss: 0.3061 | train_acc: 0.9052 | test_loss: 0.8641 | test_acc: 0.7422 | 
Epoch: 31 | train_loss: 0.2497 | train_acc: 0.9149 | test_loss: 0.9154 | test_acc: 0.7227 | 
Epoch: 32 | train_loss: 0.2664 | train_acc: 0.9019 | test_loss: 1.2031 | test_acc: 0.6875 | 
Epoch: 33 | train_loss: 0.4410 | train_acc: 0.8524 | test_loss: 0.9222 | test_acc: 0.6797 | 
Epoch: 34 | train_loss: 0.2870 | train_acc: 0.9106 | test_loss: 0.9809 | test_acc: 0.6562 | 
Epoch: 35 | train_loss: 0.3126 | train_acc: 0.8772 | test_loss: 0.8784 | test_acc: 0.7344 | 
Epoch: 36 | train_loss: 0.3067 | train_acc: 0.8901 | test_loss: 0.9962 | test_acc: 0.7031 | 
Epoch: 37 | train_loss: 0.3229 | train_acc: 0.8804 | test_loss: 0.9518 | test_acc: 0.6836 | 
Epoch: 38 | train_loss: 0.3310 | train_acc: 0.8696 | test_loss: 0.8975 | test_acc: 0.7070 | 
Epoch: 39 | train_loss: 0.2589 | train_acc: 0.9159 | test_loss: 0.9007 | test_acc: 0.7266 | 
Epoch: 40 | train_loss: 0.1920 | train_acc: 0.9289 | test_loss: 0.8861 | test_acc: 0.7344 | 
Epoch: 41 | train_loss: 0.1649 | train_acc: 0.9364 | test_loss: 0.9011 | test_acc: 0.7461 | 
Epoch: 42 | train_loss: 0.3358 | train_acc: 0.8998 | test_loss: 0.8729 | test_acc: 0.7539 | 
Epoch: 43 | train_loss: 0.3483 | train_acc: 0.8782 | test_loss: 0.7929 | test_acc: 0.7266 | 
Epoch: 44 | train_loss: 0.2588 | train_acc: 0.9019 | test_loss: 0.8625 | test_acc: 0.7266 | 
Epoch: 45 | train_loss: 0.2218 | train_acc: 0.9289 | test_loss: 0.8391 | test_acc: 0.7383 | 
Epoch: 46 | train_loss: 0.1932 | train_acc: 0.9440 | test_loss: 0.9642 | test_acc: 0.7461 | 
Epoch: 47 | train_loss: 0.2168 | train_acc: 0.9127 | test_loss: 0.9441 | test_acc: 0.7461 | 
Epoch: 48 | train_loss: 0.2556 | train_acc: 0.9246 | test_loss: 1.0765 | test_acc: 0.7344 | 
Epoch: 49 | train_loss: 0.2120 | train_acc: 0.9116 | test_loss: 0.9948 | test_acc: 0.7305 | 
Epoch: 50 | train_loss: 0.2134 | train_acc: 0.9332 | test_loss: 0.9373 | test_acc: 0.7383 | 
⏱️ Total training time: 82.440 seconds
📊 Bands [270, 87, 106] -> Fitness: 0.7383
Bands [279, 88, 106] found in history. Returning cached fitness.
Bands [279, 88, 106] found in history. Returning cached fitness.
5  	13    	0.767969	0.0343972	0.640625	0.785156	Individual('h', [231, 104, 405])
Bands [279, 88, 106] found in history. Returning cached fitness.
Bands [279, 88, 106] found in history. Returning cached fitness.
Bands [279, 88, 106] found in history. Returning cached fitness.
Bands [279, 88, 106] found in history. Returning cached fitness.
Bands [279, 88, 106] found in history. Returning cached fitness.
Bands [279, 88, 106] found in history. Returning cached fitness.
Bands [279, 88, 106] found in history. Returning cached fitness.
Bands [279, 88, 106] found in history. Returning cached fitness.
Bands [279, 88, 106] found in history. Returning cached fitness.
Bands [279, 88, 106] found in history. Returning cached fitness.
Bands [279, 88, 106] found in history. Returning cached fitness.
Bands [279, 88, 106] found in history. Returning cached fitness.
6  	12    	0.785156	0        	0.785156	0.785156	Individual('h', [231, 104, 405])
Bands [279, 88, 106] found in history. Returning cached fitness.
Bands [279, 88, 106] found in history. Returning cached fitness.
Bands [279, 88, 106] found in history. Returning cached fitness.
Bands [279, 88, 106] found in history. Returning cached fitness.
Bands [279, 88, 106] found in history. Returning cached fitness.
Bands [279, 88, 106] found in history. Returning cached fitness.
Bands [279, 88, 106] found in history. Returning cached fitness.
Bands [279, 88, 106] found in history. Returning cached fitness.
Bands [279, 88, 106] found in history. Returning cached fitness.
Bands [279, 88, 106] found in history. Returning cached fitness.
Bands [279, 88, 106] found in history. Returning cached fitness.
Bands [279, 88, 106] found in history. Returning cached fitness.
Bands [279, 88, 106] found in history. Returning cached fitness.
Bands [279, 88, 106] found in history. Returning cached fitness.
Bands [279, 88, 106] found in history. Returning cached fitness.
Bands [279, 88, 106] found in history. Returning cached fitness.
Bands [279, 88, 106] found in history. Returning cached fitness.
7  	17    	0.785156	0        	0.785156	0.785156	Individual('h', [231, 104, 405])
Bands [279, 88, 106] found in history. Returning cached fitness.
Bands [279, 88, 106] found in history. Returning cached fitness.
Bands [279, 88, 105] found in history. Returning cached fitness.
Bands [279, 88, 105] found in history. Returning cached fitness.
Bands [279, 88, 106] found in history. Returning cached fitness.
Bands [279, 88, 106] found in history. Returning cached fitness.
Bands [279, 88, 106] found in history. Returning cached fitness.
Bands [279, 88, 106] found in history. Returning cached fitness.
Bands [279, 88, 105] found in history. Returning cached fitness.
Bands [279, 88, 105] found in history. Returning cached fitness.
Bands [279, 88, 106] found in history. Returning cached fitness.
Bands [279, 88, 106] found in history. Returning cached fitness.
Bands [279, 88, 106] found in history. Returning cached fitness.
Bands [279, 88, 106] found in history. Returning cached fitness.
Bands [279, 88, 106] found in history. Returning cached fitness.
Bands [279, 88, 106] found in history. Returning cached fitness.
Bands [279, 88, 106] found in history. Returning cached fitness.
Bands [279, 88, 106] found in history. Returning cached fitness.
Bands [279, 88, 106] found in history. Returning cached fitness.
Bands [279, 88, 106] found in history. Returning cached fitness.
8  	20    	0.779687	0.0109375	0.757812	0.785156	Individual('h', [231, 104, 405])
Bands [279, 88, 106] found in history. Returning cached fitness.
Bands [279, 88, 106] found in history. Returning cached fitness.
Bands [279, 88, 106] found in history. Returning cached fitness.
Bands [279, 88, 106] found in history. Returning cached fitness.
Bands [279, 88, 106] found in history. Returning cached fitness.
Bands [279, 88, 106] found in history. Returning cached fitness.
Bands [279, 88, 106] found in history. Returning cached fitness.
Bands [279, 88, 106] found in history. Returning cached fitness.
Bands [279, 88, 106] found in history. Returning cached fitness.
Bands [279, 88, 106] found in history. Returning cached fitness.
Bands [279, 88, 106] found in history. Returning cached fitness.
Bands [279, 88, 106] found in history. Returning cached fitness.
Bands [279, 88, 106] found in history. Returning cached fitness.
Bands [279, 88, 106] found in history. Returning cached fitness.
Bands [279, 88, 106] found in history. Returning cached fitness.
Bands [279, 88, 106] found in history. Returning cached fitness.
Bands [279, 88, 106] found in history. Returning cached fitness.
Bands [279, 88, 106] found in history. Returning cached fitness.
9  	18    	0.785156	0        	0.785156	0.785156	Individual('h', [231, 104, 405])
Bands [279, 88, 106] found in history. Returning cached fitness.
Bands [279, 88, 106] found in history. Returning cached fitness.
Bands [279, 88, 106] found in history. Returning cached fitness.
Bands [279, 88, 106] found in history. Returning cached fitness.
Bands [279, 88, 106] found in history. Returning cached fitness.
Bands [279, 88, 106] found in history. Returning cached fitness.
Bands [279, 88, 106] found in history. Returning cached fitness.
Bands [279, 88, 106] found in history. Returning cached fitness.
Bands [279, 88, 106] found in history. Returning cached fitness.
Bands [279, 88, 106] found in history. Returning cached fitness.
Bands [279, 88, 106] found in history. Returning cached fitness.
Bands [279, 88, 106] found in history. Returning cached fitness.
Bands [279, 88, 106] found in history. Returning cached fitness.
Bands [279, 88, 106] found in history. Returning cached fitness.
10 	14    	0.785156	0        	0.785156	0.785156	Individual('h', [231, 104, 405])
Bands [279, 88, 106] found in history. Returning cached fitness.
Bands [279, 88, 106] found in history. Returning cached fitness.
Bands [279, 88, 106] found in history. Returning cached fitness.
Bands [279, 88, 106] found in history. Returning cached fitness.
Bands [279, 88, 106] found in history. Returning cached fitness.
Bands [279, 88, 106] found in history. Returning cached fitness.
Bands [279, 88, 106] found in history. Returning cached fitness.
Bands [279, 88, 106] found in history. Returning cached fitness.
Bands [279, 88, 106] found in history. Returning cached fitness.
Bands [279, 88, 106] found in history. Returning cached fitness.
Bands [279, 88, 106] found in history. Returning cached fitness.
Bands [279, 88, 106] found in history. Returning cached fitness.
Bands [279, 88, 106] found in history. Returning cached fitness.
Bands [279, 88, 106] found in history. Returning cached fitness.
Bands [279, 88, 106] found in history. Returning cached fitness.
Bands [279, 88, 106] found in history. Returning cached fitness.
Bands [279, 88, 106] found in history. Returning cached fitness.
Bands [279, 88, 106] found in history. Returning cached fitness.
Bands [279, 88, 106] found in history. Returning cached fitness.
11 	19    	0.785156	0        	0.785156	0.785156	Individual('h', [231, 104, 405])
Bands [279, 88, 106] found in history. Returning cached fitness.
Bands [279, 88, 106] found in history. Returning cached fitness.
Bands [279, 88, 106] found in history. Returning cached fitness.
Bands [279, 88, 106] found in history. Returning cached fitness.
Bands [279, 88, 106] found in history. Returning cached fitness.
Bands [279, 88, 106] found in history. Returning cached fitness.
Bands [279, 88, 106] found in history. Returning cached fitness.
Bands [279, 88, 106] found in history. Returning cached fitness.
Bands [279, 88, 106] found in history. Returning cached fitness.
Bands [279, 88, 106] found in history. Returning cached fitness.
Bands [279, 88, 106] found in history. Returning cached fitness.
Bands [279, 88, 106] found in history. Returning cached fitness.
Bands [279, 88, 106] found in history. Returning cached fitness.
Bands [279, 88, 106] found in history. Returning cached fitness.
12 	14    	0.785156	0        	0.785156	0.785156	Individual('h', [231, 104, 405])
Bands [279, 88, 106] found in history. Returning cached fitness.
Bands [279, 88, 106] found in history. Returning cached fitness.
Bands [279, 88, 106] found in history. Returning cached fitness.
Bands [279, 88, 106] found in history. Returning cached fitness.
Bands [279, 88, 106] found in history. Returning cached fitness.
Bands [279, 88, 106] found in history. Returning cached fitness.
Bands [279, 88, 106] found in history. Returning cached fitness.
Bands [279, 88, 106] found in history. Returning cached fitness.
Bands [279, 88, 106] found in history. Returning cached fitness.
Bands [279, 88, 106] found in history. Returning cached fitness.
Bands [279, 88, 106] found in history. Returning cached fitness.
Bands [279, 88, 106] found in history. Returning cached fitness.
Bands [279, 88, 106] found in history. Returning cached fitness.
Bands [279, 88, 106] found in history. Returning cached fitness.
Bands [279, 88, 106] found in history. Returning cached fitness.
Bands [279, 88, 106] found in history. Returning cached fitness.
Bands [279, 88, 106] found in history. Returning cached fitness.
Bands [279, 88, 106] found in history. Returning cached fitness.
13 	18    	0.785156	0        	0.785156	0.785156	Individual('h', [231, 104, 405])
Bands [279, 88, 106] found in history. Returning cached fitness.
Bands [279, 88, 106] found in history. Returning cached fitness.
Bands [279, 88, 106] found in history. Returning cached fitness.
Bands [279, 88, 106] found in history. Returning cached fitness.
Bands [279, 88, 106] found in history. Returning cached fitness.
Bands [279, 88, 106] found in history. Returning cached fitness.
Bands [279, 88, 106] found in history. Returning cached fitness.
Bands [279, 88, 106] found in history. Returning cached fitness.
Bands [279, 88, 106] found in history. Returning cached fitness.
Bands [279, 88, 106] found in history. Returning cached fitness.
Bands [279, 88, 106] found in history. Returning cached fitness.
Bands [279, 88, 106] found in history. Returning cached fitness.
Bands [279, 88, 106] found in history. Returning cached fitness.
Bands [279, 88, 106] found in history. Returning cached fitness.
Bands [279, 88, 106] found in history. Returning cached fitness.
14 	15    	0.785156	0        	0.785156	0.785156	Individual('h', [231, 104, 405])
Bands [279, 88, 106] found in history. Returning cached fitness.
Bands [279, 88, 106] found in history. Returning cached fitness.
Bands [279, 88, 106] found in history. Returning cached fitness.
Bands [279, 88, 106] found in history. Returning cached fitness.
Bands [279, 88, 106] found in history. Returning cached fitness.
Bands [279, 88, 106] found in history. Returning cached fitness.
Bands [279, 88, 105] found in history. Returning cached fitness.
Bands [279, 88, 105] found in history. Returning cached fitness.
Bands [279, 88, 106] found in history. Returning cached fitness.
Bands [279, 88, 106] found in history. Returning cached fitness.
Bands [279, 88, 106] found in history. Returning cached fitness.
Bands [279, 88, 106] found in history. Returning cached fitness.
Bands [279, 88, 106] found in history. Returning cached fitness.
Bands [279, 88, 106] found in history. Returning cached fitness.
Bands [279, 88, 106] found in history. Returning cached fitness.
Bands [279, 88, 106] found in history. Returning cached fitness.
Bands [279, 88, 105] found in history. Returning cached fitness.
Bands [279, 88, 105] found in history. Returning cached fitness.
15 	18    	0.779687	0.0109375	0.757812	0.785156	Individual('h', [231, 104, 405])
Bands [279, 88, 106] found in history. Returning cached fitness.
Bands [279, 88, 106] found in history. Returning cached fitness.
Bands [279, 88, 106] found in history. Returning cached fitness.
Bands [279, 88, 106] found in history. Returning cached fitness.
Bands [279, 88, 106] found in history. Returning cached fitness.
Bands [279, 88, 106] found in history. Returning cached fitness.
Bands [279, 88, 106] found in history. Returning cached fitness.
Bands [279, 88, 106] found in history. Returning cached fitness.
Bands [279, 88, 106] found in history. Returning cached fitness.
Bands [279, 88, 106] found in history. Returning cached fitness.
Bands [279, 88, 106] found in history. Returning cached fitness.
Bands [279, 88, 106] found in history. Returning cached fitness.
Bands [279, 88, 106] found in history. Returning cached fitness.
Bands [279, 88, 106] found in history. Returning cached fitness.
16 	14    	0.785156	0        	0.785156	0.785156	Individual('h', [231, 104, 405])
Bands [279, 88, 106] found in history. Returning cached fitness.
Bands [279, 88, 106] found in history. Returning cached fitness.
Bands [279, 88, 106] found in history. Returning cached fitness.
Bands [279, 88, 106] found in history. Returning cached fitness.
Bands [279, 88, 106] found in history. Returning cached fitness.
Bands [279, 88, 106] found in history. Returning cached fitness.
Bands [279, 88, 106] found in history. Returning cached fitness.
Bands [279, 88, 106] found in history. Returning cached fitness.
Dataset initialized with pre-loaded data. Total samples: 897
Band indices for training dataloader: [279, 87, 106]
Dataset initialized with pre-loaded data. Total samples: 226
Band indices for test dataloader: [279, 87, 106]
🔍 Starting evaluation of individual [279, 87, 106]
Epoch: 1 | train_loss: 1.3587 | train_acc: 0.3502 | test_loss: 1.3804 | test_acc: 0.4141 | 
Epoch: 2 | train_loss: 1.2427 | train_acc: 0.4310 | test_loss: 1.2929 | test_acc: 0.4648 | 
Epoch: 3 | train_loss: 1.1258 | train_acc: 0.5356 | test_loss: 1.1135 | test_acc: 0.5156 | 
Epoch: 4 | train_loss: 1.0480 | train_acc: 0.5431 | test_loss: 1.0798 | test_acc: 0.5469 | 
Epoch: 5 | train_loss: 0.9451 | train_acc: 0.6013 | test_loss: 1.1578 | test_acc: 0.4961 | 
Epoch: 6 | train_loss: 0.9348 | train_acc: 0.6325 | test_loss: 0.9712 | test_acc: 0.5898 | 
Epoch: 7 | train_loss: 0.9018 | train_acc: 0.6369 | test_loss: 0.9433 | test_acc: 0.6602 | 
Epoch: 8 | train_loss: 0.7618 | train_acc: 0.6886 | test_loss: 0.9596 | test_acc: 0.6445 | 
Epoch: 9 | train_loss: 0.7306 | train_acc: 0.6864 | test_loss: 0.9073 | test_acc: 0.6289 | 
Epoch: 10 | train_loss: 0.6440 | train_acc: 0.7468 | test_loss: 0.8919 | test_acc: 0.6797 | 
Epoch: 11 | train_loss: 0.6531 | train_acc: 0.7435 | test_loss: 0.8889 | test_acc: 0.7070 | 
Epoch: 12 | train_loss: 0.6167 | train_acc: 0.7532 | test_loss: 0.9480 | test_acc: 0.6016 | 
Epoch: 13 | train_loss: 0.6469 | train_acc: 0.7478 | test_loss: 1.0548 | test_acc: 0.6211 | 
Epoch: 14 | train_loss: 0.5460 | train_acc: 0.7812 | test_loss: 1.0973 | test_acc: 0.6133 | 
Epoch: 15 | train_loss: 0.5467 | train_acc: 0.7823 | test_loss: 0.9629 | test_acc: 0.6797 | 
Epoch: 16 | train_loss: 0.5136 | train_acc: 0.8233 | test_loss: 1.0430 | test_acc: 0.6211 | 
Epoch: 17 | train_loss: 0.4773 | train_acc: 0.8394 | test_loss: 0.9091 | test_acc: 0.6914 | 
Epoch: 18 | train_loss: 0.5269 | train_acc: 0.7942 | test_loss: 0.8617 | test_acc: 0.6836 | 
Epoch: 19 | train_loss: 0.4359 | train_acc: 0.8394 | test_loss: 1.0150 | test_acc: 0.6992 | 
Epoch: 20 | train_loss: 0.4949 | train_acc: 0.8427 | test_loss: 0.9597 | test_acc: 0.7266 | 
Epoch: 21 | train_loss: 0.4474 | train_acc: 0.8438 | test_loss: 0.9142 | test_acc: 0.7148 | 
Epoch: 22 | train_loss: 0.3933 | train_acc: 0.8610 | test_loss: 1.0200 | test_acc: 0.6758 | 
Epoch: 23 | train_loss: 0.5557 | train_acc: 0.8017 | test_loss: 0.9926 | test_acc: 0.6367 | 
Epoch: 24 | train_loss: 0.3744 | train_acc: 0.8804 | test_loss: 0.9924 | test_acc: 0.6953 | 
Epoch: 25 | train_loss: 0.4175 | train_acc: 0.8481 | test_loss: 1.0910 | test_acc: 0.7109 | 
Epoch: 26 | train_loss: 0.3802 | train_acc: 0.8534 | test_loss: 0.9947 | test_acc: 0.7109 | 
Epoch: 27 | train_loss: 0.3466 | train_acc: 0.8513 | test_loss: 1.0533 | test_acc: 0.6328 | 
Epoch: 28 | train_loss: 0.4218 | train_acc: 0.8567 | test_loss: 0.9382 | test_acc: 0.6953 | 
Epoch: 29 | train_loss: 0.3510 | train_acc: 0.8545 | test_loss: 0.9615 | test_acc: 0.6719 | 
Epoch: 30 | train_loss: 0.2618 | train_acc: 0.9159 | test_loss: 1.0643 | test_acc: 0.7227 | 
Epoch: 31 | train_loss: 0.3095 | train_acc: 0.8631 | test_loss: 0.9874 | test_acc: 0.7109 | 
Epoch: 32 | train_loss: 0.3144 | train_acc: 0.9062 | test_loss: 1.1922 | test_acc: 0.6602 | 
Epoch: 33 | train_loss: 0.2956 | train_acc: 0.8912 | test_loss: 0.9576 | test_acc: 0.7383 | 
Epoch: 34 | train_loss: 0.4364 | train_acc: 0.8782 | test_loss: 0.9421 | test_acc: 0.7461 | 
Epoch: 35 | train_loss: 0.3567 | train_acc: 0.8675 | test_loss: 0.9747 | test_acc: 0.7188 | 
Epoch: 36 | train_loss: 0.2721 | train_acc: 0.8847 | test_loss: 0.9197 | test_acc: 0.7227 | 
Epoch: 37 | train_loss: 0.2621 | train_acc: 0.8901 | test_loss: 0.9182 | test_acc: 0.7422 | 
Epoch: 38 | train_loss: 0.3056 | train_acc: 0.8912 | test_loss: 1.0950 | test_acc: 0.7109 | 
Epoch: 39 | train_loss: 0.2996 | train_acc: 0.8858 | test_loss: 0.8732 | test_acc: 0.7344 | 
Epoch: 40 | train_loss: 0.3240 | train_acc: 0.8772 | test_loss: 0.8752 | test_acc: 0.7305 | 
Epoch: 41 | train_loss: 0.2919 | train_acc: 0.8858 | test_loss: 0.8109 | test_acc: 0.7500 | 
Epoch: 42 | train_loss: 0.2136 | train_acc: 0.9224 | test_loss: 0.8600 | test_acc: 0.7461 | 
Epoch: 43 | train_loss: 0.2388 | train_acc: 0.9009 | test_loss: 0.9970 | test_acc: 0.7344 | 
Epoch: 44 | train_loss: 0.2393 | train_acc: 0.9278 | test_loss: 0.9367 | test_acc: 0.7539 | 
Epoch: 45 | train_loss: 0.1828 | train_acc: 0.9386 | test_loss: 0.9693 | test_acc: 0.7539 | 
Epoch: 46 | train_loss: 0.3382 | train_acc: 0.9019 | test_loss: 0.9879 | test_acc: 0.7617 | 
Epoch: 47 | train_loss: 0.2617 | train_acc: 0.8901 | test_loss: 0.9415 | test_acc: 0.7578 | 
Epoch: 48 | train_loss: 0.2250 | train_acc: 0.9019 | test_loss: 0.9528 | test_acc: 0.7656 | 
Epoch: 49 | train_loss: 0.2008 | train_acc: 0.9256 | test_loss: 0.9575 | test_acc: 0.7617 | 
Epoch: 50 | train_loss: 0.1731 | train_acc: 0.9364 | test_loss: 0.9445 | test_acc: 0.7500 | 
⏱️ Total training time: 81.903 seconds
📊 Bands [279, 87, 106] -> Fitness: 0.7500
Bands [279, 87, 106] found in history. Returning cached fitness.
Bands [279, 88, 106] found in history. Returning cached fitness.
Bands [279, 88, 106] found in history. Returning cached fitness.
Bands [279, 88, 106] found in history. Returning cached fitness.
Bands [279, 88, 106] found in history. Returning cached fitness.
Bands [279, 88, 106] found in history. Returning cached fitness.
Bands [279, 88, 106] found in history. Returning cached fitness.
Bands [279, 88, 106] found in history. Returning cached fitness.
Bands [279, 88, 106] found in history. Returning cached fitness.
17 	18    	0.781641	0.0105469	0.75    	0.785156	Individual('h', [231, 104, 405])
Bands [279, 87, 106] found in history. Returning cached fitness.
Bands [279, 87, 106] found in history. Returning cached fitness.
Bands [279, 88, 106] found in history. Returning cached fitness.
Bands [279, 88, 106] found in history. Returning cached fitness.
Bands [279, 88, 106] found in history. Returning cached fitness.
Bands [279, 88, 106] found in history. Returning cached fitness.
Bands [279, 88, 106] found in history. Returning cached fitness.
Bands [279, 88, 106] found in history. Returning cached fitness.
Bands [279, 88, 106] found in history. Returning cached fitness.
Bands [279, 88, 105] found in history. Returning cached fitness.
Bands [279, 88, 105] found in history. Returning cached fitness.
Dataset initialized with pre-loaded data. Total samples: 897
Band indices for training dataloader: [279, 89, 106]
Dataset initialized with pre-loaded data. Total samples: 226
Band indices for test dataloader: [279, 89, 106]
🔍 Starting evaluation of individual [279, 89, 106]
Epoch: 1 | train_loss: 1.3513 | train_acc: 0.3211 | test_loss: 1.3066 | test_acc: 0.4102 | 
Epoch: 2 | train_loss: 1.1937 | train_acc: 0.4720 | test_loss: 1.3790 | test_acc: 0.4609 | 
Epoch: 3 | train_loss: 1.1287 | train_acc: 0.5356 | test_loss: 1.2048 | test_acc: 0.5156 | 
Epoch: 4 | train_loss: 1.0251 | train_acc: 0.5679 | test_loss: 1.1707 | test_acc: 0.5664 | 
Epoch: 5 | train_loss: 1.0043 | train_acc: 0.5614 | test_loss: 1.1562 | test_acc: 0.5938 | 
Epoch: 6 | train_loss: 0.9166 | train_acc: 0.6002 | test_loss: 1.0590 | test_acc: 0.5938 | 
Epoch: 7 | train_loss: 0.8044 | train_acc: 0.6950 | test_loss: 1.0410 | test_acc: 0.6133 | 
Epoch: 8 | train_loss: 0.7976 | train_acc: 0.6606 | test_loss: 0.9699 | test_acc: 0.6875 | 
Epoch: 9 | train_loss: 0.7264 | train_acc: 0.7015 | test_loss: 1.1716 | test_acc: 0.6016 | 
Epoch: 10 | train_loss: 0.7073 | train_acc: 0.7414 | test_loss: 0.9671 | test_acc: 0.6055 | 
Epoch: 11 | train_loss: 0.7474 | train_acc: 0.7263 | test_loss: 0.9080 | test_acc: 0.6992 | 
Epoch: 12 | train_loss: 0.6282 | train_acc: 0.7651 | test_loss: 0.9095 | test_acc: 0.6836 | 
Epoch: 13 | train_loss: 0.5752 | train_acc: 0.7909 | test_loss: 1.1066 | test_acc: 0.5508 | 
Epoch: 14 | train_loss: 0.5442 | train_acc: 0.7748 | test_loss: 1.0200 | test_acc: 0.6758 | 
Epoch: 15 | train_loss: 0.5574 | train_acc: 0.7694 | test_loss: 0.9011 | test_acc: 0.7266 | 
Epoch: 16 | train_loss: 0.5849 | train_acc: 0.7651 | test_loss: 0.8652 | test_acc: 0.7148 | 
Epoch: 17 | train_loss: 0.4974 | train_acc: 0.8222 | test_loss: 0.8136 | test_acc: 0.7539 | 
Epoch: 18 | train_loss: 0.4303 | train_acc: 0.8427 | test_loss: 0.8714 | test_acc: 0.7422 | 
Epoch: 19 | train_loss: 0.4395 | train_acc: 0.8362 | test_loss: 0.8552 | test_acc: 0.7148 | 
Epoch: 20 | train_loss: 0.6163 | train_acc: 0.8211 | test_loss: 0.8335 | test_acc: 0.7148 | 
Epoch: 21 | train_loss: 0.5167 | train_acc: 0.8071 | test_loss: 0.8640 | test_acc: 0.7031 | 
Epoch: 22 | train_loss: 0.4046 | train_acc: 0.8696 | test_loss: 0.8956 | test_acc: 0.7227 | 
Epoch: 23 | train_loss: 0.3855 | train_acc: 0.8459 | test_loss: 0.9801 | test_acc: 0.7227 | 
Epoch: 24 | train_loss: 0.3529 | train_acc: 0.8502 | test_loss: 0.9737 | test_acc: 0.7305 | 
Epoch: 25 | train_loss: 0.4590 | train_acc: 0.8341 | test_loss: 0.9942 | test_acc: 0.7188 | 
Epoch: 26 | train_loss: 0.4179 | train_acc: 0.8416 | test_loss: 0.9529 | test_acc: 0.7266 | 
Epoch: 27 | train_loss: 0.3231 | train_acc: 0.8966 | test_loss: 0.8910 | test_acc: 0.7305 | 
Epoch: 28 | train_loss: 0.4336 | train_acc: 0.8599 | test_loss: 1.1312 | test_acc: 0.6562 | 
Epoch: 29 | train_loss: 0.4241 | train_acc: 0.8297 | test_loss: 1.0052 | test_acc: 0.6758 | 
Epoch: 30 | train_loss: 0.3466 | train_acc: 0.8524 | test_loss: 0.9150 | test_acc: 0.7188 | 
Epoch: 31 | train_loss: 0.3735 | train_acc: 0.8610 | test_loss: 1.1543 | test_acc: 0.6445 | 
Epoch: 32 | train_loss: 0.3497 | train_acc: 0.8815 | test_loss: 0.9595 | test_acc: 0.7266 | 
Epoch: 33 | train_loss: 0.3418 | train_acc: 0.8772 | test_loss: 0.9307 | test_acc: 0.7031 | 
Epoch: 34 | train_loss: 0.2881 | train_acc: 0.8750 | test_loss: 0.9605 | test_acc: 0.7383 | 
Epoch: 35 | train_loss: 0.3463 | train_acc: 0.8610 | test_loss: 1.0024 | test_acc: 0.7344 | 
Epoch: 36 | train_loss: 0.2742 | train_acc: 0.8890 | test_loss: 0.8586 | test_acc: 0.7578 | 
Epoch: 37 | train_loss: 0.2098 | train_acc: 0.9353 | test_loss: 0.8495 | test_acc: 0.7812 | 
Epoch: 38 | train_loss: 0.2696 | train_acc: 0.8890 | test_loss: 0.9899 | test_acc: 0.7695 | 
Epoch: 39 | train_loss: 0.2730 | train_acc: 0.8847 | test_loss: 0.9677 | test_acc: 0.7461 | 
Epoch: 40 | train_loss: 0.2462 | train_acc: 0.9224 | test_loss: 1.3536 | test_acc: 0.6797 | 
Epoch: 41 | train_loss: 0.3174 | train_acc: 0.8847 | test_loss: 0.9374 | test_acc: 0.7539 | 
Epoch: 42 | train_loss: 0.3255 | train_acc: 0.8847 | test_loss: 0.9510 | test_acc: 0.6836 | 
Epoch: 43 | train_loss: 0.2720 | train_acc: 0.8879 | test_loss: 0.9356 | test_acc: 0.7422 | 
Epoch: 44 | train_loss: 0.1868 | train_acc: 0.9537 | test_loss: 0.8803 | test_acc: 0.7539 | 
Epoch: 45 | train_loss: 0.1920 | train_acc: 0.9440 | test_loss: 0.9382 | test_acc: 0.7578 | 
Epoch: 46 | train_loss: 0.1992 | train_acc: 0.9332 | test_loss: 0.9609 | test_acc: 0.7578 | 
Epoch: 47 | train_loss: 0.3141 | train_acc: 0.9095 | test_loss: 1.0623 | test_acc: 0.7031 | 
Epoch: 48 | train_loss: 0.2042 | train_acc: 0.9418 | test_loss: 1.0270 | test_acc: 0.7578 | 
Epoch: 49 | train_loss: 0.1982 | train_acc: 0.9397 | test_loss: 0.9858 | test_acc: 0.7500 | 
Epoch: 50 | train_loss: 0.2094 | train_acc: 0.9052 | test_loss: 1.0434 | test_acc: 0.7617 | 
⏱️ Total training time: 80.858 seconds
📊 Bands [279, 89, 106] -> Fitness: 0.7617
Bands [279, 88, 106] found in history. Returning cached fitness.
Bands [279, 88, 106] found in history. Returning cached fitness.
18 	14    	0.777734	0.013067 	0.75    	0.785156	Individual('h', [231, 104, 405])
Bands [279, 88, 106] found in history. Returning cached fitness.
Bands [279, 88, 106] found in history. Returning cached fitness.
Bands [279, 88, 106] found in history. Returning cached fitness.
Bands [279, 88, 106] found in history. Returning cached fitness.
Bands [279, 88, 106] found in history. Returning cached fitness.
Bands [279, 88, 106] found in history. Returning cached fitness.
Bands [279, 88, 106] found in history. Returning cached fitness.
Bands [279, 88, 106] found in history. Returning cached fitness.
Bands [279, 88, 106] found in history. Returning cached fitness.
Bands [279, 88, 106] found in history. Returning cached fitness.
Bands [279, 88, 106] found in history. Returning cached fitness.
Bands [279, 88, 106] found in history. Returning cached fitness.
Bands [279, 88, 106] found in history. Returning cached fitness.
Bands [279, 88, 106] found in history. Returning cached fitness.
Bands [279, 88, 106] found in history. Returning cached fitness.
Bands [279, 88, 106] found in history. Returning cached fitness.
Bands [279, 88, 106] found in history. Returning cached fitness.
Bands [279, 88, 106] found in history. Returning cached fitness.
19 	18    	0.785156	0        	0.785156	0.785156	Individual('h', [231, 104, 405])
Bands [279, 88, 106] found in history. Returning cached fitness.
Bands [279, 88, 106] found in history. Returning cached fitness.
Bands [279, 88, 106] found in history. Returning cached fitness.
Bands [279, 88, 106] found in history. Returning cached fitness.
Bands [279, 88, 106] found in history. Returning cached fitness.
Bands [279, 88, 106] found in history. Returning cached fitness.
Bands [279, 88, 106] found in history. Returning cached fitness.
Bands [279, 88, 106] found in history. Returning cached fitness.
Bands [279, 88, 106] found in history. Returning cached fitness.
Bands [279, 88, 106] found in history. Returning cached fitness.
Bands [279, 88, 106] found in history. Returning cached fitness.
Bands [279, 88, 106] found in history. Returning cached fitness.
Bands [279, 88, 106] found in history. Returning cached fitness.
Bands [279, 88, 106] found in history. Returning cached fitness.
Bands [279, 88, 106] found in history. Returning cached fitness.
Bands [279, 88, 106] found in history. Returning cached fitness.
Bands [279, 88, 106] found in history. Returning cached fitness.
Bands [279, 88, 106] found in history. Returning cached fitness.
Bands [279, 88, 106] found in history. Returning cached fitness.
Bands [279, 88, 106] found in history. Returning cached fitness.
20 	20    	0.785156	0        	0.785156	0.785156	Individual('h', [231, 104, 405])
Bands [279, 88, 106] found in history. Returning cached fitness.
Bands [279, 88, 106] found in history. Returning cached fitness.
Bands [279, 88, 106] found in history. Returning cached fitness.
Bands [279, 88, 106] found in history. Returning cached fitness.
Bands [279, 88, 106] found in history. Returning cached fitness.
Bands [279, 88, 106] found in history. Returning cached fitness.
Bands [279, 88, 106] found in history. Returning cached fitness.
Bands [279, 88, 106] found in history. Returning cached fitness.
Bands [279, 88, 106] found in history. Returning cached fitness.
Bands [279, 88, 106] found in history. Returning cached fitness.
Bands [279, 88, 106] found in history. Returning cached fitness.
Bands [279, 88, 106] found in history. Returning cached fitness.
Bands [279, 88, 106] found in history. Returning cached fitness.
Bands [279, 88, 106] found in history. Returning cached fitness.
21 	14    	0.785156	0        	0.785156	0.785156	Individual('h', [231, 104, 405])
Bands [279, 88, 106] found in history. Returning cached fitness.
Bands [279, 88, 106] found in history. Returning cached fitness.
Bands [279, 88, 106] found in history. Returning cached fitness.
Bands [279, 88, 106] found in history. Returning cached fitness.
Bands [279, 88, 106] found in history. Returning cached fitness.
Bands [279, 88, 106] found in history. Returning cached fitness.
Bands [279, 88, 106] found in history. Returning cached fitness.
Bands [279, 88, 106] found in history. Returning cached fitness.
Bands [279, 88, 106] found in history. Returning cached fitness.
Bands [279, 88, 106] found in history. Returning cached fitness.
Bands [279, 88, 106] found in history. Returning cached fitness.
Bands [279, 88, 106] found in history. Returning cached fitness.
Bands [279, 88, 106] found in history. Returning cached fitness.
Bands [279, 88, 106] found in history. Returning cached fitness.
Bands [279, 88, 106] found in history. Returning cached fitness.
Bands [279, 88, 106] found in history. Returning cached fitness.
22 	16    	0.785156	0        	0.785156	0.785156	Individual('h', [231, 104, 405])
Bands [279, 88, 106] found in history. Returning cached fitness.
Bands [279, 88, 106] found in history. Returning cached fitness.
Bands [279, 88, 106] found in history. Returning cached fitness.
Bands [279, 88, 106] found in history. Returning cached fitness.
Bands [279, 88, 106] found in history. Returning cached fitness.
Bands [279, 88, 106] found in history. Returning cached fitness.
Bands [279, 88, 106] found in history. Returning cached fitness.
Bands [279, 88, 106] found in history. Returning cached fitness.
Bands [279, 88, 106] found in history. Returning cached fitness.
Bands [279, 88, 106] found in history. Returning cached fitness.
Bands [279, 88, 106] found in history. Returning cached fitness.
Bands [279, 88, 106] found in history. Returning cached fitness.
Bands [279, 87, 106] found in history. Returning cached fitness.
Bands [279, 87, 106] found in history. Returning cached fitness.
Bands [279, 88, 106] found in history. Returning cached fitness.
Bands [279, 88, 106] found in history. Returning cached fitness.
23 	16    	0.781641	0.0105469	0.75    	0.785156	Individual('h', [231, 104, 405])
Bands [279, 88, 106] found in history. Returning cached fitness.
Bands [279, 88, 106] found in history. Returning cached fitness.
Bands [279, 88, 106] found in history. Returning cached fitness.
Bands [279, 88, 106] found in history. Returning cached fitness.
Bands [279, 88, 106] found in history. Returning cached fitness.
Bands [279, 88, 106] found in history. Returning cached fitness.
Bands [279, 88, 106] found in history. Returning cached fitness.
Bands [279, 88, 106] found in history. Returning cached fitness.
Bands [279, 88, 106] found in history. Returning cached fitness.
Bands [279, 88, 106] found in history. Returning cached fitness.
Bands [279, 88, 106] found in history. Returning cached fitness.
Bands [279, 88, 106] found in history. Returning cached fitness.
Bands [279, 88, 106] found in history. Returning cached fitness.
Bands [279, 88, 106] found in history. Returning cached fitness.
24 	14    	0.785156	0        	0.785156	0.785156	Individual('h', [231, 104, 405])
Bands [279, 88, 106] found in history. Returning cached fitness.
Bands [279, 88, 106] found in history. Returning cached fitness.
Bands [279, 88, 106] found in history. Returning cached fitness.
Bands [279, 88, 106] found in history. Returning cached fitness.
Bands [279, 88, 106] found in history. Returning cached fitness.
Bands [279, 88, 106] found in history. Returning cached fitness.
Bands [279, 88, 106] found in history. Returning cached fitness.
Bands [279, 88, 106] found in history. Returning cached fitness.
Bands [279, 88, 106] found in history. Returning cached fitness.
Bands [279, 88, 106] found in history. Returning cached fitness.
Bands [279, 88, 106] found in history. Returning cached fitness.
Bands [279, 88, 106] found in history. Returning cached fitness.
Bands [279, 88, 106] found in history. Returning cached fitness.
Bands [279, 88, 106] found in history. Returning cached fitness.
Bands [279, 88, 106] found in history. Returning cached fitness.
Bands [279, 88, 106] found in history. Returning cached fitness.
Bands [279, 88, 106] found in history. Returning cached fitness.
Bands [279, 88, 106] found in history. Returning cached fitness.
25 	18    	0.785156	0        	0.785156	0.785156	Individual('h', [231, 104, 405])
Bands [279, 88, 105] found in history. Returning cached fitness.
Bands [279, 88, 105] found in history. Returning cached fitness.
Bands [279, 88, 106] found in history. Returning cached fitness.
Bands [279, 88, 106] found in history. Returning cached fitness.
Bands [279, 88, 106] found in history. Returning cached fitness.
Bands [279, 88, 106] found in history. Returning cached fitness.
Bands [279, 88, 106] found in history. Returning cached fitness.
Bands [279, 88, 106] found in history. Returning cached fitness.
Bands [279, 88, 106] found in history. Returning cached fitness.
Bands [279, 88, 106] found in history. Returning cached fitness.
Bands [279, 88, 106] found in history. Returning cached fitness.
Bands [279, 88, 106] found in history. Returning cached fitness.
Bands [279, 88, 106] found in history. Returning cached fitness.
Bands [279, 88, 106] found in history. Returning cached fitness.
Bands [279, 88, 106] found in history. Returning cached fitness.
Bands [279, 88, 106] found in history. Returning cached fitness.
26 	16    	0.782422	0.00820312	0.757812	0.785156	Individual('h', [231, 104, 405])
Bands [279, 88, 106] found in history. Returning cached fitness.
Bands [279, 88, 106] found in history. Returning cached fitness.
Bands [279, 88, 106] found in history. Returning cached fitness.
Bands [279, 88, 106] found in history. Returning cached fitness.
Bands [279, 88, 106] found in history. Returning cached fitness.
Bands [279, 88, 106] found in history. Returning cached fitness.
Bands [279, 88, 106] found in history. Returning cached fitness.
Bands [279, 88, 106] found in history. Returning cached fitness.
Bands [279, 88, 106] found in history. Returning cached fitness.
Bands [279, 88, 106] found in history. Returning cached fitness.
Bands [279, 88, 106] found in history. Returning cached fitness.
Bands [279, 88, 106] found in history. Returning cached fitness.
Bands [279, 88, 106] found in history. Returning cached fitness.
Bands [279, 88, 106] found in history. Returning cached fitness.
Bands [279, 88, 105] found in history. Returning cached fitness.
Bands [279, 88, 105] found in history. Returning cached fitness.
Bands [279, 88, 106] found in history. Returning cached fitness.
Bands [279, 88, 106] found in history. Returning cached fitness.
27 	18    	0.782422	0.00820312	0.757812	0.785156	Individual('h', [231, 104, 405])
Bands [279, 88, 106] found in history. Returning cached fitness.
Bands [279, 88, 106] found in history. Returning cached fitness.
Bands [279, 88, 106] found in history. Returning cached fitness.
Bands [279, 88, 106] found in history. Returning cached fitness.
Bands [279, 88, 106] found in history. Returning cached fitness.
Bands [279, 88, 106] found in history. Returning cached fitness.
Bands [279, 88, 106] found in history. Returning cached fitness.
Bands [279, 88, 106] found in history. Returning cached fitness.
Bands [279, 88, 106] found in history. Returning cached fitness.
Bands [279, 88, 106] found in history. Returning cached fitness.
Bands [279, 88, 106] found in history. Returning cached fitness.
Bands [279, 88, 106] found in history. Returning cached fitness.
Bands [279, 88, 106] found in history. Returning cached fitness.
Bands [279, 88, 106] found in history. Returning cached fitness.
Bands [279, 88, 106] found in history. Returning cached fitness.
Bands [279, 88, 106] found in history. Returning cached fitness.
Bands [279, 88, 106] found in history. Returning cached fitness.
Bands [279, 88, 106] found in history. Returning cached fitness.
28 	18    	0.785156	0         	0.785156	0.785156	Individual('h', [231, 104, 405])
Bands [279, 88, 106] found in history. Returning cached fitness.
Bands [279, 88, 106] found in history. Returning cached fitness.
Bands [279, 88, 106] found in history. Returning cached fitness.
Bands [279, 88, 106] found in history. Returning cached fitness.
Bands [279, 88, 106] found in history. Returning cached fitness.
Bands [279, 88, 106] found in history. Returning cached fitness.
Bands [279, 88, 106] found in history. Returning cached fitness.
Bands [279, 88, 106] found in history. Returning cached fitness.
Bands [279, 88, 106] found in history. Returning cached fitness.
Bands [279, 88, 106] found in history. Returning cached fitness.
Bands [279, 88, 106] found in history. Returning cached fitness.
Bands [279, 88, 106] found in history. Returning cached fitness.
Bands [279, 88, 106] found in history. Returning cached fitness.
Bands [279, 88, 106] found in history. Returning cached fitness.
Bands [279, 88, 106] found in history. Returning cached fitness.
Bands [279, 88, 106] found in history. Returning cached fitness.
29 	16    	0.785156	0         	0.785156	0.785156	Individual('h', [231, 104, 405])
Bands [279, 88, 106] found in history. Returning cached fitness.
Bands [279, 88, 106] found in history. Returning cached fitness.
Bands [279, 88, 106] found in history. Returning cached fitness.
Bands [279, 88, 106] found in history. Returning cached fitness.
Bands [279, 88, 106] found in history. Returning cached fitness.
Bands [279, 88, 106] found in history. Returning cached fitness.
Bands [279, 88, 106] found in history. Returning cached fitness.
Bands [279, 88, 106] found in history. Returning cached fitness.
Bands [279, 88, 106] found in history. Returning cached fitness.
Bands [279, 88, 106] found in history. Returning cached fitness.
Bands [279, 88, 106] found in history. Returning cached fitness.
Bands [279, 88, 106] found in history. Returning cached fitness.
30 	12    	0.785156	0         	0.785156	0.785156	Individual('h', [231, 104, 405])
Bands [279, 88, 106] found in history. Returning cached fitness.
Bands [279, 88, 106] found in history. Returning cached fitness.
Bands [279, 88, 106] found in history. Returning cached fitness.
Bands [279, 88, 106] found in history. Returning cached fitness.
Bands [279, 88, 106] found in history. Returning cached fitness.
Bands [279, 88, 106] found in history. Returning cached fitness.
Bands [279, 87, 106] found in history. Returning cached fitness.
Bands [279, 87, 106] found in history. Returning cached fitness.
Bands [279, 88, 106] found in history. Returning cached fitness.
Bands [279, 88, 106] found in history. Returning cached fitness.
Bands [279, 88, 106] found in history. Returning cached fitness.
Bands [279, 88, 106] found in history. Returning cached fitness.
Bands [279, 88, 105] found in history. Returning cached fitness.
Bands [279, 88, 105] found in history. Returning cached fitness.
Bands [279, 88, 106] found in history. Returning cached fitness.
Bands [279, 88, 106] found in history. Returning cached fitness.
Bands [279, 88, 105] found in history. Returning cached fitness.
Bands [279, 88, 105] found in history. Returning cached fitness.
31 	18    	0.776172	0.0138713 	0.75    	0.785156	Individual('h', [231, 104, 405])
Bands [279, 88, 106] found in history. Returning cached fitness.
Bands [279, 88, 106] found in history. Returning cached fitness.
Bands [279, 88, 106] found in history. Returning cached fitness.
Bands [279, 88, 106] found in history. Returning cached fitness.
Bands [279, 88, 106] found in history. Returning cached fitness.
Bands [279, 88, 106] found in history. Returning cached fitness.
Bands [279, 88, 106] found in history. Returning cached fitness.
Bands [279, 88, 106] found in history. Returning cached fitness.
Bands [279, 88, 105] found in history. Returning cached fitness.
Bands [279, 88, 105] found in history. Returning cached fitness.
Bands [279, 88, 106] found in history. Returning cached fitness.
Bands [279, 88, 106] found in history. Returning cached fitness.
Bands [279, 88, 106] found in history. Returning cached fitness.
Bands [279, 88, 106] found in history. Returning cached fitness.
Bands [279, 88, 106] found in history. Returning cached fitness.
Bands [279, 88, 106] found in history. Returning cached fitness.
Bands [279, 88, 106] found in history. Returning cached fitness.
Dataset initialized with pre-loaded data. Total samples: 897
Band indices for training dataloader: [279, 88, 104]
Dataset initialized with pre-loaded data. Total samples: 226
Band indices for test dataloader: [279, 88, 104]
🔍 Starting evaluation of individual [279, 88, 104]
Epoch: 1 | train_loss: 1.3682 | train_acc: 0.3254 | test_loss: 1.2850 | test_acc: 0.4062 | 
Epoch: 2 | train_loss: 1.2494 | train_acc: 0.4364 | test_loss: 1.3198 | test_acc: 0.3633 | 
Epoch: 3 | train_loss: 1.1396 | train_acc: 0.5280 | test_loss: 1.2003 | test_acc: 0.5156 | 
Epoch: 4 | train_loss: 1.0369 | train_acc: 0.5625 | test_loss: 1.0457 | test_acc: 0.5820 | 
Epoch: 5 | train_loss: 0.9488 | train_acc: 0.6239 | test_loss: 1.1903 | test_acc: 0.5469 | 
Epoch: 6 | train_loss: 0.9146 | train_acc: 0.6379 | test_loss: 1.2146 | test_acc: 0.5547 | 
Epoch: 7 | train_loss: 0.8677 | train_acc: 0.6498 | test_loss: 1.0107 | test_acc: 0.6445 | 
Epoch: 8 | train_loss: 0.7853 | train_acc: 0.6724 | test_loss: 0.9352 | test_acc: 0.6250 | 
Epoch: 9 | train_loss: 0.7240 | train_acc: 0.7069 | test_loss: 1.0502 | test_acc: 0.6680 | 
Epoch: 10 | train_loss: 0.6695 | train_acc: 0.7414 | test_loss: 0.8615 | test_acc: 0.6875 | 
Epoch: 11 | train_loss: 0.6613 | train_acc: 0.7349 | test_loss: 1.2036 | test_acc: 0.5977 | 
Epoch: 12 | train_loss: 0.6837 | train_acc: 0.7284 | test_loss: 0.9818 | test_acc: 0.6992 | 
Epoch: 13 | train_loss: 0.6341 | train_acc: 0.7532 | test_loss: 1.0150 | test_acc: 0.6055 | 
Epoch: 14 | train_loss: 0.4858 | train_acc: 0.8384 | test_loss: 0.9663 | test_acc: 0.6953 | 
Epoch: 15 | train_loss: 0.5503 | train_acc: 0.8114 | test_loss: 0.8202 | test_acc: 0.7383 | 
Epoch: 16 | train_loss: 0.4970 | train_acc: 0.8244 | test_loss: 0.9820 | test_acc: 0.6953 | 
Epoch: 17 | train_loss: 0.5911 | train_acc: 0.7769 | test_loss: 0.9066 | test_acc: 0.7109 | 
Epoch: 18 | train_loss: 0.4499 | train_acc: 0.8125 | test_loss: 0.9172 | test_acc: 0.6992 | 
Epoch: 19 | train_loss: 0.4555 | train_acc: 0.8427 | test_loss: 0.8315 | test_acc: 0.7383 | 
Epoch: 20 | train_loss: 0.4444 | train_acc: 0.8287 | test_loss: 0.8602 | test_acc: 0.7188 | 
Epoch: 21 | train_loss: 0.4605 | train_acc: 0.8308 | test_loss: 1.0299 | test_acc: 0.6797 | 
Epoch: 22 | train_loss: 0.4076 | train_acc: 0.8330 | test_loss: 0.9056 | test_acc: 0.7305 | 
Epoch: 23 | train_loss: 0.4580 | train_acc: 0.8330 | test_loss: 0.9317 | test_acc: 0.7188 | 
Epoch: 24 | train_loss: 0.3627 | train_acc: 0.8750 | test_loss: 0.9950 | test_acc: 0.6875 | 
Epoch: 25 | train_loss: 0.4382 | train_acc: 0.8384 | test_loss: 0.9043 | test_acc: 0.7422 | 
Epoch: 26 | train_loss: 0.3675 | train_acc: 0.8416 | test_loss: 0.8423 | test_acc: 0.7305 | 
Epoch: 27 | train_loss: 0.3458 | train_acc: 0.8707 | test_loss: 0.7948 | test_acc: 0.7383 | 
Epoch: 28 | train_loss: 0.4320 | train_acc: 0.8599 | test_loss: 0.8118 | test_acc: 0.7539 | 
Epoch: 29 | train_loss: 0.3313 | train_acc: 0.8739 | test_loss: 0.7975 | test_acc: 0.7188 | 
Epoch: 30 | train_loss: 0.3874 | train_acc: 0.8621 | test_loss: 0.9417 | test_acc: 0.7148 | 
Epoch: 31 | train_loss: 0.3229 | train_acc: 0.8912 | test_loss: 0.8250 | test_acc: 0.7266 | 
Epoch: 32 | train_loss: 0.2726 | train_acc: 0.9138 | test_loss: 0.8676 | test_acc: 0.7344 | 
Epoch: 33 | train_loss: 0.3024 | train_acc: 0.8728 | test_loss: 0.8487 | test_acc: 0.7539 | 
Epoch: 34 | train_loss: 0.2951 | train_acc: 0.8815 | test_loss: 1.0691 | test_acc: 0.7109 | 
Epoch: 35 | train_loss: 0.2969 | train_acc: 0.8955 | test_loss: 0.9225 | test_acc: 0.7383 | 
Epoch: 36 | train_loss: 0.2172 | train_acc: 0.9213 | test_loss: 1.0115 | test_acc: 0.7461 | 
Epoch: 37 | train_loss: 0.2084 | train_acc: 0.9375 | test_loss: 0.9661 | test_acc: 0.7188 | 
Epoch: 38 | train_loss: 0.1759 | train_acc: 0.9397 | test_loss: 0.9807 | test_acc: 0.7578 | 
Epoch: 39 | train_loss: 0.1831 | train_acc: 0.9407 | test_loss: 0.9865 | test_acc: 0.7500 | 
Epoch: 40 | train_loss: 0.2323 | train_acc: 0.9030 | test_loss: 1.0862 | test_acc: 0.7539 | 
Epoch: 41 | train_loss: 0.1837 | train_acc: 0.9353 | test_loss: 1.1292 | test_acc: 0.7422 | 
Epoch: 42 | train_loss: 0.2988 | train_acc: 0.9041 | test_loss: 1.1144 | test_acc: 0.7227 | 
Epoch: 43 | train_loss: 0.2951 | train_acc: 0.9041 | test_loss: 1.0725 | test_acc: 0.7227 | 
Epoch: 44 | train_loss: 0.2681 | train_acc: 0.8998 | test_loss: 0.9709 | test_acc: 0.7422 | 
Epoch: 45 | train_loss: 0.3071 | train_acc: 0.8987 | test_loss: 1.0012 | test_acc: 0.7500 | 
Epoch: 46 | train_loss: 0.2710 | train_acc: 0.8987 | test_loss: 1.0219 | test_acc: 0.7461 | 
Epoch: 47 | train_loss: 0.2483 | train_acc: 0.8912 | test_loss: 0.9299 | test_acc: 0.7578 | 
Epoch: 48 | train_loss: 0.2459 | train_acc: 0.9009 | test_loss: 1.1176 | test_acc: 0.7227 | 
Epoch: 49 | train_loss: 0.2140 | train_acc: 0.9375 | test_loss: 0.8874 | test_acc: 0.7695 | 
Epoch: 50 | train_loss: 0.2198 | train_acc: 0.9170 | test_loss: 1.0035 | test_acc: 0.7734 | 
⏱️ Total training time: 81.430 seconds
📊 Bands [279, 88, 104] -> Fitness: 0.7734
32 	18    	0.781836	0.00840298	0.757812	0.785156	Individual('h', [231, 104, 405])
Bands [279, 88, 106] found in history. Returning cached fitness.
Bands [279, 88, 106] found in history. Returning cached fitness.
Bands [279, 88, 106] found in history. Returning cached fitness.
Bands [279, 88, 106] found in history. Returning cached fitness.
Bands [279, 88, 106] found in history. Returning cached fitness.
Bands [279, 88, 106] found in history. Returning cached fitness.
Bands [279, 88, 106] found in history. Returning cached fitness.
Bands [279, 88, 106] found in history. Returning cached fitness.
Bands [279, 88, 105] found in history. Returning cached fitness.
Bands [279, 88, 105] found in history. Returning cached fitness.
Bands [279, 88, 106] found in history. Returning cached fitness.
Bands [279, 88, 106] found in history. Returning cached fitness.
Bands [279, 88, 106] found in history. Returning cached fitness.
Bands [279, 88, 106] found in history. Returning cached fitness.
Bands [279, 88, 106] found in history. Returning cached fitness.
Bands [279, 88, 106] found in history. Returning cached fitness.
Bands [279, 88, 106] found in history. Returning cached fitness.
Bands [279, 88, 106] found in history. Returning cached fitness.
33 	18    	0.782422	0.00820312	0.757812	0.785156	Individual('h', [231, 104, 405])
Bands [279, 88, 106] found in history. Returning cached fitness.
Bands [279, 88, 106] found in history. Returning cached fitness.
Bands [279, 88, 106] found in history. Returning cached fitness.
Bands [279, 88, 106] found in history. Returning cached fitness.
Bands [279, 88, 106] found in history. Returning cached fitness.
Bands [279, 88, 106] found in history. Returning cached fitness.
Bands [279, 88, 106] found in history. Returning cached fitness.
Bands [279, 88, 106] found in history. Returning cached fitness.
Bands [279, 88, 106] found in history. Returning cached fitness.
Bands [279, 88, 106] found in history. Returning cached fitness.
Bands [279, 88, 106] found in history. Returning cached fitness.
Bands [279, 88, 106] found in history. Returning cached fitness.
34 	12    	0.785156	0         	0.785156	0.785156	Individual('h', [231, 104, 405])
Bands [279, 88, 106] found in history. Returning cached fitness.
Bands [279, 88, 106] found in history. Returning cached fitness.
Bands [279, 88, 106] found in history. Returning cached fitness.
Bands [279, 88, 106] found in history. Returning cached fitness.
Bands [279, 88, 106] found in history. Returning cached fitness.
Bands [279, 88, 106] found in history. Returning cached fitness.
Bands [279, 88, 106] found in history. Returning cached fitness.
Bands [279, 88, 106] found in history. Returning cached fitness.
Bands [279, 88, 105] found in history. Returning cached fitness.
Bands [279, 88, 105] found in history. Returning cached fitness.
Bands [279, 88, 106] found in history. Returning cached fitness.
Bands [279, 88, 106] found in history. Returning cached fitness.
Bands [279, 88, 106] found in history. Returning cached fitness.
Bands [279, 88, 106] found in history. Returning cached fitness.
35 	14    	0.782422	0.00820312	0.757812	0.785156	Individual('h', [231, 104, 405])
Bands [279, 88, 106] found in history. Returning cached fitness.
Bands [279, 88, 106] found in history. Returning cached fitness.
Bands [279, 88, 106] found in history. Returning cached fitness.
Bands [279, 88, 106] found in history. Returning cached fitness.
Bands [279, 88, 106] found in history. Returning cached fitness.
Bands [279, 88, 106] found in history. Returning cached fitness.
Bands [279, 88, 106] found in history. Returning cached fitness.
Bands [279, 88, 106] found in history. Returning cached fitness.
Bands [279, 88, 106] found in history. Returning cached fitness.
Bands [279, 88, 106] found in history. Returning cached fitness.
Bands [279, 88, 106] found in history. Returning cached fitness.
Bands [279, 88, 106] found in history. Returning cached fitness.
Bands [279, 88, 106] found in history. Returning cached fitness.
Bands [279, 88, 106] found in history. Returning cached fitness.
Bands [279, 88, 106] found in history. Returning cached fitness.
36 	15    	0.785156	0         	0.785156	0.785156	Individual('h', [231, 104, 405])
Bands [279, 88, 106] found in history. Returning cached fitness.
Bands [279, 88, 106] found in history. Returning cached fitness.
Bands [279, 88, 106] found in history. Returning cached fitness.
Bands [279, 88, 106] found in history. Returning cached fitness.
Bands [279, 88, 106] found in history. Returning cached fitness.
Bands [279, 88, 106] found in history. Returning cached fitness.
Bands [279, 88, 106] found in history. Returning cached fitness.
Bands [279, 88, 106] found in history. Returning cached fitness.
Bands [279, 88, 106] found in history. Returning cached fitness.
Bands [279, 88, 106] found in history. Returning cached fitness.
Bands [279, 88, 106] found in history. Returning cached fitness.
Bands [279, 88, 106] found in history. Returning cached fitness.
Bands [279, 88, 106] found in history. Returning cached fitness.
Bands [279, 88, 106] found in history. Returning cached fitness.
Bands [279, 88, 106] found in history. Returning cached fitness.
Bands [279, 88, 106] found in history. Returning cached fitness.
Bands [279, 88, 106] found in history. Returning cached fitness.
Bands [279, 88, 106] found in history. Returning cached fitness.
37 	18    	0.785156	0         	0.785156	0.785156	Individual('h', [231, 104, 405])
Bands [279, 88, 106] found in history. Returning cached fitness.
Bands [279, 88, 106] found in history. Returning cached fitness.
Bands [279, 88, 106] found in history. Returning cached fitness.
Bands [279, 88, 106] found in history. Returning cached fitness.
Bands [279, 88, 106] found in history. Returning cached fitness.
Bands [279, 87, 106] found in history. Returning cached fitness.
Bands [279, 88, 106] found in history. Returning cached fitness.
Bands [279, 88, 106] found in history. Returning cached fitness.
Bands [279, 88, 106] found in history. Returning cached fitness.
Bands [279, 88, 106] found in history. Returning cached fitness.
Bands [279, 88, 106] found in history. Returning cached fitness.
Bands [279, 88, 106] found in history. Returning cached fitness.
Bands [279, 88, 106] found in history. Returning cached fitness.
Bands [279, 88, 106] found in history. Returning cached fitness.
Bands [279, 88, 106] found in history. Returning cached fitness.
Bands [279, 88, 106] found in history. Returning cached fitness.
38 	16    	0.783398	0.00766213	0.75    	0.785156	Individual('h', [231, 104, 405])
Bands [279, 88, 106] found in history. Returning cached fitness.
Bands [279, 88, 106] found in history. Returning cached fitness.
Bands [279, 88, 106] found in history. Returning cached fitness.
Bands [279, 88, 106] found in history. Returning cached fitness.
Bands [279, 88, 105] found in history. Returning cached fitness.
Bands [279, 88, 105] found in history. Returning cached fitness.
Bands [279, 88, 106] found in history. Returning cached fitness.
Bands [279, 88, 106] found in history. Returning cached fitness.
Bands [279, 88, 106] found in history. Returning cached fitness.
Bands [279, 88, 106] found in history. Returning cached fitness.
Bands [279, 88, 106] found in history. Returning cached fitness.
Bands [279, 88, 106] found in history. Returning cached fitness.
Bands [279, 88, 106] found in history. Returning cached fitness.
Bands [279, 88, 106] found in history. Returning cached fitness.
Bands [279, 88, 106] found in history. Returning cached fitness.
Bands [279, 88, 106] found in history. Returning cached fitness.
39 	16    	0.782422	0.00820312	0.757812	0.785156	Individual('h', [231, 104, 405])
Bands [279, 88, 106] found in history. Returning cached fitness.
Bands [279, 88, 106] found in history. Returning cached fitness.
Bands [279, 88, 106] found in history. Returning cached fitness.
Bands [279, 88, 106] found in history. Returning cached fitness.
Bands [279, 88, 106] found in history. Returning cached fitness.
Bands [279, 88, 106] found in history. Returning cached fitness.
Bands [279, 88, 106] found in history. Returning cached fitness.
Bands [279, 88, 106] found in history. Returning cached fitness.
Bands [279, 88, 106] found in history. Returning cached fitness.
Bands [279, 88, 106] found in history. Returning cached fitness.
Bands [279, 88, 106] found in history. Returning cached fitness.
Bands [279, 88, 106] found in history. Returning cached fitness.
Bands [279, 88, 106] found in history. Returning cached fitness.
Bands [279, 88, 106] found in history. Returning cached fitness.
40 	14    	0.785156	0         	0.785156	0.785156	Individual('h', [231, 104, 405])
Bands [279, 88, 106] found in history. Returning cached fitness.
Bands [279, 88, 106] found in history. Returning cached fitness.
Bands [279, 88, 106] found in history. Returning cached fitness.
Bands [279, 88, 106] found in history. Returning cached fitness.
Bands [279, 88, 106] found in history. Returning cached fitness.
Bands [279, 88, 106] found in history. Returning cached fitness.
Bands [279, 88, 106] found in history. Returning cached fitness.
Bands [279, 88, 106] found in history. Returning cached fitness.
Bands [279, 88, 106] found in history. Returning cached fitness.
Bands [279, 88, 106] found in history. Returning cached fitness.
Bands [279, 88, 106] found in history. Returning cached fitness.
Bands [279, 88, 106] found in history. Returning cached fitness.
Bands [279, 88, 106] found in history. Returning cached fitness.
Bands [279, 88, 106] found in history. Returning cached fitness.
Bands [279, 88, 106] found in history. Returning cached fitness.
Bands [279, 88, 106] found in history. Returning cached fitness.
41 	16    	0.785156	0         	0.785156	0.785156	Individual('h', [231, 104, 405])
Bands [279, 88, 106] found in history. Returning cached fitness.
Bands [279, 88, 106] found in history. Returning cached fitness.
Bands [279, 88, 106] found in history. Returning cached fitness.
Bands [279, 88, 106] found in history. Returning cached fitness.
Bands [279, 88, 106] found in history. Returning cached fitness.
Bands [279, 88, 106] found in history. Returning cached fitness.
Bands [279, 88, 106] found in history. Returning cached fitness.
Bands [279, 88, 106] found in history. Returning cached fitness.
Bands [279, 88, 106] found in history. Returning cached fitness.
Bands [279, 88, 106] found in history. Returning cached fitness.
Bands [279, 88, 106] found in history. Returning cached fitness.
Bands [279, 88, 106] found in history. Returning cached fitness.
42 	12    	0.785156	0         	0.785156	0.785156	Individual('h', [231, 104, 405])
Bands [279, 88, 106] found in history. Returning cached fitness.
Bands [279, 88, 106] found in history. Returning cached fitness.
Bands [279, 88, 106] found in history. Returning cached fitness.
Bands [279, 88, 106] found in history. Returning cached fitness.
Bands [279, 88, 106] found in history. Returning cached fitness.
Bands [279, 88, 106] found in history. Returning cached fitness.
Bands [279, 88, 106] found in history. Returning cached fitness.
Bands [279, 88, 106] found in history. Returning cached fitness.
Bands [279, 88, 106] found in history. Returning cached fitness.
Bands [279, 88, 106] found in history. Returning cached fitness.
Bands [279, 88, 106] found in history. Returning cached fitness.
Bands [279, 88, 106] found in history. Returning cached fitness.
Bands [279, 88, 106] found in history. Returning cached fitness.
Bands [279, 88, 106] found in history. Returning cached fitness.
Bands [279, 88, 106] found in history. Returning cached fitness.
Bands [279, 88, 106] found in history. Returning cached fitness.
43 	16    	0.785156	0         	0.785156	0.785156	Individual('h', [231, 104, 405])
Bands [279, 88, 105] found in history. Returning cached fitness.
Bands [279, 88, 105] found in history. Returning cached fitness.
Bands [279, 88, 106] found in history. Returning cached fitness.
Bands [279, 88, 106] found in history. Returning cached fitness.
Bands [279, 88, 106] found in history. Returning cached fitness.
Bands [279, 88, 106] found in history. Returning cached fitness.
Bands [279, 88, 106] found in history. Returning cached fitness.
Bands [279, 88, 106] found in history. Returning cached fitness.
Bands [279, 88, 106] found in history. Returning cached fitness.
Bands [279, 88, 106] found in history. Returning cached fitness.
Bands [279, 88, 106] found in history. Returning cached fitness.
Bands [279, 88, 106] found in history. Returning cached fitness.
Bands [279, 88, 106] found in history. Returning cached fitness.
Bands [279, 88, 106] found in history. Returning cached fitness.
44 	14    	0.782422	0.00820312	0.757812	0.785156	Individual('h', [231, 104, 405])
Bands [279, 88, 106] found in history. Returning cached fitness.
Bands [279, 88, 106] found in history. Returning cached fitness.
Bands [279, 88, 106] found in history. Returning cached fitness.
Bands [279, 88, 106] found in history. Returning cached fitness.
Bands [279, 88, 106] found in history. Returning cached fitness.
Bands [279, 88, 106] found in history. Returning cached fitness.
Bands [279, 88, 106] found in history. Returning cached fitness.
Bands [279, 88, 106] found in history. Returning cached fitness.
Bands [279, 88, 106] found in history. Returning cached fitness.
Bands [279, 88, 106] found in history. Returning cached fitness.
Bands [279, 88, 106] found in history. Returning cached fitness.
Bands [279, 88, 106] found in history. Returning cached fitness.
Bands [279, 88, 106] found in history. Returning cached fitness.
Bands [279, 88, 106] found in history. Returning cached fitness.
Bands [279, 88, 106] found in history. Returning cached fitness.
Bands [279, 88, 106] found in history. Returning cached fitness.
45 	16    	0.785156	0         	0.785156	0.785156	Individual('h', [231, 104, 405])
Bands [279, 88, 106] found in history. Returning cached fitness.
Bands [279, 88, 106] found in history. Returning cached fitness.
Bands [279, 88, 106] found in history. Returning cached fitness.
Bands [279, 88, 106] found in history. Returning cached fitness.
Bands [279, 88, 106] found in history. Returning cached fitness.
Bands [279, 88, 106] found in history. Returning cached fitness.
Bands [279, 88, 106] found in history. Returning cached fitness.
Bands [279, 88, 106] found in history. Returning cached fitness.
Bands [279, 88, 106] found in history. Returning cached fitness.
Bands [279, 88, 106] found in history. Returning cached fitness.
Bands [279, 88, 106] found in history. Returning cached fitness.
Bands [279, 88, 106] found in history. Returning cached fitness.
Bands [279, 88, 105] found in history. Returning cached fitness.
Bands [279, 88, 105] found in history. Returning cached fitness.
Bands [279, 88, 106] found in history. Returning cached fitness.
Bands [279, 88, 106] found in history. Returning cached fitness.
Bands [279, 88, 106] found in history. Returning cached fitness.
Bands [279, 88, 106] found in history. Returning cached fitness.
Bands [279, 88, 106] found in history. Returning cached fitness.
46 	19    	0.782422	0.00820312	0.757812	0.785156	Individual('h', [231, 104, 405])
Bands [279, 88, 106] found in history. Returning cached fitness.
Bands [279, 88, 106] found in history. Returning cached fitness.
Bands [279, 88, 106] found in history. Returning cached fitness.
Bands [279, 88, 106] found in history. Returning cached fitness.
Bands [279, 88, 106] found in history. Returning cached fitness.
Bands [279, 88, 106] found in history. Returning cached fitness.
Bands [279, 88, 106] found in history. Returning cached fitness.
Bands [279, 88, 106] found in history. Returning cached fitness.
Bands [279, 88, 106] found in history. Returning cached fitness.
Bands [279, 88, 106] found in history. Returning cached fitness.
Bands [279, 88, 106] found in history. Returning cached fitness.
Bands [279, 88, 106] found in history. Returning cached fitness.
Bands [279, 88, 106] found in history. Returning cached fitness.
Bands [279, 88, 106] found in history. Returning cached fitness.
Bands [279, 88, 106] found in history. Returning cached fitness.
Bands [279, 88, 106] found in history. Returning cached fitness.
47 	16    	0.785156	0         	0.785156	0.785156	Individual('h', [231, 104, 405])
Bands [279, 88, 106] found in history. Returning cached fitness.
Bands [279, 88, 106] found in history. Returning cached fitness.
Bands [279, 88, 105] found in history. Returning cached fitness.
Bands [279, 88, 105] found in history. Returning cached fitness.
Bands [279, 88, 106] found in history. Returning cached fitness.
Bands [279, 88, 106] found in history. Returning cached fitness.
Bands [279, 88, 106] found in history. Returning cached fitness.
Bands [279, 88, 106] found in history. Returning cached fitness.
Bands [279, 88, 106] found in history. Returning cached fitness.
Bands [279, 88, 106] found in history. Returning cached fitness.
Bands [279, 88, 106] found in history. Returning cached fitness.
Bands [279, 88, 106] found in history. Returning cached fitness.
Bands [279, 88, 106] found in history. Returning cached fitness.
Bands [279, 88, 106] found in history. Returning cached fitness.
Bands [279, 88, 106] found in history. Returning cached fitness.
Bands [279, 88, 106] found in history. Returning cached fitness.
Bands [279, 88, 105] found in history. Returning cached fitness.
Bands [279, 88, 105] found in history. Returning cached fitness.
Bands [279, 88, 106] found in history. Returning cached fitness.
Bands [279, 88, 106] found in history. Returning cached fitness.
48 	20    	0.779687	0.0109375 	0.757812	0.785156	Individual('h', [231, 104, 405])
Bands [279, 88, 106] found in history. Returning cached fitness.
Bands [279, 88, 106] found in history. Returning cached fitness.
Bands [279, 88, 106] found in history. Returning cached fitness.
Bands [279, 88, 106] found in history. Returning cached fitness.
Bands [279, 88, 106] found in history. Returning cached fitness.
Bands [279, 88, 106] found in history. Returning cached fitness.
Bands [279, 88, 106] found in history. Returning cached fitness.
Bands [279, 88, 106] found in history. Returning cached fitness.
Bands [279, 88, 106] found in history. Returning cached fitness.
Bands [279, 88, 106] found in history. Returning cached fitness.
Bands [279, 88, 106] found in history. Returning cached fitness.
Bands [279, 88, 106] found in history. Returning cached fitness.
Bands [279, 88, 106] found in history. Returning cached fitness.
Bands [279, 88, 106] found in history. Returning cached fitness.
Bands [279, 88, 106] found in history. Returning cached fitness.
Bands [279, 88, 106] found in history. Returning cached fitness.
Bands [279, 88, 106] found in history. Returning cached fitness.
Bands [279, 88, 106] found in history. Returning cached fitness.
Bands [279, 88, 106] found in history. Returning cached fitness.
Bands [279, 88, 106] found in history. Returning cached fitness.
49 	20    	0.785156	0         	0.785156	0.785156	Individual('h', [231, 104, 405])
Bands [279, 88, 106] found in history. Returning cached fitness.
Bands [279, 88, 106] found in history. Returning cached fitness.
Bands [279, 88, 106] found in history. Returning cached fitness.
Bands [279, 88, 106] found in history. Returning cached fitness.
Bands [279, 88, 106] found in history. Returning cached fitness.
Bands [279, 88, 106] found in history. Returning cached fitness.
Bands [279, 88, 106] found in history. Returning cached fitness.
Bands [279, 88, 106] found in history. Returning cached fitness.
Bands [279, 88, 106] found in history. Returning cached fitness.
Bands [279, 88, 106] found in history. Returning cached fitness.
Bands [279, 88, 106] found in history. Returning cached fitness.
Bands [279, 88, 106] found in history. Returning cached fitness.
Bands [279, 88, 106] found in history. Returning cached fitness.
Bands [279, 88, 106] found in history. Returning cached fitness.
50 	14    	0.785156	0         	0.785156	0.785156	Individual('h', [231, 104, 405])
⏱️ Total runtime: 105.9 minutes (6355.8 seconds)
🏆 Best individual: Individual('h', [231, 104, 405]) -> Fitness: 0.7890625
📊 GA statistics saved to 'out/tables/exp_09_ga_stats.csv'
📈 CNN training results for best individual saved to 'out/tables/exp_09_cnn_results_231_104_405.csv'
📝 Classification report saved to 'out/tables/exp_09_classification_report_231_104_405.csv'
📋 Confusion matrix saved to 'out/tables/exp_09_confusion_matrix_231_104_405.csv'
🖼️ Confusion matrix plot saved to 'out/figures/exp_09_confusion_matrix_231_104_405.png'
📈 Loss curves plots for the best individual saved to 'out/figures/exp_09_cnn_results_231_104_405.png'
